date,ndx,tqqq,qqq,rate_pct,div_annual,tqqq_src,qqq_src
1985-10-02,100.000000,100.000000,100.000000,7.0200,0.005000,model,model
1985-10-03,100.040610,100.060906,100.041800,6.9800,0.005000,model,model
1985-10-04,99.323257,97.845328,99.325630,6.9900,0.005000,model,model
1985-10-07,97.631401,92.779926,97.634916,7.0800,0.005000,model,model
1985-10-08,96.692990,90.044044,96.697634,7.1600,0.005000,model,model
1985-10-09,98.019400,93.689542,98.025259,7.1900,0.005000,model,model
1985-10-10,98.745771,95.711390,98.752840,7.2200,0.005000,model,model
1985-10-11,100.203028,99.884632,100.211377,7.1900,0.005000,model,model
1985-10-14,102.129484,105.577304,102.139186,7.1900,0.005000,model,model
1985-10-15,102.305437,106.056136,102.316372,7.2100,0.005000,model,model
1985-10-16,103.149114,108.610727,103.161357,7.2100,0.005000,model,model
1985-10-17,103.532597,109.752862,103.546114,7.1900,0.005000,model,model
1985-10-18,103.153623,108.477598,103.168323,7.2000,0.005000,model,model
1985-10-21,102.576137,106.585774,102.591982,7.2100,0.005000,model,model
1985-10-22,103.261904,108.654882,103.279078,7.1600,0.005000,model,model
1985-10-23,103.825857,110.364986,103.844353,7.2200,0.005000,model,model
1985-10-24,104.204831,111.502613,104.224631,7.2500,0.005000,model,model
1985-10-25,102.783674,106.865671,102.804445,7.2400,0.005000,model,model
1985-10-28,102.702461,106.544995,102.724440,7.2100,0.005000,model,model
1985-10-29,104.128134,110.910676,104.151641,7.2100,0.005000,model,model
1985-10-30,104.461989,111.906955,104.486811,7.1900,0.005000,model,model
1985-10-31,104.200322,110.995082,104.226325,7.1900,0.005000,model,model
1985-11-01,104.917667,113.215545,104.945090,7.2000,0.005000,model,model
1985-11-04,104.705621,112.457113,104.734238,7.2300,0.005000,model,model
1985-11-05,105.066551,113.547987,105.096514,7.2400,0.005000,model,model
1985-11-06,105.914731,116.223474,105.946186,7.2500,0.005000,model,model
1985-11-07,106.131293,116.861788,106.164075,7.3000,0.005000,model,model
1985-11-08,107.611103,121.671578,107.645606,7.2300,0.005000,model,model
1985-11-11,108.639752,125.080615,108.675865,7.2300,0.005000,model,model
1985-11-12,109.921049,129.423124,109.958883,7.2200,0.005000,model,model
1985-11-13,109.330029,127.251332,109.368967,7.2800,0.005000,model,model
1985-11-14,109.934584,129.279049,109.975040,7.3200,0.005000,model,model
1985-11-15,110.241377,130.277543,110.283256,7.3500,0.005000,model,model
1985-11-18,110.042865,129.490914,110.085981,7.2400,0.005000,model,model
1985-11-19,110.597792,131.366633,110.642436,7.2100,0.005000,model,model
1985-11-20,110.263930,130.092818,110.309756,7.2500,0.005000,model,model
1985-11-21,111.536209,134.509605,111.583877,7.2300,0.005000,model,model
1985-11-22,111.861046,135.598958,111.910182,7.2300,0.005000,model,model
1985-11-25,111.107607,132.771316,111.157744,7.1900,0.005000,model,model
1985-11-26,111.842996,135.321734,111.894788,7.2000,0.005000,model,model
1985-11-27,113.485225,141.192052,113.539109,7.1800,0.005000,model,model
1985-11-29,113.746899,142.079705,113.802259,7.1600,0.005000,model,model
1985-12-02,112.957366,139.028314,113.013697,7.2600,0.005000,model,model
1985-12-03,112.997976,139.090566,113.055672,7.2300,0.005000,model,model
1985-12-04,115.443272,148.023872,115.503562,7.2200,0.005000,model,model
1985-12-05,115.912484,149.733367,115.974395,7.2600,0.005000,model,model
1985-12-06,114.554483,144.370824,114.617049,7.2500,0.005000,model,model
1985-12-09,115.032713,146.086590,115.096905,7.2000,0.005000,model,model
1985-12-10,115.474850,147.678153,115.540658,7.1700,0.005000,model,model
1985-12-11,116.562144,151.754830,116.629948,7.0500,0.005000,model,model
1985-12-12,117.090010,153.720895,117.159509,7.0800,0.005000,model,model
1985-12-13,119.219494,162.006055,119.291652,6.9800,0.005000,model,model
1985-12-16,119.657121,163.689123,119.730964,7.0300,0.005000,model,model
1985-12-17,118.687126,159.604505,118.761796,7.0000,0.005000,model,model
1985-12-18,118.330704,158.066050,118.406564,7.1300,0.005000,model,model
1985-12-19,119.039032,160.804000,119.116755,7.1000,0.005000,model,model
1985-12-20,119.341302,161.928992,119.420641,7.0500,0.005000,model,model
1985-12-23,117.956246,156.185651,118.036086,7.0700,0.005000,model,model
1985-12-24,117.329125,153.596129,117.409945,7.0500,0.005000,model,model
1985-12-26,117.613359,154.617498,117.695772,7.0100,0.005000,model,model
1985-12-27,118.642007,158.576548,118.726543,6.9600,0.005000,model,model
1985-12-30,119.057082,160.143375,119.143327,6.9400,0.005000,model,model
1985-12-31,119.372887,161.318121,119.460779,7.0500,0.005000,model,model
1986-01-02,118.434476,157.410095,118.523100,7.1000,0.005000,model,model
1986-01-03,117.798337,154.774153,117.887895,7.0700,0.005000,model,model
1986-01-06,117.622377,153.984704,117.713205,7.0600,0.005000,model,model
1986-01-07,119.819533,162.510936,119.913458,7.0300,0.005000,model,model
1986-01-08,118.348755,156.419007,118.442955,7.1700,0.005000,model,model
1986-01-09,116.219271,147.869237,116.313186,7.1800,0.005000,model,model
1986-01-10,116.909548,150.408516,117.005405,7.2100,0.005000,model,model
1986-01-13,116.485454,148.675196,116.582357,7.2400,0.005000,model,model
1986-01-14,116.562144,148.874798,116.660499,7.2400,0.005000,model,model
1986-01-15,118.687126,156.915568,118.788663,7.1900,0.005000,model,model
1986-01-16,120.063164,162.271080,120.167292,7.0800,0.005000,model,model
1986-01-17,119.801496,161.108554,119.906828,7.1100,0.005000,model,model
1986-01-20,118.750281,156.763519,118.856116,7.1100,0.005000,model,model
1986-01-21,118.285585,154.825464,118.392421,7.0200,0.005000,model,model
1986-01-22,116.954666,149.499648,117.061709,7.0000,0.005000,model,model
1986-01-23,116.643364,148.213896,116.751515,6.9700,0.005000,model,model
1986-01-24,117.482518,151.319534,117.592838,6.9700,0.005000,model,model
1986-01-27,118.019402,153.300389,118.131625,6.9500,0.005000,model,model
1986-01-28,119.097685,157.405645,119.212340,6.9200,0.005000,model,model
1986-01-29,120.063164,161.133498,120.180168,7.0300,0.005000,model,model
1986-01-30,119.278147,157.870867,119.395816,7.0400,0.005000,model,model
1986-01-31,119.941355,160.405748,120.061100,6.9700,0.005000,model,model
1986-02-03,121.127913,165.063757,121.250272,7.0000,0.005000,model,model
1986-02-04,121.452750,166.290053,121.576881,6.9800,0.005000,model,model
1986-02-05,122.458832,170.316874,122.585438,7.0100,0.005000,model,model
1986-02-06,123.293484,173.690577,123.422412,7.1000,0.005000,model,model
1986-02-07,123.997295,176.553019,124.128429,7.2100,0.005000,model,model
1986-02-10,124.633435,179.156871,124.766719,7.2000,0.005000,model,model
1986-02-11,124.755243,179.570684,124.890143,7.1100,0.005000,model,model
1986-02-12,125.120683,181.035920,125.257465,7.1100,0.005000,model,model
1986-02-13,125.571845,182.880345,125.710611,7.1000,0.005000,model,model
1986-02-14,126.469666,186.687288,126.610921,7.0200,0.005000,model,model
1986-02-18,126.988499,188.868444,127.131841,7.0200,0.005000,model,model
1986-02-19,126.000454,184.339025,126.144194,7.0800,0.005000,model,model
1986-02-20,126.275670,185.431579,126.421226,7.1100,0.005000,model,model
1986-02-21,127.358455,190.084151,127.506764,6.9800,0.005000,model,model
1986-02-24,126.505753,186.146079,126.654587,7.0200,0.005000,model,model
1986-02-25,125.783892,182.842038,125.933384,7.0500,0.005000,model,model
1986-02-26,125.310177,180.661565,125.460606,7.0700,0.005000,model,model
1986-02-27,126.799005,186.983875,126.952715,7.0300,0.005000,model,model
1986-02-28,126.708781,186.469992,126.863893,7.0200,0.005000,model,model
1986-03-03,126.090692,183.625220,126.246557,6.9700,0.005000,model,model
1986-03-04,126.817056,186.686018,126.975322,6.8400,0.005000,model,model
1986-03-05,126.546356,185.377932,126.705796,6.8500,0.005000,model,model
1986-03-06,127.047153,187.468524,127.208732,6.6900,0.005000,model,model
1986-03-07,126.965947,187.000711,127.128937,6.6100,0.005000,model,model
1986-03-10,128.522447,193.763538,128.688948,6.6100,0.005000,model,model
1986-03-11,131.148211,205.516690,131.319647,6.5700,0.005000,model,model
1986-03-12,132.298668,210.801210,132.473171,6.6200,0.005000,model,model
1986-03-13,132.650574,212.360625,132.827118,6.5900,0.005000,model,model
1986-03-14,132.641556,212.196245,132.819669,6.5400,0.005000,model,model
1986-03-17,132.068585,209.322321,132.247510,6.5600,0.005000,model,model
1986-03-18,133.205508,214.603505,133.387547,6.5400,0.005000,model,model
1986-03-19,133.070165,213.827332,133.253607,6.4900,0.005000,model,model
1986-03-20,133.363417,215.119564,133.548850,6.4400,0.005000,model,model
1986-03-21,133.548395,215.893613,133.735675,6.4100,0.005000,model,model
1986-03-24,132.722761,211.764839,132.910476,6.4100,0.005000,model,model
1986-03-25,133.079183,213.351429,133.268984,6.3800,0.005000,model,model
1986-03-26,132.871653,212.233103,133.062744,6.4100,0.005000,model,model
1986-03-27,133.882251,216.953582,134.076379,6.3400,0.005000,model,model
1986-03-31,134.319878,218.959057,134.516238,6.3400,0.005000,model,model
1986-04-01,133.949922,217.027201,134.147342,6.3300,0.005000,model,model
1986-04-02,134.374015,218.966564,134.573657,6.3400,0.005000,model,model
1986-04-03,134.184535,217.918529,134.385498,6.3300,0.005000,model,model
1986-04-04,132.673140,210.429176,132.873439,6.2300,0.005000,model,model
1986-04-07,131.788853,206.102858,131.989399,6.2400,0.005000,model,model
1986-04-08,134.383033,218.151502,134.589098,6.1300,0.005000,model,model
1986-04-09,134.495824,218.585911,134.703664,6.0100,0.005000,model,model
1986-04-10,136.941127,230.381693,137.154349,6.0200,0.005000,model,model
1986-04-11,137.753212,234.356442,137.969332,5.9600,0.005000,model,model
1986-04-14,138.890149,240.032545,139.109695,5.9100,0.005000,model,model
1986-04-15,139.787956,244.561031,140.010577,5.8100,0.005000,model,model
1986-04-16,143.374698,263.244190,143.604698,5.7700,0.005000,model,model
1986-04-17,143.519059,263.904448,143.751000,5.8400,0.005000,model,model
1986-04-18,142.260328,256.818643,142.491946,5.8700,0.005000,model,model
1986-04-21,143.040829,260.909950,143.275414,5.8700,0.005000,model,model
1986-04-22,142.440790,257.487801,142.676096,5.9500,0.005000,model,model
1986-04-23,142.079866,255.391798,142.316275,6.0900,0.005000,model,model
1986-04-24,144.240921,266.897682,144.482620,6.1100,0.005000,model,model
1986-04-25,144.786836,269.782183,145.031170,6.1400,0.005000,model,model
1986-04-28,144.281523,266.811200,144.526731,6.1000,0.005000,model,model
1986-04-29,142.792695,258.401627,143.037093,6.0900,0.005000,model,model
1986-04-30,139.778938,241.886434,140.019881,6.1000,0.005000,model,model
1986-05-01,139.142798,238.451750,139.384311,6.1100,0.005000,model,model
1986-05-02,139.869162,242.054498,140.113595,6.1500,0.005000,model,model
1986-05-05,141.791116,251.894848,142.040576,6.0600,0.005000,model,model
1986-05-06,141.777581,251.689752,142.028708,6.0500,0.005000,model,model
1986-05-07,140.992564,247.372201,141.243992,6.0400,0.005000,model,model
1986-05-08,141.809166,251.535792,142.063731,6.0400,0.005000,model,model
1986-05-09,142.490411,255.024553,142.747890,6.0500,0.005000,model,model
1986-05-12,142.341533,254.088080,142.600443,6.1300,0.005000,model,model
1986-05-13,141.709910,250.567304,141.969368,6.0900,0.005000,model,model
1986-05-14,141.669307,250.218653,141.930381,6.0900,0.005000,model,model
1986-05-15,140.550421,244.149520,140.811123,6.1700,0.005000,model,model
1986-05-16,139.855628,240.392944,140.116717,6.2100,0.005000,model,model
1986-05-19,140.139862,241.727218,140.403150,6.2000,0.005000,model,model
1986-05-20,141.673809,249.525684,141.941651,6.2300,0.005000,model,model
1986-05-21,142.061815,251.438905,142.332080,6.2000,0.005000,model,model
1986-05-22,144.037906,261.785073,144.313625,6.2000,0.005000,model,model
1986-05-23,144.520639,264.273446,144.798999,6.1800,0.005000,model,model
1986-05-27,145.431994,269.126069,145.713834,6.1600,0.005000,model,model
1986-05-28,145.549287,269.631342,145.833089,6.1900,0.005000,model,model
1986-05-29,145.833521,271.061326,146.119613,6.3000,0.005000,model,model
1986-05-30,147.223107,278.653183,147.513665,6.3000,0.005000,model,model
1986-06-02,146.203477,272.703261,146.493779,6.3600,0.005000,model,model
1986-06-03,146.275664,272.954447,146.567853,6.4100,0.005000,model,model
1986-06-04,146.018499,271.358283,146.311919,6.5200,0.005000,model,model
1986-06-05,146.501245,273.893022,146.797377,6.5100,0.005000,model,model
1986-06-06,146.072636,271.335794,146.369649,6.3200,0.005000,model,model
1986-06-09,143.117532,254.701184,143.410279,6.3600,0.005000,model,model
1986-06-10,142.661854,252.126452,142.955377,6.2800,0.005000,model,model
1986-06-11,144.403346,261.211080,144.702153,6.3400,0.005000,model,model
1986-06-12,144.701114,262.682364,145.002260,6.2800,0.005000,model,model
1986-06-13,146.496729,272.310227,146.803338,6.1700,0.005000,model,model
1986-06-16,145.093623,264.332725,145.399043,6.1200,0.005000,model,model
1986-06-17,143.085948,253.208552,143.388872,6.0900,0.005000,model,model
1986-06-18,143.000226,252.618550,143.304676,6.0900,0.005000,model,model
1986-06-19,143.722087,256.305767,144.029781,6.1100,0.005000,model,model
1986-06-20,143.997303,257.640377,144.307300,6.1000,0.005000,model,model
1986-06-23,143.970221,257.357607,144.281878,6.1100,0.005000,model,model
1986-06-24,145.093623,263.239620,145.409429,6.0800,0.005000,model,model
1986-06-25,146.176408,268.987557,146.496302,6.0800,0.005000,model,model
1986-06-26,145.923759,267.448808,146.244844,6.0800,0.005000,model,model
1986-06-27,145.829019,266.786962,146.151636,6.0200,0.005000,model,model
1986-06-30,146.731342,271.595585,147.057696,5.9600,0.005000,model,model
1986-07-01,147.371984,275.007567,147.701514,5.9900,0.005000,model,model
1986-07-02,147.944968,278.068149,148.277537,6.0000,0.005000,model,model
1986-07-03,148.445751,280.745696,148.781211,5.9100,0.005000,model,model
1986-07-07,142.228743,245.293089,142.551925,5.8700,0.005000,model,model
1986-07-08,138.290096,224.767339,138.606025,5.9400,0.005000,model,model
1986-07-09,140.230100,234.102015,140.552111,5.8800,0.005000,model,model
1986-07-10,139.219488,228.916083,139.540852,5.8500,0.005000,model,model
1986-07-11,137.924656,222.407620,138.244692,5.7500,0.005000,model,model
1986-07-14,134.703368,206.696751,135.017576,5.7700,0.005000,model,model
1986-07-15,131.969329,193.994256,132.278766,5.7700,0.005000,model,model
1986-07-16,132.997977,198.428366,133.311401,5.7700,0.005000,model,model
1986-07-17,133.963456,202.645862,134.280743,5.7500,0.005000,model,model
1986-07-18,133.327317,199.655140,133.644695,5.7100,0.005000,model,model
1986-07-21,132.709227,196.775971,133.026725,5.7200,0.005000,model,model
1986-07-22,133.006996,198.000816,133.326790,5.7300,0.005000,model,model
1986-07-23,132.799465,196.972705,133.120347,5.8100,0.005000,model,model
1986-07-24,132.894205,197.294007,133.216901,5.8100,0.005000,model,model
1986-07-25,133.778478,201.128414,134.104907,5.8100,0.005000,model,model
1986-07-28,131.292586,189.801635,131.614546,5.8900,0.005000,model,model
1986-07-29,130.119563,184.612204,130.440213,5.8600,0.005000,model,model
1986-07-30,130.403797,185.726584,130.726701,5.8500,0.005000,model,model
1986-07-31,130.570725,186.345285,130.895598,5.7900,0.005000,model,model
1986-08-01,130.106029,184.259891,130.431304,5.7700,0.005000,model,model
1986-08-04,128.603653,177.778553,128.926724,5.7100,0.005000,model,model
1986-08-05,128.003613,175.199039,128.326713,5.7100,0.005000,model,model
1986-08-06,126.817056,170.234568,127.138688,5.7200,0.005000,model,model
1986-08-07,126.952413,170.694148,127.275901,5.7200,0.005000,model,model
1986-08-08,128.396122,176.426830,128.724805,5.7000,0.005000,model,model
1986-08-11,131.233933,188.025953,131.571413,5.6700,0.005000,model,model
1986-08-12,132.695693,194.210609,133.038498,5.6100,0.005000,model,model
1986-08-13,134.297325,201.141474,134.645852,5.5700,0.005000,model,model
1986-08-14,135.344010,205.741576,135.696856,5.5900,0.005000,model,model
1986-08-15,134.965036,203.911708,135.318509,5.5600,0.005000,model,model
1986-08-18,134.509372,201.744474,134.863263,5.6100,0.005000,model,model
1986-08-19,134.080763,199.716071,134.435131,5.5600,0.005000,model,model
1986-08-20,135.127461,204.292717,135.486197,5.5000,0.005000,model,model
1986-08-21,135.357545,205.239413,135.718504,5.3700,0.005000,model,model
1986-08-22,136.201229,208.977257,136.566053,5.3600,0.005000,model,model
1986-08-25,135.267320,204.577969,135.631269,5.2700,0.005000,model,model
1986-08-26,136.390709,209.575346,136.759295,5.2900,0.005000,model,model
1986-08-27,137.171224,213.072320,137.543547,5.3200,0.005000,model,model
1986-08-28,137.193776,213.078845,137.567798,5.2900,0.005000,model,model
1986-08-29,136.882473,211.530646,137.257285,5.1700,0.005000,model,model
1986-09-02,134.752989,201.552443,135.123604,5.1900,0.005000,model,model
1986-09-03,135.186115,203.401718,135.559529,5.2400,0.005000,model,model
1986-09-04,136.607271,209.717874,136.986225,5.1900,0.005000,model,model
1986-09-05,135.050758,202.446225,135.427024,5.2300,0.005000,model,model
1986-09-08,132.235513,189.680360,132.605548,5.2400,0.005000,model,model
1986-09-09,131.522670,186.523559,131.892289,5.2000,0.005000,model,model
1986-09-10,130.602310,182.519795,130.970912,5.1600,0.005000,model,model
1986-09-11,124.935719,158.655285,125.289888,5.2100,0.005000,model,model
1986-09-12,121.845258,146.798105,122.192158,5.1700,0.005000,model,model
1986-09-15,121.759536,146.421640,122.107646,5.1700,0.005000,model,model
1986-09-16,122.003168,147.234042,122.353428,5.1300,0.005000,model,model
1986-09-17,123.067903,151.019069,123.422676,5.1200,0.005000,model,model
1986-09-18,124.642453,156.740728,125.003235,5.2300,0.005000,model,model
1986-09-19,124.931203,157.757071,125.294309,5.2500,0.005000,model,model
1986-09-22,126.433566,163.370333,126.802530,5.2500,0.005000,model,model
1986-09-23,125.932783,161.352201,126.301795,5.2500,0.005000,model,model
1986-09-24,125.635014,160.132629,126.004657,5.2400,0.005000,model,model
1986-09-25,124.173255,154.464432,124.540097,5.2300,0.005000,model,model
1986-09-26,124.146186,154.292599,124.514431,5.2400,0.005000,model,model
1986-09-29,122.296420,147.317942,122.660661,5.2600,0.005000,model,model
1986-09-30,124.064966,153.635749,124.435935,5.2000,0.005000,model,model
1986-10-01,124.759759,156.144671,125.134286,5.1900,0.005000,model,model
1986-10-02,124.719156,155.921252,125.095051,5.1900,0.005000,model,model
1986-10-03,125.021427,156.984417,125.399722,5.0900,0.005000,model,model
1986-10-06,125.526740,158.816702,125.908057,5.0500,0.005000,model,model
1986-10-07,124.750741,155.798107,125.131200,5.0600,0.005000,model,model
1986-10-08,125.662083,159.140487,126.046811,5.0400,0.005000,model,model
1986-10-09,125.571845,158.726910,125.957797,5.0600,0.005000,model,model
1986-10-10,126.207985,161.066580,126.597391,5.0600,0.005000,model,model
1986-10-13,126.934362,163.773549,127.327517,5.0600,0.005000,model,model
1986-10-14,127.196030,164.711790,127.591511,5.1400,0.005000,model,model
1986-10-15,128.220176,168.611876,128.620361,5.1800,0.005000,model,model
1986-10-16,128.039700,167.822561,128.440853,5.2000,0.005000,model,model
1986-10-17,127.403574,165.241462,127.804263,5.2700,0.005000,model,model
1986-10-20,126.415529,161.316498,126.814632,5.3100,0.005000,model,model
1986-10-21,126.257620,160.636552,126.657733,5.3100,0.005000,model,model
1986-10-22,126.595991,161.852407,126.998685,5.3000,0.005000,model,model
1986-10-23,128.265281,168.174145,128.674797,5.2600,0.005000,model,model
1986-10-24,128.098354,167.439462,128.508868,5.2700,0.005000,model,model
1986-10-27,127.913376,166.637434,128.324827,5.1900,0.005000,model,model
1986-10-28,128.576584,169.151073,128.991696,5.2000,0.005000,model,model
1986-10-29,129.149568,171.333343,129.568066,5.2000,0.005000,model,model
1986-10-30,130.638396,177.175202,131.063261,5.1800,0.005000,model,model
1986-10-31,130.367697,175.992201,130.793241,5.2000,0.005000,model,model
1986-11-03,130.665465,177.116806,131.093539,5.2100,0.005000,model,model
1986-11-04,131.707648,181.269344,132.140696,5.2500,0.005000,model,model
1986-11-05,131.901644,181.986232,132.336904,5.2600,0.005000,model,model
1986-11-06,131.206865,179.023933,131.641407,5.2600,0.005000,model,model
1986-11-07,130.755703,177.092139,131.190318,5.3200,0.005000,model,model
1986-11-10,130.200769,174.751296,130.635102,5.4200,0.005000,model,model
1986-11-11,131.152727,178.497805,131.591791,5.4200,0.005000,model,model
1986-11-12,131.360258,179.260123,131.801583,5.4000,0.005000,model,model
1986-11-13,129.406720,171.169906,129.843051,5.4000,0.005000,model,model
1986-11-14,129.487939,171.411158,129.926090,5.4000,0.005000,model,model
1986-11-17,129.208221,170.218370,129.646972,5.4000,0.005000,model,model
1986-11-18,126.920828,161.089553,127.353355,5.3500,0.005000,model,model
1986-11-19,125.914732,157.179865,126.345347,5.3300,0.005000,model,model
1986-11-20,127.507333,163.064178,127.944898,5.3800,0.005000,model,model
1986-11-21,128.942024,168.486631,129.386035,5.3600,0.005000,model,model
1986-11-24,130.381231,174.043578,130.831739,5.3800,0.005000,model,model
1986-11-25,131.531702,178.564259,131.987742,5.3900,0.005000,model,model
1986-11-26,132.524249,182.518526,132.985302,5.3900,0.005000,model,model
1986-11-28,133.489742,186.417774,133.955737,5.3900,0.005000,model,model
1986-12-01,132.510715,182.223808,132.974887,5.4200,0.005000,model,model
1986-12-02,134.324394,189.612524,134.796502,5.4100,0.005000,model,model
1986-12-03,135.420714,194.160987,135.898280,5.4100,0.005000,model,model
1986-12-04,135.330476,193.680898,135.809342,5.4000,0.005000,model,model
1986-12-05,134.486806,189.962956,134.964303,5.4400,0.005000,model,model
1986-12-08,133.404020,185.278661,133.879280,5.5100,0.005000,model,model
1986-12-09,132.519747,181.501939,132.993450,5.4800,0.005000,model,model
1986-12-10,132.600953,181.748272,133.076529,5.4900,0.005000,model,model
1986-12-11,131.811420,178.411401,132.285749,5.4900,0.005000,model,model
1986-12-12,130.818858,174.291441,131.291191,5.4900,0.005000,model,model
1986-12-15,130.002257,170.940573,130.473204,5.5000,0.005000,model,model
1986-12-16,130.376729,172.333018,130.850585,5.5800,0.005000,model,model
1986-12-17,129.072865,167.072629,129.543540,5.6400,0.005000,model,model
1986-12-18,128.901421,166.324546,129.373013,5.6000,0.005000,model,model
1986-12-19,129.727055,169.437335,130.203208,5.5100,0.005000,model,model
1986-12-22,130.011289,170.468141,130.490035,5.5300,0.005000,model,model
1986-12-23,128.856302,165.837809,129.332349,5.5500,0.005000,model,model
1986-12-24,128.847284,165.722324,129.324837,5.5700,0.005000,model,model
1986-12-26,128.973608,166.128695,129.453170,5.5700,0.005000,model,model
1986-12-29,127.692311,161.090272,128.168649,5.6700,0.005000,model,model
1986-12-30,127.701329,161.044382,128.179226,5.6900,0.005000,model,model
1986-12-31,127.593055,160.554650,128.072073,5.6700,0.005000,model,model
1987-01-02,128.905937,165.428024,129.391409,5.5500,0.005000,model,model
1987-01-05,133.006996,181.120991,133.509453,5.5500,0.005000,model,model
1987-01-06,134.500340,187.128385,135.010028,5.5100,0.005000,model,model
1987-01-07,138.032944,201.769447,138.557626,5.4300,0.005000,model,model
1987-01-08,140.482749,212.405994,141.018393,5.4300,0.005000,model,model
1987-01-09,141.655773,217.621591,142.197567,5.3800,0.005000,model,model
1987-01-12,143.744640,227.137064,144.296117,5.3700,0.005000,model,model
1987-01-13,144.028874,228.376774,144.583159,5.3600,0.005000,model,model
1987-01-14,146.771945,241.305470,147.338508,5.3500,0.005000,model,model
1987-01-15,148.111896,247.794853,148.685386,5.3600,0.005000,model,model
1987-01-16,146.641104,240.290072,147.210669,5.3300,0.005000,model,model
1987-01-19,150.196261,257.637395,150.781387,5.3300,0.005000,model,model
1987-01-20,150.254914,257.819643,150.842064,5.3000,0.005000,model,model
1987-01-21,148.215654,247.192139,148.796631,5.3100,0.005000,model,model
1987-01-22,151.540728,263.695845,152.136509,5.3800,0.005000,model,model
1987-01-23,150.475979,258.007612,151.069386,5.4000,0.005000,model,model
1987-01-26,148.107380,245.688048,148.693244,5.4900,0.005000,model,model
1987-01-27,150.376723,256.852459,150.973334,5.4900,0.005000,model,model
1987-01-28,151.251978,261.210251,151.853859,5.4700,0.005000,model,model
1987-01-29,149.551103,252.264264,150.148023,5.4800,0.005000,model,model
1987-01-30,150.394774,256.406012,150.996849,5.6000,0.005000,model,model
1987-02-02,153.670198,273.016338,154.287184,5.6100,0.005000,model,model
1987-02-03,154.798103,278.888729,155.421453,5.5900,0.005000,model,model
1987-02-04,156.553129,288.227890,157.185397,5.6300,0.005000,model,model
1987-02-05,157.577261,293.738131,158.215536,5.5900,0.005000,model,model
1987-02-06,157.572759,293.567837,158.212899,5.6600,0.005000,model,model
1987-02-09,156.665919,288.347732,157.304259,5.7200,0.005000,model,model
1987-02-10,155.492896,281.717888,156.128329,5.8200,0.005000,model,model
1987-02-11,158.790887,299.481531,159.441657,5.8600,0.005000,model,model
1987-02-12,159.048053,300.785647,159.701774,5.7200,0.005000,model,model
1987-02-13,161.574561,314.957062,162.240568,5.6500,0.005000,model,model
1987-02-17,165.711707,338.969182,166.396699,5.7200,0.005000,model,model
1987-02-18,163.510049,325.279235,164.187921,5.6000,0.005000,model,model
1987-02-19,162.300925,317.901079,162.975739,5.4500,0.005000,model,model
1987-02-20,161.231674,311.460970,161.903982,5.4300,0.005000,model,model
1987-02-23,160.347401,306.183268,161.017949,5.4400,0.005000,model,model
1987-02-24,161.461771,312.415089,162.138896,5.4400,0.005000,model,model
1987-02-25,163.293486,322.888402,163.980224,5.4500,0.005000,model,model
1987-02-26,164.389806,329.231647,165.083106,5.4500,0.005000,model,model
1987-02-27,164.899621,332.134997,165.597037,5.4500,0.005000,model,model
1987-03-02,163.379208,322.779781,164.072165,5.4800,0.005000,model,model
1987-03-03,162.928046,319.946986,163.621043,5.5400,0.005000,model,model
1987-03-04,165.373335,334.184301,166.078680,5.5100,0.005000,model,model
1987-03-05,166.632081,341.646570,167.344771,5.5200,0.005000,model,model
1987-03-06,166.284691,339.339495,166.997888,5.6400,0.005000,model,model
1987-03-09,164.651488,329.163728,165.359668,5.6400,0.005000,model,model
1987-03-10,166.447103,339.758899,167.164975,5.6800,0.005000,model,model
1987-03-11,167.209567,344.254638,167.932718,5.6900,0.005000,model,model
1987-03-12,166.722318,341.071804,167.445361,5.6700,0.005000,model,model
1987-03-13,165.274079,332.007393,165.992835,5.6200,0.005000,model,model
1987-03-16,164.881571,329.475863,165.600595,5.6500,0.005000,model,model
1987-03-17,167.741935,346.445699,168.475404,5.5700,0.005000,model,model
1987-03-18,167.872775,347.088630,168.608823,5.5200,0.005000,model,model
1987-03-19,169.600733,357.629227,170.346363,5.5000,0.005000,model,model
1987-03-20,171.283557,368.091688,172.038614,5.5200,0.005000,model,model
1987-03-23,170.900067,365.436274,171.655482,5.6200,0.005000,model,model
1987-03-24,171.603878,369.767698,172.364447,5.6100,0.005000,model,model
1987-03-25,171.617426,369.675408,172.380107,5.5700,0.005000,model,model
1987-03-26,172.077606,372.466464,172.844385,5.5700,0.005000,model,model
1987-03-27,170.584262,362.576570,171.346444,5.6300,0.005000,model,model
1987-03-30,165.878648,332.362044,166.621845,5.6600,0.005000,model,model
1987-03-31,167.868259,344.146733,168.622354,5.6100,0.005000,model,model
1987-04-01,167.899844,344.174358,168.656088,5.5400,0.005000,model,model
1987-04-02,169.330033,352.795115,170.094726,5.5100,0.005000,model,model
1987-04-03,172.668627,373.472419,173.450422,5.5000,0.005000,model,model
1987-04-06,172.267087,370.685908,173.049129,5.4700,0.005000,model,model
1987-04-07,169.127005,350.216684,169.896852,5.5100,0.005000,model,model
1987-04-08,170.791793,360.380130,171.571240,5.5000,0.005000,model,model
1987-04-09,170.295512,357.054635,171.074737,5.7500,0.005000,model,model
1987-04-10,169.893985,354.344275,170.673410,5.8500,0.005000,model,model
1987-04-13,165.977904,329.630605,166.741395,6.0200,0.005000,model,model
1987-04-14,162.170098,306.750829,162.918058,5.9200,0.005000,model,model
1987-04-15,164.637953,320.588852,165.399235,5.6800,0.005000,model,model
1987-04-16,165.797429,327.199776,166.566041,5.5600,0.005000,model,model
1987-04-20,164.335669,318.378543,165.099487,5.5400,0.005000,model,model
1987-04-21,166.600496,331.375862,167.376807,5.5000,0.005000,model,model
1987-04-22,165.986923,327.554076,166.762367,5.4200,0.005000,model,model
1987-04-23,165.819995,326.407852,166.596644,5.4900,0.005000,model,model
1987-04-24,162.756603,308.135285,163.520888,5.7600,0.005000,model,model
1987-04-27,162.012189,303.747619,162.774924,5.7800,0.005000,model,model
1987-04-28,163.559670,312.288523,164.331629,5.8200,0.005000,model,model
1987-04-29,164.421391,317.063884,165.199373,5.7100,0.005000,model,model
1987-04-30,166.776456,330.521399,167.567548,5.5300,0.005000,model,model
1987-05-01,167.678779,335.719199,168.476146,5.6000,0.005000,model,model
1987-05-04,168.238215,338.909947,169.040249,5.6700,0.005000,model,model
1987-05-05,171.202351,356.633631,172.020528,5.8100,0.005000,model,model
1987-05-06,170.805327,353.978756,171.623654,5.5000,0.005000,model,model
1987-05-07,171.455001,357.842992,172.278484,5.5300,0.005000,model,model
1987-05-08,171.766304,359.617441,172.593332,5.5300,0.005000,model,model
1987-05-11,170.755706,353.086253,171.579923,5.6500,0.005000,model,model
1987-05-12,170.516590,351.428866,171.341696,5.6000,0.005000,model,model
1987-05-13,171.707650,358.616023,172.540560,5.5300,0.005000,model,model
1987-05-14,172.109191,360.950084,172.946102,5.7300,0.005000,model,model
1987-05-15,169.555614,344.680445,170.382166,5.9500,0.005000,model,model
1987-05-18,167.340408,330.980881,168.158190,5.8700,0.005000,model,model
1987-05-19,163.740132,309.429691,164.542322,5.7800,0.005000,model,model
1987-05-20,163.952179,310.476995,164.757366,5.6900,0.005000,model,model
1987-05-21,164.818415,315.243362,165.629818,5.5300,0.005000,model,model
1987-05-22,163.898041,309.804218,164.706885,5.5500,0.005000,model,model
1987-05-26,167.083242,327.696642,167.909766,5.6100,0.005000,model,model
1987-05-27,167.791570,331.695451,168.623596,5.7600,0.005000,model,model
1987-05-28,169.736076,343.052772,170.579752,5.6300,0.005000,model,model
1987-05-29,170.331613,346.490018,171.180280,5.6800,0.005000,model,model
1987-06-01,167.705848,330.277538,168.543470,5.7000,0.005000,model,model
1987-06-02,166.478687,322.854020,167.312187,5.7600,0.005000,model,model
1987-06-03,167.615610,329.301617,168.456793,5.6900,0.005000,model,model
1987-06-04,168.062269,331.768872,168.907700,5.6600,0.005000,model,model
1987-06-05,167.547938,328.555372,168.392792,5.6800,0.005000,model,model
1987-06-08,169.217242,338.203560,170.072519,5.6600,0.005000,model,model
1987-06-09,170.967752,348.526233,171.833901,5.5100,0.005000,model,model
1987-06-10,171.459517,351.363922,172.330202,5.4800,0.005000,model,model
1987-06-11,171.139182,349.222680,172.010292,5.5400,0.005000,model,model
1987-06-12,171.766304,352.888706,172.642654,5.5500,0.005000,model,model
1987-06-15,171.080543,348.483835,171.955449,5.6500,0.005000,model,model
1987-06-16,172.470115,356.795581,173.354175,5.6300,0.005000,model,model
1987-06-17,172.632540,357.626685,173.519496,5.6500,0.005000,model,model
1987-06-18,173.579969,363.332534,174.473859,5.6500,0.005000,model,model
1987-06-19,173.291233,361.338124,174.185712,5.6600,0.005000,model,model
1987-06-22,174.058199,365.952549,174.958712,5.6600,0.005000,model,model
1987-06-23,173.101738,359.731046,173.999385,5.7200,0.005000,model,model
1987-06-24,173.160392,359.913393,174.060414,5.8300,0.005000,model,model
1987-06-25,172.655093,356.576084,173.554561,5.8400,0.005000,model,model
1987-06-26,172.397927,354.801336,173.298122,5.7800,0.005000,model,model
1987-06-29,172.073090,352.618184,172.973652,5.6700,0.005000,model,model
1987-06-30,170.755706,344.334865,171.651432,5.7300,0.005000,model,model
1987-07-01,170.967752,345.446886,171.866634,5.6400,0.005000,model,model
1987-07-02,171.788856,350.248475,172.694101,5.6600,0.005000,model,model
1987-07-06,170.561696,342.561718,171.462530,5.6700,0.005000,model,model
1987-07-07,169.415755,335.482715,170.312578,5.6000,0.005000,model,model
1987-07-08,169.081886,333.334198,169.978969,5.5700,0.005000,model,model
1987-07-09,169.614267,336.316492,170.516198,5.6100,0.005000,model,model
1987-07-10,170.300028,340.227548,171.207636,5.5900,0.005000,model,model
1987-07-13,171.820441,349.164315,172.738190,5.6100,0.005000,model,model
1987-07-14,175.939550,374.081854,176.881357,5.5500,0.005000,model,model
1987-07-15,175.835778,373.237070,176.779135,5.5800,0.005000,model,model
1987-07-16,176.891495,379.771275,177.842620,5.5800,0.005000,model,model
1987-07-17,176.733599,378.568971,177.685993,5.5600,0.005000,model,model
1987-07-20,174.924436,366.748043,175.869196,5.5500,0.005000,model,model
1987-07-21,174.324397,362.788014,175.268009,5.6900,0.005000,model,model
1987-07-22,174.721408,365.084996,175.669256,5.6600,0.005000,model,model
1987-07-23,172.799468,352.844429,173.738981,5.6700,0.005000,model,model
1987-07-24,174.170990,361.060631,175.120028,5.7500,0.005000,model,model
1987-07-27,174.324397,361.830713,175.276356,5.8100,0.005000,model,model
1987-07-28,174.829696,364.789017,175.786501,5.8600,0.005000,model,model
1987-07-29,175.704951,370.075178,176.668639,5.8800,0.005000,model,model
1987-07-30,177.365223,380.359521,178.340120,6.0700,0.005000,model,model
1987-07-31,177.171226,378.908873,178.147180,6.0700,0.005000,model,model
1987-08-03,176.169647,372.276413,177.142204,6.0500,0.005000,model,model
1987-08-04,176.747133,375.743741,177.724988,5.8500,0.005000,model,model
1987-08-05,178.881119,389.148152,179.872896,5.8500,0.005000,model,model
1987-08-06,182.147540,410.249731,183.159568,5.7400,0.005000,model,model
1987-08-07,183.830364,421.399608,184.853923,5.8500,0.005000,model,model
1987-08-10,185.905711,435.440190,186.943026,5.9100,0.005000,model,model
1987-08-11,188.035195,450.163022,189.086617,5.9400,0.005000,model,model
1987-08-12,186.835103,441.301576,187.882066,5.9500,0.005000,model,model
1987-08-13,186.302736,437.296070,187.348952,5.9600,0.005000,model,model
1987-08-14,186.298220,437.036930,187.346641,5.9600,0.005000,model,model
1987-08-17,186.627573,439.124564,187.680078,5.9800,0.005000,model,model
1987-08-18,183.983758,420.213047,185.023587,6.0200,0.005000,model,model
1987-08-19,185.328225,429.194635,186.377855,6.0400,0.005000,model,model
1987-08-20,188.522444,451.135829,189.592384,6.1100,0.005000,model,model
1987-08-21,190.006770,461.541200,191.087391,6.1000,0.005000,model,model
1987-08-24,189.018725,454.085584,190.096001,6.1700,0.005000,model,model
1987-08-25,190.133095,461.864127,191.218986,6.1800,0.005000,model,model
1987-08-26,190.534635,464.535774,191.625096,6.2500,0.005000,model,model
1987-08-27,190.060907,460.812657,191.150938,6.2900,0.005000,model,model
1987-08-28,188.445754,448.799344,189.528797,6.3100,0.005000,model,model
1987-08-31,189.104446,453.256293,190.193532,6.2500,0.005000,model,model
1987-09-01,186.681710,435.576094,187.759106,6.1200,0.005000,model,model
1987-09-02,185.635011,428.010797,186.708602,6.0900,0.005000,model,model
1987-09-03,184.989853,423.312802,186.061936,6.1900,0.005000,model,model
1987-09-04,184.128133,417.155843,185.197436,6.3800,0.005000,model,model
1987-09-08,180.374464,391.383471,181.424173,6.4400,0.005000,model,model
1987-09-09,181.908425,401.139467,182.969221,6.4300,0.005000,model,model
1987-09-10,185.125197,422.177397,186.206929,6.3300,0.005000,model,model
1987-09-11,186.207996,429.344260,187.298272,6.3500,0.005000,model,model
1987-09-14,185.120694,421.578401,186.206834,6.3400,0.005000,model,model
1987-09-15,182.499446,403.419225,183.572423,6.3400,0.005000,model,model
1987-09-16,181.637725,397.475998,182.707821,6.3400,0.005000,model,model
1987-09-17,182.318970,401.722771,183.395255,6.3800,0.005000,model,model
1987-09-18,181.976096,399.229253,183.052540,6.4200,0.005000,model,model
1987-09-21,177.992330,372.757037,179.047388,6.5100,0.005000,model,model
1987-09-22,181.755018,396.162302,182.834511,6.4900,0.005000,model,model
1987-09-23,184.141667,411.529447,185.237512,6.4700,0.005000,model,model
1987-09-24,184.651482,414.714196,185.752566,6.4100,0.005000,model,model
1987-09-25,185.080091,417.364264,186.185942,6.5000,0.005000,model,model
1987-09-28,184.637948,414.132604,185.743374,6.5300,0.005000,model,model
1987-09-29,184.209339,411.004280,185.314410,6.6900,0.005000,model,model
1987-09-30,185.431997,418.943260,186.546609,6.6100,0.005000,model,model
1987-10-01,189.221753,444.361853,190.361365,6.6300,0.005000,model,model
1987-10-02,191.423425,459.599421,192.578563,6.6600,0.005000,model,model
1987-10-05,192.925787,470.142392,194.092284,6.6800,0.005000,model,model
1987-10-06,187.746459,431.971416,188.883950,6.5500,0.005000,model,model
1987-10-07,186.681710,424.367716,187.814999,6.5600,0.005000,model,model
1987-10-08,183.735624,404.008937,184.853265,6.6900,0.005000,model,model
1987-10-09,182.688926,396.859788,183.802400,6.7500,0.005000,model,model
1987-10-12,180.126330,379.909272,181.226374,6.7500,0.005000,model,model
1987-10-13,181.574556,388.840462,182.685601,6.7400,0.005000,model,model
1987-10-14,178.204377,366.923601,179.296975,7.1900,0.005000,model,model
1987-10-15,174.207090,341.981575,175.277315,7.0700,0.005000,model,model
1987-10-16,165.382368,289.752204,166.400465,6.9300,0.005000,model,model
1987-10-19,140.446649,158.396140,141.313222,6.3900,0.005000,model,model
1987-10-20,129.898498,122.590656,130.701671,5.8600,0.005000,model,model
1987-10-21,143.270926,160.353106,144.158337,5.6000,0.005000,model,model
1987-10-22,135.334992,133.604898,136.174964,5.3600,0.005000,model,model
1987-10-23,131.215883,121.331563,132.031911,5.2900,0.005000,model,model
1987-10-26,115.880899,78.694080,116.603131,5.2200,0.005000,model,model
1987-10-27,117.180247,81.302604,117.911966,5.2300,0.005000,model,model
1987-10-28,118.393874,83.789958,119.134574,5.1000,0.005000,model,model
1987-10-29,129.609748,107.542381,130.422036,5.0300,0.005000,model,model
1987-10-30,135.411695,121.920698,136.261898,5.2700,0.005000,model,model
1987-11-02,137.329133,127.034911,138.192996,5.6200,0.005000,model,model
1987-11-03,132.763364,114.289224,133.600152,5.6300,0.005000,model,model
1987-11-04,133.494258,116.119625,134.337243,5.5400,0.005000,model,model
1987-11-05,138.082565,128.024435,138.956124,5.5800,0.005000,model,model
1987-11-06,135.962100,122.056483,136.823897,5.7300,0.005000,model,model
1987-11-09,132.176860,111.791238,133.016293,5.7000,0.005000,model,model
1987-11-10,129.433802,104.768951,130.257399,5.6700,0.005000,model,model
1987-11-11,131.270020,109.171563,132.106851,5.6700,0.005000,model,model
1987-11-12,135.208667,118.932982,136.072180,5.8300,0.005000,model,model
1987-11-13,133.498760,114.354913,134.352972,5.9100,0.005000,model,model
1987-11-16,133.056631,113.159035,133.909613,5.8700,0.005000,model,model
1987-11-17,129.551095,104.148091,130.383199,5.8800,0.005000,model,model
1987-11-18,130.688031,106.834910,131.528990,5.7700,0.005000,model,model
1987-11-19,127.281752,98.420057,128.102357,5.6600,0.005000,model,model
1987-11-20,127.078737,97.899521,127.899559,5.7200,0.005000,model,model
1987-11-23,127.985563,99.943863,128.813764,5.7800,0.005000,model,model
1987-11-24,130.530122,105.848702,131.376323,5.7700,0.005000,model,model
1987-11-25,130.832393,106.530662,131.682117,5.7000,0.005000,model,model
1987-11-27,129.352583,102.859870,130.194264,5.6300,0.005000,model,model
1987-11-30,123.731111,89.389175,124.537764,5.2100,0.005000,model,model
1987-12-01,123.762696,89.414254,124.571037,5.5500,0.005000,model,model
1987-12-02,124.480041,90.924608,125.294551,5.4900,0.005000,model,model
1987-12-03,119.963908,80.975884,120.750358,5.3600,0.005000,model,model
1987-12-04,117.694565,76.337445,118.467576,5.4300,0.005000,model,model
1987-12-07,120.139867,81.052028,120.930349,5.8200,0.005000,model,model
1987-12-08,123.338603,87.478153,124.151571,5.8600,0.005000,model,model
1987-12-09,126.108729,93.321900,126.941434,5.8300,0.005000,model,model
1987-12-10,125.436502,91.779849,126.266280,5.9200,0.005000,model,model
1987-12-11,126.162880,93.325769,126.998965,5.8600,0.005000,model,model
1987-12-14,131.811420,105.800656,132.686451,5.8500,0.005000,model,model
1987-12-15,132.542300,107.504127,133.423762,5.9300,0.005000,model,model
1987-12-16,136.304987,116.594912,137.213061,5.9400,0.005000,model,model
1987-12-17,135.267320,113.869084,136.170115,5.9300,0.005000,model,model
1987-12-18,139.630047,124.817454,140.563580,5.8700,0.005000,model,model
1987-12-21,140.780518,127.835717,141.723416,5.8700,0.005000,model,model
1987-12-22,140.360927,126.625424,141.302702,5.9300,0.005000,model,model
1987-12-23,142.621252,132.672829,143.579875,5.7800,0.005000,model,model
1987-12-24,142.734042,132.920834,143.695133,5.7400,0.005000,model,model
1987-12-28,137.856985,119.215794,138.786947,5.7000,0.005000,model,model
1987-12-29,139.269123,122.814944,140.210264,5.8400,0.005000,model,model
1987-12-30,141.921956,129.764939,142.882693,5.7100,0.005000,model,model
1987-12-31,140.988048,127.136319,141.944164,5.6800,0.005000,model,model
1988-01-04,146.004965,140.629542,146.996793,5.8800,0.005000,model,model
1988-01-05,148.233705,146.990400,149.242423,5.9300,0.005000,model,model
1988-01-06,149.943612,151.997106,150.965742,5.8400,0.005000,model,model
1988-01-07,152.221973,158.842195,153.261432,5.7800,0.005000,model,model
1988-01-08,142.743074,129.057660,143.719630,5.8700,0.005000,model,model
1988-01-11,143.356647,130.656151,144.339112,5.6900,0.005000,model,model
1988-01-12,140.514334,122.810620,141.479037,5.8100,0.005000,model,model
1988-01-13,140.351908,122.322272,141.317181,5.7900,0.005000,model,model
1988-01-14,140.794052,123.414409,141.764048,5.8800,0.005000,model,model
1988-01-15,144.213852,132.335063,145.209096,5.8800,0.005000,model,model
1988-01-18,143.491990,130.277987,144.483982,5.8800,0.005000,model,model
1988-01-19,142.576133,127.713212,143.563512,5.9600,0.005000,model,model
1988-01-20,137.572750,114.189580,138.527189,5.8100,0.005000,model,model
1988-01-21,138.010378,115.220242,138.969502,5.8200,0.005000,model,model
1988-01-22,139.278141,118.333893,140.247730,5.8100,0.005000,model,model
1988-01-25,141.714412,124.477213,142.702631,5.8300,0.005000,model,model
1988-01-26,140.067674,120.070339,141.046109,5.8200,0.005000,model,model
1988-01-27,140.243634,120.462263,141.224977,5.7400,0.005000,model,model
1988-01-28,142.255812,125.582430,143.252916,5.6800,0.005000,model,model
1988-01-29,143.586744,129.041893,144.594883,5.6400,0.005000,model,model
1988-02-01,143.122048,127.724024,144.128645,5.6600,0.005000,model,model
1988-02-02,143.446885,128.529179,144.457483,5.7100,0.005000,model,model
1988-02-03,141.285817,122.650322,142.282909,5.7100,0.005000,model,model
1988-02-04,142.007678,124.467905,143.011559,5.6500,0.005000,model,model
1988-02-05,142.580649,125.911730,143.590282,5.6400,0.005000,model,model
1988-02-08,142.454324,125.514749,143.464772,5.6400,0.005000,model,model
1988-02-09,143.406269,127.967115,144.425177,5.6000,0.005000,model,model
1988-02-10,146.392971,135.891894,147.434820,5.6100,0.005000,model,model
1988-02-11,147.038129,137.619957,148.086324,5.6300,0.005000,model,model
1988-02-12,147.922402,140.031321,148.978664,5.7500,0.005000,model,model
1988-02-16,149.370628,144.069845,150.439004,5.7500,0.005000,model,model
1988-02-17,149.609743,144.688884,150.681621,5.7400,0.005000,model,model
1988-02-18,149.560121,144.472930,150.633438,5.6900,0.005000,model,model
1988-02-19,150.755697,147.862570,151.839387,5.6800,0.005000,model,model
1988-02-22,153.575458,156.078150,154.681225,5.6600,0.005000,model,model
1988-02-23,154.554485,158.983408,155.669143,5.6300,0.005000,model,model
1988-02-24,155.628253,162.215713,156.752507,5.6200,0.005000,model,model
1988-02-25,154.103324,157.362792,155.218428,5.6300,0.005000,model,model
1988-02-26,153.976999,156.898633,155.093037,5.5900,0.005000,model,model
1988-02-29,155.777130,162.319015,156.908062,5.6200,0.005000,model,model
1988-03-01,155.772614,162.225266,156.905381,5.6200,0.005000,model,model
1988-03-02,158.010386,169.130224,159.161294,5.6100,0.005000,model,model
1988-03-03,159.260099,173.056511,160.422005,5.6000,0.005000,model,model
1988-03-04,160.063167,175.585565,161.232841,5.7100,0.005000,model,model
1988-03-07,161.033162,178.686910,162.211844,5.7200,0.005000,model,model
1988-03-08,162.079860,182.078259,163.268135,5.7400,0.005000,model,model
1988-03-09,163.537118,186.893484,164.738019,5.7300,0.005000,model,model
1988-03-10,161.006093,178.113496,162.190370,5.7500,0.005000,model,model
1988-03-11,160.514328,176.390757,161.696919,5.7300,0.005000,model,model
1988-03-14,161.705402,180.225729,162.898693,5.7000,0.005000,model,model
1988-03-15,160.897819,177.434542,162.087089,5.6100,0.005000,model,model
1988-03-16,162.797206,183.625164,164.002445,5.6100,0.005000,model,model
1988-03-17,163.532602,186.021357,164.745238,5.6000,0.005000,model,model
1988-03-18,163.352140,185.313018,164.565399,5.6600,0.005000,model,model
1988-03-21,161.425670,178.657242,162.626580,5.7400,0.005000,model,model
1988-03-22,162.431766,181.904273,163.642097,5.7800,0.005000,model,model
1988-03-23,161.736973,179.475159,162.944075,5.8300,0.005000,model,model
1988-03-24,157.694567,165.913749,158.873439,5.7900,0.005000,model,model
1988-03-25,155.993693,160.457260,157.161740,5.7000,0.005000,model,model
1988-03-28,155.957592,160.265384,157.127240,5.7400,0.005000,model,model
1988-03-29,156.702006,162.477742,157.879108,5.7400,0.005000,model,model
1988-03-30,155.316950,158.083584,156.485527,5.7500,0.005000,model,model
1988-03-31,156.336566,161.115030,157.514678,5.7100,0.005000,model,model
1988-04-04,154.662760,155.852718,155.830133,5.8500,0.005000,model,model
1988-04-05,156.007227,159.831523,157.186603,6.0000,0.005000,model,model
1988-04-06,159.350337,170.012076,160.556858,6.0500,0.005000,model,model
1988-04-07,160.009029,172.028559,161.222449,6.0500,0.005000,model,model
1988-04-08,161.452739,176.590048,162.679026,6.0200,0.005000,model,model
1988-04-11,162.364094,179.484441,163.599240,6.0400,0.005000,model,model
1988-04-12,162.508469,179.869924,163.746661,5.9300,0.005000,model,model
1988-04-13,162.765621,180.630994,164.007721,5.8600,0.005000,model,model
1988-04-14,156.345598,159.145000,157.540658,5.7400,0.005000,model,model
1988-04-15,156.223776,158.690990,157.419780,5.8800,0.005000,model,model
1988-04-18,156.598248,159.750020,157.798993,5.8500,0.005000,model,model
1988-04-19,157.324611,161.889765,158.532805,5.8100,0.005000,model,model
1988-04-20,156.043314,157.847888,157.243555,5.8400,0.005000,model,model
1988-04-21,155.262813,155.396649,156.458922,5.8300,0.005000,model,model
1988-04-22,156.390717,158.700847,157.597378,5.8300,0.005000,model,model
1988-04-25,157.365214,161.583558,158.581271,5.8500,0.005000,model,model
1988-04-26,159.481164,168.011873,160.715459,5.9000,0.005000,model,model
1988-04-27,159.900755,169.250618,161.140211,5.8700,0.005000,model,model
1988-04-28,159.467630,167.785907,160.705647,5.9600,0.005000,model,model
1988-04-29,158.736750,165.389073,159.971006,5.9800,0.005000,model,model
1988-05-02,159.481164,167.625889,160.723113,6.0800,0.005000,model,model
1988-05-03,161.511392,173.931610,162.771064,6.1300,0.005000,model,model
1988-05-04,161.177537,172.758830,162.436543,6.1400,0.005000,model,model
1988-05-05,160.324834,169.921080,161.579114,6.1800,0.005000,model,model
1988-05-06,159.873673,168.391977,161.126346,6.2900,0.005000,model,model
1988-05-09,157.843445,161.877717,159.082129,6.3100,0.005000,model,model
1988-05-10,157.293041,160.093147,158.529299,6.3400,0.005000,model,model
1988-05-11,154.116858,150.297880,155.330040,6.2600,0.005000,model,model
1988-05-12,154.933460,152.603213,156.154919,6.2100,0.005000,model,model
1988-05-13,156.864431,158.221055,158.102973,6.1800,0.005000,model,model
1988-05-16,157.893080,161.245044,159.141625,6.2000,0.005000,model,model
1988-05-17,157.067460,158.624516,158.311371,6.3000,0.005000,model,model
1988-05-18,153.652162,148.180793,154.870910,6.2100,0.005000,model,model
1988-05-19,153.706299,148.257810,154.927321,6.1500,0.005000,model,model
1988-05-20,153.291224,146.974872,154.510793,6.2400,0.005000,model,model
1988-05-23,151.274531,141.088187,152.479894,6.2500,0.005000,model,model
1988-05-24,152.682167,144.945185,153.900562,6.3100,0.005000,model,model
1988-05-25,152.501691,144.350706,153.720478,6.3300,0.005000,model,model
1988-05-26,153.264156,146.432901,154.490866,6.4200,0.005000,model,model
1988-05-27,153.020538,145.651737,154.247138,6.4400,0.005000,model,model
1988-05-31,156.413270,155.248451,157.668901,6.4300,0.005000,model,model
1988-06-01,159.418009,164.099024,160.699639,6.4700,0.005000,model,model
1988-06-02,159.214980,163.379324,160.496891,6.4400,0.005000,model,model
1988-06-03,160.618101,167.602469,161.913219,6.4600,0.005000,model,model
1988-06-06,162.188135,172.418097,163.497840,6.4600,0.005000,model,model
1988-06-07,162.206185,172.378985,163.517983,6.4300,0.005000,model,model
1988-06-08,165.138736,181.623001,166.476197,6.3900,0.005000,model,model
1988-06-09,164.922174,180.805808,166.259862,6.4400,0.005000,model,model
1988-06-10,166.284691,185.180900,167.635411,6.4500,0.005000,model,model
1988-06-13,166.690734,186.432159,168.046747,6.4400,0.005000,model,model
1988-06-14,167.629144,189.474458,168.994792,6.3500,0.005000,model,model
1988-06-15,167.926913,190.378459,169.296998,6.3400,0.005000,model,model
1988-06-16,166.483203,185.358957,167.843525,6.2900,0.005000,model,model
1988-06-17,165.973388,183.551484,167.331543,6.3700,0.005000,model,model
1988-06-20,165.301162,181.217073,166.655807,6.3700,0.005000,model,model
1988-06-21,166.740355,185.842029,168.108779,6.5600,0.005000,model,model
1988-06-22,168.716446,192.337220,170.103089,6.5200,0.005000,model,model
1988-06-23,168.797665,192.505432,170.187001,6.5200,0.005000,model,model
1988-06-24,169.050315,193.259758,170.443756,6.5100,0.005000,model,model
1988-06-27,167.033621,186.225840,168.412468,6.5600,0.005000,model,model
1988-06-28,169.808263,195.389779,171.212019,6.6000,0.005000,model,model
1988-06-29,169.442823,194.015004,170.845597,6.5800,0.005000,model,model
1988-06-30,170.561696,197.743627,171.975766,6.5600,0.005000,model,model
1988-07-01,171.400864,200.546544,172.823938,6.5500,0.005000,model,model
1988-07-05,173.160392,206.601884,174.600133,6.5600,0.005000,model,model
1988-07-06,171.829459,201.715635,173.260213,6.5300,0.005000,model,model
1988-07-07,170.886533,198.276383,172.311497,6.5500,0.005000,model,model
1988-07-08,169.767660,194.262799,171.185346,6.6600,0.005000,model,model
1988-07-11,169.352585,192.724588,170.768843,6.6100,0.005000,model,model
1988-07-12,168.946543,191.223954,170.361438,6.7300,0.005000,model,model
1988-07-13,169.745094,193.820822,171.168705,6.7200,0.005000,model,model
1988-07-14,170.250393,195.436342,171.680280,6.7300,0.005000,model,model
1988-07-15,170.097000,194.793131,171.527642,6.7200,0.005000,model,model
1988-07-18,170.354165,195.562718,171.789012,6.6600,0.005000,model,model
1988-07-19,167.633660,186.070092,169.047638,6.6900,0.005000,model,model
1988-07-20,167.159946,184.382289,168.571941,6.7100,0.005000,model,model
1988-07-21,164.588318,175.755099,165.980598,6.7800,0.005000,model,model
1988-07-22,164.096554,174.074925,165.486649,6.7400,0.005000,model,model
1988-07-25,163.852923,173.195685,165.242924,6.8000,0.005000,model,model
1988-07-26,162.152048,167.692748,163.529587,6.8900,0.005000,model,model
1988-07-27,160.045116,161.047165,161.406704,7.0000,0.005000,model,model
1988-07-28,160.812097,163.262131,162.182131,6.9900,0.005000,model,model
1988-07-29,163.464930,171.234934,164.859495,6.9500,0.005000,model,model
1988-08-01,163.717579,171.925040,165.116263,6.9100,0.005000,model,model
1988-08-02,162.900978,169.246501,164.294651,6.9000,0.005000,model,model
1988-08-03,163.383724,170.647914,164.783483,6.9000,0.005000,model,model
1988-08-04,163.478464,170.842789,164.880996,6.8400,0.005000,model,model
1988-08-05,162.323491,167.115164,163.718077,6.9200,0.005000,model,model
1988-08-08,162.251304,166.792405,163.647219,6.8400,0.005000,model,model
1988-08-09,159.954892,159.600679,161.332998,7.0600,0.005000,model,model
1988-08-10,155.813217,147.093550,157.157560,6.9900,0.005000,model,model
1988-08-11,157.577261,151.994693,158.938696,7.0100,0.005000,model,model
1988-08-12,156.774194,149.575701,158.130582,7.0100,0.005000,model,model
1988-08-15,153.471700,140.022577,154.801398,6.9900,0.005000,model,model
1988-08-16,155.781646,146.252685,157.133201,7.0600,0.005000,model,model
1988-08-17,156.016245,146.823212,157.371706,7.0300,0.005000,model,model
1988-08-18,156.598248,148.374910,157.960638,7.0200,0.005000,model,model
1988-08-19,155.935039,146.396631,157.293540,7.0600,0.005000,model,model
1988-08-22,153.300256,138.878311,154.637676,7.0600,0.005000,model,model
1988-08-23,153.038575,138.079800,154.375552,7.1600,0.005000,model,model
1988-08-24,155.159040,143.727292,156.516381,7.1800,0.005000,model,model
1988-08-25,153.873227,140.059718,155.221182,7.2500,0.005000,model,model
1988-08-26,154.279270,141.077969,155.632630,7.3300,0.005000,model,model
1988-08-29,155.889920,145.402090,157.259262,7.3200,0.005000,model,model
1988-08-30,155.528996,144.298707,156.897040,7.3000,0.005000,model,model
1988-08-31,154.292804,140.762720,155.651842,7.3000,0.005000,model,model
1988-09-01,151.788862,133.813487,153.127697,7.2800,0.005000,model,model
1988-09-02,154.716897,141.465431,156.083382,7.2200,0.005000,model,model
1988-09-06,155.140990,142.538124,156.513079,7.2600,0.005000,model,model
1988-09-07,155.285365,142.844671,156.660594,7.3300,0.005000,model,model
1988-09-08,156.070382,144.917808,157.454428,7.3200,0.005000,model,model
1988-09-09,158.339725,151.141117,159.745771,7.2800,0.005000,model,model
1988-09-12,158.443498,151.342809,159.852366,7.2300,0.005000,model,model
1988-09-13,158.691631,151.958623,160.104609,7.1700,0.005000,model,model
1988-09-14,159.693211,154.738224,161.117012,7.1600,0.005000,model,model
1988-09-15,158.281072,150.532505,159.694202,7.1700,0.005000,model,model
1988-09-16,159.390940,153.602187,160.815879,7.1500,0.005000,model,model
1988-09-19,158.908194,152.109755,160.330732,7.1300,0.005000,model,model
1988-09-20,159.535301,153.813396,160.965362,7.2000,0.005000,model,model
1988-09-21,160.437625,156.324338,161.877690,7.1900,0.005000,model,model
1988-09-22,160.861718,157.464724,162.307517,7.2000,0.005000,model,model
1988-09-23,160.139870,155.243629,161.581114,7.2300,0.005000,model,model
1988-09-26,158.691631,150.928824,160.121764,7.3000,0.005000,model,model
1988-09-27,158.628476,150.652094,160.059946,7.3300,0.005000,model,model
1988-09-28,159.760882,153.778948,161.204477,7.3400,0.005000,model,model
1988-09-29,161.357999,158.288631,162.817944,7.2900,0.005000,model,model
1988-09-30,161.845261,159.621225,163.311553,7.2500,0.005000,model,model
1988-10-03,159.521767,152.638979,160.968953,7.2400,0.005000,model,model
1988-10-04,159.070605,151.246475,160.515614,7.2300,0.005000,model,model
1988-10-05,158.682613,150.043531,160.126008,7.2200,0.005000,model,model
1988-10-06,159.020984,150.907022,160.469364,7.3000,0.005000,model,model
1988-10-07,158.808937,150.207185,160.257296,7.2700,0.005000,model,model
1988-10-10,157.847961,147.382563,159.289463,7.2700,0.005000,model,model
1988-10-11,158.470566,149.031218,159.919650,7.2900,0.005000,model,model
1988-10-12,156.363635,142.986467,157.795356,7.2800,0.005000,model,model
1988-10-13,157.757737,146.715727,159.204102,7.3400,0.005000,model,model
1988-10-14,158.240469,147.967676,159.693156,7.3200,0.005000,model,model
1988-10-17,158.614941,148.922647,160.072966,7.3300,0.005000,model,model
1988-10-18,159.702243,151.886699,161.172168,7.3600,0.005000,model,model
1988-10-19,159.702243,151.788418,161.174087,7.4300,0.005000,model,model
1988-10-20,162.747585,160.364525,164.249414,7.4500,0.005000,model,model
1988-10-21,162.183632,158.591862,163.682213,7.4400,0.005000,model,model
1988-10-24,160.983540,154.964064,162.472981,7.5100,0.005000,model,model
1988-10-25,160.072185,152.229180,161.555127,7.4400,0.005000,model,model
1988-10-26,159.124756,149.425206,160.600845,7.4100,0.005000,model,model
1988-10-27,157.256940,144.062000,158.717614,7.3800,0.005000,model,model
1988-10-28,157.802842,145.468318,159.270476,7.3700,0.005000,model,model
1988-10-31,157.708102,145.112807,159.176751,7.3600,0.005000,model,model
1988-11-01,157.541174,144.558792,159.010164,7.3400,0.005000,model,model
1988-11-02,157.017825,143.023895,158.483827,7.3700,0.005000,model,model
1988-11-03,157.229871,143.510584,158.699740,7.4000,0.005000,model,model
1988-11-04,156.607266,141.710925,158.073204,7.4500,0.005000,model,model
1988-11-07,154.604107,136.175293,156.053176,7.4800,0.005000,model,model
1988-11-08,156.778710,141.825689,158.250018,7.5900,0.005000,model,model
1988-11-09,156.548613,141.107112,158.019646,7.5700,0.005000,model,model
1988-11-10,156.350100,140.475895,157.821150,7.6400,0.005000,model,model
1988-11-11,152.709235,130.558960,154.147908,7.6400,0.005000,model,model
1988-11-14,152.452070,129.810250,153.890155,7.7800,0.005000,model,model
1988-11-15,151.685089,127.759203,153.117771,7.9500,0.005000,model,model
1988-11-16,149.357093,121.782584,150.769610,7.9400,0.005000,model,model
1988-11-17,149.970680,123.198001,151.390794,7.9200,0.005000,model,model
1988-11-18,150.259417,123.823675,151.684067,7.9400,0.005000,model,model
1988-11-21,147.814128,117.686213,149.217400,7.9900,0.005000,model,model
1988-11-22,148.296874,118.756121,149.706505,8.0000,0.005000,model,model
1988-11-23,150.859470,124.823484,152.295242,8.0100,0.005000,model,model
1988-11-25,149.533053,121.440398,150.958014,8.0300,0.005000,model,model
1988-11-28,149.781186,121.959948,151.210309,7.9800,0.005000,model,model
1988-11-29,150.841419,124.462386,152.282458,7.9900,0.005000,model,model
1988-11-30,152.659601,128.873660,154.119822,7.8300,0.005000,model,model
1988-12-01,154.595088,133.682398,156.075658,7.8500,0.005000,model,model
1988-12-02,154.852254,134.254912,156.337145,8.0700,0.005000,model,model
1988-12-05,155.971126,137.068486,157.468607,8.0100,0.005000,model,model
1988-12-06,157.017825,139.730359,158.527230,7.9500,0.005000,model,model
1988-12-07,155.957592,136.799785,157.458692,7.9900,0.005000,model,model
1988-12-08,155.095871,134.434842,156.590552,7.9800,0.005000,model,model
1988-12-09,155.014665,134.131213,156.510428,7.8800,0.005000,model,model
1988-12-12,154.396576,132.432863,155.888237,7.9000,0.005000,model,model
1988-12-13,153.625093,130.352247,155.111157,8.1000,0.005000,model,model
1988-12-14,154.180013,131.671216,155.673292,8.1200,0.005000,model,model
1988-12-15,154.856756,133.309396,156.358442,8.1900,0.005000,model,model
1988-12-16,157.017825,138.790170,158.542328,8.1600,0.005000,model,model
1988-12-19,158.258520,141.977877,159.796957,8.1900,0.005000,model,model
1988-12-20,157.974285,141.110986,159.511862,8.1800,0.005000,model,model
1988-12-21,157.599827,140.006982,159.135658,8.1000,0.005000,model,model
1988-12-22,157.690051,140.149047,159.228656,8.0500,0.005000,model,model
1988-12-23,158.457032,142.093737,160.005015,8.0500,0.005000,model,model
1988-12-27,158.105126,141.045238,159.651577,8.1500,0.005000,model,model
1988-12-28,158.023920,140.726227,159.571477,8.2600,0.005000,model,model
1988-12-29,159.422511,144.359333,160.985664,8.1300,0.005000,model,model
1988-12-30,160.081217,146.045110,161.652745,8.1000,0.005000,model,model
1989-01-03,157.568243,139.056777,159.117025,8.1400,0.005000,model,model
1989-01-04,160.216560,145.961393,161.793268,8.2500,0.005000,model,model
1989-01-05,160.148888,145.671130,161.726857,8.2700,0.005000,model,model
1989-01-06,160.180473,145.652060,161.760678,8.2900,0.005000,model,model
1989-01-09,160.297766,145.866672,161.881053,8.2800,0.005000,model,model
1989-01-10,159.769914,144.318794,161.349915,8.3000,0.005000,model,model
1989-01-11,160.248145,145.509873,161.834796,8.2400,0.005000,model,model
1989-01-12,161.515908,148.855230,163.117038,8.2600,0.005000,model,model
1989-01-13,161.606146,148.998042,163.210113,8.2100,0.005000,model,model
1989-01-16,161.696370,149.140814,163.303175,8.2100,0.005000,model,model
1989-01-17,159.792467,143.760301,161.382297,8.2400,0.005000,model,model
1989-01-18,161.195587,147.440117,162.801298,8.2600,0.005000,model,model
1989-01-19,162.932562,152.095915,164.557514,8.2300,0.005000,model,model
1989-01-20,162.706982,151.354403,164.331643,8.2400,0.005000,model,model
1989-01-23,160.798562,145.914260,162.406124,8.2700,0.005000,model,model
1989-01-24,162.576141,150.644188,164.203407,8.2100,0.005000,model,model
1989-01-25,163.825854,154.005920,165.467583,8.2900,0.005000,model,model
1989-01-26,166.023009,160.084206,167.688727,8.3400,0.005000,model,model
1989-01-27,165.616967,158.792337,167.280607,8.3300,0.005000,model,model
1989-01-30,166.735853,161.892942,168.412723,8.2800,0.005000,model,model
1989-01-31,168.256266,166.198957,169.950432,8.3900,0.005000,model,model
1989-02-01,169.970675,171.153047,171.684127,8.3700,0.005000,model,model
1989-02-02,171.319658,175.099145,173.048753,8.3800,0.005000,model,model
1989-02-03,171.418914,175.273854,173.151071,8.4800,0.005000,model,model
1989-02-06,170.958720,173.730591,172.688288,8.5300,0.005000,model,model
1989-02-07,173.295735,180.719090,175.051002,8.5300,0.005000,model,model
1989-02-08,171.486586,174.919207,173.225612,8.5300,0.005000,model,model
1989-02-09,170.259425,171.031076,171.988069,8.4800,0.005000,model,model
1989-02-10,167.565989,162.778636,169.269334,8.5500,0.005000,model,model
1989-02-13,167.295289,161.867728,168.997897,8.5500,0.005000,model,model
1989-02-14,167.498317,162.335778,169.205004,8.5600,0.005000,model,model
1989-02-15,169.108954,166.894026,170.834066,8.4900,0.005000,model,model
1989-02-16,169.478910,167.864703,171.209830,8.5000,0.005000,model,model
1989-02-17,170.097000,169.575488,171.836270,8.4800,0.005000,model,model
1989-02-21,169.790213,168.531934,171.528392,8.4700,0.005000,model,model
1989-02-22,167.615610,161.924765,169.333570,8.5300,0.005000,model,model
1989-02-23,168.256266,163.658182,169.982808,8.6100,0.005000,model,model
1989-02-24,166.559893,158.579867,168.271051,8.6500,0.005000,model,model
1989-02-27,165.860598,156.460594,167.566575,8.6800,0.005000,model,model
1989-02-28,165.838032,156.277964,167.545772,8.7100,0.005000,model,model
1989-03-01,165.666602,155.674954,167.374571,8.6600,0.005000,model,model
1989-03-02,167.344924,160.284079,169.072189,8.6600,0.005000,model,model
1989-03-03,167.665245,161.083090,169.397829,8.6300,0.005000,model,model
1989-03-06,169.190174,165.353633,170.940532,8.5700,0.005000,model,model
1989-03-07,168.463796,163.097628,170.208675,8.6200,0.005000,model,model
1989-03-08,168.062269,161.807935,169.805016,8.6100,0.005000,model,model
1989-03-09,167.245668,159.324879,168.981968,8.6600,0.005000,model,model
1989-03-10,166.925333,158.287175,168.660319,8.7400,0.005000,model,model
1989-03-13,167.723898,160.435835,169.469192,8.7600,0.005000,model,model
1989-03-14,167.250170,158.953462,168.992552,8.7000,0.005000,model,model
1989-03-15,167.259202,158.859150,169.003690,8.6700,0.005000,model,model
1989-03-16,168.856305,163.284880,170.619462,8.7000,0.005000,model,model
1989-03-17,164.231897,149.730061,165.948798,8.8500,0.005000,model,model
1989-03-20,162.305441,144.338463,164.004179,8.9900,0.005000,model,model
1989-03-21,164.258965,149.430740,165.980102,9.0900,0.005000,model,model
1989-03-22,162.950599,145.739096,164.660002,9.0100,0.005000,model,model
1989-03-23,163.356642,146.712688,165.072264,9.0400,0.005000,model,model
1989-03-27,163.451396,146.851412,165.169979,9.1000,0.005000,model,model
1989-03-28,164.236413,148.849121,165.965216,9.0700,0.005000,model,model
1989-03-29,165.431989,151.980361,167.175353,8.9600,0.005000,model,model
1989-03-30,166.356879,154.408361,168.111979,8.9500,0.005000,model,model
1989-03-31,167.714866,158.066204,169.486295,8.9000,0.005000,model,model
1989-04-03,167.678779,157.842627,169.451845,8.8200,0.005000,model,model
1989-04-04,167.412595,156.969032,169.184864,8.8100,0.005000,model,model
1989-04-05,167.913378,158.255647,169.692962,8.8200,0.005000,model,model
1989-04-06,168.012634,158.414142,169.795290,8.8400,0.005000,model,model
1989-04-07,169.997743,163.902177,171.803483,8.8000,0.005000,model,model
1989-04-10,170.787277,166.058918,172.603448,8.7300,0.005000,model,model
1989-04-11,172.262584,170.232439,174.096499,8.6800,0.005000,model,model
1989-04-12,173.724344,174.433281,175.575894,8.6600,0.005000,model,model
1989-04-13,173.092720,172.395514,174.939628,8.7700,0.005000,model,model
1989-04-14,175.619229,179.807650,177.495177,8.6100,0.005000,model,model
1989-04-17,175.583128,179.561810,177.460804,8.6100,0.005000,model,model
1989-04-18,177.604338,185.624783,179.505741,8.4300,0.005000,model,model
1989-04-19,178.723224,188.993218,180.638743,8.4300,0.005000,model,model
1989-04-20,178.344236,187.647487,180.257843,8.6400,0.005000,model,model
1989-04-21,179.436053,190.949128,181.363522,8.6400,0.005000,model,model
1989-04-24,178.944289,189.233399,180.868634,8.6700,0.005000,model,model
1989-04-25,177.974294,186.010762,179.890361,8.6300,0.005000,model,model
1989-04-26,177.983312,185.900816,179.901618,8.5300,0.005000,model,model
1989-04-27,180.076709,192.317633,182.019719,8.4100,0.005000,model,model
1989-04-28,180.888795,194.776022,182.842734,8.4100,0.005000,model,model
1989-05-01,181.141444,195.445102,183.100289,8.6200,0.005000,model,model
1989-05-02,181.136928,195.284412,183.097904,8.5800,0.005000,model,model
1989-05-03,181.894890,197.588353,183.866252,8.5300,0.005000,model,model
1989-05-04,182.355070,198.939702,184.333608,8.5300,0.005000,model,model
1989-05-05,183.568697,202.761660,185.562596,8.4300,0.005000,model,model
1989-05-08,183.207759,201.414503,185.199947,8.4900,0.005000,model,model
1989-05-09,182.887438,200.207871,184.878348,8.5000,0.005000,model,model
1989-05-10,183.185206,201.036229,185.181559,8.5200,0.005000,model,model
1989-05-11,183.636368,202.372692,185.639842,8.4200,0.005000,model,model
1989-05-12,186.920825,213.075807,188.962342,8.2100,0.005000,model,model
1989-05-15,188.490873,218.286726,190.551788,8.2400,0.005000,model,model
1989-05-16,187.913387,216.121938,189.970256,8.2300,0.005000,model,model
1989-05-17,190.146629,223.663815,192.230204,8.2800,0.005000,model,model
1989-05-18,190.444397,224.550291,192.533524,8.3800,0.005000,model,model
1989-05-19,191.843002,229.329254,193.949762,8.3500,0.005000,model,model
1989-05-22,191.626439,228.385667,193.733131,8.3200,0.005000,model,model
1989-05-23,190.051889,222.585551,192.143577,8.2800,0.005000,model,model
1989-05-24,191.279049,226.730658,193.386531,8.3700,0.005000,model,model
1989-05-25,192.050532,229.302667,194.168816,8.5400,0.005000,model,model
1989-05-26,193.489739,234.282449,195.626208,8.5200,0.005000,model,model
1989-05-30,192.727275,231.334952,194.857654,8.5800,0.005000,model,model
1989-05-31,193.588995,234.261382,195.731220,8.6100,0.005000,model,model
1989-06-01,194.531922,237.505363,196.686910,8.6100,0.005000,model,model
1989-06-02,196.517031,244.596042,198.696352,8.3600,0.005000,model,model
1989-06-05,192.555831,229.614259,194.693589,8.2600,0.005000,model,model
1989-06-06,193.453652,232.659701,195.603695,8.1600,0.005000,model,model
1989-06-07,198.402897,250.333686,200.610275,8.1400,0.005000,model,model
1989-06-08,197.960754,248.481369,200.165600,8.1200,0.005000,model,model
1989-06-09,197.423870,246.279764,199.625120,8.2200,0.005000,model,model
1989-06-12,197.247924,245.444984,199.449589,8.1900,0.005000,model,model
1989-06-13,195.393642,238.341503,197.576984,8.1600,0.005000,model,model
1989-06-14,195.501917,238.568784,197.688820,8.1200,0.005000,model,model
1989-06-15,192.276113,226.579620,194.429286,8.0900,0.005000,model,model
1989-06-16,192.027980,225.540914,194.180688,8.1400,0.005000,model,model
1989-06-19,191.549749,223.694068,193.699408,8.1500,0.005000,model,model
1989-06-20,190.426347,219.595583,192.565705,8.1500,0.005000,model,model
1989-06-21,190.309054,219.033921,192.449387,8.1300,0.005000,model,model
1989-06-22,191.491096,222.955733,193.647014,8.1500,0.005000,model,model
1989-06-23,193.331830,229.222557,195.510777,8.0500,0.005000,model,model
1989-06-26,192.749841,226.988694,194.924556,8.1000,0.005000,model,model
1989-06-27,193.038578,227.848619,195.218871,8.0500,0.005000,model,model
1989-06-28,190.453429,218.525942,192.606849,8.0400,0.005000,model,model
1989-06-29,186.573436,205.005555,188.685277,7.9500,0.005000,model,model
1989-06-30,184.601861,198.357333,186.693633,7.9900,0.005000,model,model
1989-07-03,185.395896,200.776698,187.498888,7.9700,0.005000,model,model
1989-07-05,186.207996,203.276440,188.322431,7.7800,0.005000,model,model
1989-07-06,187.385521,206.991409,189.515570,7.7700,0.005000,model,model
1989-07-07,189.108962,212.557626,191.260858,7.7300,0.005000,model,model
1989-07-10,188.883382,211.652751,191.034987,7.7500,0.005000,model,model
1989-07-11,189.433799,213.358172,191.593949,7.7600,0.005000,model,model
1989-07-12,190.272954,216.047106,192.444953,7.7300,0.005000,model,model
1989-07-13,190.823372,217.773968,193.003945,7.7700,0.005000,model,model
1989-07-14,192.073099,221.899681,194.270251,7.8400,0.005000,model,model
1989-07-17,192.858116,224.464666,195.066560,7.9200,0.005000,model,model
1989-07-18,190.737650,216.898682,192.924135,7.9100,0.005000,model,model
1989-07-19,192.745325,223.591151,194.957122,7.9300,0.005000,model,model
1989-07-20,190.475982,215.530493,192.664058,7.9700,0.005000,model,model
1989-07-21,190.268452,214.672890,192.456437,8.1200,0.005000,model,model
1989-07-24,187.787062,206.114051,189.948804,8.1000,0.005000,model,model
1989-07-25,187.696824,205.672484,189.859789,8.0300,0.005000,model,model
1989-07-26,189.393197,211.099743,191.577970,8.0200,0.005000,model,model
1989-07-27,191.973842,219.575103,194.190666,7.9000,0.005000,model,model
1989-07-28,192.325748,220.631100,194.548947,7.8600,0.005000,model,model
1989-07-31,193.345364,223.986745,195.582666,7.8000,0.005000,model,model
1989-08-01,192.046030,219.317625,194.270625,7.6300,0.005000,model,model
1989-08-02,192.050532,219.187306,194.277492,7.6300,0.005000,model,model
1989-08-03,193.602530,224.350027,195.849799,7.6400,0.005000,model,model
1989-08-04,194.125879,226.013841,196.381554,7.8700,0.005000,model,model
1989-08-07,197.392286,237.254801,199.688253,7.9500,0.005000,model,model
1989-08-08,198.267541,240.243611,200.576066,7.9400,0.005000,model,model
1989-08-09,196.571182,233.905428,198.862343,7.9100,0.005000,model,model
1989-08-10,196.183176,232.358836,198.472182,7.8600,0.005000,model,model
1989-08-11,195.177080,228.619328,197.456710,7.9600,0.005000,model,model
1989-08-14,193.828111,223.713784,196.094336,8.0600,0.005000,model,model
1989-08-15,194.784571,226.865820,197.064314,8.0300,0.005000,model,model
1989-08-16,193.882248,223.552978,196.153776,7.9400,0.005000,model,model
1989-08-17,195.037221,227.390734,197.324616,7.8800,0.005000,model,model
1989-08-18,195.551552,229.032234,197.847328,7.8600,0.005000,model,model
1989-08-21,193.264158,220.829140,195.535436,7.9200,0.005000,model,model
1989-08-22,194.346944,224.382270,196.633274,8.0500,0.005000,model,model
1989-08-23,196.246345,230.798177,198.557361,8.0000,0.005000,model,model
1989-08-24,198.867593,239.877174,201.211841,7.9600,0.005000,model,model
1989-08-25,199.251084,241.097215,201.602248,7.9600,0.005000,model,model
1989-08-28,199.828570,243.023870,202.188949,7.9800,0.005000,model,model
1989-08-29,198.781872,239.033982,201.132293,7.9000,0.005000,model,model
1989-08-30,199.774419,242.447163,202.138971,7.8700,0.005000,model,model
1989-08-31,200.320335,244.266162,202.693755,7.8900,0.005000,model,model
1989-09-01,201.682838,249.078184,204.074815,7.8600,0.005000,model,model
1989-09-05,201.741492,249.124353,204.136593,7.8800,0.005000,model,model
1989-09-06,200.018050,242.563620,202.395121,7.8200,0.005000,model,model
1989-09-07,199.593957,240.854404,201.968397,7.8000,0.005000,model,model
1989-09-08,200.906840,245.439304,203.299303,7.7800,0.005000,model,model
1989-09-11,201.182055,246.282584,203.580216,7.6900,0.005000,model,model
1989-09-12,202.413718,250.637936,204.828984,7.6200,0.005000,model,model
1989-09-13,202.675400,251.443372,205.096227,7.5900,0.005000,model,model
1989-09-14,200.685775,243.864848,203.085278,7.5800,0.005000,model,model
1989-09-15,200.279732,242.223227,202.676798,7.5300,0.005000,model,model
1989-09-18,200.090238,241.374474,202.487449,7.6100,0.005000,model,model
1989-09-19,200.257166,241.816963,202.658787,7.6600,0.005000,model,model
1989-09-20,200.591021,242.860706,202.999059,7.8100,0.005000,model,model
1989-09-21,200.906840,243.841065,203.321086,7.8300,0.005000,model,model
1989-09-22,202.021210,247.729752,204.451268,7.7600,0.005000,model,model
1989-09-25,202.021210,247.561048,204.453701,7.8200,0.005000,model,model
1989-09-26,202.003159,247.327329,204.437868,7.7600,0.005000,model,model
1989-09-27,201.944506,246.943027,204.380941,7.8300,0.005000,model,model
1989-09-28,204.150694,254.859015,206.616179,7.8700,0.005000,model,model
1989-09-29,204.277018,255.156090,206.746489,7.9100,0.005000,model,model
1989-10-02,205.829016,260.790593,208.319710,7.8900,0.005000,model,model
1989-10-03,206.392968,262.755378,208.892967,7.7800,0.005000,model,model
1989-10-04,208.346493,270.030866,210.872640,7.7800,0.005000,model,model
1989-10-05,209.104455,272.792537,211.642303,7.7600,0.005000,model,model
1989-10-06,211.509141,282.014303,214.078694,7.5800,0.005000,model,model
1989-10-09,213.656675,290.409724,216.254866,7.5800,0.005000,model,model
1989-10-10,213.025051,287.638597,215.618136,7.6300,0.005000,model,model
1989-10-11,212.122728,283.786947,214.707396,7.7000,0.005000,model,model
1989-10-12,211.635466,281.639049,214.216752,7.7000,0.005000,model,model
1989-10-13,202.720505,245.825284,205.195607,7.6100,0.005000,model,model
1989-10-16,202.973168,246.584243,205.453798,7.4400,0.005000,model,model
1989-10-17,202.341531,244.120320,204.816887,7.4300,0.005000,model,model
1989-10-18,204.398827,251.399640,206.901790,7.5000,0.005000,model,model
1989-10-19,208.914961,267.880995,211.475689,7.5700,0.005000,model,model
1989-10-20,208.481849,266.037120,211.039786,7.5500,0.005000,model,model
1989-10-23,206.415521,257.943469,208.950618,7.5700,0.005000,model,model
1989-10-24,204.083022,249.021922,206.591960,7.5000,0.005000,model,model
1989-10-25,204.028885,248.659600,206.539617,7.5600,0.005000,model,model
1989-10-26,200.365440,235.087145,202.833549,7.6000,0.005000,model,model
1989-10-27,197.464473,224.706990,199.899263,7.7600,0.005000,model,model
1989-10-30,197.676520,225.278511,200.116304,7.7500,0.005000,model,model
1989-10-31,200.870753,236.035871,203.352343,7.7700,0.005000,model,model
1989-11-01,201.497860,238.084408,203.989619,7.7800,0.005000,model,model
1989-11-02,198.014891,225.565603,200.466007,7.7300,0.005000,model,model
1989-11-03,197.658470,224.192342,200.107560,7.8400,0.005000,model,model
1989-11-06,194.166482,212.144502,196.574687,7.8700,0.005000,model,model
1989-11-07,196.390706,219.284509,198.828838,7.7500,0.005000,model,model
1989-11-08,198.845027,227.350692,201.315996,7.6900,0.005000,model,model
1989-11-09,199.097677,228.063977,201.574181,7.7000,0.005000,model,model
1989-11-10,200.794049,233.734523,203.294054,7.7100,0.005000,model,model
1989-11-13,200.997077,234.286087,203.502031,7.7000,0.005000,model,model
1989-11-14,199.747351,229.755298,202.239152,7.6600,0.005000,model,model
1989-11-15,200.627122,232.635204,203.132305,7.6400,0.005000,model,model
1989-11-16,200.045119,230.453422,202.545453,7.6600,0.005000,model,model
1989-11-17,200.884287,233.196565,203.397521,7.6800,0.005000,model,model
1989-11-20,201.592601,235.504863,204.117118,7.6800,0.005000,model,model
1989-11-21,201.001580,233.274971,203.521126,7.6300,0.005000,model,model
1989-11-22,201.782095,235.835563,204.313847,7.5900,0.005000,model,model
1989-11-24,202.873912,239.505708,205.421796,7.5100,0.005000,model,model
1989-11-27,201.800145,235.539171,204.336989,7.6600,0.005000,model,model
1989-11-28,201.746008,235.191270,204.284604,7.7100,0.005000,model,model
1989-11-29,201.664788,234.750043,204.204794,7.6600,0.005000,model,model
1989-11-30,202.522006,237.585436,205.075240,7.5900,0.005000,model,model
1989-12-01,203.307023,240.189654,205.872595,7.5300,0.005000,model,model
1989-12-04,204.574787,244.520478,207.158808,7.5500,0.005000,model,model
1989-12-05,205.102638,246.250356,207.695793,7.5600,0.005000,model,model
1989-12-06,202.260325,235.838629,204.820016,7.6400,0.005000,model,model
1989-12-07,202.810743,237.604147,205.379838,7.6900,0.005000,model,model
1989-12-08,202.143018,235.097497,204.706100,7.6100,0.005000,model,model
1989-12-11,198.750287,223.091701,201.272788,7.6400,0.005000,model,model
1989-12-12,196.530565,215.460653,199.027290,7.6600,0.005000,model,model
1989-12-13,196.625319,215.627692,199.125617,7.6900,0.005000,model,model
1989-12-14,195.222199,210.863807,197.707025,7.6200,0.005000,model,model
1989-12-15,193.223556,204.241045,195.685296,7.6200,0.005000,model,model
1989-12-18,190.254917,194.682697,192.681166,7.6000,0.005000,model,model
1989-12-19,190.557188,195.479646,192.989585,7.6700,0.005000,model,model
1989-12-20,192.406954,201.037712,194.865260,7.5700,0.005000,model,model
1989-12-21,195.109408,209.367888,197.604563,7.5600,0.005000,model,model
1989-12-22,196.368153,213.277634,198.881758,7.5900,0.005000,model,model
1989-12-26,196.359135,213.104092,198.874992,7.7600,0.005000,model,model
1989-12-27,199.932329,224.582680,202.496334,7.7300,0.005000,model,model
1989-12-28,199.936845,224.447680,202.503319,7.6800,0.005000,model,model
1989-12-29,201.971589,231.145796,204.566592,7.5500,0.005000,model,model
1990-01-02,205.481626,243.032279,208.124164,7.5800,0.005000,model,model
1990-01-03,204.015351,237.662884,206.641509,7.6300,0.005000,model,model
1990-01-04,202.765624,233.133891,205.378155,7.5900,0.005000,model,model
1990-01-05,201.344467,228.073877,203.941133,7.5400,0.005000,model,model
1990-01-08,201.705391,229.149400,204.309139,7.5400,0.005000,model,model
1990-01-09,199.575907,221.733787,202.154598,7.5500,0.005000,model,model
1990-01-10,195.402661,207.665262,197.929837,7.5000,0.005000,model,model
1990-01-11,192.650585,198.745566,195.144524,7.5500,0.005000,model,model
1990-01-12,188.400635,185.449333,190.841881,7.5000,0.005000,model,model
1990-01-15,187.335900,182.180883,189.765621,7.5000,0.005000,model,model
1990-01-16,191.215880,193.368110,193.698183,7.6300,0.005000,model,model
1990-01-17,190.033839,189.648642,192.503102,7.7100,0.005000,model,model
1990-01-18,190.002268,189.425536,192.473413,7.7800,0.005000,model,model
1990-01-19,193.016025,198.302640,195.528658,7.7400,0.005000,model,model
1990-01-22,187.737427,181.883296,190.183672,7.7300,0.005000,model,model
1990-01-23,187.214078,180.239192,189.655768,7.6700,0.005000,model,model
1990-01-24,186.550869,178.201382,188.986167,7.6700,0.005000,model,model
1990-01-25,185.675614,175.571284,188.101736,7.6900,0.005000,model,model
1990-01-26,183.392737,168.971427,185.791269,7.6800,0.005000,model,model
1990-01-29,182.318970,165.886566,184.705670,7.7400,0.005000,model,model
1990-01-30,178.348752,154.926731,180.685678,7.7400,0.005000,model,model
1990-01-31,182.215211,164.888261,184.604951,7.7400,0.005000,model,model
1990-02-01,183.212275,167.480874,185.617289,7.7600,0.005000,model,model
1990-02-02,185.531253,173.720166,187.968918,7.8100,0.005000,model,model
1990-02-05,186.320786,175.817450,188.771062,7.8200,0.005000,model,model
1990-02-06,185.043991,172.079632,187.479723,7.8200,0.005000,model,model
1990-02-07,186.605007,176.313175,189.063518,7.8100,0.005000,model,model
1990-02-08,187.002031,177.317513,189.468025,7.8100,0.005000,model,model
1990-02-09,188.129935,180.402943,190.613058,7.7600,0.005000,model,model
1990-02-12,186.672692,176.085123,189.138850,7.7300,0.005000,model,model
1990-02-13,186.961428,176.785147,189.433652,7.5800,0.005000,model,model
1990-02-14,187.737427,178.867063,190.222167,7.6100,0.005000,model,model
1990-02-15,189.424767,183.564976,191.934105,7.7100,0.005000,model,model
1990-02-16,188.003611,179.306319,190.496406,7.6900,0.005000,model,model
1990-02-20,185.034972,170.682085,187.490674,7.8000,0.005000,model,model
1990-02-21,184.750738,169.779542,187.204900,7.7500,0.005000,model,model
1990-02-22,184.245439,168.270798,186.695117,7.7300,0.005000,model,model
1990-02-23,182.084371,162.231223,184.507538,7.6800,0.005000,model,model
1990-02-26,184.637948,168.940910,187.097295,7.7100,0.005000,model,model
1990-02-27,185.684646,171.697442,188.160162,7.7300,0.005000,model,model
1990-02-28,187.606586,176.907407,190.109965,7.7700,0.005000,model,model
1990-03-01,188.680353,179.821630,191.200323,7.8100,0.005000,model,model
1990-03-02,190.877509,185.975798,193.429100,7.7600,0.005000,model,model
1990-03-05,189.839842,182.813048,192.379865,7.8200,0.005000,model,model
1990-03-06,190.354173,184.171667,192.903368,7.9000,0.005000,model,model
1990-03-07,189.627796,181.934331,192.169559,7.9100,0.005000,model,model
1990-03-08,192.294163,189.475875,194.873954,7.9100,0.005000,model,model
1990-03-09,192.934819,191.235934,195.525525,7.9900,0.005000,model,model
1990-03-12,192.668622,190.310515,195.258081,7.9900,0.005000,model,model
1990-03-13,190.850440,184.785071,193.417788,7.9800,0.005000,model,model
1990-03-14,191.536215,186.647082,194.115090,7.9500,0.005000,model,model
1990-03-15,192.628019,189.706625,195.223905,7.9400,0.005000,model,model
1990-03-16,196.670438,201.507134,199.323124,7.9200,0.005000,model,model
1990-03-19,198.393865,206.659920,201.072170,7.9400,0.005000,model,model
1990-03-20,195.736530,198.203993,198.381355,7.9700,0.005000,model,model
1990-03-21,194.766535,195.117146,197.400615,7.9500,0.005000,model,model
1990-03-22,191.779832,185.997669,194.375869,7.9000,0.005000,model,model
1990-03-23,193.539374,190.984370,196.161543,7.8800,0.005000,model,model
1990-03-26,195.294386,196.043962,197.942668,7.8600,0.005000,model,model
1990-03-27,196.228294,198.718746,198.891597,7.9000,0.005000,model,model
1990-03-28,193.304761,189.692074,195.930752,7.8500,0.005000,model,model
1990-03-29,192.294163,186.584612,194.908758,7.8300,0.005000,model,model
1990-03-30,192.325748,186.549721,194.943092,7.8000,0.005000,model,model
1990-04-02,191.897139,185.174868,194.510971,7.7800,0.005000,model,model
1990-04-03,195.632758,195.852186,198.299788,7.8200,0.005000,model,model
1990-04-04,194.432666,192.112074,197.085696,7.7500,0.005000,model,model
1990-04-05,193.151368,188.180423,195.789262,7.7600,0.005000,model,model
1990-04-06,191.721193,183.868957,194.341885,7.7600,0.005000,model,model
1990-04-09,191.396356,182.808206,194.014922,7.8200,0.005000,model,model
1990-04-10,192.397936,185.551384,195.032514,7.7800,0.005000,model,model
1990-04-11,193.570945,188.816391,196.223908,7.7600,0.005000,model,model
1990-04-12,194.942481,192.698308,197.616577,7.7600,0.005000,model,model
1990-04-16,195.736530,194.920785,198.423871,7.7400,0.005000,model,model
1990-04-17,195.353040,193.642236,198.037478,7.7600,0.005000,model,model
1990-04-18,192.325748,184.499162,194.970944,7.8100,0.005000,model,model
1990-04-19,190.272954,178.460301,192.892238,7.7900,0.005000,model,model
1990-04-20,188.242726,172.622499,190.836358,7.6900,0.005000,model,model
1990-04-23,185.544787,165.076651,188.103519,7.7300,0.005000,model,model
1990-04-24,184.759757,162.867701,187.309902,7.7600,0.005000,model,model
1990-04-25,185.499668,164.711971,188.062256,7.7900,0.005000,model,model
1990-04-26,185.684646,165.092054,188.252028,7.8200,0.005000,model,model
1990-04-27,183.776227,159.884628,186.319463,7.7900,0.005000,model,model
1990-04-30,185.711715,164.822697,188.283954,7.7900,0.005000,model,model
1990-05-01,186.817053,167.649090,189.406843,7.9200,0.005000,model,model
1990-05-02,188.134451,171.076883,190.744759,7.9000,0.005000,model,model
1990-05-03,189.569143,174.869395,192.201627,7.8800,0.005000,model,model
1990-05-04,191.928723,181.274507,194.596262,7.7600,0.005000,model,model
1990-05-07,194.026623,187.089421,196.725636,7.8200,0.005000,model,model
1990-05-08,194.152948,187.327560,196.856060,7.7900,0.005000,model,model
1990-05-09,194.387547,187.879506,197.096269,7.7500,0.005000,model,model
1990-05-10,195.632758,191.360301,198.361178,7.7100,0.005000,model,model
1990-05-11,199.314239,202.025719,202.096365,7.6200,0.005000,model,model
1990-05-14,201.994141,210.032382,204.816081,7.6300,0.005000,model,model
1990-05-15,202.562609,211.663949,205.394929,7.6500,0.005000,model,model
1990-05-16,203.135580,213.316911,205.978356,7.6700,0.005000,model,model
1990-05-17,204.502599,217.476714,207.366958,7.6700,0.005000,model,model
1990-05-18,206.189940,222.707704,209.080401,7.7500,0.005000,model,model
1990-05-21,209.533050,233.379303,212.472866,7.7500,0.005000,model,model
1990-05-22,210.101518,235.119785,213.051839,7.7300,0.005000,model,model
1990-05-23,213.002485,244.692592,215.996079,7.6500,0.005000,model,model
1990-05-24,213.882256,247.557668,216.890786,7.6900,0.005000,model,model
1990-05-25,209.519516,232.226449,212.469260,7.7500,0.005000,model,model
1990-05-29,212.803973,242.980002,215.802487,7.7500,0.005000,model,model
1990-05-30,213.268669,244.405978,216.276300,7.7600,0.005000,model,model
1990-05-31,213.083691,243.604435,216.091288,7.7500,0.005000,model,model
1990-06-01,214.649223,248.805427,217.681489,7.6800,0.005000,model,model
1990-06-04,216.656898,255.613029,219.720117,7.7000,0.005000,model,model
1990-06-05,214.613136,248.200642,217.650075,7.7000,0.005000,model,model
1990-06-06,214.802616,248.690954,217.844828,7.7000,0.005000,model,model
1990-06-07,214.198061,246.422288,217.234304,7.7000,0.005000,model,model
1990-06-08,211.802393,237.980527,214.807264,7.7000,0.005000,model,model
1990-06-11,213.805552,244.565783,216.841399,7.7300,0.005000,model,model
1990-06-12,216.656898,254.176039,219.735813,7.7300,0.005000,model,model
1990-06-13,218.411910,260.176866,221.518381,7.6700,0.005000,model,model
1990-06-14,217.022338,255.032463,220.111682,7.6600,0.005000,model,model
1990-06-15,217.265969,255.719716,220.361402,7.6900,0.005000,model,model
1990-06-18,213.589004,242.552635,216.634673,7.6700,0.005000,model,model
1990-06-19,213.647643,242.588720,216.696728,7.7400,0.005000,model,model
1990-06-20,214.134906,244.082922,217.193524,7.7600,0.005000,model,model
1990-06-21,214.883836,246.476212,217.955737,7.7700,0.005000,model,model
1990-06-22,212.713749,238.834324,215.757222,7.7800,0.005000,model,model
1990-06-25,210.164674,230.077406,213.174244,7.7900,0.005000,model,model
1990-06-26,210.187240,229.995163,213.199672,7.8000,0.005000,model,model
1990-06-27,212.000905,235.787116,215.041869,7.7800,0.005000,model,model
1990-06-28,214.225130,243.042078,217.300557,7.7400,0.005000,model,model
1990-06-29,215.168070,246.084384,218.259621,7.7400,0.005000,model,model
1990-07-02,215.131969,245.794528,218.225600,7.7400,0.005000,model,model
1990-07-03,214.919923,244.902172,218.013102,7.7000,0.005000,model,model
1990-07-05,214.121371,242.006208,217.205654,7.6600,0.005000,model,model
1990-07-06,215.172572,245.403593,218.274582,7.7500,0.005000,model,model
1990-07-09,216.196718,248.737490,219.316091,7.8000,0.005000,model,model
1990-07-10,215.348532,245.638044,218.458278,7.8000,0.005000,model,model
1990-07-11,217.256937,251.995555,220.396842,7.7800,0.005000,model,model
1990-07-12,219.648103,260.139182,222.825190,7.6800,0.005000,model,model
1990-07-13,220.834660,264.178659,224.031563,7.6000,0.005000,model,model
1990-07-16,222.133995,268.661981,225.352374,7.6100,0.005000,model,model
1990-07-17,217.933680,253.228313,221.093886,7.6100,0.005000,model,model
1990-07-18,214.951507,242.655966,218.071102,7.5500,0.005000,model,model
1990-07-19,213.309272,236.929354,216.407628,7.5400,0.005000,model,model
1990-07-20,209.736078,224.855254,212.785110,7.5400,0.005000,model,model
1990-07-23,205.170324,210.009390,208.155514,7.4800,0.005000,model,model
1990-07-24,204.362740,207.389293,207.338658,7.5300,0.005000,model,model
1990-07-25,206.420037,213.509762,209.428381,7.5600,0.005000,model,model
1990-07-26,205.007898,208.982505,207.998156,7.5800,0.005000,model,model
1990-07-27,203.595760,204.522761,206.567896,7.5200,0.005000,model,model
1990-07-30,202.048278,199.720914,205.000283,7.5000,0.005000,model,model
1990-07-31,201.565532,198.157645,204.512924,7.4900,0.005000,model,model
1990-08-01,201.321914,197.310378,204.268179,7.4200,0.005000,model,model
1990-08-02,197.581780,186.174843,200.475741,7.4300,0.005000,model,model
1990-08-03,191.838486,169.805194,194.650712,7.2900,0.005000,model,model
1990-08-06,181.777584,142.954307,184.444641,7.3000,0.005000,model,model
1990-08-07,182.860369,145.414574,185.545509,7.3700,0.005000,model,model
1990-08-08,185.499668,151.611279,188.225773,7.3800,0.005000,model,model
1990-08-09,188.698404,159.348672,191.473757,7.4100,0.005000,model,model
1990-08-10,186.086173,152.621547,188.825386,7.4000,0.005000,model,model
1990-08-13,187.159940,155.162274,189.917207,7.4200,0.005000,model,model
1990-08-14,187.949474,157.023556,190.720633,7.4300,0.005000,model,model
1990-08-15,188.102867,157.305752,190.878558,7.4500,0.005000,model,model
1990-08-16,182.440792,142.983870,185.135205,7.4800,0.005000,model,model
1990-08-17,177.617872,131.539907,180.243260,7.4700,0.005000,model,model
1990-08-20,174.238675,123.938551,176.816261,7.5200,0.005000,model,model
1990-08-21,169.866916,114.518394,172.381934,7.5700,0.005000,model,model
1990-08-22,166.943383,108.523932,169.417168,7.5900,0.005000,model,model
1990-08-23,160.879768,96.615587,163.265718,7.5400,0.005000,model,model
1990-08-24,166.898264,107.384824,169.375416,7.4900,0.005000,model,model
1990-08-27,175.028208,122.991438,177.628043,7.5300,0.005000,model,model
1990-08-28,175.867362,124.678552,178.481777,7.4800,0.005000,model,model
1990-08-29,174.062715,120.755459,176.652427,7.4700,0.005000,model,model
1990-08-30,172.095657,116.579081,174.658205,7.4500,0.005000,model,model
1990-08-31,174.703371,121.798198,177.306828,7.3900,0.005000,model,model
1990-09-04,175.722987,123.850211,178.343750,7.3900,0.005000,model,model
1990-09-05,174.883833,121.994620,177.494203,7.3700,0.005000,model,model
1990-09-06,172.046022,115.971491,174.616147,7.3800,0.005000,model,model
1990-09-07,173.065652,117.956697,175.653088,7.3900,0.005000,model,model
1990-09-10,173.832618,119.447026,176.433612,7.4300,0.005000,model,model
1990-09-11,172.312205,116.232493,174.892550,7.4200,0.005000,model,model
1990-09-12,173.566435,118.693447,176.167643,7.3700,0.005000,model,model
1990-09-13,171.188817,113.734771,173.756490,7.3500,0.005000,model,model
1990-09-14,171.008355,113.301919,173.575390,7.3500,0.005000,model,model
1990-09-17,171.085045,113.381476,173.655297,7.3700,0.005000,model,model
1990-09-18,170.927136,112.994437,173.497083,7.3700,0.005000,model,model
1990-09-19,170.336115,111.748423,172.899241,7.3900,0.005000,model,model
1990-09-20,166.009475,103.152527,168.509555,7.3900,0.005000,model,model
1990-09-21,165.305664,101.773119,167.797151,7.3600,0.005000,model,model
1990-09-24,160.257163,92.373775,162.674556,7.3800,0.005000,model,model
1990-09-25,163.058887,97.154606,165.520480,7.3500,0.005000,model,model
1990-09-26,161.926467,95.066379,164.372934,7.3300,0.005000,model,model
1990-09-27,157.175734,86.630711,159.552382,7.2300,0.005000,model,model
1990-09-28,159.760882,90.847123,162.178519,7.1400,0.005000,model,model
1990-10-01,166.690734,102.600706,169.215170,7.1300,0.005000,model,model
1990-10-02,166.857662,102.844474,169.386640,7.1800,0.005000,model,model
1990-10-03,162.873909,95.406753,165.344525,7.1500,0.005000,model,model
1990-10-04,161.962554,93.744360,164.421313,7.1300,0.005000,model,model
1990-10-05,160.942938,91.914629,163.388176,7.0400,0.005000,model,model
1990-10-08,162.025723,93.711543,164.489357,7.0400,0.005000,model,model
1990-10-09,156.665919,84.343768,159.050015,7.1700,0.005000,model,model
1990-10-10,152.912250,78.222237,155.241117,7.2000,0.005000,model,model
1990-10-11,149.059339,72.254926,151.331373,7.1200,0.005000,model,model
1990-10-12,150.430860,74.202482,152.725602,7.1400,0.005000,model,model
1990-10-15,152.808492,77.671093,155.141321,7.1600,0.005000,model,model
1990-10-16,149.325522,72.306247,151.607026,7.1600,0.005000,model,model
1990-10-17,150.931657,74.591725,153.239506,7.2000,0.005000,model,model
1990-10-18,155.542531,81.373966,157.922707,7.2500,0.005000,model,model
1990-10-19,157.563727,84.491640,159.976712,7.2500,0.005000,model,model
1990-10-22,161.123399,90.159184,163.592804,7.2300,0.005000,model,model
1990-10-23,160.974508,89.852373,163.443578,7.2100,0.005000,model,model
1990-10-24,161.037678,89.901544,163.509662,7.2200,0.005000,model,model
1990-10-25,160.018048,88.135942,162.476327,7.1800,0.005000,model,model
1990-10-26,157.193784,83.409818,159.610610,7.1300,0.005000,model,model
1990-10-29,154.978579,79.828053,157.363246,7.1500,0.005000,model,model
1990-10-30,156.097451,81.505637,158.501208,7.1400,0.005000,model,model
1990-10-31,155.700426,80.832623,158.099957,7.1100,0.005000,model,model
1990-11-01,155.998195,81.246284,158.404196,7.0500,0.005000,model,model
1990-11-02,159.589452,86.801698,162.052728,7.0800,0.005000,model,model
1990-11-05,162.833306,92.035916,165.348581,7.0800,0.005000,model,model
1990-11-06,162.652831,91.672829,165.167286,7.0800,0.005000,model,model
1990-11-07,159.783448,86.759707,162.255512,7.0900,0.005000,model,model
1990-11-08,160.347401,87.623856,162.830121,7.0900,0.005000,model,model
1990-11-09,164.439441,94.271758,166.987458,7.0500,0.005000,model,model
1990-11-12,170.241375,104.182454,172.881282,7.0500,0.005000,model,model
1990-11-13,171.328676,106.112750,173.987502,7.0400,0.005000,model,model
1990-11-14,173.652156,110.360228,176.349111,7.0700,0.005000,model,model
1990-11-15,171.035424,105.298075,173.693838,7.0900,0.005000,model,model
1990-11-16,166.893762,97.576013,169.489870,7.0800,0.005000,model,model
1990-11-19,168.770583,100.804270,171.397903,7.1000,0.005000,model,model
1990-11-20,165.409436,94.713280,167.986473,7.0900,0.005000,model,model
1990-11-21,165.968872,95.615234,168.556625,7.0400,0.005000,model,model
1990-11-23,166.280175,96.094172,168.874788,7.0300,0.005000,model,model
1990-11-26,167.038123,97.348078,169.646573,7.0300,0.005000,model,model
1990-11-27,170.697052,103.679121,173.364660,7.0400,0.005000,model,model
1990-11-28,171.166264,104.469485,173.843268,7.0600,0.005000,model,model
1990-11-29,172.443046,106.740978,175.142088,7.0300,0.005000,model,model
1990-11-30,173.769463,109.136363,176.491350,7.0200,0.005000,model,model
1990-12-03,175.524475,112.372746,178.275954,7.0500,0.005000,model,model
1990-12-04,176.498986,114.173931,179.267863,7.0100,0.005000,model,model
1990-12-05,179.584931,120.087026,182.404354,7.0000,0.005000,model,model
1990-12-06,180.000006,120.845640,182.828117,7.0000,0.005000,model,model
1990-12-07,179.873681,120.518423,182.701984,6.8900,0.005000,model,model
1990-12-10,179.959403,120.618532,182.791228,6.8600,0.005000,model,model
1990-12-11,177.356191,115.306965,180.149229,6.8400,0.005000,model,model
1990-12-12,178.682607,117.823244,181.498678,6.7900,0.005000,model,model
1990-12-13,178.687123,117.762062,181.505426,6.8300,0.005000,model,model
1990-12-14,176.977216,114.307702,179.770711,6.8500,0.005000,model,model
1990-12-17,176.002705,112.349713,178.782958,6.8100,0.005000,model,model
1990-12-18,179.778941,119.508156,182.620974,6.7300,0.005000,model,model
1990-12-19,180.839160,121.551443,183.700127,6.6200,0.005000,model,model
1990-12-20,181.831721,123.481514,184.710578,6.5500,0.005000,model,model
1990-12-21,182.950607,125.687819,185.849378,6.5900,0.005000,model,model
1990-12-24,181.565537,122.758788,184.444575,6.5300,0.005000,model,model
1990-12-26,180.979033,121.498640,183.850966,6.4800,0.005000,model,model
1990-12-27,179.706753,118.865162,182.560686,6.4700,0.005000,model,model
1990-12-28,179.941352,119.263398,182.801184,6.4500,0.005000,model,model
1990-12-31,180.942932,121.185975,183.820858,6.4400,0.005000,model,model
1991-01-02,180.252655,119.729425,183.121790,6.4600,0.005000,model,model
1991-01-03,177.211829,113.596713,180.034743,6.4400,0.005000,model,model
1991-01-04,177.599822,114.277458,180.431059,6.5300,0.005000,model,model
1991-01-07,173.561932,106.410209,176.330947,6.5100,0.005000,model,model
1991-01-08,173.327319,105.918531,176.094690,6.4400,0.005000,model,model
1991-01-09,172.961880,105.190202,175.725512,6.2500,0.005000,model,model
1991-01-10,176.927595,112.361480,179.756685,6.2100,0.005000,model,model
1991-01-11,177.031367,112.498644,179.864256,6.1600,0.005000,model,model
1991-01-14,174.843230,108.263602,177.643245,6.0500,0.005000,model,model
1991-01-15,176.255369,110.827058,179.080113,6.0500,0.005000,model,model
1991-01-16,183.131069,123.725721,186.068139,6.0400,0.005000,model,model
1991-01-17,188.820212,135.179105,191.850740,6.1200,0.005000,model,model
1991-01-18,190.836906,139.434549,193.902085,6.0700,0.005000,model,model
1991-01-21,193.426584,145.031478,196.535666,6.0700,0.005000,model,model
1991-01-22,191.270031,140.099140,194.346789,6.0500,0.005000,model,model
1991-01-23,194.748484,147.660035,197.883510,6.1400,0.005000,model,model
1991-01-24,198.317176,155.690410,201.512005,6.1300,0.005000,model,model
1991-01-25,199.427030,158.217935,202.642138,6.1700,0.005000,model,model
1991-01-28,200.532381,160.759927,203.767722,6.2500,0.005000,model,model
1991-01-29,202.544559,165.507181,205.814790,6.2200,0.005000,model,model
1991-01-30,206.880217,176.035571,210.222900,6.2000,0.005000,model,model
1991-01-31,209.722544,183.188950,213.113655,6.1900,0.005000,model,model
1991-02-01,211.549744,187.876371,214.972937,6.0000,0.005000,model,model
1991-02-04,213.733365,193.590343,217.194451,5.9800,0.005000,model,model
1991-02-05,217.969780,204.989477,221.502055,5.9700,0.005000,model,model
1991-02-06,222.923528,218.846023,226.538716,5.9100,0.005000,model,model
1991-02-07,219.648103,209.076422,223.212870,5.9400,0.005000,model,model
1991-02-08,220.595545,211.671276,224.178346,5.9200,0.005000,model,model
1991-02-11,224.953756,224.095813,228.610009,5.8800,0.005000,model,model
1991-02-12,223.956692,220.998680,227.599462,5.8500,0.005000,model,model
1991-02-13,225.883161,226.583061,229.559976,5.8600,0.005000,model,model
1991-02-14,221.601627,213.570101,225.211481,5.8500,0.005000,model,model
1991-02-15,224.078514,220.614174,227.731398,5.9100,0.005000,model,model
1991-02-19,226.316273,227.102351,230.008347,5.9600,0.005000,model,model
1991-02-20,223.559667,218.677827,227.209509,5.9400,0.005000,model,model
1991-02-21,222.743066,216.166199,226.382280,5.9200,0.005000,model,model
1991-02-22,224.349201,220.725462,228.017351,5.9500,0.005000,model,model
1991-02-25,225.616964,224.348261,229.308558,5.9900,0.005000,model,model
1991-02-26,223.600270,218.208000,227.261596,6.0400,0.005000,model,model
1991-02-27,225.323712,223.133832,229.015963,6.0300,0.005000,model,model
1991-02-28,225.684649,224.087520,229.385542,6.0400,0.005000,model,model
1991-03-01,227.737430,230.077149,231.474716,6.0900,0.005000,model,model
1991-03-04,228.630735,232.660301,232.385436,6.0600,0.005000,model,model
1991-03-05,236.571171,256.754386,240.459041,6.0500,0.005000,model,model
1991-03-06,237.446426,259.465190,241.351542,6.0800,0.005000,model,model
1991-03-07,238.723221,263.509240,242.652210,6.0700,0.005000,model,model
1991-03-08,237.184744,258.272289,241.091301,5.9700,0.005000,model,model
1991-03-11,230.254906,235.479021,234.050195,5.8900,0.005000,model,model
1991-03-12,226.185432,222.860709,229.916430,5.8600,0.005000,model,model
1991-03-13,231.960311,239.800214,235.789304,5.8300,0.005000,model,model
1991-03-14,230.809840,236.108055,234.622649,5.7600,0.005000,model,model
1991-03-15,229.758639,232.759352,233.556877,5.8000,0.005000,model,model
1991-03-18,230.656447,235.366632,234.472307,5.8400,0.005000,model,model
1991-03-19,229.054828,230.337814,232.846983,5.8900,0.005000,model,model
1991-03-20,231.076024,236.311105,234.904413,5.8800,0.005000,model,model
1991-03-21,228.260779,227.544363,232.045322,5.8700,0.005000,model,model
1991-03-22,227.629155,225.537031,231.405989,5.8700,0.005000,model,model
1991-03-25,230.791790,234.812620,234.623853,5.8800,0.005000,model,model
1991-03-26,238.817975,259.166056,242.786098,5.8600,0.005000,model,model
1991-03-27,240.518836,264.566477,244.518110,5.8100,0.005000,model,model
1991-03-28,239.030008,259.515987,243.007437,5.7400,0.005000,model,model
1991-04-01,238.750290,258.473577,242.725957,5.7600,0.005000,model,model
1991-04-02,247.101298,285.438908,251.218916,5.7700,0.005000,model,model
1991-04-03,248.274308,289.356137,252.414463,5.7700,0.005000,model,model
1991-04-04,250.200777,295.940182,254.376063,5.7400,0.005000,model,model
1991-04-05,248.535989,289.879413,252.686522,5.7100,0.005000,model,model
1991-04-08,248.729986,290.414598,252.886766,5.6500,0.005000,model,model
1991-04-09,246.275665,281.666852,250.394439,5.6100,0.005000,model,model
1991-04-10,244.588324,275.733664,248.681860,5.6100,0.005000,model,model
1991-04-11,251.251992,298.113603,255.460014,5.5700,0.005000,model,model
1991-04-12,251.933223,300.392634,256.155696,5.5100,0.005000,model,model
1991-04-15,251.107617,297.289868,255.319302,5.5900,0.005000,model,model
1991-04-16,254.482298,309.118274,258.753624,5.6100,0.005000,model,model
1991-04-17,255.704956,313.419245,259.999884,5.5600,0.005000,model,model
1991-04-18,250.647423,294.648617,254.860498,5.6600,0.005000,model,model
1991-04-19,247.241157,282.476029,251.400011,5.7500,0.005000,model,model
1991-04-22,244.822937,274.038915,248.944106,5.6900,0.005000,model,model
1991-04-23,245.562821,276.384417,249.699409,5.7100,0.005000,model,model
1991-04-24,247.719388,283.522329,251.895276,5.6600,0.005000,model,model
1991-04-25,245.400410,275.413093,249.540205,5.6100,0.005000,model,model
1991-04-26,244.800357,273.255655,248.933000,5.6200,0.005000,model,model
1991-04-29,240.148880,257.530223,244.205963,5.5900,0.005000,model,model
1991-04-30,237.902103,250.170911,241.924136,5.5100,0.005000,model,model
1991-05-01,238.411918,251.656630,242.445450,5.5400,0.005000,model,model
1991-05-02,240.482763,258.087741,244.554216,5.4600,0.005000,model,model
1991-05-03,241.019619,259.691219,245.103073,5.4700,0.005000,model,model
1991-05-06,241.218131,260.208444,245.307866,5.4600,0.005000,model,model
1991-05-07,240.239118,256.912056,244.315174,5.5000,0.005000,model,model
1991-05-08,241.069268,259.449311,245.162317,5.5000,0.005000,model,model
1991-05-09,244.746220,271.185154,248.904618,5.4800,0.005000,model,model
1991-05-10,242.463342,263.459329,246.585916,5.4800,0.005000,model,model
1991-05-13,242.715992,264.156259,246.845797,5.4700,0.005000,model,model
1991-05-14,240.099259,255.477428,244.187479,5.4900,0.005000,model,model
1991-05-15,232.898708,232.347566,236.867229,5.4500,0.005000,model,model
1991-05-16,235.231234,239.212011,239.242321,5.4000,0.005000,model,model
1991-05-17,235.023689,238.465401,239.034086,5.4000,0.005000,model,model
1991-05-20,233.358901,233.279335,237.343736,5.4500,0.005000,model,model
1991-05-21,235.736533,240.290627,239.764793,5.5000,0.005000,model,model
1991-05-22,239.738335,252.401128,243.837833,5.4600,0.005000,model,model
1991-05-23,241.078272,256.509992,245.203585,5.4000,0.005000,model,model
1991-05-24,243.180702,263.093320,247.344910,5.4000,0.005000,model,model
1991-05-28,246.672689,274.291656,250.899639,5.4000,0.005000,model,model
1991-05-29,247.561465,277.123018,251.806631,5.4500,0.005000,model,model
1991-05-30,250.160161,285.709413,254.452887,5.4500,0.005000,model,model
1991-05-31,251.748259,291.007354,256.071266,5.5300,0.005000,model,model
1991-06-03,253.494253,296.913862,257.850291,5.6000,0.005000,model,model
1991-06-04,253.670212,297.387179,258.032344,5.5700,0.005000,model,model
1991-06-05,250.272951,285.281876,254.579735,5.5900,0.005000,model,model
1991-06-06,247.426122,275.398492,251.686947,5.5600,0.005000,model,model
1991-06-07,244.141678,264.286543,248.348940,5.5600,0.005000,model,model
1991-06-10,242.161072,257.719268,246.337158,5.5800,0.005000,model,model
1991-06-11,242.955121,260.126615,247.147833,5.5700,0.005000,model,model
1991-06-12,239.377411,248.497114,243.511325,5.5600,0.005000,model,model
1991-06-13,238.926249,246.969622,243.055271,5.5800,0.005000,model,model
1991-06-14,241.642224,255.262891,245.821076,5.5900,0.005000,model,model
1991-06-17,241.434708,254.480042,245.612896,5.5900,0.005000,model,model
1991-06-18,239.548855,248.385984,243.697332,5.6200,0.005000,model,model
1991-06-19,234.847730,233.626886,238.917694,5.5700,0.005000,model,model
1991-06-20,235.109411,234.293678,239.186755,5.5600,0.005000,model,model
1991-06-21,234.856762,233.423688,238.932571,5.5700,0.005000,model,model
1991-06-24,226.379428,208.008219,230.310963,5.5600,0.005000,model,model
1991-06-25,226.478685,208.180236,230.414685,5.5800,0.005000,model,model
1991-06-26,227.791567,211.695988,231.753127,5.5600,0.005000,model,model
1991-06-27,230.322592,218.642898,234.330928,5.5500,0.005000,model,model
1991-06-28,229.366131,215.810550,233.360611,5.5400,0.005000,model,model
1991-07-01,233.810063,228.236736,237.884714,5.5800,0.005000,model,model
1991-07-02,231.076024,220.110933,235.105860,5.5800,0.005000,model,model
1991-07-03,227.769014,210.544370,231.743977,5.5600,0.005000,model,model
1991-07-05,227.362971,209.314682,231.333607,5.5800,0.005000,model,model
1991-07-08,233.638619,226.527965,237.721606,5.5700,0.005000,model,model
1991-07-09,235.217686,231.005853,239.331098,5.5900,0.005000,model,model
1991-07-10,237.604349,237.918066,241.762347,5.5800,0.005000,model,model
1991-07-11,238.069031,239.197082,242.238039,5.5600,0.005000,model,model
1991-07-12,241.317401,248.862658,245.546178,5.5500,0.005000,model,model
1991-07-15,242.634786,252.813297,246.889571,5.5700,0.005000,model,model
1991-07-16,238.642015,240.196620,242.829724,5.5900,0.005000,model,model
1991-07-17,237.653970,237.092570,241.827231,5.6100,0.005000,model,model
1991-07-18,240.230086,244.679243,244.451463,5.5900,0.005000,model,model
1991-07-19,240.852691,246.460570,245.087919,5.5800,0.005000,model,model
1991-07-22,238.520193,239.173135,242.717323,5.5700,0.005000,model,model
1991-07-23,233.990539,225.416603,238.110852,5.5900,0.005000,model,model
1991-07-24,232.668638,221.482588,236.768509,5.5800,0.005000,model,model
1991-07-25,235.686911,229.985554,239.842786,5.5800,0.005000,model,model
1991-07-26,238.411918,237.842797,242.618698,5.5800,0.005000,model,model
1991-07-29,238.777358,238.819763,242.993475,5.5700,0.005000,model,model
1991-07-30,243.009258,251.389066,247.302990,5.5600,0.005000,model,model
1991-07-31,245.571853,259.212615,249.913808,5.5300,0.005000,model,model
1991-08-01,247.453190,265.038572,251.831384,5.5500,0.005000,model,model
1991-08-02,248.563058,268.474865,252.963887,5.4600,0.005000,model,model
1991-08-05,245.576369,258.658403,249.927330,5.5000,0.005000,model,model
1991-08-06,247.904352,265.884811,252.299534,5.4100,0.005000,model,model
1991-08-07,249.528551,270.980646,253.955532,5.3800,0.005000,model,model
1991-08-08,251.531710,277.373126,255.997253,5.3700,0.005000,model,model
1991-08-09,250.985794,275.436417,255.444694,5.3200,0.005000,model,model
1991-08-12,252.876163,281.525992,257.371687,5.3100,0.005000,model,model
1991-08-13,254.879322,288.079509,259.413521,5.2900,0.005000,model,model
1991-08-14,256.914066,294.838820,261.487551,5.2900,0.005000,model,model
1991-08-15,254.283786,285.637570,258.813560,5.3000,0.005000,model,model
1991-08-16,252.208453,278.505612,256.704338,5.2600,0.005000,model,model
1991-08-19,245.395894,255.789908,249.773394,5.1100,0.005000,model,model
1991-08-20,247.417117,261.989821,251.833646,5.1100,0.005000,model,model
1991-08-21,258.123177,295.844769,262.733813,5.2800,0.005000,model,model
1991-08-22,256.760659,291.017947,261.350086,5.3100,0.005000,model,model
1991-08-23,258.763819,297.685396,263.392162,5.3900,0.005000,model,model
1991-08-26,258.696161,297.311022,263.326430,5.4100,0.005000,model,model
1991-08-27,258.763819,297.404367,263.398433,5.3800,0.005000,model,model
1991-08-28,261.561027,306.901724,266.248877,5.3000,0.005000,model,model
1991-08-29,260.401538,302.674885,265.071776,5.2700,0.005000,model,model
1991-08-30,259.332287,298.801736,263.986504,5.3300,0.005000,model,model
1991-09-03,256.557631,289.061902,261.165194,5.3400,0.005000,model,model
1991-09-04,254.288302,281.249113,258.858219,5.3300,0.005000,model,model
1991-09-05,253.313777,277.881629,257.869262,5.3200,0.005000,model,model
1991-09-06,252.618998,275.464433,257.165058,5.2900,0.005000,model,model
1991-09-09,253.859692,279.391990,258.431142,5.2800,0.005000,model,model
1991-09-10,249.388692,264.487233,253.882705,5.2400,0.005000,model,model
1991-09-11,252.339280,273.743941,256.889485,5.2600,0.005000,model,model
1991-09-12,257.658467,290.912877,262.307646,5.2200,0.005000,model,model
1991-09-13,252.194905,272.256989,256.748623,5.1600,0.005000,model,model
1991-09-16,251.364782,269.442576,255.906568,5.1800,0.005000,model,model
1991-09-17,250.927141,267.911619,255.464066,5.1900,0.005000,model,model
1991-09-18,253.584490,276.293456,258.172503,5.1800,0.005000,model,model
1991-09-19,255.817747,283.460334,260.449238,5.2000,0.005000,model,model
1991-09-20,258.637508,292.695731,263.323150,5.1900,0.005000,model,model
1991-09-23,257.040377,287.134707,261.700220,5.2100,0.005000,model,model
1991-09-24,259.278150,294.496767,263.981676,5.1700,0.005000,model,model
1991-09-25,260.762462,299.416431,265.496058,5.1700,0.005000,model,model
1991-09-26,259.792481,295.937533,264.511629,5.1300,0.005000,model,model
1991-09-27,258.010386,289.708619,262.700312,5.1300,0.005000,model,model
1991-09-30,259.449593,294.422425,264.168807,5.1100,0.005000,model,model
1991-10-01,260.203026,296.853577,264.939089,5.1000,0.005000,model,model
1991-10-02,257.216337,286.489117,261.901193,5.0900,0.005000,model,model
1991-10-03,253.020538,272.328892,257.632091,5.0400,0.005000,model,model
1991-10-04,253.115292,272.515008,257.731638,5.0200,0.005000,model,model
1991-10-07,251.653505,267.669185,256.246259,5.0200,0.005000,model,model
1991-10-08,252.673135,270.801997,257.287548,5.0200,0.005000,model,model
1991-10-09,249.501482,260.475496,254.061037,5.0100,0.005000,model,model
1991-10-10,251.852017,267.715318,256.457551,5.0300,0.005000,model,model
1991-10-11,254.004068,274.454417,258.652009,4.9900,0.005000,model,model
1991-10-14,259.115738,290.887695,263.860295,4.9900,0.005000,model,model
1991-10-15,264.660506,309.416728,269.509732,4.9600,0.005000,model,model
1991-10-16,268.581103,323.019252,273.505372,4.9700,0.005000,model,model
1991-10-17,263.898041,305.963456,268.739706,5.0300,0.005000,model,model
1991-10-18,264.480030,307.851142,269.335572,5.0300,0.005000,model,model
1991-10-21,262.449802,300.618904,267.271278,5.0400,0.005000,model,model
1991-10-22,262.382145,300.253198,267.205559,5.0600,0.005000,model,model
1991-10-23,261.082797,295.655749,265.885506,5.0400,0.005000,model,model
1991-10-24,257.748705,284.189090,262.493247,4.9700,0.005000,model,model
1991-10-25,255.303416,275.969306,260.006071,4.9600,0.005000,model,model
1991-10-28,258.402895,285.891098,263.165737,4.9400,0.005000,model,model
1991-10-29,261.750507,296.868821,266.578186,4.8900,0.005000,model,model
1991-10-30,265.932785,310.959032,270.840775,4.8400,0.005000,model,model
1991-10-31,263.934142,303.809719,268.808469,4.8200,0.005000,model,model
1991-11-01,261.678333,295.885730,266.514200,4.7500,0.005000,model,model
1991-11-04,258.908194,286.356754,263.696041,4.7400,0.005000,model,model
1991-11-05,260.816599,292.563282,265.642876,4.7600,0.005000,model,model
1991-11-06,261.159486,293.597367,265.995271,4.6300,0.005000,model,model
1991-11-07,264.267997,303.951631,269.164508,4.6300,0.005000,model,model
1991-11-08,266.681702,312.148758,271.626139,4.6200,0.005000,model,model
1991-11-11,268.752546,319.286879,273.738612,4.6200,0.005000,model,model
1991-11-12,272.470115,332.394174,277.528410,4.6200,0.005000,model,model
1991-11-13,273.250616,335.112997,278.326704,4.6300,0.005000,model,model
1991-11-14,271.639993,329.045392,276.689474,4.6300,0.005000,model,model
1991-11-15,256.729075,274.672645,261.504673,4.5900,0.005000,model,model
1991-11-18,260.401538,286.338048,265.248564,4.5800,0.005000,model,model
1991-11-19,256.611796,273.710227,261.391438,4.5300,0.005000,model,model
1991-11-20,257.347164,275.953265,262.143615,4.4900,0.005000,model,model
1991-11-21,260.419575,285.719813,265.276410,4.4300,0.005000,model,model
1991-11-22,258.353273,278.801135,263.174731,4.4200,0.005000,model,model
1991-11-25,255.371101,269.028566,260.140037,4.4300,0.005000,model,model
1991-11-26,256.377183,272.101252,261.168004,4.4000,0.005000,model,model
1991-11-27,257.365228,275.139286,262.177622,4.3900,0.005000,model,model
1991-11-29,256.972720,273.774207,261.780895,4.3500,0.005000,model,model
1991-12-02,265.219942,300.001944,270.185546,4.3800,0.005000,model,model
1991-12-03,265.233490,299.933162,270.202565,4.3600,0.005000,model,model
1991-12-04,266.284677,303.382314,271.276662,4.3100,0.005000,model,model
1991-12-05,265.585382,300.875056,270.567487,4.3100,0.005000,model,model
1991-12-06,267.214097,306.292936,272.229976,4.2400,0.005000,model,model
1991-12-09,266.880214,305.032033,271.893066,4.1500,0.005000,model,model
1991-12-10,267.381025,306.635061,272.406521,4.2000,0.005000,model,model
1991-12-11,266.041060,301.908641,271.044614,4.1500,0.005000,model,model
1991-12-12,268.869853,311.419469,273.929836,4.1500,0.005000,model,model
1991-12-13,271.897131,321.814496,277.017346,4.1500,0.005000,model,model
1991-12-16,273.422060,327.106733,278.574290,4.1400,0.005000,model,model
1991-12-17,269.690971,313.584220,274.776210,4.1100,0.005000,model,model
1991-12-18,270.345133,315.750350,275.445979,4.1200,0.005000,model,model
1991-12-19,265.761342,299.561183,270.778980,4.0400,0.005000,model,model
1991-12-20,266.925347,303.394689,271.968185,3.7400,0.005000,model,model
1991-12-23,273.670221,326.270378,278.843723,3.7600,0.005000,model,model
1991-12-24,277.090007,338.379916,282.331477,3.8100,0.005000,model,model
1991-12-26,283.040831,360.045551,288.398229,3.8200,0.005000,model,model
1991-12-27,285.833524,370.570004,291.247215,3.8600,0.005000,model,model
1991-12-30,294.820658,405.362969,300.408033,3.8700,0.005000,model,model
1991-12-31,298.538254,420.543709,304.199661,3.8800,0.005000,model,model
1992-01-02,300.803067,429.962434,306.511045,3.8600,0.005000,model,model
1992-01-03,302.120480,435.460351,307.857105,3.8500,0.005000,model,model
1992-01-06,303.988268,443.382595,309.764024,3.8100,0.005000,model,model
1992-01-07,306.469658,454.082972,312.296247,3.7500,0.005000,model,model
1992-01-08,310.660968,472.545728,316.570960,3.7200,0.005000,model,model
1992-01-09,316.101978,497.192867,322.119248,3.7700,0.005000,model,model
1992-01-10,313.205500,483.344476,319.171468,3.8200,0.005000,model,model
1992-01-13,314.247710,488.002603,320.237329,3.8100,0.005000,model,model
1992-01-14,318.150242,506.001278,324.218057,3.8200,0.005000,model,model
1992-01-15,320.861729,518.754730,326.985118,3.8400,0.005000,model,model
1992-01-16,317.541185,502.459958,323.605097,3.7900,0.005000,model,model
1992-01-17,315.569610,492.923770,321.599724,3.7900,0.005000,model,model
1992-01-20,308.423196,459.237319,314.320580,3.7900,0.005000,model,model
1992-01-21,295.998211,403.528915,301.661758,3.7300,0.005000,model,model
1992-01-22,312.492684,470.787786,318.475423,3.7500,0.005000,model,model
1992-01-23,312.271619,469.631357,318.253917,3.7700,0.005000,model,model
1992-01-24,311.712155,466.947154,317.687524,3.8100,0.005000,model,model
1992-01-27,307.223118,446.594876,313.116216,3.8500,0.005000,model,model
1992-01-28,307.552457,447.879126,313.455600,3.8300,0.005000,model,model
1992-01-29,304.344704,433.698886,310.190009,3.8600,0.005000,model,model
1992-01-30,305.332749,437.772423,311.200724,3.8300,0.005000,model,model
1992-01-31,305.269580,437.352501,311.140045,3.8400,0.005000,model,model
1992-02-03,308.035204,449.079506,313.962557,3.8400,0.005000,model,model
1992-02-04,313.029568,470.749430,319.056762,3.8400,0.005000,model,model
1992-02-05,316.589213,486.633746,322.688745,3.8400,0.005000,model,model
1992-02-06,314.974074,479.015104,321.046329,3.8100,0.005000,model,model
1992-02-07,312.930298,469.523382,318.966974,3.7400,0.005000,model,model
1992-02-10,311.513643,462.986036,317.526788,3.7300,0.005000,model,model
1992-02-11,310.764727,459.490555,316.767196,3.7500,0.005000,model,model
1992-02-12,321.204616,505.600974,327.412504,3.7500,0.005000,model,model
1992-02-13,315.641784,479.136921,321.746058,3.7900,0.005000,model,model
1992-02-14,312.831055,466.164337,318.884802,3.7900,0.005000,model,model
1992-02-18,305.477124,433.099685,311.392357,3.8100,0.005000,model,model
1992-02-19,305.039483,431.089648,310.949949,3.8500,0.005000,model,model
1992-02-20,311.603881,458.745496,317.645241,3.8800,0.005000,model,model
1992-02-21,308.946559,446.838782,314.940180,3.9300,0.005000,model,model
1992-02-24,305.856085,433.261348,311.793499,3.9300,0.005000,model,model
1992-02-25,305.283100,430.673064,311.213104,3.9600,0.005000,model,model
1992-02-26,313.837137,466.689916,319.937005,3.9400,0.005000,model,model
1992-02-27,313.458177,464.836328,319.554487,3.9300,0.005000,model,model
1992-02-28,312.095659,458.608038,318.169275,3.9300,0.005000,model,model
1992-03-02,312.776918,461.445825,318.867579,4.0300,0.005000,model,model
1992-03-03,311.937736,457.564095,318.015852,4.0400,0.005000,model,model
1992-03-04,308.242720,441.125690,314.252625,4.0300,0.005000,model,model
1992-03-05,304.552221,425.108779,310.493911,4.0400,0.005000,model,model
1992-03-06,300.473728,407.861850,306.339546,4.0400,0.005000,model,model
1992-03-09,300.757962,408.874392,306.632975,4.0100,0.005000,model,model
1992-03-10,307.078743,434.483338,313.080877,4.0100,0.005000,model,model
1992-03-11,302.318992,414.106326,308.231819,4.0100,0.005000,model,model
1992-03-12,302.124968,413.161919,308.037670,4.0200,0.005000,model,model
1992-03-13,303.604792,419.079508,309.550122,4.0600,0.005000,model,model
1992-03-16,305.233479,425.667700,311.214388,4.0600,0.005000,model,model
1992-03-17,309.424790,443.033414,315.491530,4.0600,0.005000,model,model
1992-03-18,309.158592,441.731184,315.223869,4.0500,0.005000,model,model
1992-03-19,309.090907,441.283565,315.158608,4.0500,0.005000,model,model
1992-03-20,307.570494,434.607617,313.612100,4.0600,0.005000,model,model
1992-03-23,305.919254,427.445042,311.932159,4.0800,0.005000,model,model
1992-03-24,304.024369,419.342086,310.003743,4.0500,0.005000,model,model
1992-03-25,304.674043,421.879885,310.669885,4.0100,0.005000,model,model
1992-03-26,300.739926,405.372165,306.662044,4.0100,0.005000,model,model
1992-03-27,292.551329,372.083442,298.315850,4.0100,0.005000,model,model
1992-03-30,290.863988,365.507673,296.598813,4.0100,0.005000,model,model
1992-03-31,291.495598,367.756307,297.246407,4.0500,0.005000,model,model
1992-04-01,292.276127,370.577915,298.045873,4.0100,0.005000,model,model
1992-04-02,286.636605,348.974355,292.298571,4.0200,0.005000,model,model
1992-04-03,285.481632,344.630146,291.124263,3.9600,0.005000,model,model
1992-04-06,292.849084,371.165087,298.640801,3.9600,0.005000,model,model
1992-04-07,282.386641,331.217616,287.974996,3.8700,0.005000,model,model
1992-04-08,280.487268,324.414677,286.041463,3.8700,0.005000,model,model
1992-04-09,288.323946,351.474702,294.036727,3.6600,0.005000,model,model
1992-04-10,282.413710,329.725720,288.012888,3.6500,0.005000,model,model
1992-04-13,286.171895,342.770620,291.849013,3.6200,0.005000,model,model
1992-04-14,289.239790,353.674129,294.981243,3.6200,0.005000,model,model
1992-04-15,294.220633,371.814207,300.064468,3.6200,0.005000,model,model
1992-04-16,288.053232,348.289407,293.778142,3.6500,0.005000,model,model
1992-04-20,277.802850,310.957189,283.327536,3.6900,0.005000,model,model
1992-04-21,275.772622,304.031931,281.260306,3.6800,0.005000,model,model
1992-04-22,279.305226,315.605415,284.866555,3.6800,0.005000,model,model
1992-04-23,277.482515,309.318331,283.010943,3.6700,0.005000,model,model
1992-04-24,274.139419,298.027107,279.604609,3.6700,0.005000,model,model
1992-04-27,270.381234,285.660411,275.774830,3.7100,0.005000,model,model
1992-04-28,265.847064,271.181436,271.153495,3.7100,0.005000,model,model
1992-04-29,273.381470,294.126431,278.841520,3.7100,0.005000,model,model
1992-04-30,277.789302,308.243201,283.340706,3.7000,0.005000,model,model
1992-05-01,277.441926,306.987017,282.989761,3.6300,0.005000,model,model
1992-05-04,280.365446,316.583316,285.975109,3.6400,0.005000,model,model
1992-05-05,284.024361,328.864024,289.710638,3.6400,0.005000,model,model
1992-05-06,284.326659,329.808072,290.022437,3.6200,0.005000,model,model
1992-05-07,282.179125,322.222131,287.835335,3.6200,0.005000,model,model
1992-05-08,280.861740,317.601491,286.494970,3.6300,0.005000,model,model
1992-05-11,281.434697,319.441344,287.082829,3.6400,0.005000,model,model
1992-05-12,279.756388,313.618778,285.374256,3.6200,0.005000,model,model
1992-05-13,278.592383,309.600854,284.190274,3.5900,0.005000,model,model
1992-05-14,274.798125,296.840937,280.323159,3.5700,0.005000,model,model
1992-05-15,273.417571,292.268830,278.918185,3.5800,0.005000,model,model
1992-05-18,274.825194,296.685533,280.357447,3.6000,0.005000,model,model
1992-05-19,276.480949,301.949856,282.049871,3.5400,0.005000,model,model
1992-05-20,279.314231,311.128286,284.943578,3.5700,0.005000,model,model
1992-05-21,277.861503,306.168200,283.464964,3.6700,0.005000,model,model
1992-05-22,278.258528,307.380007,283.873370,3.6800,0.005000,model,model
1992-05-26,276.016240,299.840423,281.589215,3.7400,0.005000,model,model
1992-05-27,277.983326,306.146865,283.599371,3.7000,0.005000,model,model
1992-05-28,281.506898,317.677577,287.197505,3.6800,0.005000,model,model
1992-05-29,284.498103,327.690482,290.252595,3.7000,0.005000,model,model
1992-06-01,287.823163,339.060336,293.648366,3.7500,0.005000,model,model
1992-06-02,286.248585,333.378429,292.045417,3.7400,0.005000,model,model
1992-06-03,286.343339,333.600195,292.145566,3.7100,0.005000,model,model
1992-06-04,285.075575,329.056311,290.855592,3.6900,0.005000,model,model
1992-06-05,282.648323,320.535998,288.382588,3.6800,0.005000,model,model
1992-06-08,279.927832,311.167282,285.610338,3.6800,0.005000,model,model
1992-06-09,275.077843,294.876426,280.665295,3.6800,0.005000,model,model
1992-06-10,273.043099,288.230652,278.592562,3.6800,0.005000,model,model
1992-06-11,273.020547,288.066179,278.572868,3.6600,0.005000,model,model
1992-06-12,274.405589,292.352961,279.989394,3.6600,0.005000,model,model
1992-06-15,274.184524,291.551620,279.767164,3.6500,0.005000,model,model
1992-06-16,269.979693,278.031101,275.480049,3.6400,0.005000,model,model
1992-06-17,264.741712,261.743551,270.138633,3.6200,0.005000,model,model
1992-06-18,263.419811,257.735505,268.793000,3.6100,0.005000,model,model
1992-06-19,267.868259,270.696847,273.335387,3.6500,0.005000,model,model
1992-06-22,266.406500,266.173952,271.847047,3.6400,0.005000,model,model
1992-06-23,268.391622,272.031832,273.875946,3.6800,0.005000,model,model
1992-06-24,266.447116,266.025969,271.894967,3.6400,0.005000,model,model
1992-06-25,262.806238,255.024745,268.182883,3.6200,0.005000,model,model
1992-06-26,261.700886,251.722247,267.058109,3.6200,0.005000,model,model
1992-06-29,271.414412,279.644298,276.973658,3.5700,0.005000,model,model
1992-06-30,271.806920,280.768246,277.377503,3.5700,0.005000,model,model
1992-07-01,276.138062,294.088649,281.800713,3.5500,0.005000,model,model
1992-07-02,271.486586,279.127834,277.057205,3.2400,0.005000,model,model
1992-07-06,272.862623,283.288292,278.464776,3.2200,0.005000,model,model
1992-07-07,267.326887,265.948715,272.818700,3.2100,0.005000,model,model
1992-07-08,268.495381,269.356796,274.014447,3.2200,0.005000,model,model
1992-07-09,272.673143,281.841105,278.281347,3.2100,0.005000,model,model
1992-07-10,273.255132,283.563604,278.878619,3.2200,0.005000,model,model
1992-07-13,275.190633,289.502501,280.857272,3.2100,0.005000,model,model
1992-07-14,279.039029,301.553633,284.788256,3.2100,0.005000,model,model
1992-07-15,279.169883,301.892491,284.925197,3.1800,0.005000,model,model
1992-07-16,280.875261,307.334697,286.669124,3.1700,0.005000,model,model
1992-07-17,275.695932,290.229858,281.386370,3.1600,0.005000,model,model
1992-07-20,271.098593,275.614430,276.697490,3.1800,0.005000,model,model
1992-07-21,275.298908,288.334539,280.987846,3.1900,0.005000,model,model
1992-07-22,271.752783,277.100262,277.371787,3.1700,0.005000,model,model
1992-07-23,272.948345,280.676262,278.595372,3.1600,0.005000,model,model
1992-07-24,273.787499,283.183808,279.455204,3.1600,0.005000,model,model
1992-07-27,272.357324,278.661560,277.998750,3.1900,0.005000,model,model
1992-07-28,276.792252,292.181906,282.528849,3.1900,0.005000,model,model
1992-07-29,279.815041,301.662555,285.617650,3.1800,0.005000,model,model
1992-07-30,280.563958,303.997311,286.385497,3.1800,0.005000,model,model
1992-07-31,280.527857,303.794202,286.352057,3.1800,0.005000,model,model
1992-08-03,282.201677,309.141346,288.064037,3.1700,0.005000,model,model
1992-08-04,280.690296,304.082549,286.524689,3.1700,0.005000,model,model
1992-08-05,276.638845,290.816651,282.392435,3.1700,0.005000,model,model
1992-08-06,274.811645,284.966901,280.530595,3.1600,0.005000,model,model
1992-08-07,273.688257,281.389377,279.387168,3.1400,0.005000,model,model
1992-08-10,274.513891,283.855341,280.233320,3.1300,0.005000,model,model
1992-08-11,272.961893,278.957316,278.652323,3.1300,0.005000,model,model
1992-08-12,271.558759,274.573975,277.223255,3.1200,0.005000,model,model
1992-08-13,271.847509,275.373712,277.521329,3.0900,0.005000,model,model
1992-08-14,272.709244,277.915050,278.404352,3.0600,0.005000,model,model
1992-08-17,271.044456,272.744544,276.708112,3.0700,0.005000,model,model
1992-08-18,271.094077,272.819903,276.762064,3.0700,0.005000,model,model
1992-08-19,269.176640,266.950621,274.807832,3.0800,0.005000,model,model
1992-08-20,270.178205,269.854543,275.833623,3.0800,0.005000,model,model
1992-08-21,266.808040,259.672526,272.396196,3.0700,0.005000,model,model
1992-08-24,262.318975,246.479852,267.816353,3.1500,0.005000,model,model
1992-08-25,263.555154,249.891737,269.081627,3.1700,0.005000,model,model
1992-08-26,267.272723,260.385669,272.880352,3.1600,0.005000,model,model
1992-08-27,270.209790,268.888297,275.882290,3.1600,0.005000,model,model
1992-08-28,269.916551,267.936710,275.586180,3.1600,0.005000,model,model
1992-08-31,270.029342,268.197234,275.704620,3.1600,0.005000,model,model
1992-09-01,272.474631,275.401144,278.204585,3.1500,0.005000,model,model
1992-09-02,276.620808,287.884007,282.441266,3.1400,0.005000,model,model
1992-09-03,278.069048,292.320967,283.923340,3.1400,0.005000,model,model
1992-09-04,276.467401,287.188796,282.291354,2.9200,0.005000,model,model
1992-09-08,275.903449,285.355491,281.718882,2.9000,0.005000,model,model
1992-09-09,279.711255,297.084559,285.610302,2.9100,0.005000,model,model
1992-09-10,284.064977,310.866174,290.059243,2.9100,0.005000,model,model
1992-09-11,284.403349,311.895238,290.408208,2.9200,0.005000,model,model
1992-09-14,292.921285,339.810906,299.109448,2.8900,0.005000,model,model
1992-09-15,288.639764,324.807063,294.741038,2.9200,0.005000,model,model
1992-09-16,287.340416,320.332405,293.417733,2.9000,0.005000,model,model
1992-09-17,288.053232,322.631913,294.149118,2.8800,0.005000,model,model
1992-09-18,288.662317,324.593794,294.774595,2.8800,0.005000,model,model
1992-09-21,288.071296,322.514029,294.174569,2.9100,0.005000,model,model
1992-09-22,283.577715,307.322606,289.589286,2.9200,0.005000,model,model
1992-09-23,284.967301,311.756104,291.011777,2.9200,0.005000,model,model
1992-09-24,286.519299,316.764532,292.600159,2.8900,0.005000,model,model
1992-09-25,279.923316,294.786784,285.867671,2.8000,0.005000,model,model
1992-09-28,277.798334,287.993571,283.700967,2.7800,0.005000,model,model
1992-09-29,280.306792,295.717173,286.266102,2.7300,0.005000,model,model
1992-09-30,282.594186,302.878345,288.605534,2.6900,0.005000,model,model
1992-10-01,278.849549,290.755331,284.784676,2.6100,0.005000,model,model
1992-10-02,274.658266,277.563139,280.507575,2.6300,0.005000,model,model
1992-10-05,274.022112,275.567090,279.861213,2.6400,0.005000,model,model
1992-10-06,277.879540,287.125840,283.804170,2.7300,0.005000,model,model
1992-10-07,275.551557,279.829912,281.429931,2.8300,0.005000,model,model
1992-10-08,278.231459,287.916689,284.170354,2.7900,0.005000,model,model
1992-10-09,275.777138,280.217225,281.667028,2.8300,0.005000,model,model
1992-10-12,278.010394,286.947419,283.951334,2.8300,0.005000,model,model
1992-10-13,279.837594,292.526515,285.820960,2.8600,0.005000,model,model
1992-10-14,279.345816,290.906538,285.322070,2.9300,0.005000,model,model
1992-10-15,281.646757,298.012295,287.675634,2.9200,0.005000,model,model
1992-10-16,285.481632,310.096332,291.596022,2.9000,0.005000,model,model
1992-10-19,291.256497,328.813972,297.498043,2.9700,0.005000,model,model
1992-10-20,291.793381,330.542329,298.049974,3.0200,0.005000,model,model
1992-10-21,294.220633,338.696696,300.532819,2.9300,0.005000,model,model
1992-10-22,294.243185,338.686855,300.559433,2.9100,0.005000,model,model
1992-10-23,293.652165,336.555714,299.959304,2.9300,0.005000,model,model
1992-10-26,295.213194,341.830252,301.557432,2.9200,0.005000,model,model
1992-10-27,292.285131,331.559417,298.570034,2.9400,0.005000,model,model
1992-10-28,294.766521,339.908738,301.108335,2.9400,0.005000,model,model
1992-10-29,298.750287,353.587380,305.181395,2.9500,0.005000,model,model
1992-10-30,297.004293,347.288718,303.401449,2.9600,0.005000,model,model
1992-11-02,298.064512,350.911324,304.488116,3.0100,0.005000,model,model
1992-11-03,294.125879,336.892121,300.468226,3.0300,0.005000,model,model
1992-11-04,295.745562,342.361768,302.126411,3.0200,0.005000,model,model
1992-11-05,303.622828,369.599519,310.177230,3.0100,0.005000,model,model
1992-11-06,305.116173,374.947228,311.706505,3.0600,0.005000,model,model
1992-11-09,307.317844,382.953325,313.959442,3.0800,0.005000,model,model
1992-11-10,310.751206,395.670904,317.470741,3.0800,0.005000,model,model
1992-11-11,313.877754,407.493653,320.668675,3.0800,0.005000,model,model
1992-11-12,312.925782,403.671578,319.699924,3.0600,0.005000,model,model
1992-11-13,314.450711,409.456800,321.261670,3.0800,0.005000,model,model
1992-11-16,310.967755,395.724063,317.707099,3.1200,0.005000,model,model
1992-11-17,305.192890,373.544266,311.810862,3.1700,0.005000,model,model
1992-11-18,310.679005,393.564144,317.419653,3.1500,0.005000,model,model
1992-11-19,312.885193,401.830168,319.677486,3.1500,0.005000,model,model
1992-11-20,314.734945,408.835891,321.571200,3.2000,0.005000,model,model
1992-11-23,309.893988,389.834709,316.628922,3.2400,0.005000,model,model
1992-11-24,315.790675,411.954645,322.657532,3.2200,0.005000,model,model
1992-11-25,315.506441,410.723004,322.370958,3.2400,0.005000,model,model
1992-11-27,315.195138,409.387876,322.056720,3.2500,0.005000,model,model
1992-11-30,316.679451,415.047255,323.577179,3.2700,0.005000,model,model
1992-12-01,318.222444,420.985787,325.157633,3.3300,0.005000,model,model
1992-12-02,317.229882,416.918237,324.147311,3.3400,0.005000,model,model
1992-12-03,320.135365,428.240592,327.120009,3.3000,0.005000,model,model
1992-12-04,323.392740,441.176313,330.452346,3.2500,0.005000,model,model
1992-12-07,326.492219,453.721709,333.623420,3.2500,0.005000,model,model
1992-12-08,325.355310,448.846202,332.465651,3.2600,0.005000,model,model
1992-12-09,322.864888,438.400464,329.924761,3.2300,0.005000,model,model
1992-12-10,319.923305,426.280799,326.922784,3.2200,0.005000,model,model
1992-12-11,316.620797,412.943674,323.551914,3.2500,0.005000,model,model
1992-12-14,315.276344,407.558855,322.181882,3.2600,0.005000,model,model
1992-12-15,313.056636,398.825738,319.917390,3.2200,0.005000,model,model
1992-12-16,314.865799,405.619899,321.770010,3.2100,0.005000,model,model
1992-12-17,321.989633,433.008743,329.053883,3.2000,0.005000,model,model
1992-12-18,322.937062,436.705936,330.026015,3.1600,0.005000,model,model
1992-12-21,324.236410,441.849290,331.357814,3.1700,0.005000,model,model
1992-12-22,320.902346,428.080012,327.954467,3.2000,0.005000,model,model
1992-12-23,321.673815,431.043706,328.746793,3.1800,0.005000,model,model
1992-12-24,322.634791,434.782261,329.732814,3.1600,0.005000,model,model
1992-12-28,323.992793,440.144386,331.124617,3.1800,0.005000,model,model
1992-12-29,324.665019,442.756550,331.815583,3.2000,0.005000,model,model
1992-12-30,324.777810,443.095059,331.934807,3.1200,0.005000,model,model
1992-12-31,325.003391,443.896351,332.169311,3.0800,0.005000,model,model
1993-01-04,321.561024,429.655949,328.654999,3.0800,0.005000,model,model
1993-01-05,325.048496,443.502861,332.223321,3.1100,0.005000,model,model
1993-01-06,331.125659,468.231390,338.438580,3.1000,0.005000,model,model
1993-01-07,328.459305,456.779368,335.717369,3.1200,0.005000,model,model
1993-01-08,329.835343,462.390435,337.127810,3.0600,0.005000,model,model
1993-01-11,334.586062,482.225081,341.987578,3.0500,0.005000,model,model
1993-01-12,331.969329,470.770266,339.317031,3.0200,0.005000,model,model
1993-01-13,339.138296,501.113468,346.648713,3.0000,0.005000,model,model
1993-01-14,344.092043,522.917866,351.716291,2.9800,0.005000,model,model
1993-01-15,342.192642,514.112945,349.778991,2.9400,0.005000,model,model
1993-01-18,341.759545,512.024566,349.340455,2.9400,0.005000,model,model
1993-01-19,339.291676,500.785361,346.822003,2.9900,0.005000,model,model
1993-01-20,339.030022,499.491769,346.558671,3.0100,0.005000,model,model
1993-01-21,342.287396,513.741906,349.892506,2.9900,0.005000,model,model
1993-01-22,340.915874,507.424560,348.494676,2.9700,0.005000,model,model
1993-01-25,343.834878,520.312518,351.482720,2.9500,0.005000,model,model
1993-01-26,342.318981,513.287347,349.937289,2.9500,0.005000,model,model
1993-01-27,336.214749,485.668147,343.701374,2.9100,0.005000,model,model
1993-01-28,334.459751,477.929867,341.911388,2.9000,0.005000,model,model
1993-01-29,334.364997,477.399988,341.818593,2.9000,0.005000,model,model
1993-02-01,338.799925,496.254107,346.356453,2.9000,0.005000,model,model
1993-02-02,340.572987,503.906991,348.173185,2.9600,0.005000,model,model
1993-02-03,339.756386,500.147400,347.342505,2.9300,0.005000,model,model
1993-02-04,337.690057,490.883858,345.234174,2.9000,0.005000,model,model
1993-02-05,332.957375,470.097513,340.399872,2.9000,0.005000,model,model
1993-02-08,330.002271,457.446101,337.382765,2.9200,0.005000,model,model
1993-02-09,327.498328,446.903672,334.826839,2.9300,0.005000,model,model
1993-02-10,331.423414,462.839254,338.843743,2.9400,0.005000,model,model
1993-02-11,330.543670,459.029653,337.948337,2.9200,0.005000,model,model
1993-02-12,325.910230,439.587187,333.215124,2.9300,0.005000,model,model
1993-02-16,313.007015,387.208786,320.026665,2.9300,0.005000,model,model
1993-02-17,312.122728,383.823540,319.126357,2.9100,0.005000,model,model
1993-02-18,314.261230,391.606226,321.316643,2.8900,0.005000,model,model
1993-02-19,313.931891,390.271799,320.983735,2.9300,0.005000,model,model
1993-02-22,307.105812,364.685930,314.008143,2.9500,0.005000,model,model
1993-02-23,307.908865,367.448618,314.832984,2.9400,0.005000,model,model
1993-02-24,315.926018,396.025413,323.034171,2.9600,0.005000,model,model
1993-02-25,317.315604,401.142038,324.458867,2.9500,0.005000,model,model
1993-02-26,316.841890,399.238493,323.978352,2.9500,0.005000,model,model
1993-03-01,314.996626,392.151416,322.095383,2.9500,0.005000,model,model
1993-03-02,321.416649,416.001478,328.663922,2.9700,0.005000,model,model
1993-03-03,324.800362,429.017945,332.127843,2.9400,0.005000,model,model
1993-03-04,320.803076,413.051383,328.044332,2.9100,0.005000,model,model
1993-03-05,320.834660,413.063214,328.080535,3.0000,0.005000,model,model
1993-03-08,324.331164,426.444484,331.659911,3.0000,0.005000,model,model
1993-03-09,324.295063,426.188689,331.626943,2.9900,0.005000,model,model
1993-03-10,325.973399,432.686235,333.347171,2.9800,0.005000,model,model
1993-03-11,326.401981,434.277370,333.789416,2.9600,0.005000,model,model
1993-03-12,327.227615,437.454980,334.637710,2.9700,0.005000,model,model
1993-03-15,328.729991,443.358123,336.178092,2.9900,0.005000,model,model
1993-03-16,328.093838,440.664231,335.531527,2.9800,0.005000,model,model
1993-03-17,320.915866,411.596262,328.194830,2.9800,0.005000,model,model
1993-03-18,320.776007,410.949675,328.055706,2.9500,0.005000,model,model
1993-03-19,317.216334,397.146848,324.419155,2.9600,0.005000,model,model
1993-03-22,315.285376,389.783252,322.448214,2.9400,0.005000,model,model
1993-03-23,314.130403,385.394120,321.270840,2.9200,0.005000,model,model
1993-03-24,314.464259,386.521609,321.616109,2.9200,0.005000,model,model
1993-03-25,319.760893,405.932954,327.037034,2.9100,0.005000,model,model
1993-03-26,318.199864,399.876121,325.444376,2.9300,0.005000,model,model
1993-03-29,317.080991,395.549189,324.303905,2.9400,0.005000,model,model
1993-03-30,322.779166,416.750346,330.135741,2.9100,0.005000,model,model
1993-03-31,324.313127,422.578881,331.708594,2.8900,0.005000,model,model
1993-04-01,319.724793,404.516134,327.019578,2.9000,0.005000,model,model
1993-04-02,307.854728,359.312190,314.882581,2.9100,0.005000,model,model
1993-04-05,311.035413,370.345332,318.139625,2.9000,0.005000,model,model
1993-04-06,307.290776,356.860018,314.313245,2.9100,0.005000,model,model
1993-04-07,311.468538,371.307799,318.590223,2.9200,0.005000,model,model
1993-04-08,308.197615,359.502294,315.248304,2.9000,0.005000,model,model
1993-04-12,314.915420,382.894574,322.123546,2.8900,0.005000,model,model
1993-04-13,312.086627,372.468795,319.233840,2.8500,0.005000,model,model
1993-04-14,312.646064,374.376269,319.809888,2.8200,0.005000,model,model
1993-04-15,310.304533,365.861614,317.418512,2.8400,0.005000,model,model
1993-04-16,307.376498,355.401901,314.427128,2.8400,0.005000,model,model
1993-04-19,304.493567,345.302810,311.481812,2.8100,0.005000,model,model
1993-04-20,305.941807,350.139037,312.966997,2.7900,0.005000,model,model
1993-04-21,306.965952,353.564460,314.018386,2.8000,0.005000,model,model
1993-04-22,305.418471,348.123116,312.439090,2.8200,0.005000,model,model
1993-04-23,301.069265,333.148195,307.993629,2.8400,0.005000,model,model
1993-04-26,295.312437,313.932717,302.108064,2.8900,0.005000,model,model
1993-04-27,301.917451,334.894778,308.868668,2.9100,0.005000,model,model
1993-04-28,306.483206,349.985950,313.543219,2.9200,0.005000,model,model
1993-04-29,305.869633,347.791573,312.919245,2.9000,0.005000,model,model
1993-04-30,306.740372,350.668833,313.813777,2.9100,0.005000,model,model
1993-05-03,311.274542,366.114207,318.456241,2.8700,0.005000,model,model
1993-05-04,318.772848,392.452183,326.131338,2.8700,0.005000,model,model
1993-05-05,320.636148,399.226303,328.041533,2.8900,0.005000,model,model
1993-05-06,317.360709,386.877594,324.694350,2.8600,0.005000,model,model
1993-05-07,318.727743,391.773208,326.096839,2.8700,0.005000,model,model
1993-05-10,320.184986,397.041400,327.591657,2.8700,0.005000,model,model
1993-05-11,318.524714,390.756731,325.896878,2.8900,0.005000,model,model
1993-05-12,316.679451,383.857983,324.012786,2.9000,0.005000,model,model
1993-05-13,313.746899,373.083358,321.016183,2.9300,0.005000,model,model
1993-05-14,315.632752,379.706004,322.949552,2.9600,0.005000,model,model
1993-05-17,318.222444,388.941655,325.603120,3.0000,0.005000,model,model
1993-05-18,321.227169,399.844059,328.681412,3.0100,0.005000,model,model
1993-05-19,329.054814,428.939351,336.694615,2.9700,0.005000,model,model
1993-05-20,334.270243,449.201777,342.035140,2.9600,0.005000,model,model
1993-05-21,330.854973,435.299673,338.544607,3.0000,0.005000,model,model
1993-05-24,331.233933,436.676491,338.936406,3.0400,0.005000,model,model
1993-05-25,330.448916,433.449696,338.137169,3.0700,0.005000,model,model
1993-05-26,337.780295,462.153122,345.643145,3.0500,0.005000,model,model
1993-05-27,336.323051,456.040205,344.156095,3.0600,0.005000,model,model
1993-05-28,332.154293,438.941372,339.894343,3.0600,0.005000,model,model
1993-06-01,336.142575,454.618595,343.979608,3.0400,0.005000,model,model
1993-06-02,336.282434,455.061660,344.126823,3.0700,0.005000,model,model
1993-06-03,335.718482,452.647521,343.553813,3.0300,0.005000,model,model
1993-06-04,332.619003,439.973078,340.386085,3.1100,0.005000,model,model
1993-06-07,328.766092,424.547417,336.447255,3.1000,0.005000,model,model
1993-06-08,325.504174,411.780241,333.113132,3.1300,0.005000,model,model
1993-06-09,325.062044,409.987046,332.664633,3.1100,0.005000,model,model
1993-06-10,324.430406,407.481612,332.022183,3.1100,0.005000,model,model
1993-06-11,327.611119,419.344128,335.281277,3.0500,0.005000,model,model
1993-06-14,331.283554,433.318689,339.043685,3.0500,0.005000,model,model
1993-06-15,331.130175,432.598936,338.890749,3.0500,0.005000,model,model
1993-06-16,329.361629,425.543801,337.084788,3.0400,0.005000,model,model
1993-06-17,328.454789,421.910833,336.160697,3.0300,0.005000,model,model
1993-06-18,322.995715,400.738093,330.577550,3.0600,0.005000,model,model
1993-06-21,322.909993,400.309900,330.493751,3.0600,0.005000,model,model
1993-06-22,321.407645,394.607217,328.960053,3.0900,0.005000,model,model
1993-06-23,320.266192,390.289597,327.795695,3.1200,0.005000,model,model
1993-06-24,322.873920,399.706386,330.468634,3.1000,0.005000,model,model
1993-06-25,326.844138,414.327346,334.536174,3.0800,0.005000,model,model
1993-06-28,332.461108,435.554287,340.289317,3.0700,0.005000,model,model
1993-06-29,330.214303,426.597720,337.993660,3.0300,0.005000,model,model
1993-06-30,330.363194,427.059446,338.150083,3.0300,0.005000,model,model
1993-07-01,328.202140,418.556854,335.942116,2.9900,0.005000,model,model
1993-07-02,328.639753,420.119707,336.394049,2.9500,0.005000,model,model
1993-07-06,325.553822,408.160758,333.239310,3.0100,0.005000,model,model
1993-07-07,322.909993,398.096604,330.537034,3.0400,0.005000,model,model
1993-07-08,325.468100,407.441587,333.159498,3.0200,0.005000,model,model
1993-07-09,327.056171,413.290500,334.789064,3.0200,0.005000,model,model
1993-07-12,327.426127,414.581135,335.171752,3.0100,0.005000,model,model
1993-07-13,326.623073,411.415774,334.353692,3.0400,0.005000,model,model
1993-07-14,328.211144,417.300812,335.983330,3.0100,0.005000,model,model
1993-07-15,325.256040,405.906255,332.962247,3.0100,0.005000,model,model
1993-07-16,316.778721,374.027874,324.288041,3.0100,0.005000,model,model
1993-07-19,314.965042,367.496467,322.435229,3.0300,0.005000,model,model
1993-07-20,321.010620,388.537119,328.628032,3.0600,0.005000,model,model
1993-07-21,318.190859,378.182274,325.745272,3.0700,0.005000,model,model
1993-07-22,314.324400,364.278476,321.790893,3.0900,0.005000,model,model
1993-07-23,318.705163,379.394285,326.279548,3.0900,0.005000,model,model
1993-07-26,321.592609,389.592134,329.239502,3.0800,0.005000,model,model
1993-07-27,317.631423,375.074290,325.188046,3.1000,0.005000,model,model
1993-07-28,321.958049,390.283688,329.621476,3.0800,0.005000,model,model
1993-07-29,322.427247,391.883645,330.105766,3.0200,0.005000,model,model
1993-07-30,318.398376,377.073219,325.984879,3.0300,0.005000,model,model
1993-08-02,320.550426,384.608741,328.192087,3.0700,0.005000,model,model
1993-08-03,321.434713,387.683468,329.101361,3.0800,0.005000,model,model
1993-08-04,324.940221,400.248831,332.694398,3.0800,0.005000,model,model
1993-08-05,327.011066,407.785175,334.818621,3.0500,0.005000,model,model
1993-08-06,327.674260,410.153681,335.501636,3.0400,0.005000,model,model
1993-08-09,326.907307,407.160807,334.720356,3.0200,0.005000,model,model
1993-08-10,323.613805,394.732838,331.352124,3.0300,0.005000,model,model
1993-08-11,324.597334,398.222413,332.363116,3.0200,0.005000,model,model
1993-08-12,324.299579,397.019005,332.062195,3.0100,0.005000,model,model
1993-08-13,325.247008,400.388690,333.036255,3.0200,0.005000,model,model
1993-08-16,334.401098,434.054279,342.413537,3.0200,0.005000,model,model
1993-08-17,337.613367,446.434341,345.706851,3.0100,0.005000,model,model
1993-08-18,339.106711,452.233890,347.240110,2.9900,0.005000,model,model
1993-08-19,334.098827,432.058471,342.116247,2.9800,0.005000,model,model
1993-08-20,334.644715,434.059439,342.679307,2.9900,0.005000,model,model
1993-08-23,334.301828,432.608572,342.332267,2.9900,0.005000,model,model
1993-08-24,334.762022,434.278453,342.807591,2.9900,0.005000,model,model
1993-08-25,332.014434,423.459628,339.998050,2.9800,0.005000,model,model
1993-08-26,329.050326,411.993930,336.966714,3.0000,0.005000,model,model
1993-08-27,330.701566,418.079643,338.661692,3.0200,0.005000,model,model
1993-08-30,333.232577,427.557180,341.257657,3.0200,0.005000,model,model
1993-08-31,336.250850,439.049118,344.352680,3.0100,0.005000,model,model
1993-09-01,337.613367,444.263610,345.752126,3.0100,0.005000,model,model
1993-09-02,337.978807,445.586818,346.130492,2.9900,0.005000,model,model
1993-09-03,337.202795,442.398040,345.339883,2.9400,0.005000,model,model
1993-09-07,330.863977,417.308864,338.852214,2.9300,0.005000,model,model
1993-09-08,329.208221,410.927747,337.160516,2.9600,0.005000,model,model
1993-09-09,332.325737,422.481384,340.357352,2.9800,0.005000,model,model
1993-09-10,334.432682,430.397793,342.519270,2.9600,0.005000,model,model
1993-09-13,331.685095,419.665563,339.709323,2.9700,0.005000,model,model
1993-09-14,328.621717,407.914596,336.575879,2.9900,0.005000,model,model
1993-09-15,331.441478,418.297183,339.467898,2.9600,0.005000,model,model
1993-09-16,330.015791,412.784217,338.011727,2.9500,0.005000,model,model
1993-09-17,330.417332,414.181225,338.427021,2.9500,0.005000,model,model
1993-09-20,331.563273,418.377655,339.604769,2.9500,0.005000,model,model
1993-09-21,329.930069,412.080335,337.935998,2.9200,0.005000,model,model
1993-09-22,337.468992,440.193186,345.661880,2.9200,0.005000,model,model
1993-09-23,340.234616,450.890071,348.498761,2.9300,0.005000,model,model
1993-09-24,341.114387,454.266817,349.404050,2.9300,0.005000,model,model
1993-09-27,345.143258,470.229024,353.534990,2.9100,0.005000,model,model
1993-09-28,348.314911,483.058069,356.787966,2.9000,0.005000,model,model
1993-09-29,349.099955,486.195166,357.596355,2.9300,0.005000,model,model
1993-09-30,345.332738,470.313213,353.741708,2.9200,0.005000,model,model
1993-10-01,345.418460,470.540991,353.833729,2.9200,0.005000,model,model
1993-10-04,346.758425,475.888969,355.210551,2.9300,0.005000,model,model
1993-10-05,344.033390,464.531464,352.423323,3.0000,0.005000,model,model
1993-10-06,343.261921,461.280324,351.637235,2.9800,0.005000,model,model
1993-10-07,341.073770,452.327953,349.399881,2.9800,0.005000,model,model
1993-10-08,344.069491,464.114917,352.472892,2.9800,0.005000,model,model
1993-10-11,343.473954,461.579679,351.867006,2.9800,0.005000,model,model
1993-10-12,345.197395,468.397511,353.636749,3.0100,0.005000,model,model
1993-10-13,348.567560,481.976665,357.093518,3.0300,0.005000,model,model
1993-10-14,353.697267,503.105573,362.352949,3.0100,0.005000,model,model
1993-10-15,354.116872,504.759870,362.787136,3.0100,0.005000,model,model
1993-10-18,351.770825,494.582267,360.387967,3.0200,0.005000,model,model
1993-10-19,345.346286,467.322491,353.810340,3.0600,0.005000,model,model
1993-10-20,346.429058,471.587605,354.923861,3.0400,0.005000,model,model
1993-10-21,349.519532,484.068315,358.094342,3.0500,0.005000,model,model
1993-10-22,350.272965,487.064968,358.870522,3.0400,0.005000,model,model
1993-10-25,349.564638,483.975731,358.149081,3.0400,0.005000,model,model
1993-10-26,347.033627,473.320320,355.560178,3.0800,0.005000,model,model
1993-10-27,352.131749,494.030104,360.787793,3.0800,0.005000,model,model
1993-10-28,351.224910,490.076169,359.862957,3.0400,0.005000,model,model
1993-10-29,352.794944,496.509924,361.475889,3.0300,0.005000,model,model
1993-11-01,356.444854,511.769875,365.219913,3.0600,0.005000,model,model
1993-11-02,356.706536,512.754314,365.492385,3.1200,0.005000,model,model
1993-11-03,350.038352,483.829455,358.664312,3.0800,0.005000,model,model
1993-11-04,340.595540,444.502296,348.993071,3.0700,0.005000,model,model
1993-11-05,346.162888,466.156753,354.701839,3.0700,0.005000,model,model
1993-11-08,347.259208,470.454780,355.829425,3.0600,0.005000,model,model
1993-11-09,348.220184,474.226817,356.818354,3.1100,0.005000,model,model
1993-11-10,354.599591,500.133442,363.359527,3.1100,0.005000,model,model
1993-11-11,356.110999,506.384252,364.912599,3.1100,0.005000,model,model
1993-11-12,356.575681,508.224929,365.393110,3.1100,0.005000,model,model
1993-11-15,352.916766,492.423993,361.648067,3.1100,0.005000,model,model
1993-11-16,354.951510,500.797708,363.737457,3.0900,0.005000,model,model
1993-11-17,348.111910,471.681624,356.732889,3.0900,0.005000,model,model
1993-11-18,344.452967,456.663737,352.987580,3.1000,0.005000,model,model
1993-11-19,343.392748,452.316766,351.905294,3.1100,0.005000,model,model
1993-11-22,336.900524,426.511238,345.256319,3.1200,0.005000,model,model
1993-11-23,343.983769,453.268484,352.519353,3.1100,0.005000,model,model
1993-11-24,347.426135,466.737881,356.051335,3.1100,0.005000,model,model
1993-11-26,348.581108,471.259721,357.239220,3.1000,0.005000,model,model
1993-11-29,345.756831,459.663532,354.349046,3.1100,0.005000,model,model
1993-11-30,348.982649,472.388296,357.659245,3.1400,0.005000,model,model
1993-12-01,354.563518,494.898333,363.383126,3.1100,0.005000,model,model
1993-12-02,357.469000,506.916029,366.365207,3.1100,0.005000,model,model
1993-12-03,362.531022,528.289528,371.557567,3.1100,0.005000,model,model
1993-12-06,360.031596,517.207090,369.000332,3.0900,0.005000,model,model
1993-12-07,358.208885,509.202592,367.136608,3.0800,0.005000,model,model
1993-12-08,356.246342,500.685663,365.129523,3.0800,0.005000,model,model
1993-12-09,349.424779,471.759224,358.142208,3.0500,0.005000,model,model
1993-12-10,349.163097,470.570577,357.878261,3.0500,0.005000,model,model
1993-12-13,349.903009,473.432164,358.640902,3.0400,0.005000,model,model
1993-12-14,345.436497,455.156142,354.067120,3.0400,0.005000,model,model
1993-12-15,347.344929,462.569950,356.027449,3.0300,0.005000,model,model
1993-12-16,348.459286,466.893525,357.173900,3.0200,0.005000,model,model
1993-12-17,351.035429,477.112719,359.818722,3.0300,0.005000,model,model
1993-12-20,351.653519,479.501293,360.456560,3.0500,0.005000,model,model
1993-12-21,350.561715,474.899983,359.341716,3.0700,0.005000,model,model
1993-12-22,350.466961,474.385969,359.248867,3.0500,0.005000,model,model
1993-12-23,352.194918,481.267323,361.024400,3.0500,0.005000,model,model
1993-12-27,353.566440,486.753478,362.434603,3.0600,0.005000,model,model
1993-12-28,356.183173,497.417804,365.121284,3.0600,0.005000,model,model
1993-12-29,356.760673,499.702328,365.717622,3.0000,0.005000,model,model
1993-12-30,358.876623,508.452335,367.891050,2.9800,0.005000,model,model
1993-12-31,359.377406,510.443246,368.408791,3.0000,0.005000,model,model
1994-01-03,356.896016,499.721983,365.869428,3.0300,0.005000,model,model
1994-01-04,359.296200,509.657465,368.334315,3.0800,0.005000,model,model
1994-01-05,361.894896,520.566212,371.002767,3.0700,0.005000,model,model
1994-01-06,364.728178,532.639607,373.911771,3.0500,0.005000,model,model
1994-01-07,365.242509,534.748332,374.443504,3.0100,0.005000,model,model
1994-01-10,368.969109,550.958140,378.268440,2.9900,0.005000,model,model
1994-01-11,368.012648,546.523789,377.292376,2.9700,0.005000,model,model
1994-01-12,368.572084,548.870404,377.870411,2.9500,0.005000,model,model
1994-01-13,368.147991,546.829948,377.440117,2.9500,0.005000,model,model
1994-01-14,371.531705,561.748554,380.913729,2.9700,0.005000,model,model
1994-01-17,370.665482,557.667244,380.030167,2.9700,0.005000,model,model
1994-01-18,370.809857,558.171546,380.182714,2.9600,0.005000,model,model
1994-01-19,366.686232,539.383979,375.959383,2.9700,0.005000,model,model
1994-01-20,371.333192,559.729046,380.728336,2.9400,0.005000,model,model
1994-01-21,371.387329,559.826863,380.788376,2.9500,0.005000,model,model
1994-01-24,369.257859,550.041053,378.609535,2.9400,0.005000,model,model
1994-01-25,366.776470,538.797927,376.069810,2.9300,0.005000,model,model
1994-01-26,367.417111,541.478533,376.731161,2.9200,0.005000,model,model
1994-01-27,369.889469,552.257842,379.270678,2.9200,0.005000,model,model
1994-01-28,372.226484,562.570750,381.671480,2.9400,0.005000,model,model
1994-01-31,373.552900,568.430372,383.036097,2.9700,0.005000,model,model
1994-02-01,370.151151,552.732708,379.552549,3.0300,0.005000,model,model
1994-02-02,371.558773,558.882149,381.000442,3.0600,0.005000,model,model
1994-02-03,369.997744,551.675438,379.404281,3.1400,0.005000,model,model
1994-02-04,358.655558,500.732357,367.778257,3.2300,0.005000,model,model
1994-02-07,360.586516,508.669117,369.762709,3.2200,0.005000,model,model
1994-02-08,362.246788,515.542029,371.469633,3.2500,0.005000,model,model
1994-02-09,364.457492,524.822929,373.741044,3.2500,0.005000,model,model
1994-02-10,362.111445,514.526332,371.339687,3.2600,0.005000,model,model
1994-02-11,362.580643,516.376368,371.825264,3.2500,0.005000,model,model
1994-02-14,365.540263,528.860133,374.864771,3.2500,0.005000,model,model
1994-02-15,368.400641,541.109735,377.802576,3.2700,0.005000,model,model
1994-02-16,368.815702,542.780249,378.232727,3.2700,0.005000,model,model
1994-02-17,367.597587,537.239743,376.988013,3.2700,0.005000,model,model
1994-02-18,368.093854,539.257502,377.501445,3.2800,0.005000,model,model
1994-02-22,370.385764,549.163370,379.856425,3.2900,0.005000,model,model
1994-02-23,368.969109,542.692124,378.408069,3.3700,0.005000,model,model
1994-02-24,363.446894,518.139695,372.749089,3.3600,0.005000,model,model
1994-02-25,366.749401,532.095606,376.140559,3.3700,0.005000,model,model
1994-02-28,371.910692,554.379675,381.438491,3.3600,0.005000,model,model
1994-03-01,369.672920,544.191783,379.147931,3.4900,0.005000,model,model
1994-03-02,368.310403,538.001760,377.755005,3.4700,0.005000,model,model
1994-03-03,368.301398,537.796958,377.750267,3.4800,0.005000,model,model
1994-03-04,371.748253,552.713660,381.290049,3.5300,0.005000,model,model
1994-03-07,374.734942,565.850373,384.357937,3.5200,0.005000,model,model
1994-03-08,371.730217,552.048544,381.280628,3.5400,0.005000,model,model
1994-03-09,372.731783,556.334308,382.312465,3.5300,0.005000,model,model
1994-03-10,369.745094,542.775809,379.253558,3.4900,0.005000,model,model
1994-03-11,369.438307,541.256158,378.943397,3.4900,0.005000,model,model
1994-03-14,372.596440,554.954819,382.187294,3.5200,0.005000,model,model
1994-03-15,372.506202,554.376440,382.099283,3.5700,0.005000,model,model
1994-03-16,374.743974,564.184707,384.399233,3.5300,0.005000,model,model
1994-03-17,377.577283,576.795812,387.310119,3.4700,0.005000,model,model
1994-03-18,376.738101,572.769361,386.453916,3.4700,0.005000,model,model
1994-03-21,372.650577,553.929946,382.265578,3.5100,0.005000,model,model
1994-03-22,370.557207,544.412424,380.122747,3.5400,0.005000,model,model
1994-03-23,370.403800,543.569720,379.969905,3.4500,0.005000,model,model
1994-03-24,364.466524,517.238903,373.883815,3.4500,0.005000,model,model
1994-03-25,360.803065,501.467148,370.130148,3.4800,0.005000,model,model
1994-03-28,355.443288,478.941713,364.636223,3.5000,0.005000,model,model
1994-03-29,345.589904,438.922564,354.532338,3.5100,0.005000,model,model
1994-03-30,343.108514,429.323244,351.990961,3.4900,0.005000,model,model
1994-03-31,345.553803,438.361678,354.503745,3.4700,0.005000,model,model
1994-04-04,338.750304,412.302366,347.528253,3.6500,0.005000,model,model
1994-04-05,351.283563,457.887171,360.390421,3.6600,0.005000,model,model
1994-04-06,350.787296,455.799250,359.885579,3.6000,0.005000,model,model
1994-04-07,352.781423,463.422735,361.935711,3.5300,0.005000,model,model
1994-04-08,347.304313,441.671307,356.320785,3.5500,0.005000,model,model
1994-04-11,346.356884,437.915146,355.353002,3.5400,0.005000,model,model
1994-04-12,338.786377,409.033561,347.590092,3.5600,0.005000,model,model
1994-04-13,331.378308,382.045790,339.993655,3.5600,0.005000,model,model
1994-04-14,329.934585,376.926738,338.516445,3.5800,0.005000,model,model
1994-04-15,330.512085,378.784667,339.112996,3.5900,0.005000,model,model
1994-04-18,325.251524,360.556696,333.719576,3.6900,0.005000,model,model
1994-04-19,322.454316,351.126077,330.853514,3.7400,0.005000,model,model
1994-04-20,320.667733,345.168233,329.024334,3.7400,0.005000,model,model
1994-04-21,331.170764,378.937033,339.804991,3.7400,0.005000,model,model
1994-04-22,333.029548,385.186460,341.716282,3.7400,0.005000,model,model
1994-04-25,338.181835,402.918593,347.007030,3.7600,0.005000,model,model
1994-04-26,338.786377,404.939686,347.631478,3.8800,0.005000,model,model
1994-04-28,336.070402,395.052752,344.848732,3.8800,0.005000,model,model
1994-04-29,336.792249,397.461628,345.593540,3.8600,0.005000,model,model
1994-05-02,342.720521,418.292428,351.680848,3.9100,0.005000,model,model
1994-05-03,340.239132,409.049159,349.138770,4.0400,0.005000,model,model
1994-05-04,340.654193,410.399449,349.568845,4.0400,0.005000,model,model
1994-05-05,341.285830,412.535037,350.221173,4.0200,0.005000,model,model
1994-05-06,337.983323,400.396450,346.836371,4.1600,0.005000,model,model
1994-05-09,332.055051,379.157300,340.756944,4.2400,0.005000,model,model
1994-05-10,333.877735,385.253647,342.631450,4.2400,0.005000,model,model
1994-05-11,329.510492,369.978008,338.153784,4.2200,0.005000,model,model
1994-05-12,330.827904,374.277294,339.509779,4.1200,0.005000,model,model
1994-05-13,329.185669,368.562833,337.828488,4.1100,0.005000,model,model
1994-05-16,325.278593,355.292036,333.822853,4.1500,0.005000,model,model
1994-05-17,325.287625,355.190916,333.836096,4.1900,0.005000,model,model
1994-05-18,332.587419,378.948836,341.331701,4.1900,0.005000,model,model
1994-05-19,335.402664,388.424773,344.225027,4.1300,0.005000,model,model
1994-05-20,334.193553,384.078587,342.988211,4.1400,0.005000,model,model
1994-05-23,333.760456,382.443559,342.547799,4.1600,0.005000,model,model
1994-05-24,340.175963,404.333967,349.136293,4.2100,0.005000,model,model
1994-05-25,341.294835,408.171266,350.288793,4.1800,0.005000,model,model
1994-05-26,339.093163,400.115337,348.033272,4.1500,0.005000,model,model
1994-05-27,340.004519,403.191690,348.972799,4.1700,0.005000,model,model
1994-05-31,341.845267,409.586011,350.866254,4.1700,0.005000,model,model
1994-06-01,342.188154,410.666971,351.222367,4.1800,0.005000,model,model
1994-06-02,343.478470,415.158964,352.550930,4.1300,0.005000,model,model
1994-06-03,345.391391,421.938521,354.518575,4.1100,0.005000,model,model
1994-06-06,345.409428,421.853140,354.541309,4.0850,0.005000,model,model
1994-06-07,342.873901,412.400793,351.942969,4.1300,0.005000,model,model
1994-06-08,334.762022,382.952206,343.620719,4.1100,0.005000,model,model
1994-06-09,334.130384,380.644096,342.976457,4.1100,0.005000,model,model
1994-06-10,338.046492,393.877045,347.000327,4.1100,0.005000,model,model
1994-06-13,335.556071,385.020931,344.448073,4.1100,0.005000,model,model
1994-06-14,340.518850,401.948180,349.546463,4.1000,0.005000,model,model
1994-06-15,340.879774,403.079557,349.921117,4.1200,0.005000,model,model
1994-06-16,340.897810,402.997967,349.943797,4.1100,0.005000,model,model
1994-06-17,335.610208,384.081191,344.520050,4.1100,0.005000,model,model
1994-06-20,331.901644,371.197229,340.717132,4.1100,0.005000,model,model
1994-06-21,325.720750,350.302152,334.376126,4.1800,0.005000,model,model
1994-06-22,327.750978,356.717361,336.464284,4.1800,0.005000,model,model
1994-06-23,318.962328,327.862423,327.445992,4.1500,0.005000,model,model
1994-06-24,317.401326,322.924159,325.847369,4.1600,0.005000,model,model
1994-06-27,325.883162,348.669043,334.558785,4.1400,0.005000,model,model
1994-06-28,326.686215,351.116114,335.387201,4.1800,0.005000,model,model
1994-06-29,327.299816,352.965238,336.021137,4.1300,0.005000,model,model
1994-06-30,325.107149,345.735978,333.774044,4.1400,0.005000,model,model
1994-07-01,324.863532,344.830800,333.527905,4.1900,0.005000,model,model
1994-07-05,322.048287,335.729831,330.641546,4.2000,0.005000,model,model
1994-07-06,319.079635,326.309846,327.597617,4.2900,0.005000,model,model
1994-07-07,324.141684,341.703101,332.798700,4.2400,0.005000,model,model
1994-07-08,324.213858,341.800176,332.876764,4.3700,0.005000,model,model
1994-07-11,323.744659,340.182293,332.398991,4.4200,0.005000,model,model
1994-07-12,326.018505,347.210296,334.737578,4.4500,0.005000,model,model
1994-07-13,333.083713,369.626777,341.995724,4.4100,0.005000,model,model
1994-07-14,331.621926,364.615973,340.498897,4.3000,0.005000,model,model
1994-07-15,331.369276,363.645479,340.243538,4.2600,0.005000,model,model
1994-07-18,332.217463,366.300080,341.118489,4.2300,0.005000,model,model
1994-07-19,329.095431,355.826128,337.916871,4.2500,0.005000,model,model
1994-07-20,324.412370,340.486027,333.112303,4.3100,0.005000,model,model
1994-07-21,326.830590,347.963178,335.599339,4.3300,0.005000,model,model
1994-07-22,329.402218,356.035310,338.243958,4.3700,0.005000,model,model
1994-07-25,330.349646,358.967575,339.220844,4.3800,0.005000,model,model
1994-07-26,328.454789,352.645562,337.279140,4.4100,0.005000,model,model
1994-07-27,326.469666,346.107609,335.244700,4.4500,0.005000,model,model
1994-07-28,326.767448,346.919921,335.554477,4.4100,0.005000,model,model
1994-07-29,334.004073,369.815584,342.989695,4.2700,0.005000,model,model
1994-08-01,337.090004,379.916826,346.162729,4.2800,0.005000,model,model
1994-08-02,336.368156,377.329737,345.425574,4.3200,0.005000,model,model
1994-08-03,334.292823,370.194920,343.298470,4.3400,0.005000,model,model
1994-08-04,331.648994,361.262518,340.587505,4.3200,0.005000,model,model
1994-08-05,331.288071,359.940654,340.220908,4.4600,0.005000,model,model
1994-08-08,332.858132,364.912679,341.837355,4.4500,0.005000,model,model
1994-08-09,334.455235,370.017784,343.481611,4.4500,0.005000,model,model
1994-08-10,337.405823,379.659762,346.515920,4.3500,0.005000,model,model
1994-08-11,337.911122,381.219266,347.038987,4.3400,0.005000,model,model
1994-08-12,340.139862,388.609088,349.332063,4.3600,0.005000,model,model
1994-08-15,340.248136,388.828242,349.447422,4.4500,0.005000,model,model
1994-08-16,343.361163,399.332705,352.648776,4.6200,0.005000,model,model
1994-08-17,349.108960,419.207301,358.556243,4.5600,0.005000,model,model
1994-08-18,347.963019,414.906863,357.383560,4.5800,0.005000,model,model
1994-08-19,346.600502,409.862632,355.988410,4.5500,0.005000,model,model
1994-08-22,345.418460,405.502023,354.778590,4.5400,0.005000,model,model
1994-08-23,348.964585,417.816011,358.425031,4.5700,0.005000,model,model
1994-08-24,350.498546,423.154489,360.004844,4.5300,0.005000,model,model
1994-08-25,353.250621,432.943492,362.835848,4.5500,0.005000,model,model
1994-08-26,360.261693,458.523692,370.041480,4.5400,0.005000,model,model
1994-08-29,359.521781,455.512512,369.285887,4.5600,0.005000,model,model
1994-08-30,362.499437,466.636048,372.348809,4.5900,0.005000,model,model
1994-08-31,359.034518,453.055309,368.794179,4.5600,0.005000,model,model
1994-09-01,353.358896,431.367824,362.968666,4.5400,0.005000,model,model
1994-09-02,353.178448,430.533982,362.787631,4.5600,0.005000,model,model
1994-09-06,355.235744,437.878508,364.905221,4.5500,0.005000,model,model
1994-09-07,358.267538,448.904432,368.023884,4.5400,0.005000,model,model
1994-09-08,361.606146,461.262972,371.457790,4.5400,0.005000,model,model
1994-09-09,356.273411,440.650602,365.984191,4.5700,0.005000,model,model
1994-09-12,353.413061,429.849841,363.050235,4.5800,0.005000,model,model
1994-09-13,357.942715,446.188072,367.707729,4.6000,0.005000,model,model
1994-09-14,358.935276,449.717125,368.731746,4.5800,0.005000,model,model
1994-09-15,367.335906,481.080963,377.366045,4.5800,0.005000,model,model
1994-09-16,364.962790,471.553109,374.932624,4.6200,0.005000,model,model
1994-09-19,364.430423,469.298304,374.390177,4.5800,0.005000,model,model
1994-09-20,358.087090,444.578187,367.877940,4.6100,0.005000,model,model
1994-09-21,355.253781,433.827503,364.971542,4.8100,0.005000,model,model
1994-09-22,355.109406,433.116565,364.827563,4.7800,0.005000,model,model
1994-09-23,352.086644,421.863957,361.726421,4.7800,0.005000,model,model
1994-09-26,350.913607,417.467071,360.525574,4.7700,0.005000,model,model
1994-09-27,351.301599,418.677565,360.928486,4.7300,0.005000,model,model
1994-09-28,353.683747,427.020252,363.380209,4.5200,0.005000,model,model
1994-09-29,353.007004,424.396008,362.689239,4.5600,0.005000,model,model
1994-09-30,355.380119,432.772981,365.131761,4.6700,0.005000,model,model
1994-10-03,354.360489,428.865386,364.088500,4.7200,0.005000,model,model
1994-10-04,345.328222,395.853235,354.812610,4.9400,0.005000,model,model
1994-10-05,349.190166,408.949153,358.784846,4.9600,0.005000,model,model
1994-10-06,345.454561,395.634239,354.950869,4.9500,0.005000,model,model
1994-10-07,349.524021,409.433382,359.136421,4.8700,0.005000,model,model
1994-10-10,354.477796,426.650070,364.230707,4.8700,0.005000,model,model
1994-10-11,361.191085,450.684715,371.133038,4.8600,0.005000,model,model
1994-10-12,360.794060,449.000765,370.729504,4.9800,0.005000,model,model
1994-10-13,360.803065,448.841897,370.743170,4.9000,0.005000,model,model
1994-10-14,359.846604,445.078321,369.764772,4.8500,0.005000,model,model
1994-10-17,358.087090,438.354111,367.961164,4.8500,0.005000,model,model
1994-10-18,359.124756,441.973568,369.031824,4.8900,0.005000,model,model
1994-10-19,364.295080,460.853890,374.349173,4.9100,0.005000,model,model
1994-10-20,363.627342,458.115679,373.667462,5.0000,0.005000,model,model
1994-10-21,361.398602,449.483306,371.381633,5.0000,0.005000,model,model
1994-10-24,359.837600,443.455765,369.781932,5.0200,0.005000,model,model
1994-10-25,359.557881,442.224788,369.498886,5.0500,0.005000,model,model
1994-10-26,364.385290,459.825445,374.464161,5.0000,0.005000,model,model
1994-10-27,366.000457,465.734094,376.128461,4.9700,0.005000,model,model
1994-10-28,371.612910,486.934045,381.900701,5.0100,0.005000,model,model
1994-10-31,372.704714,491.007869,383.027276,5.0200,0.005000,model,model
1994-11-01,370.006776,480.116189,380.259175,5.0800,0.005000,model,model
1994-11-02,368.969109,475.859540,379.197283,5.0800,0.005000,model,model
1994-11-03,368.301398,473.061783,378.515577,5.0900,0.005000,model,model
1994-11-04,362.246788,449.494254,372.297559,5.1700,0.005000,model,model
1994-11-07,361.100847,445.019134,371.124255,5.2200,0.005000,model,model
1994-11-08,367.642692,468.977937,377.852106,5.2300,0.005000,model,model
1994-11-09,368.436741,471.801350,378.672705,5.1800,0.005000,model,model
1994-11-10,366.451619,463.952369,376.636939,5.2200,0.005000,model,model
1994-11-11,365.242509,459.143310,375.398706,5.2300,0.005000,model,model
1994-11-14,371.910692,484.053455,382.256779,5.2900,0.005000,model,model
1994-11-15,371.558773,482.451373,381.899621,5.3600,0.005000,model,model
1994-11-16,372.406959,485.525780,382.775959,5.3700,0.005000,model,model
1994-11-17,370.836925,479.151948,381.166767,5.3500,0.005000,model,model
1994-11-18,372.145278,483.994875,382.516102,5.3400,0.005000,model,model
1994-11-21,369.302964,472.668263,379.599134,5.3400,0.005000,model,model
1994-11-22,359.061587,433.084746,369.076746,5.3400,0.005000,model,model
1994-11-23,358.375840,430.400765,368.376265,5.2900,0.005000,model,model
1994-11-25,361.985134,443.193218,372.090661,5.2800,0.005000,model,model
1994-11-28,364.376286,451.759307,374.552997,5.3700,0.005000,model,model
1994-11-29,369.140553,469.244259,379.454784,5.5200,0.005000,model,model
1994-11-30,365.278609,454.274461,375.489451,5.5500,0.005000,model,model
1994-12-01,358.817970,429.926092,368.852683,5.5500,0.005000,model,model
1994-12-02,362.770151,443.907151,372.919783,5.6200,0.005000,model,model
1994-12-05,363.374692,445.899945,373.545677,5.7900,0.005000,model,model
1994-12-06,360.911367,436.597686,371.017850,5.7800,0.005000,model,model
1994-12-07,357.094528,422.514837,367.098546,5.7000,0.005000,model,model
1994-12-08,348.567560,392.008033,358.337065,5.6700,0.005000,model,model
1994-12-09,350.669989,398.900959,360.502686,5.6500,0.005000,model,model
1994-12-12,350.895570,399.470911,360.738884,5.7200,0.005000,model,model
1994-12-13,349.677428,395.104971,359.490865,5.7800,0.005000,model,model
1994-12-14,353.394996,407.498749,363.317044,5.6600,0.005000,model,model
1994-12-15,355.244776,413.694532,365.223084,5.5300,0.005000,model,model
1994-12-16,353.719847,408.161624,363.659670,5.5400,0.005000,model,model
1994-12-19,352.285156,402.992373,362.188992,5.5500,0.005000,model,model
1994-12-20,352.456572,403.387585,362.369539,5.4700,0.005000,model,model
1994-12-21,358.944281,425.450263,369.044030,5.4100,0.005000,model,model
1994-12-22,360.748928,431.658412,370.903849,5.4500,0.005000,model,model
1994-12-23,361.967070,435.818758,372.160697,5.5200,0.005000,model,model
1994-12-27,364.565766,444.986034,374.837007,5.5200,0.005000,model,model
1994-12-28,361.164016,432.303037,371.343879,5.5100,0.005000,model,model
1994-12-29,366.623062,451.678754,376.961216,5.5000,0.005000,model,model
1994-12-30,364.782315,444.650486,375.073050,5.5300,0.005000,model,model
1995-01-03,359.124756,423.726651,369.260353,5.5200,0.005000,model,model
1995-01-04,360.613585,428.780918,370.795597,5.6900,0.005000,model,model
1995-01-05,359.142793,423.315558,369.287691,5.7100,0.005000,model,model
1995-01-06,362.364094,434.482797,372.604383,5.7400,0.005000,model,model
1995-01-09,364.114604,440.555203,374.408797,5.7500,0.005000,model,model
1995-01-10,367.759999,453.553356,378.161711,5.7400,0.005000,model,model
1995-01-11,367.335906,451.759056,377.730125,5.6500,0.005000,model,model
1995-01-12,367.534418,452.269527,377.938751,5.6100,0.005000,model,model
1995-01-13,370.385764,462.565633,380.875313,5.5600,0.005000,model,model
1995-01-16,373.246114,473.047041,383.821205,5.5600,0.005000,model,model
1995-01-17,376.169661,483.920053,386.832153,5.6100,0.005000,model,model
1995-01-18,378.308163,491.923411,389.035876,5.7200,0.005000,model,model
1995-01-19,377.017819,486.639661,387.713573,5.7100,0.005000,model,model
1995-01-20,370.069945,459.464814,380.573208,5.7400,0.005000,model,model
1995-01-23,371.658043,465.143532,382.210910,5.7500,0.005000,model,model
1995-01-24,373.201008,470.695585,383.802236,5.8000,0.005000,model,model
1995-01-25,370.737655,461.128644,381.273478,5.7700,0.005000,model,model
1995-01-26,366.794506,446.168503,377.222809,5.7600,0.005000,model,model
1995-01-27,367.444180,448.313070,377.895445,5.7500,0.005000,model,model
1995-01-30,362.472369,429.872955,372.786718,5.7200,0.005000,model,model
1995-01-31,365.738775,441.263646,376.150510,5.8400,0.005000,model,model
1995-02-01,367.299805,446.681795,377.760457,5.8800,0.005000,model,model
1995-02-02,370.990305,459.905026,381.560559,5.8400,0.005000,model,model
1995-02-03,375.492918,476.401148,386.196002,5.7900,0.005000,model,model
1995-02-06,379.815028,492.594829,390.645908,5.7900,0.005000,model,model
1995-02-07,379.490204,491.080482,390.316472,5.8000,0.005000,model,model
1995-02-08,384.083028,508.645864,395.044968,5.7600,0.005000,model,model
1995-02-09,384.777807,511.147344,395.764280,5.7700,0.005000,model,model
1995-02-10,388.693888,526.479664,399.796887,5.8000,0.005000,model,model
1995-02-13,386.889241,518.873713,397.945450,5.7800,0.005000,model,model
1995-02-14,387.827665,522.383500,398.915429,5.7900,0.005000,model,model
1995-02-15,390.245885,531.882813,401.407534,5.7600,0.005000,model,model
1995-02-16,388.775094,525.599325,399.899454,5.6800,0.005000,model,model
1995-02-17,384.083028,506.289126,395.077891,5.6900,0.005000,model,model
1995-02-21,383.325079,503.035656,394.302948,5.7300,0.005000,model,model
1995-02-22,387.286265,518.365404,398.382271,5.6800,0.005000,model,model
1995-02-23,388.928501,524.695133,400.076300,5.7000,0.005000,model,model
1995-02-24,386.573449,514.892238,397.658509,5.7200,0.005000,model,model
1995-02-27,383.261910,501.389665,394.256745,5.7200,0.005000,model,model
1995-02-28,390.254917,528.555686,401.455058,5.7500,0.005000,model,model
1995-03-01,387.818633,518.381570,398.953632,5.7500,0.005000,model,model
1995-03-02,389.515005,524.917539,400.703460,5.7400,0.005000,model,model
1995-03-03,394.026623,542.877509,405.349440,5.7100,0.005000,model,model
1995-03-06,394.531922,544.692074,405.874085,5.7400,0.005000,model,model
1995-03-07,389.912030,525.263480,401.126210,5.7800,0.005000,model,model
1995-03-08,394.324405,542.813329,405.670264,5.7700,0.005000,model,model
1995-03-09,394.333410,542.579084,405.684357,5.7300,0.005000,model,model
1995-03-10,398.610442,559.943507,410.089334,5.7600,0.005000,model,model
1995-03-13,397.762255,556.085039,409.221604,5.7400,0.005000,model,model
1995-03-14,402.679902,576.410942,414.285798,5.7400,0.005000,model,model
1995-03-15,400.243645,565.649709,411.784256,5.7400,0.005000,model,model
1995-03-16,401.245211,569.609066,412.819603,5.7300,0.005000,model,model
1995-03-17,400.577500,566.477769,412.137546,5.7300,0.005000,model,model
1995-03-20,402.986689,576.405656,414.621166,5.7200,0.005000,model,model
1995-03-21,403.455915,578.128896,415.108875,5.7300,0.005000,model,model
1995-03-22,403.455915,577.840343,415.113817,5.7200,0.005000,model,model
1995-03-23,404.980844,584.098985,416.687750,5.6900,0.005000,model,model
1995-03-24,410.945189,609.591485,422.829469,5.6600,0.005000,model,model
1995-03-27,412.470118,616.069756,424.403532,5.6600,0.005000,model,model
1995-03-28,415.556076,629.577645,427.583824,5.6900,0.005000,model,model
1995-03-29,407.732919,593.674164,419.539326,5.6600,0.005000,model,model
1995-03-30,404.619920,579.768326,416.341180,5.6800,0.005000,model,model
1995-03-31,403.473951,574.548935,415.166971,5.7000,0.005000,model,model
1995-04-03,404.683061,579.423807,416.416065,5.6900,0.005000,model,model
1995-04-04,398.700652,553.412045,410.265165,5.7200,0.005000,model,model
1995-04-05,401.227174,563.647436,412.869854,5.6900,0.005000,model,model
1995-04-06,396.950170,545.326302,408.473656,5.6500,0.005000,model,model
1995-04-07,400.640670,560.251127,412.276154,5.6700,0.005000,model,model
1995-04-10,405.468078,580.206325,417.248669,5.6500,0.005000,model,model
1995-04-11,409.050304,595.282806,420.939941,5.6500,0.005000,model,model
1995-04-12,412.343807,609.354273,424.334186,5.6400,0.005000,model,model
1995-04-13,414.103321,616.849666,426.149916,5.5900,0.005000,model,model
1995-04-17,412.415980,609.000191,424.418562,5.6000,0.005000,model,model
1995-04-18,409.140542,594.177788,421.052851,5.6000,0.005000,model,model
1995-04-19,403.392745,568.820380,415.142717,5.6000,0.005000,model,model
1995-04-20,405.152287,575.978714,416.958453,5.5900,0.005000,model,model
1995-04-21,407.254689,584.654237,419.127083,5.6100,0.005000,model,model
1995-04-24,411.829476,604.050364,423.840224,5.6200,0.005000,model,model
1995-04-25,414.256728,614.421786,426.343312,5.6600,0.005000,model,model
1995-04-26,417.802853,629.880671,429.997976,5.6700,0.005000,model,model
1995-04-27,419.887218,638.986182,432.148300,5.6800,0.005000,model,model
1995-04-28,423.695024,656.035670,436.072442,5.6900,0.005000,model,model
1995-05-01,420.527860,640.982796,432.817947,5.7000,0.005000,model,model
1995-05-02,419.923319,637.897367,432.200890,5.6900,0.005000,model,model
1995-05-03,428.540497,676.813990,441.075160,5.6500,0.005000,model,model
1995-05-04,427.791581,672.932385,440.309589,5.5800,0.005000,model,model
1995-05-05,424.362735,656.408435,436.785650,5.5600,0.005000,model,model
1995-05-08,430.209801,683.194962,442.809085,5.5700,0.005000,model,model
1995-05-09,429.505990,679.503425,442.089933,5.6200,0.005000,model,model
1995-05-10,426.690745,665.794491,439.197468,5.6300,0.005000,model,model
1995-05-11,432.727291,693.694966,445.416180,5.6600,0.005000,model,model
1995-05-12,435.993698,709.043662,448.783671,5.6900,0.005000,model,model
1995-05-15,438.836012,722.544797,451.714707,5.6900,0.005000,model,model
1995-05-16,443.076943,743.113129,456.085476,5.6900,0.005000,model,model
1995-05-17,446.370418,759.299907,459.481076,5.6700,0.005000,model,model
1995-05-18,440.351909,728.178652,453.291262,5.6900,0.005000,model,model
1995-05-19,442.021213,736.090635,455.015013,5.6800,0.005000,model,model
1995-05-22,446.731342,759.230733,459.869021,5.7200,0.005000,model,model
1995-05-23,453.976999,795.757227,467.333235,5.7200,0.005000,model,model
1995-05-24,451.612916,782.917928,464.905163,5.6900,0.005000,model,model
1995-05-25,452.659614,787.969428,465.988204,5.6600,0.005000,model,model
1995-05-26,447.606597,761.165541,460.791948,5.6600,0.005000,model,model
1995-05-30,434.992105,696.372578,447.811350,5.6400,0.005000,model,model
1995-05-31,440.424110,722.092284,453.408768,5.6300,0.005000,model,model
1995-06-01,443.004742,734.425333,456.070880,5.5100,0.005000,model,model
1995-06-02,444.529671,741.654331,457.646215,5.4200,0.005000,model,model
1995-06-05,451.892634,778.113744,465.231882,5.5100,0.005000,model,model
1995-06-06,446.758411,751.189643,459.951642,5.5300,0.005000,model,model
1995-06-07,448.590127,760.055455,461.842926,5.5600,0.005000,model,model
1995-06-08,451.937739,776.683320,465.294936,5.5900,0.005000,model,model
1995-06-09,451.531710,774.208901,464.882446,5.5900,0.005000,model,model
1995-06-12,452.686683,779.768234,466.077103,5.5600,0.005000,model,model
1995-06-13,455.962122,796.307015,469.454977,5.4400,0.005000,model,model
1995-06-14,456.656901,799.565261,470.175905,5.4400,0.005000,model,model
1995-06-15,461.980604,827.119314,475.662810,5.4700,0.005000,model,model
1995-06-16,467.015585,853.739265,480.852572,5.4900,0.005000,model,model
1995-06-19,478.709717,917.401141,492.898909,5.4600,0.005000,model,model
1995-06-20,486.848638,963.707630,501.284939,5.4800,0.005000,model,model
1995-06-21,483.212303,941.634849,497.546745,5.4300,0.005000,model,model
1995-06-22,492.722773,996.737352,507.345265,5.3600,0.005000,model,model
1995-06-23,491.459498,988.595696,506.050540,5.3700,0.005000,model,model
1995-06-26,484.087530,943.600153,498.465728,5.3700,0.005000,model,model
1995-06-27,476.282465,897.470104,490.434774,5.3700,0.005000,model,model
1995-06-28,478.817992,911.365757,493.051480,5.4000,0.005000,model,model
1995-06-29,483.834908,939.546478,498.223401,5.5000,0.005000,model,model
1995-06-30,485.477144,948.658434,499.920405,5.4300,0.005000,model,model
1995-07-03,486.325275,953.174755,500.799720,5.4400,0.005000,model,model
1995-07-05,490.313584,976.144234,504.912695,5.5000,0.005000,model,model
1995-07-06,499.769917,1032.108376,514.656601,5.3700,0.005000,model,model
1995-07-07,512.122728,1108.080275,527.383494,5.3600,0.005000,model,model
1995-07-10,517.536669,1142.669680,532.965043,5.3500,0.005000,model,model
1995-07-11,508.892395,1084.818236,524.069417,5.3800,0.005000,model,model
1995-07-12,523.085981,1174.987884,538.692547,5.3800,0.005000,model,model
1995-07-13,526.280186,1195.939277,541.988466,5.3800,0.005000,model,model
1995-07-14,532.235499,1235.930727,548.127984,5.4300,0.005000,model,model
1995-07-17,538.605901,1279.678201,554.695131,5.4400,0.005000,model,model
1995-07-18,521.958076,1160.290159,537.556606,5.4400,0.005000,model,model
1995-07-19,493.679233,970.964841,508.439059,5.4100,0.005000,model,model
1995-07-20,496.575712,987.577627,511.428188,5.4300,0.005000,model,model
1995-07-21,494.274798,973.367586,509.064543,5.4300,0.005000,model,model
1995-07-24,507.683312,1052.041265,522.880328,5.4400,0.005000,model,model
1995-07-25,516.769716,1107.972462,532.244950,5.4400,0.005000,model,model
1995-07-26,520.496317,1131.391044,536.089484,5.4500,0.005000,model,model
1995-07-27,527.182510,1174.414640,542.982366,5.4000,0.005000,model,model
1995-07-28,518.096105,1113.073001,533.630103,5.4100,0.005000,model,model
1995-07-31,513.313802,1081.692490,528.710765,5.4200,0.005000,model,model
1995-08-01,504.588349,1025.962580,519.729884,5.4400,0.005000,model,model
1995-08-02,497.685552,983.329956,512.626138,5.4100,0.005000,model,model
1995-08-03,499.039037,990.880022,514.026357,5.4100,0.005000,model,model
1995-08-04,505.824528,1030.791517,521.021751,5.4000,0.005000,model,model
1995-08-07,508.594667,1047.224657,523.881321,5.3900,0.005000,model,model
1995-08-08,510.453452,1058.203115,525.802211,5.3800,0.005000,model,model
1995-08-09,519.278147,1112.533343,534.898514,5.3800,0.005000,model,model
1995-08-10,514.098819,1078.686726,529.569755,5.3900,0.005000,model,model
1995-08-11,519.413517,1111.596668,535.050695,5.4200,0.005000,model,model
1995-08-14,527.615607,1163.677586,543.506082,5.4200,0.005000,model,model
1995-08-15,527.002034,1159.058967,542.880500,5.4600,0.005000,model,model
1995-08-16,538.172803,1232.141543,554.394305,5.4200,0.005000,model,model
1995-08-17,538.037488,1230.626978,554.261511,5.4300,0.005000,model,model
1995-08-18,537.351713,1225.333135,553.561656,5.4300,0.005000,model,model
1995-08-21,522.346069,1121.996183,538.109936,5.4300,0.005000,model,model
1995-08-22,531.694127,1181.640528,547.746515,5.4500,0.005000,model,model
1995-08-23,533.561943,1193.520897,549.677243,5.4300,0.005000,model,model
1995-08-24,526.198953,1143.503980,542.098410,5.3400,0.005000,model,model
1995-08-25,523.437845,1124.951753,539.260327,5.3400,0.005000,model,model
1995-08-28,510.760211,1042.609145,526.205893,5.3100,0.005000,model,model
1995-08-29,511.455018,1046.374390,526.927976,5.3300,0.005000,model,model
1995-08-30,516.877991,1079.140767,532.521282,5.3000,0.005000,model,model
1995-08-31,520.433147,1100.889021,536.190375,5.2700,0.005000,model,model
1995-09-01,517.220878,1079.976671,532.887230,5.2700,0.005000,model,model
1995-09-05,537.207311,1204.549244,553.485386,5.2900,0.005000,model,model
1995-09-06,536.088438,1196.455596,552.339199,5.3200,0.005000,model,model
1995-09-07,540.618120,1226.195492,557.012767,5.3400,0.005000,model,model
1995-09-08,545.247044,1257.088010,561.788698,5.3500,0.005000,model,model
1995-09-11,550.191759,1290.668063,566.890113,5.3400,0.005000,model,model
1995-09-12,546.799014,1266.169932,563.401147,5.3000,0.005000,model,model
1995-09-13,548.342007,1276.291856,564.997696,5.3000,0.005000,model,model
1995-09-14,545.111673,1253.125363,561.675968,5.2700,0.005000,model,model
1995-09-15,531.477578,1158.424054,547.634261,5.2900,0.005000,model,model
1995-09-18,533.390500,1170.385553,549.611854,5.2800,0.005000,model,model
1995-09-19,542.314492,1228.539897,558.813784,5.1900,0.005000,model,model
1995-09-20,544.272519,1241.278418,560.838034,5.1700,0.005000,model,model
1995-09-21,536.747117,1189.171809,553.090265,5.2300,0.005000,model,model
1995-09-22,534.753017,1175.364295,551.042032,5.2000,0.005000,model,model
1995-09-25,530.503054,1146.774359,546.669171,5.2400,0.005000,model,model
1995-09-26,524.042441,1104.306163,540.018191,5.2800,0.005000,model,model
1995-09-27,519.936825,1077.817556,535.793842,5.2600,0.005000,model,model
1995-09-28,537.279512,1185.067055,553.671824,5.2600,0.005000,model,model
1995-09-29,527.931454,1122.605947,544.045149,5.2400,0.005000,model,model
1995-10-02,517.816387,1057.499536,533.627824,5.2500,0.005000,model,model
1995-10-03,517.175718,1053.077186,532.973944,5.3400,0.005000,model,model
1995-10-04,504.389809,974.406064,519.803808,5.3100,0.005000,model,model
1995-10-05,516.805789,1045.842727,532.605405,5.2700,0.005000,model,model
1995-10-06,511.996390,1016.132263,527.655314,5.2900,0.005000,model,model
1995-10-09,493.507790,905.472185,508.607540,5.2900,0.005000,model,model
1995-10-10,496.963704,924.058624,512.175249,5.2700,0.005000,model,model
1995-10-11,509.208241,991.865065,524.800676,5.3000,0.005000,model,model
1995-10-12,517.121581,1037.602483,532.962577,5.2900,0.005000,model,model
1995-10-13,514.324400,1020.268499,530.086055,5.2900,0.005000,model,model
1995-10-16,512.934841,1011.516663,528.660223,5.3200,0.005000,model,model
1995-10-17,531.856539,1122.880416,548.168309,5.2700,0.005000,model,model
1995-10-18,539.562362,1171.124050,556.116992,5.2400,0.005000,model,model
1995-10-19,542.531041,1189.899116,559.183376,5.2400,0.005000,model,model
1995-10-20,534.067242,1133.607085,550.466448,5.2600,0.005000,model,model
1995-10-23,535.321485,1141.063903,551.765757,5.2700,0.005000,model,model
1995-10-24,536.187681,1146.077902,552.665129,5.2100,0.005000,model,model
1995-10-25,527.254711,1088.216195,543.464222,5.2200,0.005000,model,model
1995-10-26,525.576347,1077.317365,541.740730,5.2200,0.005000,model,model
1995-10-27,535.556098,1138.131537,552.033863,5.2400,0.005000,model,model
1995-10-30,547.800580,1215.592917,564.661649,5.2700,0.005000,model,model
1995-10-31,540.293297,1165.001990,556.930017,5.3100,0.005000,model,model
1995-11-01,542.215195,1176.880369,558.917725,5.3200,0.005000,model,model
1995-11-02,554.649239,1257.217688,571.741444,5.3100,0.005000,model,model
1995-11-03,560.983568,1299.665199,578.277779,5.3100,0.005000,model,model
1995-11-06,555.578604,1261.455284,572.713073,5.3400,0.005000,model,model
1995-11-07,537.992328,1140.953214,554.591241,5.3700,0.005000,model,model
1995-11-08,540.239104,1154.700365,556.913941,5.3500,0.005000,model,model
1995-11-09,556.688499,1259.527194,573.877687,5.3900,0.005000,model,model
1995-11-10,553.674715,1238.455248,570.777676,5.4100,0.005000,model,model
1995-11-13,548.901443,1205.806508,565.863753,5.4200,0.005000,model,model
1995-11-14,533.886767,1106.189600,550.391826,5.3800,0.005000,model,model
1995-11-15,535.510938,1115.754405,552.072760,5.3900,0.005000,model,model
1995-11-16,533.904831,1105.184801,550.423553,5.3400,0.005000,model,model
1995-11-17,531.297103,1088.459062,547.741696,5.3400,0.005000,model,model
1995-11-20,515.831265,992.801300,531.803683,5.3500,0.005000,model,model
1995-11-21,518.132178,1005.609512,534.182174,5.3500,0.005000,model,model
1995-11-22,513.458149,977.897741,529.369719,5.3500,0.005000,model,model
1995-11-24,521.831738,1025.238626,538.009099,5.3200,0.005000,model,model
1995-11-27,517.852460,1001.283626,533.912864,5.3300,0.005000,model,model
1995-11-28,539.589458,1126.775828,556.330358,5.3600,0.005000,model,model
1995-11-29,541.015144,1135.172721,557.806900,5.3400,0.005000,model,model
1995-11-30,535.727487,1101.327694,552.361767,5.3200,0.005000,model,model
1995-12-01,529.681963,1063.496888,546.135106,5.2900,0.005000,model,model
1995-12-04,539.589458,1122.620605,556.356852,5.3100,0.005000,model,model
1995-12-05,533.480710,1083.934693,550.064902,5.3000,0.005000,model,model
1995-12-06,532.352806,1076.549947,548.908483,5.3100,0.005000,model,model
1995-12-07,529.781206,1060.430929,546.263444,5.3400,0.005000,model,model
1995-12-08,540.834669,1126.243957,557.667298,5.3500,0.005000,model,model
1995-12-11,537.884053,1107.268857,554.631489,5.3200,0.005000,model,model
1995-12-12,527.895325,1045.011767,544.338357,5.2500,0.005000,model,model
1995-12-13,530.151134,1057.914776,546.670910,5.2600,0.005000,model,model
1995-12-14,510.976760,942.526249,526.905560,5.2600,0.005000,model,model
1995-12-15,508.260812,927.052926,524.111221,5.2100,0.005000,model,model
1995-12-18,494.509356,851.309417,509.937157,5.2000,0.005000,model,model
1995-12-19,518.845049,976.489386,535.038151,5.0700,0.005000,model,model
1995-12-20,509.948153,925.778993,525.869952,5.0000,0.005000,model,model
1995-12-21,524.033409,1002.017120,540.401245,4.9100,0.005000,model,model
1995-12-22,528.021664,1024.444510,544.520503,4.8800,0.005000,model,model
1995-12-26,527.940486,1023.535953,544.443271,4.8600,0.005000,model,model
1995-12-27,523.681490,998.301210,540.057626,4.9000,0.005000,model,model
1995-12-28,516.092974,954.437481,532.238237,4.8300,0.005000,model,model
1995-12-29,519.945858,975.378036,536.217989,4.9600,0.005000,model,model
1996-01-02,528.707439,1024.212766,545.260154,4.9700,0.005000,model,model
1996-01-03,516.390701,952.108749,532.564296,5.0500,0.005000,model,model
1996-01-04,508.441233,907.674795,524.372188,5.0300,0.005000,model,model
1996-01-05,509.939121,915.288925,525.923251,5.0400,0.005000,model,model
1996-01-08,508.143506,905.207858,524.077613,5.0300,0.005000,model,model
1996-01-09,482.219714,766.130217,497.347155,5.0100,0.005000,model,model
1996-01-10,483.004731,769.530481,498.162719,5.0400,0.005000,model,model
1996-01-11,500.970023,854.973623,516.697741,5.0300,0.005000,model,model
1996-01-12,498.723246,843.083521,514.386579,5.0200,0.005000,model,model
1996-01-15,482.237778,759.024335,497.389478,5.0200,0.005000,model,model
1996-01-16,492.713741,808.109177,508.200512,5.0000,0.005000,model,model
1996-01-17,492.226506,805.356786,507.704013,4.9900,0.005000,model,model
1996-01-18,500.175974,843.988566,515.909487,4.9500,0.005000,model,model
1996-01-19,509.487959,890.713830,525.520531,4.9600,0.005000,model,model
1996-01-22,515.452304,921.576097,531.678818,4.9800,0.005000,model,model
1996-01-23,511.933220,902.281325,528.055283,4.9700,0.005000,model,model
1996-01-24,525.278620,972.381311,541.827249,4.9800,0.005000,model,model
1996-01-25,516.363660,922.399616,532.637878,4.9700,0.005000,model,model
1996-01-26,520.685769,945.137708,537.102548,4.9700,0.005000,model,model
1996-01-29,519.945858,940.691229,536.345702,5.0000,0.005000,model,model
1996-01-30,526.947897,978.247103,543.574980,4.9900,0.005000,model,model
1996-01-31,534.013105,1017.135884,550.869593,4.9100,0.005000,model,model
1996-02-01,543.090478,1068.517810,560.240056,4.8900,0.005000,model,model
1996-02-02,542.675389,1065.612826,559.818530,4.8400,0.005000,model,model
1996-02-05,555.353023,1139.766370,572.903315,4.8700,0.005000,model,model
1996-02-06,558.718727,1159.985493,576.382203,4.8400,0.005000,model,model
1996-02-07,554.992127,1136.263975,572.544650,4.8000,0.005000,model,model
1996-02-08,562.869393,1184.122690,580.677864,4.7800,0.005000,model,model
1996-02-09,562.156578,1179.123096,579.949409,4.7900,0.005000,model,model
1996-02-12,564.213847,1191.561189,582.078697,4.7900,0.005000,model,model
1996-02-13,558.123163,1152.434297,575.802092,4.7900,0.005000,model,model
1996-02-14,557.266000,1146.635180,574.924632,4.8000,0.005000,model,model
1996-02-15,559.648092,1160.845970,577.389052,4.7700,0.005000,model,model
1996-02-16,558.574325,1153.673873,576.288120,4.7600,0.005000,model,model
1996-02-20,556.580225,1140.818127,574.237643,4.8300,0.005000,model,model
1996-02-21,566.009517,1198.260227,583.972914,4.8200,0.005000,model,model
1996-02-22,580.563944,1290.100709,598.996206,4.8000,0.005000,model,model
1996-02-23,579.824087,1284.618316,598.239990,4.8300,0.005000,model,model
1996-02-26,575.610197,1256.037085,593.899384,4.8500,0.005000,model,model
1996-02-27,569.456344,1215.175543,587.557071,4.8800,0.005000,model,model
1996-02-28,569.763158,1216.618955,587.880632,4.8800,0.005000,model,model
1996-02-29,561.994166,1166.282093,579.871598,4.8800,0.005000,model,model
1996-03-01,545.689174,1064.173209,563.054836,4.8600,0.005000,model,model
1996-03-04,542.747590,1046.492089,560.026344,4.8800,0.005000,model,model
1996-03-05,555.723007,1121.024290,573.421509,4.8900,0.005000,model,model
1996-03-06,548.468346,1076.597614,565.942630,4.8900,0.005000,model,model
1996-03-07,550.011283,1085.213940,567.541464,4.8900,0.005000,model,model
1996-03-08,533.913863,989.367956,550.937736,4.9100,0.005000,model,model
1996-03-11,546.338820,1057.942457,563.765423,4.9500,0.005000,model,model
1996-03-12,540.509845,1023.588418,557.757233,4.9500,0.005000,model,model
1996-03-13,554.703377,1103.700333,572.410312,4.9600,0.005000,model,model
1996-03-14,550.922639,1080.630240,568.515702,4.9700,0.005000,model,model
1996-03-15,560.983568,1139.301667,578.904683,5.0000,0.005000,model,model
1996-03-18,571.405394,1202.233973,589.666335,5.0300,0.005000,model,model
1996-03-19,567.913406,1179.641765,586.069770,5.0300,0.005000,model,model
1996-03-20,555.163571,1099.593267,572.919296,5.0300,0.005000,model,model
1996-03-21,551.779857,1078.991996,569.434182,4.9400,0.005000,model,model
1996-03-22,553.016036,1085.767708,570.716692,4.9700,0.005000,model,model
1996-03-25,539.427046,1005.179111,556.699547,4.9300,0.005000,model,model
1996-03-26,543.270953,1026.206517,560.673163,5.0000,0.005000,model,model
1996-03-27,548.666830,1056.302882,566.248557,5.0200,0.005000,model,model
1996-03-28,548.684894,1055.940755,566.273941,5.0500,0.005000,model,model
1996-03-29,550.137622,1063.857972,567.779980,5.0000,0.005000,model,model
1996-04-01,553.115278,1080.647381,570.859886,5.0300,0.005000,model,model
1996-04-02,555.659837,1095.072370,573.492873,5.0200,0.005000,model,model
1996-04-03,558.150259,1109.302897,576.070049,5.0000,0.005000,model,model
1996-04-04,557.635928,1105.750089,575.546063,4.9800,0.005000,model,model
1996-04-08,550.967744,1065.557427,568.670562,5.0200,0.005000,model,model
1996-04-09,551.373801,1067.446933,569.096435,4.9800,0.005000,model,model
1996-04-10,549.614259,1056.755269,567.287112,4.9500,0.005000,model,model
1996-04-11,545.066568,1030.040538,562.599943,4.9400,0.005000,model,model
1996-04-12,545.950828,1034.604448,563.519345,4.9300,0.005000,model,model
1996-04-15,551.391865,1065.065737,569.142181,4.8700,0.005000,model,model
1996-04-16,564.800379,1142.238018,582.989116,4.8200,0.005000,model,model
1996-04-17,560.081245,1113.094981,578.124948,4.8300,0.005000,model,model
1996-04-18,571.567805,1181.038461,589.988444,4.8500,0.005000,model,model
1996-04-19,571.179813,1178.126709,589.594971,4.8800,0.005000,model,model
1996-04-22,581.357993,1240.541704,600.108321,4.8800,0.005000,model,model
1996-04-23,590.561704,1298.863005,609.616020,4.9600,0.005000,model,model
1996-04-24,599.151842,1354.916904,618.490573,5.0000,0.005000,model,model
1996-04-25,601.561030,1370.655969,620.984885,4.9700,0.005000,model,model
1996-04-26,601.533989,1369.875215,620.964364,4.9700,0.005000,model,model
1996-04-29,601.849780,1371.431591,621.297748,5.0000,0.005000,model,model
1996-04-30,601.606135,1369.163568,621.053626,5.0100,0.005000,model,model
1996-05-01,607.588544,1409.372649,627.236816,4.9700,0.005000,model,model
1996-05-02,592.582900,1304.230854,611.753385,4.9900,0.005000,model,model
1996-05-03,596.499008,1329.491879,615.803464,5.0000,0.005000,model,model
1996-05-06,598.177317,1340.122467,617.543419,4.9900,0.005000,model,model
1996-05-07,596.273427,1326.726471,615.585242,5.0100,0.005000,model,model
1996-05-08,598.718744,1342.453890,618.117085,4.9900,0.005000,model,model
1996-05-09,597.825397,1335.852869,617.202153,4.9900,0.005000,model,model
1996-05-10,606.848632,1395.697079,626.525197,4.9900,0.005000,model,model
1996-05-13,621.267799,1494.472995,641.419353,5.0200,0.005000,model,model
1996-05-14,627.502831,1538.768674,647.864260,5.0100,0.005000,model,model
1996-05-15,622.747568,1503.078107,642.962410,5.0000,0.005000,model,model
1996-05-16,627.340419,1535.643821,647.712003,5.0000,0.005000,model,model
1996-05-17,623.334101,1505.520824,643.583298,5.0100,0.005000,model,model
1996-05-20,625.553836,1520.928961,645.882804,5.0100,0.005000,model,model
1996-05-21,620.672235,1484.616677,640.850252,5.0400,0.005000,model,model
1996-05-22,621.186566,1487.649555,641.388933,5.0400,0.005000,model,model
1996-05-23,624.489101,1510.697472,644.806509,5.0400,0.005000,model,model
1996-05-24,621.619664,1489.187891,641.851393,5.0300,0.005000,model,model
1996-05-28,618.154772,1463.604629,638.281371,5.0400,0.005000,model,model
1996-05-29,610.954248,1411.763616,630.854003,5.0300,0.005000,model,model
1996-05-30,617.225353,1454.570812,637.336877,5.0400,0.005000,model,model
1996-05-31,624.759787,1507.144007,645.124399,5.0400,0.005000,model,model
1996-06-03,621.926478,1485.949287,642.206416,5.0800,0.005000,model,model
1996-06-04,624.940263,1506.869963,645.326120,5.0800,0.005000,model,model
1996-06-05,631.039923,1550.279444,651.632437,5.0800,0.005000,model,model
1996-06-06,619.905282,1467.446379,640.142201,5.0700,0.005000,model,model
1996-06-07,623.920633,1495.276614,644.296254,5.1200,0.005000,model,model
1996-06-10,621.556550,1477.590688,641.862636,5.1400,0.005000,model,model
1996-06-11,623.451407,1490.428232,643.827039,5.1300,0.005000,model,model
1996-06-12,629.063833,1529.972203,649.630555,5.1200,0.005000,model,model
1996-06-13,624.263520,1494.231208,644.681034,5.0900,0.005000,model,model
1996-06-14,614.599616,1424.105021,634.708731,5.0700,0.005000,model,model
1996-06-17,612.172363,1406.586599,632.209617,5.0500,0.005000,model,model
1996-06-18,601.010626,1328.947105,620.690067,5.0700,0.005000,model,model
1996-06-19,602.499426,1338.221957,622.235006,5.0900,0.005000,model,model
1996-06-20,599.548866,1317.942741,619.195204,5.1200,0.005000,model,model
1996-06-21,606.839655,1365.385072,626.732273,5.1200,0.005000,model,model
1996-06-24,611.026395,1393.006097,631.063718,5.1200,0.005000,model,model
1996-06-25,602.788177,1335.985779,622.562857,5.0900,0.005000,model,model
1996-06-26,595.253797,1285.243619,614.788721,5.1000,0.005000,model,model
1996-06-27,605.594445,1351.590074,625.476045,5.0500,0.005000,model,model
1996-06-28,611.143701,1388.113552,631.214929,5.0300,0.005000,model,model
1996-07-01,619.959419,1447.508455,640.327688,5.0700,0.005000,model,model
1996-07-02,613.733365,1403.198870,633.904705,5.1800,0.005000,model,model
1996-07-03,608.021697,1363.356495,628.012860,5.1100,0.005000,model,model
1996-07-05,593.440118,1264.556382,612.959330,5.1500,0.005000,model,model
1996-07-08,591.924221,1254.285780,611.400869,5.1600,0.005000,model,model
1996-07-09,596.219290,1280.993255,615.844542,5.1900,0.005000,model,model
1996-07-10,593.232601,1261.146439,612.766874,5.1500,0.005000,model,model
1996-07-11,573.679266,1135.753379,592.576972,5.1100,0.005000,model,model
1996-07-12,573.029565,1131.380517,591.912922,5.1400,0.005000,model,model
1996-07-15,547.611127,980.162940,565.663903,5.1500,0.005000,model,model
1996-07-16,554.252215,1015.349791,572.530658,5.1100,0.005000,model,model
1996-07-17,569.636820,1099.361008,588.429441,5.1200,0.005000,model,model
1996-07-18,580.861726,1163.794726,600.031668,5.1100,0.005000,model,model
1996-07-19,571.215886,1105.235512,590.074634,5.1400,0.005000,model,model
1996-07-22,563.076965,1057.447097,581.674030,5.1500,0.005000,model,model
1996-07-23,539.896272,926.240589,557.734660,5.1600,0.005000,model,model
1996-07-24,545.950828,956.953041,563.995900,5.1600,0.005000,model,model
1996-07-25,559.792494,1029.235110,578.301784,5.1500,0.005000,model,model
1996-07-26,571.522700,1093.408451,590.426728,5.1500,0.005000,model,model
1996-07-29,559.900769,1026.140276,578.427412,5.2100,0.005000,model,model
1996-07-30,568.752560,1074.294579,587.578987,5.1900,0.005000,model,model
1996-07-31,573.886783,1102.872597,592.890155,5.1800,0.005000,model,model
1996-08-01,587.475773,1180.646659,606.936181,5.1000,0.005000,model,model
1996-08-02,602.607756,1271.264823,622.576643,5.0600,0.005000,model,model
1996-08-05,596.453903,1231.718962,616.226279,5.0400,0.005000,model,model
1996-08-06,606.081679,1290.760345,626.180551,5.0600,0.005000,model,model
1996-08-07,615.718488,1351.699775,636.144390,5.0400,0.005000,model,model
1996-08-08,611.342241,1322.256921,631.630538,5.0100,0.005000,model,model
1996-08-09,612.055057,1326.298243,632.374529,5.0100,0.005000,model,model
1996-08-12,613.029581,1332.046148,633.388935,5.0100,0.005000,model,model
1996-08-13,603.744637,1270.874107,623.803168,5.0300,0.005000,model,model
1996-08-14,611.026395,1316.254145,631.334278,5.0200,0.005000,model,model
1996-08-15,610.954248,1315.206310,631.267249,5.0500,0.005000,model,model
1996-08-16,606.614075,1286.569268,626.790289,5.0400,0.005000,model,model
1996-08-19,604.782331,1274.335815,624.905083,5.0400,0.005000,model,model
1996-08-20,598.123179,1231.638685,618.031802,5.0300,0.005000,model,model
1996-08-21,602.228740,1256.436929,622.281375,5.0000,0.005000,model,model
1996-08-22,615.050777,1336.060459,635.537760,4.9900,0.005000,model,model
1996-08-23,611.387346,1311.577265,631.759868,5.0100,0.005000,model,model
1996-08-26,607.191520,1283.966726,627.431750,5.0600,0.005000,model,model
1996-08-27,612.722767,1318.452661,633.154846,5.0600,0.005000,model,model
1996-08-28,613.282203,1321.477185,633.740475,5.0600,0.005000,model,model
1996-08-29,605.549284,1270.850124,625.757141,5.1000,0.005000,model,model
1996-08-30,598.754817,1227.458198,618.743384,5.1400,0.005000,model,model
1996-09-03,603.916081,1258.612778,624.084316,5.1800,0.005000,model,model
1996-09-04,603.834903,1257.534996,624.007856,5.1800,0.005000,model,model
1996-09-05,588.603677,1161.706256,608.275214,5.2100,0.005000,model,model
1996-09-06,599.341294,1224.692966,619.378930,5.1900,0.005000,model,model
1996-09-09,606.343333,1267.024648,626.622440,5.1300,0.005000,model,model
1996-09-10,606.045606,1264.586101,626.322216,5.1500,0.005000,model,model
1996-09-11,609.176642,1283.596013,629.565464,5.1600,0.005000,model,model
1996-09-12,618.678135,1343.020904,639.392462,5.1400,0.005000,model,model
1996-09-13,638.718705,1472.807515,660.111633,5.0600,0.005000,model,model
1996-09-16,639.945852,1480.638974,661.387740,5.0400,0.005000,model,model
1996-09-17,651.928735,1563.060734,673.779992,5.1700,0.005000,model,model
1996-09-18,656.557659,1595.618664,678.572089,5.1500,0.005000,model,model
1996-09-19,664.795877,1654.909231,687.094613,5.1100,0.005000,model,model
1996-09-20,670.805327,1698.999636,693.313814,5.1400,0.005000,model,model
1996-09-23,661.773060,1629.535948,683.986728,5.1500,0.005000,model,model
1996-09-24,664.660506,1650.129266,686.979240,5.0200,0.005000,model,model
1996-09-25,672.853619,1710.377344,695.455648,4.9400,0.005000,model,model
1996-09-26,671.879094,1702.209524,694.456667,4.8700,0.005000,model,model
1996-09-27,671.987369,1702.302031,694.576847,4.9000,0.005000,model,model
1996-09-30,665.526757,1652.422905,687.907325,4.9100,0.005000,model,model
1996-10-01,662.756617,1631.050235,685.052219,4.9700,0.005000,model,model
1996-10-02,674.531928,1717.201340,697.231815,4.9000,0.005000,model,model
1996-10-03,670.679044,1687.010141,693.257571,4.9000,0.005000,model,model
1996-10-04,684.971817,1794.038271,708.039766,4.8700,0.005000,model,model
1996-10-07,690.115072,1833.638414,713.364661,4.9200,0.005000,model,model
1996-10-08,679.666150,1749.467834,702.572213,4.9800,0.005000,model,model
1996-10-09,680.324829,1753.787194,703.261455,4.9800,0.005000,model,model
1996-10-10,678.041979,1735.346555,700.910013,5.0100,0.005000,model,model
1996-10-11,690.854984,1832.868017,714.163500,5.0000,0.005000,model,model
1996-10-14,696.584716,1877.624596,720.095048,5.0000,0.005000,model,model
1996-10-15,699.372920,1899.321195,722.985929,5.0400,0.005000,model,model
1996-10-16,692.659631,1843.741097,716.054585,5.0000,0.005000,model,model
1996-10-17,681.976096,1757.540937,705.018733,4.9700,0.005000,model,model
1996-10-18,682.905516,1763.955551,705.987949,4.9700,0.005000,model,model
1996-10-21,673.386014,1689.344769,696.155089,4.9900,0.005000,model,model
1996-10-22,664.687602,1623.075995,687.170847,4.9900,0.005000,model,model
1996-10-23,676.471945,1708.609789,699.361979,4.9800,0.005000,model,model
1996-10-24,675.307913,1699.035170,698.166884,4.9900,0.005000,model,model
1996-10-25,670.922634,1665.161273,693.641477,4.9900,0.005000,model,model
1996-10-28,669.199220,1651.585512,691.867962,5.0200,0.005000,model,model
1996-10-29,659.787992,1581.111286,682.146171,5.0100,0.005000,model,model
1996-10-30,664.434925,1613.792769,686.958695,5.0100,0.005000,model,model
1996-10-31,678.538246,1715.745987,701.548284,5.0100,0.005000,model,model
1996-11-01,681.714443,1739.062641,704.840541,5.0200,0.005000,model,model
1996-11-04,682.364089,1743.267603,705.520617,5.0100,0.005000,model,model
1996-11-05,694.707868,1837.013210,718.291690,5.0200,0.005000,model,model
1996-11-06,710.038391,1957.700189,734.151202,5.0200,0.005000,model,model
1996-11-07,717.726149,2020.368276,742.108776,5.0100,0.005000,model,model
1996-11-08,720.649669,2044.143728,745.140448,5.0300,0.005000,model,model
1996-11-11,726.117747,2089.729152,750.803226,5.0300,0.005000,model,model
1996-11-12,716.526099,2005.914237,740.894433,5.0300,0.005000,model,model
1996-11-13,720.685797,2039.933957,745.204418,5.0200,0.005000,model,model
1996-11-14,730.656461,2123.620880,755.523168,5.0200,0.005000,model,model
1996-11-15,721.353508,2041.495154,745.912598,5.0000,0.005000,model,model
1996-11-18,715.804196,1993.436671,740.183235,5.0200,0.005000,model,model
1996-11-19,727.074263,2086.624950,751.845953,5.0200,0.005000,model,model
1996-11-20,729.429314,2105.964969,754.290192,5.0200,0.005000,model,model
1996-11-21,722.282872,2043.080158,746.909160,5.0200,0.005000,model,model
1996-11-22,738.434485,2179.107297,763.620355,5.0200,0.005000,model,model
1996-11-25,741.024149,2201.053994,766.307436,5.0200,0.005000,model,model
1996-11-26,744.877088,2234.386451,770.300957,5.0200,0.005000,model,model
1996-11-27,751.067014,2289.054984,776.711326,5.0100,0.005000,model,model
1996-11-29,752.546838,2301.572928,778.250923,4.9900,0.005000,model,model
1996-12-02,762.129509,2388.412596,788.170166,4.9400,0.005000,model,model
1996-12-03,756.065866,2330.321659,781.908722,4.9100,0.005000,model,model
1996-12-04,753.124338,2302.098683,778.875959,4.8900,0.005000,model,model
1996-12-05,754.161977,2310.617750,779.958350,4.9000,0.005000,model,model
1996-12-06,746.411049,2238.315474,771.951584,4.8900,0.005000,model,model
1996-12-09,772.966423,2476.026377,799.424815,4.8500,0.005000,model,model
1996-12-10,766.036585,2408.322786,792.267288,4.8100,0.005000,model,model
1996-12-11,772.731810,2470.392584,799.201203,4.8100,0.005000,model,model
1996-12-12,760.992573,2356.645953,787.069360,4.8300,0.005000,model,model
1996-12-13,747.529921,2230.458928,773.154756,4.7900,0.005000,model,model
1996-12-16,726.171939,2038.138571,751.073841,4.8500,0.005000,model,model
1996-12-17,736.106475,2120.833980,761.357993,4.8800,0.005000,model,model
1996-12-18,754.829688,2281.601222,780.732554,4.8700,0.005000,model,model
1996-12-19,761.317396,2339.404631,787.452190,4.8500,0.005000,model,model
1996-12-20,752.582911,2257.806164,778.427239,4.8800,0.005000,model,model
1996-12-23,744.227386,2181.549696,769.794046,4.9600,0.005000,model,model
1996-12-24,753.801081,2264.710747,779.705792,4.9500,0.005000,model,model
1996-12-26,760.640653,2325.312704,786.789692,4.9600,0.005000,model,model
1996-12-27,753.855218,2262.011460,779.780356,4.9600,0.005000,model,model
1996-12-30,745.761347,2188.084368,771.417419,5.0300,0.005000,model,model
1996-12-31,741.132424,2146.333279,766.638432,5.0500,0.005000,model,model
1997-01-02,735.935031,2100.185135,761.271299,5.0500,0.005000,model,model
1997-01-03,765.323715,2350.614172,791.680818,5.0300,0.005000,model,model
1997-01-06,769.907533,2391.774241,796.431925,5.0300,0.005000,model,model
1997-01-07,780.103778,2485.657285,806.988926,5.0100,0.005000,model,model
1997-01-08,769.763186,2385.624036,796.301567,5.0100,0.005000,model,model
1997-01-09,773.246141,2416.933356,799.914081,4.9900,0.005000,model,model
1997-01-10,781.033198,2488.819182,807.979222,5.0200,0.005000,model,model
1997-01-13,779.950398,2477.363006,806.868685,5.0300,0.005000,model,model
1997-01-14,795.289898,2622.295784,822.747199,5.0300,0.005000,model,model
1997-01-15,779.869165,2468.456681,806.803862,5.0000,0.005000,model,model
1997-01-16,788.296891,2547.317594,815.532264,5.0300,0.005000,model,model
1997-01-17,797.148682,2631.924955,824.699591,5.0200,0.005000,model,model
1997-01-20,811.892673,2776.662747,839.962978,5.0200,0.005000,model,model
1997-01-21,824.480042,2904.460350,852.995541,5.0200,0.005000,model,model
1997-01-22,835.118471,3015.503184,864.012066,5.0200,0.005000,model,model
1997-01-23,823.586750,2889.135674,852.091654,5.0200,0.005000,model,model
1997-01-24,810.620366,2751.272727,838.686639,5.0200,0.005000,model,model
1997-01-27,802.905511,2671.425794,830.714655,5.0500,0.005000,model,model
1997-01-28,803.780738,2678.976059,831.630086,5.0400,0.005000,model,model
1997-01-29,805.287658,2692.848031,833.199118,5.0400,0.005000,model,model
1997-01-30,822.657386,2865.739833,851.180803,5.0300,0.005000,model,model
1997-01-31,831.536218,2957.180003,860.377618,5.0100,0.005000,model,model
1997-02-03,828.342013,2921.782010,857.082866,4.9700,0.005000,model,model
1997-02-04,826.799020,2904.160571,855.496539,5.0000,0.005000,model,model
1997-02-05,800.712871,2627.731983,828.515147,4.9900,0.005000,model,model
1997-02-06,799.025531,2609.954213,826.779082,5.0000,0.005000,model,model
1997-02-07,811.946810,2735.307349,840.159014,4.9900,0.005000,model,model
1997-02-10,786.880236,2480.524843,814.231470,4.9900,0.005000,model,model
1997-02-11,786.564445,2476.448762,813.914396,5.0100,0.005000,model,model
1997-02-12,812.542319,2720.486822,840.805246,5.0100,0.005000,model,model
1997-02-13,818.894657,2783.040832,847.388549,4.9900,0.005000,model,model
1997-02-14,812.009924,2711.569208,840.274346,4.9600,0.005000,model,model
1997-02-18,809.862445,2688.857990,838.062121,4.9600,0.005000,model,model
1997-02-19,809.970719,2688.766707,838.184142,4.9700,0.005000,model,model
1997-02-20,794.297364,2531.358972,821.974821,4.9500,0.005000,model,model
1997-02-21,779.860188,2392.094403,807.044364,4.9500,0.005000,model,model
1997-02-24,794.279300,2523.606435,821.975702,4.9700,0.005000,model,model
1997-02-25,795.885407,2537.796645,823.647599,5.0000,0.005000,model,model
1997-02-26,794.712398,2525.441841,822.443478,5.0600,0.005000,model,model
1997-02-27,765.693698,2247.397535,792.421976,5.0700,0.005000,model,model
1997-02-28,767.390071,2261.323604,794.186998,5.0700,0.005000,model,model
1997-03-03,772.461124,2305.102203,799.444586,5.0900,0.005000,model,model
1997-03-04,777.838937,2352.174075,805.019772,5.0800,0.005000,model,model
1997-03-05,786.889268,2433.155416,814.395942,5.0600,0.005000,model,model
1997-03-06,768.337499,2259.811479,795.205369,5.0700,0.005000,model,model
1997-03-07,758.881167,2175.286176,785.427826,5.0800,0.005000,model,model
1997-03-10,771.342252,2281.375073,798.334167,5.0500,0.005000,model,model
1997-03-11,765.621497,2229.560532,792.422727,5.0300,0.005000,model,model
1997-03-12,757.338173,2156.136252,783.858872,5.0600,0.005000,model,model
1997-03-13,758.402909,2164.259822,784.970224,5.1000,0.005000,model,model
1997-03-14,757.031359,2151.543092,783.559974,5.0900,0.005000,model,model
1997-03-17,750.949708,2098.674620,777.274531,5.1200,0.005000,model,model
1997-03-18,746.735872,2062.369054,772.922231,5.1300,0.005000,model,model
1997-03-19,732.506213,1943.422150,758.202771,5.1500,0.005000,model,model
1997-03-20,741.466279,2013.785423,767.486185,5.1900,0.005000,model,model
1997-03-21,733.345367,1946.625650,759.089427,5.2600,0.005000,model,model
1997-03-24,723.997309,1871.216335,749.422242,5.2500,0.005000,model,model
1997-03-25,728.346515,1904.046599,753.933103,5.2500,0.005000,model,model
1997-03-26,752.880693,2095.398795,779.338135,5.2100,0.005000,model,model
1997-03-27,738.768340,1976.493404,764.739129,5.2200,0.005000,model,model
1997-03-31,719.205973,1818.431988,744.498167,5.1700,0.005000,model,model
1997-04-01,718.962328,1815.762036,744.254817,5.1600,0.005000,model,model
1997-04-02,707.349429,1726.871832,732.242246,5.1400,0.005000,model,model
1997-04-03,726.072642,1863.089944,751.633077,5.1200,0.005000,model,model
1997-04-04,742.070875,1985.282996,768.203456,5.1400,0.005000,model,model
1997-04-07,751.012877,2056.085800,777.469502,5.1500,0.005000,model,model
1997-04-08,758.276570,2114.767890,784.998336,5.1000,0.005000,model,model
1997-04-09,747.782543,2025.936241,774.143843,5.1000,0.005000,model,model
1997-04-10,733.977005,1912.705224,759.860839,5.1400,0.005000,model,model
1997-04-11,712.808475,1746.186083,737.954843,5.1500,0.005000,model,model
1997-04-14,727.985563,1856.827391,753.676132,5.1500,0.005000,model,model
1997-04-15,720.054160,1795.241947,745.473802,5.1400,0.005000,model,model
1997-04-16,720.667733,1799.018622,746.117910,5.1500,0.005000,model,model
1997-04-17,729.275879,1862.611882,755.038933,5.1400,0.005000,model,model
1997-04-18,736.683975,1918.480281,762.717723,5.1400,0.005000,model,model
1997-04-21,724.114615,1819.318482,749.713253,5.1500,0.005000,model,model
1997-04-22,738.172831,1924.348160,764.277375,5.2000,0.005000,model,model
1997-04-23,756.120004,2063.692781,782.868325,5.2000,0.005000,model,model
1997-04-24,755.921519,2061.133585,782.672139,5.1700,0.005000,model,model
1997-04-25,738.614961,1918.495284,764.762452,5.1600,0.005000,model,model
1997-04-28,748.378108,1993.627576,774.880325,5.1800,0.005000,model,model
1997-04-29,772.623536,2186.305420,799.993579,5.1200,0.005000,model,model
1997-04-30,789.298457,2326.744629,817.268729,5.1000,0.005000,model,model
1997-05-01,795.957609,2384.541120,824.173590,5.0900,0.005000,model,model
1997-05-02,820.654199,2605.216626,849.755464,5.0900,0.005000,model,model
1997-05-05,841.768591,2804.960361,871.628710,5.0100,0.005000,model,model
1997-05-06,825.535800,2641.287733,854.830469,5.0400,0.005000,model,model
1997-05-07,820.473723,2591.475701,849.598938,5.0900,0.005000,model,model
1997-05-08,829.515022,2675.914524,858.971300,5.0600,0.005000,model,model
1997-05-09,829.307505,2672.725126,858.766640,5.0400,0.005000,model,model
1997-05-12,834.324422,2720.009488,863.971993,5.0200,0.005000,model,model
1997-05-13,821.628723,2594.512643,850.835441,5.0600,0.005000,model,model
1997-05-14,821.042191,2587.809654,850.238188,5.0300,0.005000,model,model
1997-05-15,840.812130,2773.433545,870.721261,4.9700,0.005000,model,model
1997-05-16,825.887664,2624.375050,855.276272,5.0500,0.005000,model,model
1997-05-19,824.335694,2608.381946,853.679258,5.1600,0.005000,model,model
1997-05-20,850.087987,2851.429611,880.358409,5.1100,0.005000,model,model
1997-05-21,857.685591,2926.562056,888.237033,4.9900,0.005000,model,model
1997-05-22,853.688249,2884.317735,884.107877,5.0200,0.005000,model,model
1997-05-23,865.400446,3001.644548,896.247941,5.0300,0.005000,model,model
1997-05-27,888.436736,3239.801206,920.116038,4.9800,0.005000,model,model
1997-05-28,886.623057,3218.523381,918.248642,5.0000,0.005000,model,model
1997-05-29,875.741038,3098.516729,906.989396,4.9000,0.005000,model,model
1997-05-30,865.192874,2985.134090,896.075647,4.8200,0.005000,model,model
1997-06-02,865.048526,2982.389701,895.936815,4.7800,0.005000,model,model
1997-06-03,838.989419,2711.299618,868.957881,4.9500,0.005000,model,model
1997-06-04,831.906201,2641.383704,861.631998,4.9600,0.005000,model,model
1997-06-05,839.711267,2714.504352,869.726212,4.9800,0.005000,model,model
1997-06-06,852.686683,2839.045405,883.175781,4.9200,0.005000,model,model
1997-06-09,861.502402,2925.796742,892.317232,4.9000,0.005000,model,model
1997-06-10,849.248833,2799.569789,879.635992,4.9100,0.005000,model,model
1997-06-11,856.305009,2868.094389,886.955119,4.8500,0.005000,model,model
1997-06-12,857.207333,2875.939858,887.900299,4.8300,0.005000,model,model
1997-06-13,870.200813,3005.370533,901.369591,4.8400,0.005000,model,model
1997-06-16,880.658712,3112.345492,912.212800,4.8300,0.005000,model,model
1997-06-17,892.731805,3238.883297,924.729333,4.9100,0.005000,model,model
1997-06-18,876.652393,3062.299942,908.084608,4.9300,0.005000,model,model
1997-06-19,886.036580,3159.219984,917.816073,4.9400,0.005000,model,model
1997-06-20,885.549290,3152.637402,917.322232,4.9400,0.005000,model,model
1997-06-23,874.405617,3032.113985,905.789651,5.0300,0.005000,model,model
1997-06-24,890.069940,3193.578979,922.026979,5.0000,0.005000,model,model
1997-06-25,883.573199,3122.189692,915.307956,4.9700,0.005000,model,model
1997-06-26,872.853647,3007.077641,904.214293,4.9900,0.005000,model,model
1997-06-27,868.946570,2965.341479,900.177604,5.0000,0.005000,model,model
1997-06-30,863.794283,2911.231730,894.850854,5.0500,0.005000,model,model
1997-07-01,860.311328,2874.682951,891.253326,5.1000,0.005000,model,model
1997-07-02,880.604575,3076.626091,912.287051,5.0900,0.005000,model,model
1997-07-03,890.160205,3175.335874,922.197335,5.0000,0.005000,model,model
1997-07-07,894.238670,3217.565654,926.433564,4.9400,0.005000,model,model
1997-07-08,907.566006,3359.885120,940.251747,4.9600,0.005000,model,model
1997-07-09,911.436954,3401.373390,944.273300,4.9700,0.005000,model,model
1997-07-10,911.382816,3399.282498,944.228453,4.9900,0.005000,model,model
1997-07-11,916.417797,3454.081224,949.456132,4.9900,0.005000,model,model
1997-07-14,940.112821,3720.229828,974.016703,5.0000,0.005000,model,model
1997-07-15,955.578660,3902.004933,990.051891,5.0600,0.005000,model,model
1997-07-16,995.650877,4390.685036,1031.581531,5.0400,0.005000,model,model
1997-07-17,987.908871,4286.212662,1023.572416,5.0700,0.005000,model,model
1997-07-18,966.379445,4003.789676,1001.277962,5.1100,0.005000,model,model
1997-07-21,955.064273,3861.214318,989.566089,5.1300,0.005000,model,model
1997-07-22,984.380755,4214.708979,1019.953413,5.0900,0.005000,model,model
1997-07-23,985.391464,4225.817474,1021.012788,5.0500,0.005000,model,model
1997-07-24,981.890444,4178.857326,1017.397363,5.0700,0.005000,model,model
1997-07-25,979.372926,4144.826215,1014.800919,5.0800,0.005000,model,model
1997-07-28,970.160238,4025.893451,1005.267051,5.1000,0.005000,model,model
1997-07-29,981.655831,4167.069076,1017.190598,5.0900,0.005000,model,model
1997-07-30,993.440118,4315.135169,1029.413572,5.0900,0.005000,model,model
1997-07-31,998.899219,4384.277075,1035.082607,5.1000,0.005000,model,model
1997-08-01,1000.622578,4404.980564,1036.880714,5.1300,0.005000,model,model
1997-08-04,1014.283769,4583.240219,1051.049270,5.1400,0.005000,model,model
1997-08-05,1025.409489,4731.851207,1062.590784,5.1400,0.005000,model,model
1997-08-06,1030.290979,4797.236062,1067.661928,5.1400,0.005000,model,model
1997-08-07,1024.687586,4716.726873,1061.867997,5.1500,0.005000,model,model
1997-08-08,1006.108776,4457.790887,1042.627703,5.1400,0.005000,model,model
1997-08-11,993.620649,4289.619762,1029.698705,5.1600,0.005000,model,model
1997-08-12,984.236462,4166.020622,1019.986039,5.1700,0.005000,model,model
1997-08-13,991.743746,4259.371971,1027.778146,5.1700,0.005000,model,model
1997-08-14,995.723024,4308.663444,1031.914244,5.1800,0.005000,model,model
1997-08-15,971.504691,3992.025543,1006.827940,5.1300,0.005000,model,model
1997-08-18,983.126623,4133.366343,1018.884423,5.1100,0.005000,model,model
1997-08-19,1011.667120,4491.148663,1048.475111,5.0800,0.005000,model,model
1997-08-20,1033.223531,4775.951965,1070.828301,5.0900,0.005000,model,model
1997-08-21,1009.447329,4443.775916,1046.199499,5.1200,0.005000,model,model
1997-08-22,1002.400239,4348.637532,1038.908292,5.0900,0.005000,model,model
1997-08-25,999.548866,4309.537086,1035.965438,5.1400,0.005000,model,model
1997-08-26,986.429047,4137.740658,1022.379958,5.1200,0.005000,model,model
1997-08-27,985.238029,4120.882622,1021.157703,5.1300,0.005000,model,model
1997-08-28,966.000429,3877.415814,1001.230899,5.0900,0.005000,model,model
1997-08-29,969.140608,3913.465648,1004.497520,5.0900,0.005000,model,model
1997-09-02,995.037249,4225.141052,1031.350900,5.0500,0.005000,model,model
1997-09-03,992.952828,4196.710841,1029.202687,5.0100,0.005000,model,model
1997-09-04,997.807333,4256.366886,1034.246668,5.0000,0.005000,model,model
1997-09-05,1002.616788,4315.984279,1039.244074,5.0200,0.005000,model,model
1997-09-08,1008.635215,4391.742248,1045.494737,5.0000,0.005000,model,model
1997-09-09,1016.674948,4494.738995,1053.840720,4.9900,0.005000,model,model
1997-09-10,995.217669,4207.914634,1031.611590,4.9600,0.005000,model,model
1997-09-11,997.121669,4230.209008,1033.597498,4.9800,0.005000,model,model
1997-09-12,998.032914,4239.960071,1034.554382,4.9600,0.005000,model,model
1997-09-15,974.771098,3941.341790,1010.453652,4.9900,0.005000,model,model
1997-09-16,1007.462261,4335.793318,1044.353540,4.9200,0.005000,model,model
1997-09-17,1000.342915,4241.898494,1036.985930,4.9700,0.005000,model,model
1997-09-18,1000.938480,4247.630884,1037.615655,4.9500,0.005000,model,model
1997-09-19,1009.411311,4353.561867,1046.411307,4.9200,0.005000,model,model
1997-09-22,1013.895832,4409.666159,1051.072666,4.8900,0.005000,model,model
1997-09-23,1024.173310,4541.757771,1061.739504,4.8500,0.005000,model,model
1997-09-24,1006.884761,4309.617907,1043.829459,4.8000,0.005000,model,model
1997-09-25,998.402897,4198.791121,1035.048805,4.7900,0.005000,model,model
1997-09-26,998.709657,4200.875775,1035.379145,4.8500,0.005000,model,model
1997-09-29,1009.492489,4335.020649,1046.570216,4.8600,0.005000,model,model
1997-09-30,989.993291,4081.680715,1026.367289,4.9700,0.005000,model,model
1997-10-01,994.414699,4134.542886,1030.963365,4.9600,0.005000,model,model
1997-10-02,1004.141662,4253.969173,1041.060107,4.9200,0.005000,model,model
1997-10-03,1014.608592,4385.043023,1051.924259,4.8900,0.005000,model,model
1997-10-06,1015.953156,4400.598036,1053.330797,4.8500,0.005000,model,model
1997-10-07,1029.316510,4572.180009,1067.198337,4.9200,0.005000,model,model
1997-10-08,1033.467176,4625.452472,1071.514465,4.9600,0.005000,model,model
1997-10-09,1036.056840,4658.174650,1074.212224,4.9800,0.005000,model,model
1997-10-10,1026.636636,4528.953137,1064.457886,4.9900,0.005000,model,model
1997-10-13,1029.081897,4559.305882,1067.005902,4.9900,0.005000,model,model
1997-10-14,1020.915936,4448.686300,1058.551709,4.9500,0.005000,model,model
1997-10-15,1009.763120,4300.828887,1047.000349,4.9200,0.005000,model,model
1997-10-16,991.996423,4071.728417,1028.590931,4.9300,0.005000,model,model
1997-10-17,970.106046,3800.163790,1005.905268,4.8900,0.005000,model,model
1997-10-20,981.953558,3937.624820,1018.201957,4.9000,0.005000,model,model
1997-10-21,1002.075416,4177.739297,1039.078727,4.9600,0.005000,model,model
1997-10-22,991.391827,4042.156250,1028.012998,5.0000,0.005000,model,model
1997-10-23,969.681980,3774.583266,1005.513446,4.9700,0.005000,model,model
1997-10-24,954.062707,3590.348035,989.328984,5.0100,0.005000,model,model
1997-10-27,882.589698,2781.078021,915.225801,4.9500,0.005000,model,model
1997-10-28,944.615407,3365.589293,979.555971,5.0900,0.005000,model,model
1997-10-29,929.176665,3198.916794,963.557824,5.0500,0.005000,model,model
1997-10-30,902.955145,2926.419081,936.377534,5.0200,0.005000,model,model
1997-10-31,920.027091,3090.945210,954.092535,5.0600,0.005000,model,model
1997-11-03,948.089330,3372.119219,983.205181,5.1000,0.005000,model,model
1997-11-04,945.292149,3340.739368,980.316101,5.1000,0.005000,model,model
1997-11-05,944.660567,3332.541453,979.672789,5.1200,0.005000,model,model
1997-11-06,933.155942,3209.162480,967.753428,5.1500,0.005000,model,model
1997-11-07,927.877261,3153.202622,962.290556,5.1500,0.005000,model,model
1997-11-10,912.736302,2997.254542,946.599502,5.2000,0.005000,model,model
1997-11-11,912.212994,2990.732144,946.068048,5.2000,0.005000,model,model
1997-11-12,884.385312,2715.408430,917.218858,5.1500,0.005000,model,model
1997-11-13,907.060707,2922.848304,940.747014,5.1300,0.005000,model,model
1997-11-14,927.453196,3118.476447,961.908037,5.1200,0.005000,model,model
1997-11-17,947.168942,3315.747803,982.367673,5.1600,0.005000,model,model
1997-11-18,935.086928,3187.241841,969.848361,5.1500,0.005000,model,model
1997-11-19,937.622399,3211.713219,972.489633,5.1300,0.005000,model,model
1997-11-20,958.709695,3426.751772,994.372677,5.1300,0.005000,model,model
1997-11-21,953.385965,3368.080454,988.862747,5.1000,0.005000,model,model
1997-11-24,929.591698,3114.136335,964.194836,5.1400,0.005000,model,model
1997-11-25,936.665994,3183.762811,971.543944,5.1400,0.005000,model,model
1997-11-26,942.242291,3239.151325,977.339448,5.0900,0.005000,model,model
1997-11-28,947.899878,3296.007265,983.219406,5.0600,0.005000,model,model
1997-12-01,973.814582,3564.598860,1010.111418,5.0900,0.005000,model,model
1997-12-02,949.307445,3293.618354,984.702856,5.1000,0.005000,model,model
1997-12-03,957.924678,3381.752464,993.653110,5.1000,0.005000,model,model
1997-12-04,949.930106,3295.490457,985.372187,5.1000,0.005000,model,model
1997-12-05,965.729799,3458.275915,1001.773101,5.1600,0.005000,model,model
1997-12-08,977.144213,3579.209431,1013.625453,5.1900,0.005000,model,model
1997-12-09,948.044280,3257.520056,983.451154,5.1000,0.005000,model,model
1997-12-10,932.289637,3093.515261,967.119826,5.0600,0.005000,model,model
1997-12-11,904.019881,2810.453738,937.805430,5.0500,0.005000,model,model
1997-12-12,882.914521,2612.175810,915.922472,5.0500,0.005000,model,model
1997-12-15,888.229219,2658.138167,921.446766,5.0900,0.005000,model,model
1997-12-16,899.896256,2761.602461,933.561090,5.0600,0.005000,model,model
1997-12-17,887.552477,2646.617903,920.766648,5.0900,0.005000,model,model
1997-12-18,872.339316,2509.212380,904.995138,5.0800,0.005000,model,model
1997-12-19,875.163593,2532.410569,907.935915,5.2400,0.005000,model,model
1997-12-22,880.369962,2576.388893,913.348056,5.3000,0.005000,model,model
1997-12-23,856.819340,2368.218187,888.926117,5.3400,0.005000,model,model
1997-12-24,847.272742,2287.899243,879.032370,5.2200,0.005000,model,model
1997-12-26,860.879796,2396.982791,893.159943,5.1800,0.005000,model,model
1997-12-29,882.950649,2580.056693,916.069013,5.2500,0.005000,model,model
1997-12-30,900.933950,2736.363505,934.737750,5.2400,0.005000,model,model
1997-12-31,894.049217,2672.325203,927.605824,5.2000,0.005000,model,model
1998-01-02,909.749613,2811.762655,943.906550,5.1700,0.005000,model,model
1998-01-05,918.041968,2887.324415,952.521483,5.0800,0.005000,model,model
1998-01-06,907.999103,2791.190012,942.112771,5.0800,0.005000,model,model
1998-01-07,894.374040,2664.171676,927.987028,5.0900,0.005000,model,model
1998-01-08,897.405834,2690.082272,931.143812,4.9600,0.005000,model,model
1998-01-09,862.792717,2377.341299,895.240500,4.9200,0.005000,model,model
1998-01-12,876.309506,2487.938699,909.276284,4.9200,0.005000,model,model
1998-01-13,897.856996,2670.178904,931.645215,5.0700,0.005000,model,model
1998-01-14,899.048069,2679.618226,932.892203,5.0400,0.005000,model,model
1998-01-15,898.335254,2672.071232,932.163659,4.9800,0.005000,model,model
1998-01-16,907.620143,2753.672721,941.809284,5.0000,0.005000,model,model
1998-01-20,926.577969,2924.844492,961.492444,5.0100,0.005000,model,model
1998-01-21,926.253146,2920.489142,961.166828,4.9900,0.005000,model,model
1998-01-22,920.938447,2868.892389,955.663242,4.9900,0.005000,model,model
1998-01-23,924.403338,2899.977073,959.270158,5.0400,0.005000,model,model
1998-01-26,917.121635,2830.101922,951.725222,5.0300,0.005000,model,model
1998-01-27,934.590606,2990.395573,969.864638,5.1100,0.005000,model,model
1998-01-28,959.350310,3226.498894,995.570387,5.0800,0.005000,model,model
1998-01-29,964.583830,3277.825743,1001.013351,5.0500,0.005000,model,model
1998-01-30,966.505784,3295.955156,1003.019808,5.0400,0.005000,model,model
1998-02-02,993.449150,3569.856981,1030.993019,5.0900,0.005000,model,model
1998-02-03,1002.716031,3668.067132,1040.622382,5.0900,0.005000,model,model
1998-02-04,1014.608592,3796.855579,1052.976915,4.9700,0.005000,model,model
1998-02-05,1005.964373,3698.056584,1044.018342,4.9900,0.005000,model,model
1998-02-06,1023.523553,3889.882291,1062.254186,5.0400,0.005000,model,model
1998-02-09,1013.056623,3768.720405,1051.403828,5.0100,0.005000,model,model
1998-02-10,1028.459347,3938.775554,1067.402107,5.0800,0.005000,model,model
1998-02-11,1027.575088,3926.860080,1066.497072,5.0700,0.005000,model,model
1998-02-12,1032.979996,3987.011638,1072.119402,5.1000,0.005000,model,model
1998-02-13,1025.662055,3900.420517,1064.536949,5.0800,0.005000,model,model
1998-02-17,1018.389386,3815.648362,1057.001302,5.0400,0.005000,model,model
1998-02-18,1029.316510,3936.664058,1068.355308,5.0500,0.005000,model,model
1998-02-19,1043.762718,4100.510098,1083.362135,5.0500,0.005000,model,model
1998-02-20,1046.451624,4130.351677,1086.165953,5.0700,0.005000,model,model
1998-02-23,1069.731615,4403.892646,1110.342383,5.1000,0.005000,model,model
1998-02-24,1057.884103,4255.430119,1098.058316,5.1800,0.005000,model,model
1998-02-25,1083.140130,4557.985320,1124.286538,5.1700,0.005000,model,model
1998-02-26,1089.077379,4630.800881,1130.462716,5.1800,0.005000,model,model
1998-02-27,1077.491575,4480.766493,1118.450106,5.1800,0.005000,model,model
1998-03-02,1062.567109,4292.364328,1102.971633,5.1700,0.005000,model,model
1998-03-03,1060.879769,4269.992744,1101.233261,5.0700,0.005000,model,model
1998-03-04,1064.624433,4313.285822,1105.133474,5.0300,0.005000,model,model
1998-03-05,1016.765159,3729.105081,1055.466307,5.0300,0.005000,model,model
1998-03-06,1049.501482,4087.302940,1089.461239,5.0100,0.005000,model,model
1998-03-09,1018.154772,3718.903919,1056.933973,5.0100,0.005000,model,model
1998-03-10,1036.417791,3917.212017,1075.905172,4.9600,0.005000,model,model
1998-03-11,1041.164022,3969.281671,1080.845041,4.9400,0.005000,model,model
1998-03-12,1049.645885,4064.476874,1089.663034,4.9400,0.005000,model,model
1998-03-13,1055.077890,4125.752514,1095.315103,4.9600,0.005000,model,model
1998-03-16,1064.895174,4239.015166,1105.519826,4.9600,0.005000,model,model
1998-03-17,1053.814616,4104.700694,1094.029716,5.0100,0.005000,model,model
1998-03-18,1062.043801,4198.962770,1102.585964,5.0200,0.005000,model,model
1998-03-19,1070.300083,4294.945540,1111.170545,5.0300,0.005000,model,model
1998-03-20,1055.204229,4111.138813,1095.511469,5.0400,0.005000,model,model
1998-03-23,1064.001883,4212.063253,1104.658222,5.0100,0.005000,model,model
1998-03-24,1080.812175,4409.658430,1122.123999,5.0100,0.005000,model,model
1998-03-25,1096.160596,4595.396745,1138.072440,5.0200,0.005000,model,model
1998-03-26,1098.975840,4628.735182,1141.008874,5.0600,0.005000,model,model
1998-03-27,1093.291269,4554.787660,1135.120466,5.0600,0.005000,model,model
1998-03-30,1088.779651,4496.320539,1130.449748,5.0800,0.005000,model,model
1998-03-31,1101.430244,4650.930328,1143.597966,4.9900,0.005000,model,model
1998-04-01,1108.423251,4737.406607,1150.872311,4.9700,0.005000,model,model
1998-04-02,1110.020382,4755.809535,1152.544308,4.9600,0.005000,model,model
1998-04-03,1113.160450,4794.078582,1155.818389,4.9300,0.005000,model,model
1998-04-06,1087.633683,4461.853503,1129.327159,4.9700,0.005000,model,model
1998-04-07,1066.663693,4201.599573,1107.566748,4.9100,0.005000,model,model
1998-04-08,1074.721491,4294.918763,1115.946721,4.9100,0.005000,model,model
1998-04-09,1079.991029,4356.179505,1121.431678,4.9300,0.005000,model,model
1998-04-13,1085.468085,4420.465418,1127.132246,5.0500,0.005000,model,model
1998-04-14,1094.626690,4530.313134,1136.655809,5.0000,0.005000,model,model
1998-04-15,1111.085062,4732.494808,1153.759646,4.9500,0.005000,model,model
1998-04-16,1107.629202,4686.258880,1150.184789,4.9100,0.005000,model,model
1998-04-17,1110.985819,4726.807913,1153.684062,4.9100,0.005000,model,model
1998-04-20,1130.710598,4976.288735,1174.180652,4.9100,0.005000,model,model
1998-04-21,1145.680114,5171.584146,1189.739648,4.9400,0.005000,model,model
1998-04-22,1164.809438,5428.138304,1209.618794,4.9400,0.005000,model,model
1998-04-23,1135.646281,5017.668848,1179.348152,4.9500,0.005000,model,model
1998-04-24,1128.030724,4914.459634,1171.453574,4.9300,0.005000,model,model
1998-04-27,1100.879840,4557.117761,1143.271479,4.9400,0.005000,model,model
1998-04-28,1103.090489,4582.582193,1145.580863,4.9200,0.005000,model,model
1998-04-29,1118.484181,4772.264289,1161.581149,4.9300,0.005000,model,model
1998-04-30,1126.208013,4869.006431,1169.616421,4.8500,0.005000,model,model
1998-05-01,1129.284966,4906.796130,1172.825896,4.8800,0.005000,model,model
1998-05-04,1133.155859,4955.099960,1176.859998,4.9000,0.005000,model,model
1998-05-05,1125.441060,4851.638209,1168.861661,4.9700,0.005000,model,model
1998-05-06,1120.911378,4790.881720,1164.171134,4.9900,0.005000,model,model
1998-05-07,1103.252956,4562.150933,1145.845073,4.9700,0.005000,model,model
1998-05-08,1131.540775,4910.733901,1175.238611,4.9900,0.005000,model,model
1998-05-11,1116.769744,4716.085310,1159.911143,4.9900,0.005000,model,model
1998-05-12,1133.688310,4928.152180,1177.497091,4.9900,0.005000,model,model
1998-05-13,1139.706737,5004.413725,1183.762104,4.9800,0.005000,model,model
1998-05-14,1142.476932,5038.667758,1186.653473,5.0300,0.005000,model,model
1998-05-15,1127.444191,4837.355518,1171.053583,5.0300,0.005000,model,model
1998-05-18,1121.136959,4753.958044,1164.516329,5.0400,0.005000,model,model
1998-05-19,1132.948343,4901.951721,1176.798586,5.0700,0.005000,model,model
1998-05-20,1116.850922,4690.626491,1160.092132,5.0600,0.005000,model,model
1998-05-21,1104.173233,4528.641304,1146.937410,5.1000,0.005000,model,model
1998-05-22,1095.538046,4420.278808,1137.981439,5.0700,0.005000,model,model
1998-05-26,1082.896484,4265.174113,1124.863665,5.0000,0.005000,model,model
1998-05-27,1091.324155,4362.809229,1133.631338,4.9500,0.005000,model,model
1998-05-28,1096.169628,4418.985964,1138.678150,4.9200,0.005000,model,model
1998-05-29,1075.632736,4168.475474,1117.358411,4.8900,0.005000,model,model
1998-06-01,1051.703209,3888.216551,1092.513918,4.8600,0.005000,model,model
1998-06-02,1071.193374,4102.479003,1112.773393,4.9700,0.005000,model,model
1998-06-03,1050.286499,3860.239086,1091.068233,4.9900,0.005000,model,model
1998-06-04,1078.447981,4168.761833,1120.336189,4.9800,0.005000,model,model
1998-06-05,1088.833733,4287.268101,1131.138674,4.9700,0.005000,model,model
1998-06-08,1089.122539,4288.809127,1131.452167,4.9800,0.005000,model,model
1998-06-09,1103.974748,4462.215613,1146.895089,5.0000,0.005000,model,model
1998-06-10,1082.165660,4195.545328,1124.251761,5.0000,0.005000,model,model
1998-06-11,1069.352599,4044.547556,1110.953776,4.9600,0.005000,model,model
1998-06-12,1071.048972,4062.015150,1112.729369,4.9800,0.005000,model,model
1998-06-15,1058.939751,3922.336661,1100.162158,4.9700,0.005000,model,model
1998-06-16,1092.623558,4294.536214,1135.170305,5.0200,0.005000,model,model
1998-06-17,1104.516120,4432.718890,1147.539478,5.0800,0.005000,model,model
1998-06-18,1107.448672,4466.037576,1150.599920,5.0400,0.005000,model,model
1998-06-19,1118.619441,4599.087698,1162.219651,5.0200,0.005000,model,model
1998-06-22,1140.473800,4866.370153,1184.939659,4.9800,0.005000,model,model
1998-06-23,1175.177127,5308.056252,1221.010139,4.9400,0.005000,model,model
1998-06-24,1201.136992,5657.191179,1247.996998,4.9100,0.005000,model,model
1998-06-25,1183.307070,5402.603496,1229.486334,4.8600,0.005000,model,model
1998-06-26,1191.915162,5518.093450,1238.444998,4.8600,0.005000,model,model
1998-06-29,1208.851792,5750.736020,1256.057542,4.8700,0.005000,model,model
1998-06-30,1206.713290,5717.686174,1253.850484,4.9700,0.005000,model,model
1998-07-01,1223.677016,5956.103096,1271.491782,4.9500,0.005000,model,model
1998-07-02,1202.373171,5642.140842,1249.370633,4.9300,0.005000,model,model
1998-07-06,1211.441456,5767.243598,1258.808246,4.9200,0.005000,model,model
1998-07-07,1214.816137,5812.885595,1262.329861,4.9700,0.005000,model,model
1998-07-08,1243.257392,6218.232977,1291.898534,4.9500,0.005000,model,model
1998-07-09,1248.111897,6288.318964,1296.958347,4.9300,0.005000,model,model
1998-07-10,1255.231242,6393.112319,1304.371756,4.9200,0.005000,model,model
1998-07-13,1281.822690,6796.247118,1332.019749,4.9400,0.005000,model,model
1998-07-14,1279.612041,6758.066119,1329.738388,5.0200,0.005000,model,model
1998-07-15,1307.990071,7204.282357,1359.243903,5.0000,0.005000,model,model
1998-07-16,1310.733170,7246.400922,1362.110672,5.0200,0.005000,model,model
1998-07-17,1320.974520,7412.914304,1372.769673,5.0100,0.005000,model,model
1998-07-20,1322.707021,7438.817266,1374.586448,4.9900,0.005000,model,model
1998-07-21,1292.028022,6917.480250,1342.720516,4.9300,0.005000,model,model
1998-07-22,1290.845925,6895.491653,1341.508024,4.9300,0.005000,model,model
1998-07-23,1268.486432,6533.818566,1318.286954,4.9600,0.005000,model,model
1998-07-24,1271.012872,6569.996564,1320.928276,4.9400,0.005000,model,model
1998-07-27,1287.047178,6815.557392,1337.608009,4.9400,0.005000,model,model
1998-07-28,1257.189324,6337.811679,1306.593131,4.9200,0.005000,model,model
1998-07-29,1245.278588,6154.762904,1294.229893,4.9300,0.005000,model,model
1998-07-30,1283.149189,6713.074732,1333.604578,4.9200,0.005000,model,model
1998-07-31,1242.734084,6075.210742,1291.616165,4.9500,0.005000,model,model
1998-08-03,1234.775528,5955.734932,1283.359942,4.9700,0.005000,model,model
1998-08-04,1188.576609,5283.987340,1235.358523,4.9500,0.005000,model,model
1998-08-05,1200.000055,5433.905176,1247.246298,4.9400,0.005000,model,model
1998-08-06,1232.456606,5872.057485,1280.995572,4.8800,0.005000,model,model
1998-08-07,1230.832379,5846.316438,1279.322627,4.8700,0.005000,model,model
1998-08-10,1229.758667,5828.520250,1278.221845,4.8500,0.005000,model,model
1998-08-11,1200.207572,5405.432438,1247.521397,4.8800,0.005000,model,model
1998-08-12,1222.341594,5701.873619,1270.542823,4.9000,0.005000,model,model
1998-08-13,1207.660774,5493.768244,1255.298212,4.9200,0.005000,model,model
1998-08-14,1200.126394,5388.486388,1247.481575,4.9000,0.005000,model,model
1998-08-17,1234.189106,5844.524939,1282.903202,4.9200,0.005000,model,model
1998-08-18,1264.371784,6270.356342,1314.292478,4.9500,0.005000,model,model
1998-08-19,1261.682878,6227.607429,1311.513053,4.9300,0.005000,model,model
1998-08-20,1261.628685,6224.129499,1311.472333,4.9100,0.005000,model,model
1998-08-21,1240.487307,5908.266581,1289.511328,4.8700,0.005000,model,model
1998-08-24,1237.013384,5856.031706,1285.915466,4.9300,0.005000,model,model
1998-08-25,1252.740821,6076.638901,1302.279955,4.9400,0.005000,model,model
1998-08-26,1239.837661,5886.068344,1288.882048,4.9200,0.005000,model,model
1998-08-27,1183.424377,5079.311626,1230.252562,4.8400,0.005000,model,model
1998-08-28,1141.475366,4536.503553,1186.658271,4.7800,0.005000,model,model
1998-08-31,1028.955559,3191.723324,1069.698731,4.7600,0.005000,model,model
1998-09-01,1096.377255,3817.168565,1139.802833,4.7700,0.005000,model,model
1998-09-02,1102.133973,3875.642754,1145.801133,4.7700,0.005000,model,model
1998-09-03,1090.872993,3755.128136,1134.107628,4.7100,0.005000,model,model
1998-09-04,1087.669811,3720.461053,1130.790995,4.7300,0.005000,model,model
1998-09-08,1160.812097,4468.734476,1206.846504,4.7300,0.005000,model,model
1998-09-09,1138.524751,4209.221998,1183.689674,4.7500,0.005000,model,model
1998-09-10,1114.703388,3943.034153,1158.937416,4.6500,0.005000,model,model
1998-09-11,1164.177746,4465.890851,1210.388829,4.7300,0.005000,model,model
1998-09-14,1180.446665,4651.073355,1227.317939,4.7500,0.005000,model,model
1998-09-15,1194.847713,4819.229220,1242.305412,4.6600,0.005000,model,model
1998-09-16,1201.398591,4896.461371,1249.131271,4.6300,0.005000,model,model
1998-09-17,1165.612520,4456.509244,1211.938257,4.5700,0.005000,model,model
1998-09-18,1173.652143,4546.877266,1220.311832,4.4900,0.005000,model,model
1998-09-21,1198.014878,4827.918028,1245.657658,4.5900,0.005000,model,model
1998-09-22,1205.675595,4918.459157,1253.637857,4.6900,0.005000,model,model
1998-09-23,1258.425502,5561.409659,1308.501101,4.5700,0.005000,model,model
1998-09-24,1223.965711,5101.899054,1272.685654,4.4800,0.005000,model,model
1998-09-25,1254.310855,5479.011842,1304.253837,4.4100,0.005000,model,model
1998-09-28,1248.138993,5395.952245,1297.851757,4.3700,0.005000,model,model
1998-09-29,1249.618817,5413.080940,1299.405972,4.3200,0.005000,model,model
1998-09-30,1214.058216,4948.475666,1262.444039,4.2500,0.005000,model,model
1998-10-01,1149.325536,4154.339473,1195.146493,4.1300,0.005000,model,model
1998-10-02,1151.761766,4179.234731,1197.694077,4.1000,0.005000,model,model
1998-10-05,1089.718103,3501.693336,1133.190368,4.0200,0.005000,model,model
1998-10-06,1069.108955,3301.571915,1111.772547,4.0500,0.005000,model,model
1998-10-07,1038.655536,3017.979453,1080.117098,4.0500,0.005000,model,model
1998-10-08,1018.614966,2842.119354,1059.289397,3.7300,0.005000,model,model
1998-10-09,1080.866256,3361.720250,1124.039061,3.8100,0.005000,model,model
1998-10-12,1121.949072,3743.536608,1166.776219,3.8100,0.005000,model,model
1998-10-13,1089.014264,3412.275808,1132.539401,3.8100,0.005000,model,model
1998-10-14,1114.974129,3654.879463,1159.550299,3.9200,0.005000,model,model
1998-10-15,1172.713801,4220.829460,1219.612182,4.0200,0.005000,model,model
1998-10-16,1167.525441,4163.436596,1214.230851,3.5300,0.005000,model,model
1998-10-19,1182.197230,4318.885709,1229.504023,3.6900,0.005000,model,model
1998-10-20,1157.888577,4050.714830,1204.237272,3.9100,0.005000,model,model
1998-10-21,1201.940073,4511.185679,1250.066425,3.9000,0.005000,model,model
1998-10-22,1222.819742,4744.517622,1271.797009,3.8600,0.005000,model,model
1998-10-23,1209.654873,4589.510023,1258.119992,3.8700,0.005000,model,model
1998-10-26,1235.217769,4878.570232,1284.722048,3.9900,0.005000,model,model
1998-10-27,1221.150466,4709.983600,1270.106259,4.0600,0.005000,model,model
1998-10-28,1245.170313,4985.910290,1295.104180,4.1800,0.005000,model,model
1998-10-29,1259.914359,5161.004378,1310.454910,4.2100,0.005000,model,model
1998-10-30,1263.722138,5205.843806,1314.431036,4.2100,0.005000,model,model
1998-11-02,1280.207605,5407.408875,1331.593657,4.3000,0.005000,model,model
1998-11-03,1264.813913,5210.074198,1315.597933,4.3800,0.005000,model,model
1998-11-04,1293.931911,5567.513063,1345.900720,4.4500,0.005000,model,model
1998-11-05,1301.186627,5658.903414,1353.462833,4.4300,0.005000,model,model
1998-11-06,1315.894434,5848.349278,1368.777651,4.5500,0.005000,model,model
1998-11-09,1324.277055,5957.692774,1377.513448,4.5100,0.005000,model,model
1998-11-10,1333.164919,6075.208484,1386.775006,4.4400,0.005000,model,model
1998-11-11,1336.079407,6112.647772,1389.823202,4.4400,0.005000,model,model
1998-11-12,1323.293553,5934.630458,1376.539583,4.3900,0.005000,model,model
1998-11-13,1322.102425,5916.324545,1375.316914,4.3500,0.005000,model,model
1998-11-16,1331.468547,6039.649280,1385.076395,4.4100,0.005000,model,model
1998-11-17,1352.176937,6318.892961,1406.635039,4.3000,0.005000,model,model
1998-11-18,1366.920873,6522.991839,1421.989523,4.3200,0.005000,model,model
1998-11-19,1387.277233,6811.651253,1443.182902,4.3200,0.005000,model,model
1998-11-20,1393.385982,6898.945693,1449.555006,4.3500,0.005000,model,model
1998-11-23,1433.846247,7496.621522,1491.663529,4.4700,0.005000,model,model
1998-11-24,1426.420032,7377.074677,1483.955623,4.4900,0.005000,model,model
1998-11-25,1442.346063,7621.045104,1500.541708,4.4500,0.005000,model,model
1998-11-27,1469.298463,8044.888709,1528.599444,4.4300,0.005000,model,model
1998-11-30,1405.783898,6997.435512,1462.539624,4.4200,0.005000,model,model
1998-12-01,1473.070223,7998.513773,1532.559912,4.3800,0.005000,model,model
1998-12-02,1460.942938,7797.703240,1519.961114,4.3700,0.005000,model,model
1998-12-03,1420.058717,7139.432872,1477.443374,4.3300,0.005000,model,model
1998-12-04,1470.796351,7901.194866,1530.248907,4.3600,0.005000,model,model
1998-12-07,1513.097281,8579.204559,1574.277944,4.3800,0.005000,model,model
1998-12-08,1505.220014,8441.834984,1566.100909,4.3100,0.005000,model,model
1998-12-09,1520.757999,8699.809326,1582.285995,4.3100,0.005000,model,model
1998-12-10,1491.324210,8190.829792,1551.680188,4.3600,0.005000,model,model
1998-12-11,1511.400909,8518.147889,1572.587891,4.3900,0.005000,model,model
1998-12-14,1456.431321,7584.522324,1515.411656,4.3900,0.005000,model,model
1998-12-15,1501.267833,8281.379242,1562.081929,4.3800,0.005000,model,model
1998-12-16,1494.500406,8166.121929,1555.058961,4.3400,0.005000,model,model
1998-12-17,1524.592874,8655.804572,1586.389316,4.3400,0.005000,model,model
1998-12-18,1565.531287,9349.058168,1629.005975,4.3800,0.005000,model,model
1998-12-21,1612.722850,10190.036459,1678.130320,4.4300,0.005000,model,model
1998-12-22,1595.145496,9852.573122,1659.860055,4.4100,0.005000,model,model
1998-12-23,1641.290333,10702.917930,1707.896735,4.4600,0.005000,model,model
1998-12-24,1629.632384,10470.448411,1695.786018,4.4500,0.005000,model,model
1998-12-28,1645.829047,10778.243448,1712.660359,4.4500,0.005000,model,model
1998-12-29,1645.215529,10761.945987,1712.042317,4.4800,0.005000,model,model
1998-12-30,1634.080777,10539.038040,1700.475666,4.4300,0.005000,model,model
1998-12-31,1656.674993,10971.744221,1724.008159,4.3500,0.005000,model,model
1999-01-04,1673.259704,11296.718149,1741.287455,4.3700,0.005000,model,model
1999-01-05,1717.121636,12179.875904,1786.953360,4.3700,0.005000,model,model
1999-01-06,1772.118210,13344.337996,1844.207802,4.3700,0.005000,model,model
1999-01-07,1774.283809,13388.165498,1846.483452,4.3100,0.005000,model,model
1999-01-08,1780.879846,13532.211117,1853.369879,4.3600,0.005000,model,model
1999-01-11,1804.809483,14071.950699,1878.295627,4.3900,0.005000,model,model
1999-01-12,1749.677429,12775.695803,1820.941130,4.3600,0.005000,model,model
1999-01-13,1758.366808,12960.984547,1830.006103,4.3400,0.005000,model,model
1999-01-14,1719.936881,12105.426313,1790.032251,4.3100,0.005000,model,model
1999-01-15,1788.062306,13537.856515,1860.955411,4.3200,0.005000,model,model
1999-01-19,1835.064307,14599.292366,1909.895675,4.2800,0.005000,model,model
1999-01-20,1835.064307,14593.797509,1909.918412,4.2900,0.005000,model,model
1999-01-21,1770.142174,13037.922904,1842.370778,4.2100,0.005000,model,model
1999-01-22,1772.352823,13081.858661,1844.693563,4.2500,0.005000,model,model
1999-01-25,1802.084448,13734.627862,1875.660681,4.2900,0.005000,model,model
1999-01-26,1860.771494,15069.895490,1936.766155,4.3500,0.005000,model,model
1999-01-27,1832.041545,14365.404090,1906.885919,4.3600,0.005000,model,model
1999-01-28,1899.021112,15933.918482,1976.624503,4.3700,0.005000,model,model
1999-01-29,1919.413490,16440.623440,1997.873746,4.3600,0.005000,model,model
1999-02-01,1922.788172,16520.896682,2001.410160,4.4100,0.005000,model,model
1999-02-02,1875.650800,15298.254759,1952.369187,4.4100,0.005000,model,model
1999-02-03,1912.871645,16202.237586,1991.135691,4.3600,0.005000,model,model
1999-02-04,1829.605315,14078.093834,1904.486272,4.3600,0.005000,model,model
1999-02-05,1794.315456,13257.232515,1867.774764,4.3900,0.005000,model,model
1999-02-08,1835.515468,14164.415917,1910.683740,4.4000,0.005000,model,model
1999-02-09,1746.293715,12091.331369,1817.830913,4.4100,0.005000,model,model
1999-02-10,1754.279367,12252.409134,1826.165338,4.3700,0.005000,model,model
1999-02-11,1844.962879,14145.868086,1920.586574,4.3900,0.005000,model,model
1999-02-12,1767.290802,12351.990454,1839.753638,4.4200,0.005000,model,model
1999-02-16,1763.582265,12269.387798,1835.914945,4.4000,0.005000,model,model
1999-02-17,1706.627609,11074.736364,1776.646171,4.4100,0.005000,model,model
1999-02-18,1719.909785,11328.769080,1790.494431,4.4100,0.005000,model,model
1999-02-19,1742.919035,11778.568543,1814.469290,4.4500,0.005000,model,model
1999-02-22,1801.055787,12951.407765,1875.014271,4.4900,0.005000,model,model
1999-02-23,1830.119591,13572.621121,1905.293871,4.5400,0.005000,model,model
1999-02-24,1794.847797,12781.681730,1868.595929,4.5400,0.005000,model,model
1999-02-25,1781.538525,12492.017339,1854.762041,4.5000,0.005000,model,model
1999-02-26,1737.225430,11553.941811,1808.649702,4.5500,0.005000,model,model
1999-03-01,1748.432218,11772.684405,1820.338776,4.5800,0.005000,model,model
1999-03-02,1704.182348,10873.264311,1774.290744,4.5400,0.005000,model,model
1999-03-03,1714.243277,11061.378339,1784.786693,4.4800,0.005000,model,model
1999-03-04,1744.218437,11636.708898,1816.016618,4.4800,0.005000,model,model
1999-03-05,1777.460005,12296.784602,1850.648145,4.4900,0.005000,model,model
1999-03-08,1835.371176,13492.648726,1910.965880,4.5000,0.005000,model,model
1999-03-09,1830.426350,13378.198176,1905.840138,4.4700,0.005000,model,model
1999-03-10,1839.395504,13569.420474,1915.201510,4.4700,0.005000,model,model
1999-03-11,1844.132702,13668.827935,1924.578615,4.4800,0.005000,model,real
1999-03-12,1812.731800,12964.535741,1877.695297,4.4700,0.005000,model,real
1999-03-15,1859.093296,13953.192371,1931.611996,4.4600,0.005000,model,real
1999-03-16,1870.796406,14211.017849,1948.021123,4.4300,0.005000,model,real
1999-03-17,1862.846883,14024.194176,1933.956230,4.4000,0.005000,model,real
1999-03-18,1897.378821,14797.944499,1971.462782,4.3700,0.005000,model,real
1999-03-19,1853.092712,13755.039016,1921.062604,4.3800,0.005000,model,real
1999-03-22,1829.136090,13215.737088,1897.620605,4.3900,0.005000,model,real
1999-03-23,1769.736173,11921.853800,1830.811130,4.3800,0.005000,model,real
1999-03-24,1816.873544,12868.943778,1892.931968,4.3800,0.005000,model,real
1999-03-25,1879.855769,14200.959456,1962.086017,4.3900,0.005000,model,real
1999-03-26,1865.373433,13866.952776,1940.988252,4.3900,0.005000,model,real
1999-03-29,1935.177056,15416.787060,2011.313399,4.3900,0.005000,model,real
1999-03-30,1918.060005,15001.374286,1997.247996,4.3700,0.005000,model,real
1999-03-31,1900.645118,14586.616584,1967.946771,4.3600,0.005000,model,real
1999-04-01,1936.503445,15405.876334,2008.969674,4.3000,0.005000,model,real
1999-04-05,2002.833255,16981.552186,2081.638886,4.2900,0.005000,model,real
1999-04-06,2002.102540,16956.555362,2085.742568,4.2900,0.005000,model,real
1999-04-07,1978.154839,16341.111107,2064.057981,4.2800,0.005000,model,real
1999-04-08,2007.444225,17060.120186,2080.467618,4.2700,0.005000,model,real
1999-04-09,2014.410136,17231.162569,2093.360394,4.2600,0.005000,model,real
1999-04-12,2002.445317,16917.432802,2079.294482,4.2200,0.005000,model,real
1999-04-13,1962.715987,15903.282331,2051.164864,4.1700,0.005000,model,real
1999-04-14,1898.154696,14326.537969,1980.839038,4.1600,0.005000,model,real
1999-04-15,1927.191625,14978.087073,2007.797388,4.1900,0.005000,model,real
1999-04-16,1882.661872,13933.244940,1949.192731,4.2200,0.005000,model,real
1999-04-19,1775.393649,11544.087264,1857.768970,4.2100,0.005000,model,real
1999-04-20,1831.969398,12642.286648,1899.965518,4.2500,0.005000,model,real
1999-04-21,1900.130951,14047.300085,1993.731985,4.2400,0.005000,model,real
1999-04-22,1970.214348,15594.816255,2047.649533,4.2700,0.005000,model,real
1999-04-23,1994.531922,16165.782500,2074.607373,4.3100,0.005000,model,real
1999-04-26,2039.846583,17260.342341,2122.370415,4.3500,0.005000,model,real
1999-04-27,1991.455078,16024.088202,2089.843534,4.3700,0.005000,model,real
1999-04-28,1940.392512,14784.083975,2018.345931,4.3800,0.005000,model,real
1999-04-29,1912.285223,14135.302642,2001.937143,4.3800,0.005000,model,real
1999-04-30,1927.714823,14471.629111,2014.830429,4.4300,0.005000,model,real
1999-05-03,1929.122500,14497.642909,2004.281546,4.4600,0.005000,model,real
1999-05-04,1892.668719,13669.246747,1972.635409,4.4900,0.005000,model,real
1999-05-05,1945.201967,14800.955709,2032.411334,4.4800,0.005000,model,real
1999-05-06,1875.596608,13204.677719,1958.569496,4.4800,0.005000,model,real
1999-05-07,1910.877545,13943.917025,1986.699623,4.4700,0.005000,model,real
1999-05-10,1926.235109,14274.315056,2006.625441,4.4700,0.005000,model,real
1999-05-11,1963.320694,15092.348444,2038.272258,4.4800,0.005000,model,real
1999-05-12,2001.064736,15955.994963,2080.467618,4.4700,0.005000,model,real
1999-05-13,1966.235181,15115.768262,2041.788269,4.4500,0.005000,model,real
1999-05-14,1917.572715,13986.378243,2003.109090,4.5000,0.005000,model,real
1999-05-17,1963.221341,14978.655466,2039.151643,4.5500,0.005000,model,real
1999-05-18,1948.351067,14632.004561,2030.067439,4.5300,0.005000,model,real
1999-05-19,1972.659609,15173.352196,2058.197566,4.5000,0.005000,model,real
1999-05-20,1930.927147,14203.431940,2001.643732,4.4800,0.005000,model,real
1999-05-21,1907.872737,13688.621055,1983.183612,4.4600,0.005000,model,real
1999-05-24,1859.318877,12637.080401,1932.783094,4.5000,0.005000,model,real
1999-05-25,1803.780821,11498.537010,1869.490309,4.5100,0.005000,model,real
1999-05-26,1852.506290,12424.876641,1921.648747,4.5200,0.005000,model,real
1999-05-27,1849.844480,12366.343133,1919.890657,4.5200,0.005000,model,real
1999-05-28,1885.585391,13077.528324,1951.537134,4.5100,0.005000,model,real
1999-06-01,1827.917975,11871.260719,1908.168639,4.5400,0.005000,model,real
1999-06-02,1871.906246,12722.652160,1940.400750,4.6000,0.005000,model,real
1999-06-03,1832.077673,11904.698253,1912.857616,4.5200,0.005000,model,real
1999-06-04,1903.370152,13288.439429,1971.462782,4.4300,0.005000,model,real
1999-06-07,1942.422740,14100.444187,2012.486025,4.3900,0.005000,model,real
1999-06-08,1882.923581,12797.857951,1962.086017,4.4800,0.005000,model,real
1999-06-09,1926.893787,13688.514681,1994.904611,4.4700,0.005000,model,real
1999-06-10,1892.885267,12957.572008,1972.049095,4.5300,0.005000,model,real
1999-06-11,1860.852783,12293.876010,1942.160878,4.5900,0.005000,model,real
1999-06-14,1830.742252,11691.572393,1905.531503,4.5700,0.005000,model,real
1999-06-15,1857.135105,12192.018204,1933.956230,4.5900,0.005000,model,real
1999-06-16,1955.777172,14127.952471,2033.291058,4.5500,0.005000,model,real
1999-06-17,1976.837482,14578.311344,2055.852823,4.5100,0.005000,model,real
1999-06-18,1990.038369,14864.296724,2065.229758,4.5200,0.005000,model,real
1999-06-21,2047.065171,16134.948888,2127.058543,4.5500,0.005000,model,real
1999-06-22,1994.035601,14873.240153,2062.886204,4.6100,0.005000,model,real
1999-06-23,2020.600172,15461.088414,2095.411387,4.5900,0.005000,model,real
1999-06-24,1971.459669,14325.710640,2053.801491,4.5900,0.005000,model,real
1999-06-25,1972.262640,14337.351975,2051.164864,4.6600,0.005000,model,real
1999-06-28,2024.759760,15475.223054,2099.806952,4.6700,0.005000,model,real
1999-06-29,2057.351791,16215.407419,2128.522204,4.7000,0.005000,model,real
1999-06-30,2072.429582,16564.934478,2161.341817,4.6700,0.005000,model,real
1999-07-01,2095.483991,17110.569983,2175.993024,4.5700,0.005000,model,real
1999-07-02,2118.547213,17668.161751,2203.537177,4.5400,0.005000,model,real
1999-07-06,2103.072452,17273.608552,2189.472623,4.5200,0.005000,model,real
1999-07-07,2112.041496,17487.532645,2192.988634,4.5300,0.005000,model,real
1999-07-08,2142.639427,18239.859128,2222.290538,4.5400,0.005000,model,real
1999-07-09,2159.278220,18657.074327,2244.559910,4.5600,0.005000,model,real
1999-07-12,2151.355792,18444.055724,2232.840439,4.5600,0.005000,model,real
1999-07-13,2141.809139,18190.872859,2222.290538,4.5800,0.005000,model,real
1999-07-14,2180.961080,19180.152786,2260.090332,4.5800,0.005000,model,real
1999-07-15,2191.987447,19463.091757,2280.895365,4.5700,0.005000,model,real
1999-07-16,2219.246604,20180.739692,2301.993469,4.5400,0.005000,model,real
1999-07-19,2187.791730,19313.780313,2278.551640,4.5200,0.005000,model,real
1999-07-20,2101.800255,17026.502409,2190.644400,4.4900,0.005000,model,real
1999-07-21,2132.758808,17771.454517,2201.192094,4.4700,0.005000,model,real
1999-07-22,2059.029989,15919.566221,2145.224912,4.4800,0.005000,model,real
1999-07-23,2077.166780,16333.517459,2148.449040,4.5200,0.005000,model,real
1999-07-26,2015.348588,14867.218429,2095.704458,4.5700,0.005000,model,real
1999-07-27,2083.266495,16362.835890,2137.899818,4.5800,0.005000,model,real
1999-07-28,2105.824583,16887.293450,2179.802446,4.5700,0.005000,model,real
1999-07-29,2042.012292,15343.783187,2133.211181,4.5800,0.005000,model,real
1999-07-30,2049.113463,15497.489800,2122.662638,4.6200,0.005000,model,real
1999-08-02,2043.591358,15365.762208,2116.802563,4.6500,0.005000,model,real
1999-08-03,2020.464692,14837.261093,2103.029382,4.6900,0.005000,model,real
1999-08-04,1989.018849,14137.744976,2064.937366,4.6600,0.005000,model,real
1999-08-05,2014.193587,14668.352768,2097.755790,4.5800,0.005000,model,real
1999-08-06,1996.074860,14266.121597,2075.193856,4.6600,0.005000,model,real
1999-08-09,1973.932026,13784.955799,2048.527050,4.7400,0.005000,model,real
1999-08-10,1952.420555,13328.025283,2030.067439,4.8100,0.005000,model,real
1999-08-11,2022.828885,14762.922879,2096.876745,4.7700,0.005000,model,real
1999-08-12,1998.042084,14213.660429,2072.262630,4.6600,0.005000,model,real
1999-08-13,2081.714526,15991.827410,2162.513934,4.6000,0.005000,model,real
1999-08-16,2087.146531,16110.404175,2179.802446,4.6300,0.005000,model,real
1999-08-17,2109.064004,16610.827559,2190.644400,4.6800,0.005000,model,real
1999-08-18,2091.035378,16177.688521,2166.030624,4.6300,0.005000,model,real
1999-08-19,2056.205822,15361.921404,2140.244222,4.6300,0.005000,model,real
1999-08-20,2088.942146,16088.596828,2174.234933,4.6900,0.005000,model,real
1999-08-23,2152.826694,17556.475483,2243.388472,4.7700,0.005000,model,real
1999-08-24,2169.925680,17966.936709,2258.624974,4.8500,0.005000,model,real
1999-08-25,2220.545897,19215.546240,2306.681428,4.7900,0.005000,model,real
1999-08-26,2181.186661,18184.694177,2268.295660,4.7800,0.005000,model,real
1999-08-27,2167.895452,17844.230794,2245.731857,4.8400,0.005000,model,real
1999-08-30,2135.691360,17040.632589,2214.085720,4.8500,0.005000,model,real
1999-08-31,2162.752253,17680.506398,2238.699496,4.8500,0.005000,model,real
1999-09-01,2170.033845,17851.451322,2254.815721,4.8200,0.005000,model,real
1999-09-02,2158.899314,17568.918190,2246.904993,4.7800,0.005000,model,real
1999-09-03,2261.845262,20072.354761,2350.048904,4.7700,0.005000,model,real
1999-09-07,2248.427826,19706.542066,2339.500192,4.6900,0.005000,model,real
1999-09-08,2214.906376,18816.160703,2307.853205,4.6900,0.005000,model,real
1999-09-09,2260.771550,19976.184569,2340.672308,4.6800,0.005000,model,real
1999-09-10,2287.038284,20663.681914,2367.630488,4.6200,0.005000,model,real
1999-09-13,2240.559592,19394.216378,2339.207460,4.6300,0.005000,model,real
1999-09-14,2276.074921,20307.586172,2352.099727,4.6900,0.005000,model,real
1999-09-15,2222.504089,18864.022064,2306.681428,4.6200,0.005000,model,real
1999-09-16,2225.923710,18943.473318,2305.509990,4.5600,0.005000,model,real
1999-09-17,2289.113452,20547.610635,2374.663529,4.5500,0.005000,model,real
1999-09-20,2296.783202,20745.766477,2380.229514,4.5400,0.005000,model,real
1999-09-21,2232.113746,18983.173876,2323.091234,4.6500,0.005000,model,real
1999-09-22,2268.387107,19899.934940,2347.705010,4.6800,0.005000,model,real
1999-09-23,2168.346614,17256.272783,2250.420665,4.6700,0.005000,model,real
1999-09-24,2165.197514,17173.957046,2253.351212,4.6700,0.005000,model,real
1999-09-27,2189.497025,17744.572343,2269.174366,4.6700,0.005000,model,real
1999-09-28,2190.940830,17772.384804,2279.723078,4.6700,0.005000,model,real
1999-09-29,2164.475611,17120.417625,2234.011877,4.6800,0.005000,model,real
1999-09-30,2172.704687,17308.431662,2257.453366,4.7100,0.005000,model,real
1999-10-01,2169.591715,17226.823494,2258.332241,4.7100,0.005000,model,real
1999-10-04,2226.862162,18582.569216,2309.026171,4.7000,0.005000,model,real
1999-10-05,2230.092551,18655.664181,2325.435638,4.7300,0.005000,model,real
1999-10-06,2285.043964,20025.727152,2372.025884,4.6700,0.005000,model,real
1999-10-07,2284.683123,20007.990469,2366.459050,4.7000,0.005000,model,real
1999-10-08,2305.761496,20553.031595,2391.365898,4.6700,0.005000,model,real
1999-10-11,2326.983943,21111.574005,2425.063198,4.6700,0.005000,model,real
1999-10-12,2280.009148,19823.030747,2369.974892,4.7200,0.005000,model,real
1999-10-13,2214.744019,18110.628650,2299.649065,4.8400,0.005000,model,real
1999-10-14,2229.632357,18467.785362,2314.006861,4.8700,0.005000,model,real
1999-10-15,2169.014326,16952.097709,2245.731857,4.8900,0.005000,model,real
1999-10-18,2131.387479,16061.676213,2217.309848,4.9300,0.005000,model,real
1999-10-19,2131.513707,16057.518584,2229.323070,4.9900,0.005000,model,real
1999-10-20,2225.391480,18170.035895,2297.305171,4.9900,0.005000,model,real
1999-10-21,2235.181559,18401.686620,2334.812064,4.9800,0.005000,model,real
1999-10-22,2243.085921,18588.795599,2324.262502,4.9200,0.005000,model,real
1999-10-25,2241.542983,18542.429803,2325.435638,4.9000,0.005000,model,real
1999-10-26,2225.490612,18135.575215,2306.681428,4.9900,0.005000,model,real
1999-10-27,2217.423893,17930.256281,2303.165416,4.9900,0.005000,model,real
1999-10-28,2291.838487,19725.848634,2382.866989,4.9500,0.005000,model,real
1999-10-29,2379.824060,21986.887308,2466.086441,4.9600,0.005000,model,real
1999-11-01,2360.803230,21449.590288,2453.193664,4.9800,0.005000,model,real
1999-11-02,2370.394824,21701.426405,2454.658514,4.9800,0.005000,model,real
1999-11-03,2411.658061,22824.176003,2503.593333,4.9700,0.005000,model,real
1999-11-04,2439.079795,23592.099633,2531.724819,4.9400,0.005000,model,real
1999-11-05,2486.532847,24957.418637,2557.508843,4.9800,0.005000,model,real
1999-11-08,2514.116939,25776.175526,2609.081139,5.0400,0.005000,model,real
1999-11-09,2493.643271,25134.462131,2591.501083,5.0400,0.005000,model,real
1999-11-10,2524.349366,26050.931955,2625.491455,5.0500,0.005000,model,real
1999-11-11,2571.450610,27496.202016,2672.373584,5.0500,0.005000,model,real
1999-11-12,2606.731327,28614.613013,2707.539978,5.0800,0.005000,model,real
1999-11-15,2594.965213,28213.966547,2702.263669,5.1100,0.005000,model,real
1999-11-16,2653.056695,30094.203622,2770.830726,5.1400,0.005000,model,real
1999-11-17,2627.286282,29202.975473,2733.323154,5.0900,0.005000,model,real
1999-11-18,2710.119625,31949.378501,2817.127051,5.0800,0.005000,model,real
1999-11-19,2732.993614,32743.357658,2842.328839,5.0800,0.005000,model,real
1999-11-22,2751.734890,33401.773971,2798.962041,5.0700,0.005000,model,real
1999-11-23,2706.772040,31747.817919,2811.854818,5.1300,0.005000,model,real
1999-11-24,2804.890690,35182.629466,2904.450016,5.1300,0.005000,model,real
1999-11-26,2812.199598,35441.612594,2913.825593,5.1300,0.005000,model,real
1999-11-29,2764.024422,33602.344784,2865.772365,5.1700,0.005000,model,real
1999-11-30,2676.932140,30407.681560,2756.766341,5.1500,0.005000,model,real
1999-12-01,2704.516231,31333.178613,2816.542606,5.1000,0.005000,model,real
1999-12-02,2804.845529,34802.834323,2905.914695,5.0900,0.005000,model,real
1999-12-03,2862.504133,36931.498817,2967.744669,5.0900,0.005000,model,real
1999-12-06,2879.395603,37568.202651,2994.701151,5.0900,0.005000,model,real
1999-12-07,2892.019100,38045.161953,2994.701151,5.0700,0.005000,model,real
1999-12-08,2855.023836,36566.824340,2958.367394,5.0600,0.005000,model,real
1999-12-09,2858.127777,36669.668300,2972.432797,5.1000,0.005000,model,real
1999-12-10,2890.394874,37893.968909,2997.045045,5.1200,0.005000,model,real
1999-12-13,2925.666779,39262.602760,3037.775216,5.2100,0.005000,model,real
1999-12-14,2857.920260,36514.506434,2982.979642,5.2100,0.005000,model,real
1999-12-15,2922.788200,38981.858159,3040.412522,5.1800,0.005000,model,real
1999-12-16,3006.821703,42323.023731,3115.426645,5.2200,0.005000,model,real
1999-12-17,3031.680759,43352.172177,3142.385505,5.2800,0.005000,model,real
1999-12-20,3058.885725,44497.701845,3183.408068,5.3800,0.005000,model,real
1999-12-21,3183.875595,49925.862087,3354.533062,5.4200,0.005000,model,real
1999-12-22,3214.338045,51333.997364,3343.984520,5.3800,0.005000,model,real
1999-12-23,3239.594071,52519.057116,3383.835476,5.3000,0.005000,model,real
1999-12-27,3247.020177,52855.637592,3363.907960,5.2800,0.005000,model,real
1999-12-28,3230.272999,52012.686292,3342.813591,5.2600,0.005000,model,real
1999-12-29,3329.284940,56767.508304,3469.400859,5.0900,0.005000,model,real
1999-12-30,3323.861967,56464.961452,3431.891760,5.0100,0.005000,model,real
1999-12-31,3345.662244,57549.349075,3427.203971,5.1700,0.005000,model,real
2000-01-03,3420.302418,61370.686660,3553.789541,5.2700,0.005000,model,real
2000-01-04,3199.819581,49462.113295,3309.994657,5.2700,0.005000,model,real
2000-01-05,3164.728317,47810.409000,3225.602579,5.2700,0.005000,model,real
2000-01-06,3014.491453,40972.681035,3004.078765,5.2400,0.005000,model,real
2000-01-07,3184.841143,47893.153824,3375.631167,5.2200,0.005000,model,real
2000-01-10,3354.306353,55508.772956,3469.400859,5.2300,0.005000,model,real
2000-01-11,3198.150415,47722.993487,3300.618741,5.2700,0.005000,model,real
2000-01-12,3138.407390,45023.830348,3227.946473,5.2800,0.005000,model,real
2000-01-13,3259.264768,50199.563011,3422.517202,5.2200,0.005000,model,real
2000-01-14,3342.873985,54035.936851,3502.218435,5.2500,0.005000,model,real
2000-01-18,3390.733259,56329.781768,3520.972305,5.2300,0.005000,model,real
2000-01-19,3420.609067,57790.934373,3600.674897,5.3500,0.005000,model,real
2000-01-20,3466.492305,60087.426760,3565.509352,5.3000,0.005000,model,real
2000-01-21,3473.909378,60444.918680,3610.049795,5.3000,0.005000,model,real
2000-01-24,3303.370235,51505.865228,3436.580907,5.3300,0.005000,model,real
2000-01-25,3391.933419,55620.028384,3488.153711,5.4000,0.005000,model,real
2000-01-26,3267.502876,49466.471984,3347.501719,5.4100,0.005000,model,real
2000-01-27,3242.183625,48292.030087,3396.728592,5.4100,0.005000,model,real
2000-01-28,3109.524006,42335.159052,3225.602579,5.4700,0.005000,model,real
2000-01-31,3221.340085,46877.157555,3363.907960,5.5300,0.005000,model,real
2000-02-01,3340.203142,52038.349335,3454.161472,5.5500,0.005000,model,real
2000-02-02,3360.667778,52968.882139,3483.463885,5.5000,0.005000,model,real
2000-02-03,3474.992122,58344.083102,3619.425032,5.4300,0.005000,model,real
2000-02-04,3495.935236,59369.945412,3644.042374,5.4900,0.005000,model,real
2000-02-07,3549.145227,62049.796824,3694.441533,5.4700,0.005000,model,real
2000-02-08,3665.932897,68139.154361,3849.157230,5.5200,0.005000,model,real
2000-02-09,3580.834714,63356.541039,3713.195404,5.4900,0.005000,model,real
2000-02-10,3690.503149,69141.445013,3835.092846,5.5000,0.005000,model,real
2000-02-11,3581.222652,62960.102229,3746.011961,5.4800,0.005000,model,real
2000-02-14,3596.778700,63749.718594,3741.326210,5.4600,0.005000,model,real
2000-02-15,3606.614158,64241.118299,3768.283710,5.5800,0.005000,model,real
2000-02-16,3607.462290,64255.270332,3750.701787,5.5500,0.005000,model,real
2000-02-17,3722.427249,70361.051686,3830.403020,5.5700,0.005000,model,real
2000-02-18,3578.389453,62150.870271,3692.098998,5.5700,0.005000,model,real
2000-02-22,3581.439201,62279.240311,3703.817790,5.6000,0.005000,model,real
2000-02-23,3762.770098,71698.823695,3910.108329,5.6400,0.005000,model,real
2000-02-24,3837.626821,75938.377083,3994.495992,5.6400,0.005000,model,real
2000-02-25,3770.431035,71908.146400,3903.074269,5.6200,0.005000,model,real
2000-02-28,3755.587638,71022.513438,3900.729016,5.6600,0.005000,model,real
2000-02-29,3850.160217,76347.601647,4003.874286,5.6400,0.005000,model,real
2000-03-01,3888.120809,78566.262205,4036.691861,5.6000,0.005000,model,real
2000-03-02,3820.672127,74435.070559,3943.217957,5.5900,0.005000,model,real
2000-03-03,4008.906150,85389.090962,4165.623363,5.6300,0.005000,model,real
2000-03-06,4021.818453,86171.249113,4198.441279,5.6500,0.005000,model,real
2000-03-07,3961.949200,82276.632331,4135.147645,5.6500,0.005000,model,real
2000-03-08,4011.441733,85316.217740,4172.656744,5.6700,0.005000,model,real
2000-03-09,4138.290002,93359.464650,4313.307377,5.6600,0.005000,model,real
2000-03-10,4139.102445,93368.119962,4294.553847,5.6800,0.005000,model,real
2000-03-13,3994.405530,83519.738112,4182.032321,5.7100,0.005000,model,real
2000-03-14,3814.112657,72157.448310,4027.315605,5.7100,0.005000,model,real
2000-03-15,3726.604901,67150.078947,3858.534166,5.6900,0.005000,model,real
2000-03-16,3928.112068,77998.684074,4078.888410,5.7000,0.005000,model,real
2000-03-17,4006.722598,82637.986793,4156.246088,5.7000,0.005000,model,real
2000-03-20,3844.935729,72576.143071,4039.036774,5.7300,0.005000,model,real
2000-03-21,4014.735125,82145.431633,4191.408917,5.7400,0.005000,model,real
2000-03-22,4147.809779,90264.608617,4275.799637,5.7400,0.005000,model,real
2000-03-23,4205.387094,93974.697973,4350.813081,5.7300,0.005000,model,real
2000-03-24,4233.349871,95800.503653,4409.417569,5.7200,0.005000,model,real
2000-03-27,4245.188461,96555.931937,4416.450949,5.6800,0.005000,model,real
2000-03-28,4135.700668,89029.494592,4303.929423,5.7100,0.005000,model,real
2000-03-29,3982.783709,79099.589456,4125.772407,5.7200,0.005000,model,real
2000-03-30,3835.046298,70248.982756,4022.626798,5.7100,0.005000,model,real
2000-03-31,3968.274277,77527.838906,4107.019555,5.7200,0.005000,model,real
2000-04-03,3678.791007,60505.488344,3860.880777,5.6900,0.005000,model,real
2000-04-04,3640.126357,58565.869853,3823.371677,5.6700,0.005000,model,real
2000-04-05,3636.598351,58366.282889,3755.390594,5.7000,0.005000,model,real
2000-04-06,3687.552533,60788.136576,3844.469442,5.7100,0.005000,model,real
2000-04-07,3872.348211,69887.573199,3999.186158,5.7100,0.005000,model,real
2000-04-10,3607.723999,55510.797862,3755.390594,5.6900,0.005000,model,real
2000-04-11,3527.372046,51770.565983,3666.309369,5.6700,0.005000,model,real
2000-04-12,3278.709664,40785.252189,3450.643253,5.6700,0.005000,model,real
2000-04-13,3206.686360,38074.694907,3300.618741,5.6400,0.005000,model,real
2000-04-14,2894.617686,26928.726629,3014.627648,5.6400,0.005000,model,real
2000-04-17,3184.705662,35003.442575,3361.567122,5.6400,0.005000,model,real
2000-04-18,3352.862768,40525.347796,3450.643253,5.6400,0.005000,model,real
2000-04-19,3233.088354,36157.977675,3345.156806,5.6400,0.005000,model,real
2000-04-20,3162.905605,33783.165164,3272.488614,5.6200,0.005000,model,real
2000-04-24,3025.968981,29374.367238,3178.720620,5.6000,0.005000,model,real
2000-04-25,3267.818778,36396.082675,3393.214448,5.6300,0.005000,model,real
2000-04-26,3163.284511,32881.996201,3277.176063,5.5900,0.005000,model,real
2000-04-27,3331.892778,38118.698097,3422.517202,5.5800,0.005000,model,real
2000-04-28,3404.628953,40593.823639,3553.789541,5.6500,0.005000,model,real
2000-05-01,3455.754744,42400.640348,3586.608475,5.6700,0.005000,model,real
2000-05-02,3273.007138,35645.948544,3380.318616,5.7400,0.005000,model,real
2000-05-03,3214.220629,33705.456823,3342.813591,5.7400,0.005000,model,real
2000-05-04,3221.953602,33931.661928,3349.846293,5.7200,0.005000,model,real
2000-05-05,3328.094031,37264.576464,3429.546507,5.7900,0.005000,model,real
2000-05-08,3177.622555,32185.884510,3295.929254,5.8900,0.005000,model,real
2000-05-09,3108.739099,30073.908829,3225.602579,5.9600,0.005000,model,real
2000-05-10,2927.796139,24801.763982,2991.184970,5.9300,0.005000,model,real
2000-05-11,3051.270167,27923.726677,3174.030793,5.9100,0.005000,model,real
2000-05-12,3073.539450,28519.990992,3174.030793,5.9600,0.005000,model,real
2000-05-15,3169.059513,31161.621486,3312.338212,5.9300,0.005000,model,real
2000-05-16,3290.674482,34729.239142,3406.105867,6.0100,0.005000,model,real
2000-05-17,3203.699616,31954.817872,3335.780210,5.9100,0.005000,model,real
2000-05-18,3091.676241,28583.396909,3216.226323,5.7300,0.005000,model,real
2000-05-19,2942.152027,24417.840916,3063.853162,5.7000,0.005000,model,real
2000-05-22,2945.824545,24497.042051,3061.510966,5.7000,0.005000,model,real
2000-05-23,2728.102871,19047.614360,2805.993724,5.7800,0.005000,model,real
2000-05-24,2869.668530,22000.333469,2981.808374,5.7400,0.005000,model,real
2000-05-25,2796.553229,20306.162200,2916.170506,5.6600,0.005000,model,real
2000-05-26,2798.502168,20338.561475,2916.170506,5.6500,0.005000,model,real
2000-05-30,3080.559553,26472.140823,3209.192942,5.6000,0.005000,model,real
2000-05-31,2999.395598,24364.956625,3117.769861,5.4900,0.005000,model,real
2000-06-01,3175.258361,28634.582950,3277.176063,5.5600,0.005000,model,real
2000-06-02,3388.829260,34392.510389,3511.596049,5.7000,0.005000,model,real
2000-06-05,3365.946459,33677.977015,3520.384464,5.7100,0.005000,model,real
2000-06-06,3290.160316,31383.760229,3422.517202,5.8200,0.005000,model,real
2000-06-07,3371.089659,33681.566560,3513.939264,5.7500,0.005000,model,real
2000-06-08,3345.193018,32887.666364,3497.529628,5.7500,0.005000,model,real
2000-06-09,3392.971004,34278.914766,3516.282819,5.7500,0.005000,model,real
2000-06-12,3283.031828,30926.489593,3403.761293,5.6700,0.005000,model,real
2000-06-13,3397.978944,34156.234226,3535.037709,5.7200,0.005000,model,real
2000-06-14,3318.285669,31733.738589,3455.333079,5.6600,0.005000,model,real
2000-06-15,3385.526835,33645.296294,3516.282819,5.6500,0.005000,model,real
2000-06-16,3417.424059,34578.762853,3535.037709,5.6400,0.005000,model,real
2000-06-19,3549.469940,38565.987740,3675.688002,5.6400,0.005000,model,real
2000-06-20,3549.587357,38550.894470,3661.622260,5.6200,0.005000,model,real
2000-06-21,3582.224328,39594.229772,3708.506937,5.6400,0.005000,model,real
2000-06-22,3432.537977,34606.254125,3572.542733,5.6600,0.005000,model,real
2000-06-23,3325.332869,31343.347359,3431.891760,5.6900,0.005000,model,real
2000-06-26,3403.067951,33523.792394,3525.660773,5.6500,0.005000,model,real
2000-06-27,3337.694657,31573.336898,3483.463885,5.6500,0.005000,model,real
2000-06-28,3402.716142,33401.180567,3525.660773,5.6400,0.005000,model,real
2000-06-29,3307.764656,30585.706325,3437.166031,5.6700,0.005000,model,real
2000-06-30,3396.156232,33020.007852,3504.562329,5.7000,0.005000,model,real
2000-07-03,3433.142464,34080.842322,3572.542733,5.8700,0.005000,model,real
2000-07-05,3293.300384,29894.747317,3434.237352,5.8100,0.005000,model,real
2000-07-06,3422.946164,33406.531187,3525.660773,5.8400,0.005000,model,real
2000-07-07,3466.068240,34650.776952,3598.329645,5.8500,0.005000,model,real
2000-07-10,3403.744693,32761.956759,3543.827142,5.8800,0.005000,model,real
2000-07-11,3378.777472,32023.367978,3563.167495,5.9200,0.005000,model,real
2000-07-12,3520.072390,36020.101740,3647.557196,5.9900,0.005000,model,real
2000-07-13,3570.196285,37538.491570,3694.441533,5.9800,0.005000,model,real
2000-07-14,3646.424557,39921.018731,3774.143785,5.9700,0.005000,model,real
2000-07-17,3665.129706,40514.002568,3816.337278,5.9600,0.005000,model,real
2000-07-18,3574.067288,37470.091699,3731.947237,5.9700,0.005000,model,real
2000-07-19,3468.513501,34127.379130,3647.557196,5.9800,0.005000,model,real
2000-07-20,3605.197449,38140.053294,3764.766511,6.0000,0.005000,model,real
2000-07-21,3526.957013,35634.641779,3638.181280,5.9400,0.005000,model,real
2000-07-24,3420.365642,32382.005520,3563.167495,5.9700,0.005000,model,real
2000-07-25,3487.832169,34279.310720,3591.295924,6.0100,0.005000,model,real
2000-07-26,3445.350928,33007.597033,3586.608475,5.9900,0.005000,model,real
2000-07-27,3322.021192,29442.093443,3445.956484,6.0200,0.005000,model,real
2000-07-28,3137.658612,24519.915652,3258.421853,6.0000,0.005000,model,real
2000-07-31,3256.801443,27297.443125,3354.533062,6.0200,0.005000,model,real
2000-08-01,3177.216333,25279.841300,3309.994657,6.0600,0.005000,model,real
2000-08-02,3149.415913,24602.248120,3251.390509,6.0500,0.005000,model,real
2000-08-03,3269.569232,27402.264527,3392.040124,6.0400,0.005000,model,real
2000-08-04,3265.174811,27277.231829,3380.318616,6.0400,0.005000,model,real
2000-08-07,3347.972025,29335.843456,3460.022226,6.0400,0.005000,model,real
2000-08-08,3326.298417,28750.014319,3530.349241,6.0700,0.005000,model,real
2000-08-09,3332.316844,28890.746411,3436.580907,6.0500,0.005000,model,real
2000-08-10,3244.024400,26576.723896,3368.598126,6.0600,0.005000,model,real
2000-08-11,3288.617378,27657.497533,3415.483142,6.0900,0.005000,model,real
2000-08-14,3356.291641,29348.557017,3488.153711,6.0800,0.005000,model,real
2000-08-15,3359.007644,29404.175176,3488.153711,6.0800,0.005000,model,real
2000-08-16,3357.771355,29356.087026,3523.315521,6.0800,0.005000,model,real
2000-08-17,3456.431487,31925.629052,3591.295924,6.0700,0.005000,model,real
2000-08-18,3435.605790,31331.076922,3572.542733,6.0700,0.005000,model,real
2000-08-21,3453.751612,31810.412007,3581.920687,6.0800,0.005000,model,real
2000-08-22,3453.995037,31800.266911,3581.920687,6.0800,0.005000,model,real
2000-08-23,3516.282455,33502.058822,3640.525174,6.0900,0.005000,model,real
2000-08-24,3563.789920,34840.815591,3696.786786,6.0900,0.005000,model,real
2000-08-25,3547.259292,34336.940791,3676.859270,6.1100,0.005000,model,real
2000-08-28,3568.003700,34920.392531,3694.441533,6.1300,0.005000,model,real
2000-08-29,3565.928312,34840.761505,3713.195404,6.1200,0.005000,model,real
2000-08-30,3581.078359,35265.793391,3708.506937,6.1200,0.005000,model,real
2000-08-31,3679.305393,38146.058451,3811.650848,6.1100,0.005000,model,real
2000-09-01,3698.894581,38734.510169,3849.157230,6.0800,0.005000,model,real
2000-09-05,3597.590923,35528.318294,3731.947237,6.0600,0.005000,model,real
2000-09-06,3462.774847,31511.526225,3600.674897,6.0100,0.005000,model,real
2000-09-07,3567.209761,34343.274866,3680.374772,6.0000,0.005000,model,real
2000-09-08,3440.956506,30675.258405,3567.853926,5.9600,0.005000,model,real
2000-09-11,3344.678632,28081.903697,3481.120670,5.9400,0.005000,model,real
2000-09-12,3308.703108,27160.367570,3427.203971,5.9100,0.005000,model,real
2000-09-13,3376.268987,28808.594382,3506.907582,5.9100,0.005000,model,real
2000-09-14,3372.361856,28693.529290,3488.153711,5.9500,0.005000,model,real
2000-09-15,3317.239053,27270.175740,3424.859058,5.9600,0.005000,model,real
2000-09-18,3235.299003,25233.171657,3370.941680,5.9500,0.005000,model,real
2000-09-19,3389.487938,28824.125674,3495.185054,5.9700,0.005000,model,real
2000-09-20,3420.212097,29592.164026,3549.103112,5.9700,0.005000,model,real
2000-09-21,3354.974064,27881.736390,3291.239428,5.9600,0.005000,model,real
2000-09-22,3339.661661,27485.072023,3485.810836,5.9700,0.005000,model,real
2000-09-25,3268.306068,25707.222412,3393.214448,5.9800,0.005000,model,real
2000-09-26,3232.655257,24851.725075,3354.533062,5.9800,0.005000,model,real
2000-09-27,3223.009251,24616.009492,3359.221190,6.0100,0.005000,model,real
2000-09-28,3361.290328,27768.244367,3434.237352,6.0500,0.005000,model,real
2000-09-29,3221.845438,24294.234369,3328.746151,6.0300,0.005000,model,real
2000-10-02,3120.207596,21980.002454,3253.734064,6.0100,0.005000,model,real
2000-10-03,3025.797592,19971.217914,3150.588455,6.0500,0.005000,model,real
2000-10-04,3116.048007,21745.949359,3211.537176,6.0400,0.005000,model,real
2000-10-05,3089.844497,21185.327504,3220.915130,6.0500,0.005000,model,real
2000-10-06,2988.441267,19086.262945,3113.083091,6.0500,0.005000,model,real
2000-10-09,2994.721403,19196.400871,3099.017348,6.0500,0.005000,model,real
2000-10-10,2876.869053,16917.687301,2937.266913,6.0400,0.005000,model,real
2000-10-11,2797.681133,15510.359804,2890.384613,6.0400,0.005000,model,real
2000-10-12,2710.985820,14058.879191,2817.712855,6.0000,0.005000,model,real
2000-10-13,2957.608944,17884.555285,3047.445563,6.0000,0.005000,model,real
2000-10-16,2932.064112,17411.264373,3075.575350,6.0400,0.005000,model,real
2000-10-17,2862.341556,16158.687073,2934.923358,6.0900,0.005000,model,real
2000-10-18,2832.673266,15647.104069,2925.546083,6.1200,0.005000,model,real
2000-10-19,3070.561738,19576.939818,3190.439751,6.1200,0.005000,model,real
2000-10-20,3118.980558,20491.673800,3237.324088,6.1200,0.005000,model,real
2000-10-23,3087.751045,19864.535703,3232.635960,6.1500,0.005000,model,real
2000-10-24,3025.725336,18655.569591,3094.329560,6.1600,0.005000,model,real
2000-10-25,2804.069654,14541.448707,2920.858974,6.1800,0.005000,model,real
2000-10-26,2857.784779,15368.474193,2995.873777,6.1600,0.005000,model,real
2000-10-27,2865.102719,15478.177505,2990.011664,6.1500,0.005000,model,real
2000-10-30,2780.121953,14091.178299,2879.249248,6.1800,0.005000,model,real
2000-10-31,2961.696495,16841.809398,3064.441003,6.1500,0.005000,model,real
2000-11-01,2910.236959,15953.988544,3038.068288,6.1700,0.005000,model,real
2000-11-02,2985.319262,17178.976379,3075.575350,6.1700,0.005000,model,real
2000-11-03,2997.437406,17378.696832,3115.426645,6.1900,0.005000,model,real
2000-11-06,2969.068408,16875.340520,3091.984307,6.2200,0.005000,model,real
2000-11-07,2959.233169,16698.319611,3080.263478,6.2200,0.005000,model,real
2000-11-08,2760.288900,13318.100281,2839.397442,6.2100,0.005000,model,real
2000-11-09,2758.457157,13284.384144,2838.813337,6.1800,0.005000,model,real
2000-11-10,2607.949552,11100.578865,2691.127285,6.1700,0.005000,model,real
2000-11-13,2559.549015,10475.945589,2695.231307,6.1700,0.005000,model,real
2000-11-14,2742.612303,12715.845108,2844.674431,6.1500,0.005000,model,real
2000-11-15,2776.178693,13175.417992,2902.104764,6.1700,0.005000,model,real
2000-11-16,2639.440554,11219.570386,2733.323154,6.1500,0.005000,model,real
2000-11-17,2648.148108,11324.483650,2731.566592,6.1500,0.005000,model,real
2000-11-20,2519.657108,9668.319156,2620.216504,6.1600,0.005000,model,real
2000-11-21,2514.351551,9601.982284,2616.116557,6.1700,0.005000,model,real
2000-11-22,2407.624701,8372.862228,2498.904356,6.1700,0.005000,model,real
2000-11-24,2553.656817,9890.372726,2641.900752,6.1700,0.005000,model,real
2000-11-27,2498.822599,9247.324659,2609.081139,6.1300,0.005000,model,real
2000-11-28,2365.089267,7756.206474,2454.950566,6.1000,0.005000,model,real
2000-11-29,2348.612832,7589.850657,2360.597617,6.0500,0.005000,model,real
2000-11-30,2261.710001,6742.513577,2362.356217,6.0100,0.005000,model,real
2000-12-01,2300.690333,7087.231963,2400.448913,6.0400,0.005000,model,real
2000-12-04,2304.895081,7122.354720,2437.956314,5.9800,0.005000,model,real
2000-12-05,2574.211772,9612.830101,2651.277857,5.9000,0.005000,model,real
2000-12-06,2475.704965,8503.219422,2550.476821,5.9000,0.005000,model,real
2000-12-07,2454.238654,8277.417988,2494.217417,5.9200,0.005000,model,real
2000-12-08,2612.578366,9873.649038,2550.476821,5.9000,0.005000,model,real
2000-12-11,2682.526501,10660.839980,2789.584427,5.8900,0.005000,model,real
2000-12-12,2583.541657,9474.028178,2687.611613,5.8900,0.005000,model,real
2000-12-13,2480.378940,8333.482512,2578.022163,5.4300,0.005000,model,real
2000-12-14,2381.466351,7331.246806,2452.020189,5.8700,0.005000,model,real
2000-12-15,2294.689970,6525.301384,2395.761294,5.8300,0.005000,model,real
2000-12-18,2294.689970,6522.010776,2400.448913,5.7800,0.005000,model,real
2000-12-19,2165.242454,5413.876684,2217.602410,5.7500,0.005000,model,real
2000-12-20,1994.423758,4128.589533,2090.430187,5.6700,0.005000,model,real
2000-12-21,2007.525513,4207.989357,2102.736651,5.2200,0.005000,model,real
2000-12-22,2198.294679,5404.520565,2269.174366,5.1200,0.005000,model,real
2000-12-26,2169.727196,5190.972187,2283.239768,5.5900,0.005000,model,real
2000-12-27,2219.905283,5548.219825,2309.026171,5.6000,0.005000,model,real
2000-12-28,2223.884670,5575.267349,2304.337533,5.7000,0.005000,model,real
2000-12-29,2112.970915,4737.462167,2189.472623,5.7300,0.005000,model,real
2001-01-02,1920.848264,3441.550816,2004.281546,5.6800,0.005000,model,real
2001-01-03,2281.416606,5376.016955,2341.844935,5.5300,0.005000,model,real
2001-01-04,2219.751958,4937.191529,2299.649065,5.2400,0.005000,model,real
2001-01-05,2046.334457,3776.734418,2123.835264,4.9700,0.005000,model,real
2001-01-08,2058.687212,3843.393462,2147.276923,5.0500,0.005000,model,real
2001-01-09,2085.630468,3992.434280,2147.276923,5.0900,0.005000,model,real
2001-01-10,2177.947240,4520.263084,2257.453366,5.1400,0.005000,model,real
2001-01-11,2277.726244,5138.866142,2323.091234,5.1600,0.005000,model,real
2001-01-12,2261.267872,5025.053162,2352.978772,5.1300,0.005000,model,real
2001-01-16,2229.388712,4810.024003,2324.848985,5.2100,0.005000,model,real
2001-01-17,2308.748020,5320.980439,2395.761294,5.2200,0.005000,model,real
2001-01-18,2409.627833,6015.384502,2496.561481,5.1400,0.005000,model,real
2001-01-19,2396.363721,5913.270978,2487.184885,5.0900,0.005000,model,real
2001-01-22,2384.958229,5826.117541,2489.528610,5.1000,0.005000,model,real
2001-01-23,2463.388338,6397.729740,2541.686199,5.0900,0.005000,model,real
2001-01-24,2460.139885,6369.525890,2517.658057,5.1300,0.005000,model,real
2001-01-25,2342.296567,5450.435813,2419.203123,5.1200,0.005000,model,real
2001-01-26,2374.716989,5674.135012,2458.468615,5.0300,0.005000,model,real
2001-01-29,2431.337789,6077.124962,2512.970778,4.9800,0.005000,model,real
2001-01-30,2423.767172,6017.705384,2503.593333,4.8800,0.005000,model,real
2001-01-31,2339.724857,5388.550576,2411.701269,4.8400,0.005000,model,real
2001-02-01,2352.501678,5474.453189,2443.582577,4.8500,0.005000,model,real
2001-02-02,2230.706069,4620.960722,2308.557528,4.9200,0.005000,model,real
2001-02-05,2226.302836,4591.568577,2306.681428,4.9500,0.005000,model,real
2001-02-06,2231.662584,4622.717560,2310.431421,4.9300,0.005000,model,real
2001-02-07,2174.292785,4263.855123,2272.925717,4.9300,0.005000,model,real
2001-02-08,2125.576348,3975.122007,2205.038193,4.9400,0.005000,model,real
2001-02-09,2040.848259,3497.578003,2115.396464,4.9100,0.005000,model,real
2001-02-12,2063.397315,3611.889316,2140.900492,4.9200,0.005000,model,real
2001-02-13,1992.691147,3238.661067,2072.262630,4.9100,0.005000,model,real
2001-02-14,2080.595653,3665.440142,2154.778098,4.9300,0.005000,model,real
2001-02-15,2139.445166,3974.574575,2190.410079,4.9400,0.005000,model,real
2001-02-16,1996.399794,3174.846126,2067.761619,4.8800,0.005000,model,real
2001-02-20,1890.467102,2667.585708,1987.496146,4.9100,0.005000,model,real
2001-02-21,1857.469070,2526.618899,1931.611996,4.8800,0.005000,model,real
2001-02-22,1833.900384,2429.268137,1912.857616,4.8700,0.005000,model,real
2001-02-23,1855.231326,2512.940895,1919.609641,4.7500,0.005000,model,real
2001-02-26,1892.749787,2664.211989,1955.991450,4.7000,0.005000,model,real
2001-02-27,1772.632596,2155.384755,1837.844001,4.6800,0.005000,model,real
2001-02-28,1721.921948,1969.327823,1779.707478,4.7200,0.005000,model,real
2001-03-01,1775.790729,2153.157981,1830.341978,4.7000,0.005000,model,real
2001-03-02,1697.577278,1867.481705,1751.577181,4.7100,0.005000,model,real
2001-03-05,1729.465470,1971.843779,1783.459169,4.7200,0.005000,model,real
2001-03-06,1783.271026,2154.894813,1852.847030,4.6500,0.005000,model,real
2001-03-07,1801.245239,2219.128402,1853.596859,4.5600,0.005000,model,real
2001-03-08,1748.838329,2024.353998,1819.090640,4.5500,0.005000,model,real
2001-03-09,1635.930585,1631.058529,1691.566255,4.6000,0.005000,model,real
2001-03-12,1516.480994,1272.769678,1586.547093,4.5400,0.005000,model,real
2001-03-13,1614.888338,1519.795403,1667.187141,4.5100,0.005000,model,real
2001-03-14,1574.671828,1405.547483,1640.930907,4.4200,0.005000,model,real
2001-03-15,1532.073171,1290.822870,1580.921170,4.3800,0.005000,model,real
2001-03-16,1486.587012,1175.237587,1545.288510,4.4100,0.005000,model,real
2001-03-19,1561.434703,1352.117024,1622.553309,4.4400,0.005000,model,real
2001-03-20,1456.774208,1079.434095,1513.407541,4.3800,0.005000,model,real
2001-03-21,1448.265359,1060.103520,1513.407541,4.1900,0.005000,model,real
2001-03-22,1535.664400,1251.448081,1605.300285,4.1500,0.005000,model,real
2001-03-23,1538.479646,1257.865620,1605.300285,4.1700,0.005000,model,real
2001-03-26,1513.106313,1195.108848,1568.168816,4.1500,0.005000,model,real
2001-03-27,1566.099755,1320.106846,1622.178395,4.2400,0.005000,model,real
2001-03-28,1445.720745,1014.899360,1489.027577,4.2300,0.005000,model,real
2001-03-29,1410.457982,940.185302,1460.898300,4.2200,0.005000,model,real
2001-03-30,1419.580459,958.064598,1468.399474,4.1800,0.005000,model,real
2001-04-02,1368.445746,854.080237,1402.762455,4.1500,0.005000,model,real
2001-04-03,1262.395748,655.012639,1299.993289,4.0400,0.005000,model,real
2001-04-04,1236.859949,614.993575,1277.113747,4.0000,0.005000,model,real
2001-04-05,1370.674569,814.184167,1399.387801,3.9900,0.005000,model,real
2001-04-06,1306.708842,699.807230,1348.377029,3.8400,0.005000,model,real
2001-04-09,1336.539601,747.450782,1389.635612,3.8300,0.005000,model,real
2001-04-10,1441.795660,923.612857,1492.778759,3.8300,0.005000,model,real
2001-04-11,1486.451641,1009.023311,1537.787675,3.9800,0.005000,model,real
2001-04-12,1546.844202,1131.539588,1605.300285,3.9000,0.005000,model,real
2001-04-16,1489.023241,1004.120833,1509.657039,4.0300,0.005000,model,real
2001-04-17,1508.242776,1042.610774,1547.164780,4.0000,0.005000,model,real
2001-04-18,1651.964891,1340.017498,1708.444705,3.8000,0.005000,model,real
2001-04-19,1762.490488,1608.267678,1811.588447,3.7600,0.005000,model,real
2001-04-20,1744.705617,1559.012706,1815.339798,3.6700,0.005000,model,real
2001-04-23,1634.910955,1263.891518,1693.440998,3.6300,0.005000,model,real
2001-04-24,1590.083474,1159.412653,1661.560538,3.6900,0.005000,model,real
2001-04-25,1637.112571,1261.801592,1691.566255,3.7400,0.005000,model,real
2001-04-26,1591.094072,1154.874218,1648.433440,3.7300,0.005000,model,real
2001-04-27,1633.629616,1247.022406,1693.440998,3.7400,0.005000,model,real
2001-04-30,1673.945478,1338.834100,1730.948909,3.8300,0.005000,model,real
2001-05-01,1731.567845,1476.506743,1802.212530,3.8100,0.005000,model,real
2001-05-02,1770.737739,1576.113953,1837.094172,3.7900,0.005000,model,real
2001-05-03,1694.383128,1371.501665,1755.329042,3.7500,0.005000,model,real
2001-05-04,1736.178704,1472.452776,1807.838114,3.6400,0.005000,model,real
2001-05-07,1710.273031,1406.004874,1770.331392,3.6200,0.005000,model,real
2001-05-08,1740.798596,1480.768789,1807.838114,3.5900,0.005000,model,real
2001-05-09,1693.300274,1358.963325,1745.951597,3.6300,0.005000,model,real
2001-05-10,1658.759303,1275.283235,1716.697237,3.6200,0.005000,model,real
2001-05-11,1643.311529,1239.204357,1708.444705,3.6800,0.005000,model,real
2001-05-14,1619.724890,1185.397013,1681.065086,3.6100,0.005000,model,real
2001-05-15,1621.547490,1189.024338,1693.440998,3.5400,0.005000,model,real
2001-05-16,1713.936408,1391.691804,1768.456140,3.4800,0.005000,model,real
2001-05-17,1737.099092,1447.630888,1796.585927,3.4800,0.005000,model,real
2001-05-18,1739.399950,1452.928965,1801.837276,3.5100,0.005000,model,real
2001-05-21,1852.082225,1734.563882,1914.733207,3.5400,0.005000,model,real
2001-05-22,1843.383813,1709.555149,1909.106434,3.5600,0.005000,model,real
2001-05-23,1766.352460,1494.486423,1824.716224,3.5600,0.005000,model,real
2001-05-24,1807.687842,1598.826566,1871.600052,3.6000,0.005000,model,real
2001-05-25,1769.221786,1496.155651,1837.468407,3.5700,0.005000,model,real
2001-05-29,1690.530189,1295.841916,1729.823826,3.6000,0.005000,model,real
2001-05-30,1605.233521,1099.087465,1666.437142,3.5900,0.005000,model,real
2001-05-31,1624.083073,1137.423601,1677.688819,3.5400,0.005000,model,real
2001-06-01,1661.024144,1214.605264,1727.198406,3.5400,0.005000,model,real
2001-06-04,1659.228529,1210.277669,1718.946384,3.5900,0.005000,model,real
2001-06-05,1735.980219,1377.685219,1794.710506,3.5300,0.005000,model,real
2001-06-06,1717.879557,1334.118401,1780.834089,3.5300,0.005000,model,real
2001-06-07,1771.540820,1458.599734,1826.591645,3.5200,0.005000,model,real
2001-06-08,1711.003857,1308.465828,1775.956975,3.5300,0.005000,model,real
2001-06-11,1666.140358,1205.031010,1727.198406,3.5100,0.005000,model,real
2001-06-12,1671.130233,1215.477659,1717.821301,3.4700,0.005000,model,real
2001-06-13,1615.348532,1093.267569,1670.937473,3.4600,0.005000,model,real
2001-06-14,1544.227442,948.386263,1584.671163,3.4400,0.005000,model,real
2001-06-15,1535.330545,931.690387,1597.798770,3.4300,0.005000,model,real
2001-06-18,1503.713094,873.793102,1576.419650,3.4000,0.005000,model,real
2001-06-19,1512.203989,888.316912,1568.542542,3.4100,0.005000,model,real
2001-06-20,1553.404112,960.583215,1604.174862,3.4100,0.005000,model,real
2001-06-21,1580.166948,1009.891410,1625.928897,3.4200,0.005000,model,real
2001-06-22,1558.736765,968.461842,1622.178395,3.3600,0.005000,model,real
2001-06-25,1573.561988,995.779711,1626.303981,3.3600,0.005000,model,real
2001-06-26,1580.527899,1008.690900,1631.930584,3.4100,0.005000,model,real
2001-06-27,1584.498145,1015.980779,1642.431753,3.4100,0.005000,model,real
2001-06-28,1632.249034,1107.424049,1663.436129,3.5500,0.005000,model,real
2001-06-29,1651.423408,1146.064515,1714.070459,3.5600,0.005000,model,real
2001-07-02,1651.423408,1145.704573,1704.693863,3.5600,0.005000,model,real
2001-07-03,1644.177834,1130.248396,1711.819954,3.5700,0.005000,model,real
2001-07-05,1579.968463,997.343232,1629.679909,3.5600,0.005000,model,real
2001-07-06,1505.607952,856.073551,1562.166960,3.5200,0.005000,model,real
2001-07-09,1531.288154,899.565975,1575.670161,3.5500,0.005000,model,real
2001-07-10,1466.230540,784.515045,1519.034144,3.5300,0.005000,model,real
2001-07-11,1481.218231,808.306941,1537.787675,3.4900,0.005000,model,real
2001-07-12,1579.183446,968.275662,1635.307021,3.5100,0.005000,model,real
2001-07-13,1580.067705,969.599775,1618.428401,3.5200,0.005000,model,real
2001-07-16,1521.082822,860.600708,1588.422514,3.5400,0.005000,model,real
2001-07-17,1560.613668,927.364237,1624.053306,3.5100,0.005000,model,real
2001-07-18,1504.055982,826.156383,1562.166960,3.4400,0.005000,model,real
2001-07-19,1530.241428,869.011226,1599.298089,3.4500,0.005000,model,real
2001-07-20,1512.709233,838.848051,1562.166960,3.4400,0.005000,model,real
2001-07-23,1470.724204,768.675330,1523.159561,3.4600,0.005000,model,real
2001-07-24,1448.102892,732.935068,1505.906197,3.4700,0.005000,model,real
2001-07-25,1468.856333,764.191606,1519.034144,3.4600,0.005000,model,real
2001-07-26,1509.939149,828.014072,1541.538856,3.4800,0.005000,model,real
2001-07-27,1518.772931,842.279186,1573.418807,3.4600,0.005000,model,real
2001-07-30,1506.907355,822.260112,1564.042720,3.4700,0.005000,model,real
2001-07-31,1519.160868,842.048925,1566.293056,3.4400,0.005000,model,real
2001-08-01,1560.595603,910.624676,1616.552132,3.4300,0.005000,model,real
2001-08-02,1580.374464,944.937566,1646.933613,3.4300,0.005000,model,real
2001-08-03,1557.320164,903.255874,1619.552975,3.4300,0.005000,model,real
2001-08-06,1536.512532,866.740173,1594.048268,3.4300,0.005000,model,real
2001-08-07,1530.674525,856.588794,1585.796246,3.4200,0.005000,model,real
2001-08-08,1467.358445,749.926845,1519.034144,3.4000,0.005000,model,real
2001-08-09,1469.812849,753.462812,1525.410236,3.3700,0.005000,model,real
2001-08-10,1459.463114,737.307077,1510.783140,3.3500,0.005000,model,real
2001-08-13,1491.784404,786.024782,1541.538856,3.3500,0.005000,model,real
2001-08-14,1470.742158,752.496966,1522.785835,3.3500,0.005000,model,real
2001-08-15,1418.479651,671.974778,1466.524053,3.3400,0.005000,model,real
2001-08-16,1427.457725,684.524752,1483.777927,3.3100,0.005000,model,real
2001-08-17,1368.445746,599.344292,1416.265147,3.2900,0.005000,model,real
2001-08-20,1385.959876,622.156418,1435.768846,3.3400,0.005000,model,real
2001-08-21,1336.106503,554.769989,1376.132411,3.3000,0.005000,model,real
2001-08-22,1367.390098,593.537084,1413.639048,3.3000,0.005000,model,real
2001-08-23,1350.760227,571.686210,1399.761951,3.3100,0.005000,model,real
2001-08-24,1425.328256,666.101788,1474.025737,3.3300,0.005000,model,real
2001-08-27,1424.164223,664.270891,1475.900819,3.3500,0.005000,model,real
2001-08-28,1377.216415,598.315957,1429.767160,3.3300,0.005000,model,real
2001-08-29,1353.268714,566.897028,1408.762614,3.3300,0.005000,model,real
2001-08-30,1311.888170,514.676215,1356.628966,3.2800,0.005000,model,real
2001-08-31,1326.144816,531.289383,1373.882585,3.2800,0.005000,model,real
2001-09-04,1285.016950,481.651173,1330.373921,3.3600,0.005000,model,real
2001-09-05,1277.058505,472.551791,1325.122317,3.3200,0.005000,model,real
2001-09-06,1228.684845,418.661835,1271.487144,3.2700,0.005000,model,real
2001-09-07,1221.989676,411.693089,1263.986649,3.1800,0.005000,model,real
2001-09-10,1232.023508,421.708241,1278.989168,3.1800,0.005000,model,real
2001-09-17,1130.340615,317.090228,1170.219078,2.6100,0.005000,model,real
2001-09-18,1105.021475,295.691110,1143.963948,2.4500,0.005000,model,real
2001-09-19,1090.214314,283.728522,1124.085419,2.4100,0.005000,model,real
2001-09-20,1052.352856,254.081912,1086.578188,2.2100,0.005000,model,real
2001-09-21,1016.873433,228.307023,1057.322893,2.2000,0.005000,model,real
2001-09-24,1074.685363,267.159854,1110.582643,2.3200,0.005000,model,real
2001-09-25,1071.752811,264.914396,1113.958655,2.3400,0.005000,model,real
2001-09-26,1031.788867,235.194209,1075.326171,2.3400,0.005000,model,real
2001-09-27,1032.501739,235.631916,1068.200080,2.3300,0.005000,model,real
2001-09-28,1054.247713,250.456429,1086.953102,2.3000,0.005000,model,real
2001-10-01,1038.790907,239.377347,1077.576506,2.3000,0.005000,model,real
2001-10-02,1046.126801,244.394716,1080.952179,2.2700,0.005000,model,real
2001-10-03,1127.372045,301.230666,1162.717819,2.1800,0.005000,model,real
2001-10-04,1137.523185,309.300509,1173.969581,2.1700,0.005000,model,real
2001-10-05,1147.511857,317.380185,1191.222605,2.1500,0.005000,model,real
2001-10-08,1154.640235,323.227287,1194.973702,2.1500,0.005000,model,real
2001-10-09,1122.995799,296.561839,1166.093067,2.1700,0.005000,model,real
2001-10-10,1177.243483,339.437665,1218.978157,2.1800,0.005000,model,real
2001-10-11,1254.112370,405.794375,1301.493795,2.2200,0.005000,model,real
2001-10-12,1257.694568,409.187925,1295.867193,2.1900,0.005000,model,real
2001-10-15,1244.231972,395.953058,1290.241609,2.2100,0.005000,model,real
2001-10-16,1267.593141,418.156120,1311.244796,2.1600,0.005000,model,real
2001-10-17,1186.374993,337.616275,1217.102312,2.1700,0.005000,model,real
2001-10-18,1200.387993,349.502025,1250.108957,2.1500,0.005000,model,real
2001-10-19,1215.962106,363.024004,1258.360555,2.1500,0.005000,model,real
2001-10-22,1247.976526,391.597348,1292.116521,2.1800,0.005000,model,real
2001-10-23,1248.869928,392.361401,1298.868036,2.1500,0.005000,model,real
2001-10-24,1285.531226,426.805447,1326.998418,2.1200,0.005000,model,real
2001-10-25,1334.581629,475.530512,1380.257828,2.1000,0.005000,model,real
2001-10-26,1312.790494,452.123242,1350.627789,2.1000,0.005000,model,real
2001-10-29,1240.315808,377.083120,1276.738747,2.0600,0.005000,model,real
2001-10-30,1211.152761,350.389627,1251.984124,1.9900,0.005000,model,real
2001-10-31,1231.473104,367.944156,1271.487144,2.0100,0.005000,model,real
2001-11-01,1285.044046,415.847193,1325.497741,2.0100,0.005000,model,real
2001-11-02,1286.514838,417.199832,1335.249676,1.9500,0.005000,model,real
2001-11-05,1335.628245,464.857641,1378.757831,1.9700,0.005000,model,real
2001-11-06,1374.319881,505.138912,1432.393258,1.8200,0.005000,model,real
2001-11-07,1375.745623,506.627916,1430.517158,1.7600,0.005000,model,real
2001-11-08,1363.049870,492.504029,1415.889299,1.8100,0.005000,model,real
2001-11-09,1366.983987,496.683075,1415.139895,1.8000,0.005000,model,real
2001-11-12,1379.427063,510.150904,1425.267338,1.8000,0.005000,model,real
2001-11-13,1426.356918,562.082528,1476.276243,1.8000,0.005000,model,real
2001-11-14,1430.985842,567.454855,1486.776902,1.8400,0.005000,model,real
2001-11-15,1427.999098,563.801260,1480.777253,1.8700,0.005000,model,real
2001-11-16,1427.602129,563.233401,1476.651497,1.8900,0.005000,model,real
2001-11-19,1459.580421,600.947140,1518.658720,1.9000,0.005000,model,real
2001-11-20,1398.330696,525.112817,1448.521370,1.9000,0.005000,model,real
2001-11-21,1400.415117,527.367326,1441.018837,1.9100,0.005000,model,real
2001-11-23,1423.388238,553.202193,1473.275229,1.9300,0.005000,model,real
2001-11-26,1461.448292,597.436268,1509.657039,1.9400,0.005000,model,real
2001-11-27,1452.623542,586.501325,1507.782467,1.8600,0.005000,model,real
2001-11-28,1404.944798,528.593912,1453.396615,1.8300,0.005000,model,real
2001-11-29,1443.086031,571.515959,1498.405531,1.7600,0.005000,model,real
2001-11-30,1440.153479,567.937461,1487.153684,1.7300,0.005000,model,real
2001-12-03,1414.428227,537.381256,1461.648808,1.7400,0.005000,model,real
2001-12-04,1474.640258,605.856675,1531.411413,1.7100,0.005000,model,real
2001-12-05,1552.817579,702.021301,1607.176045,1.7300,0.005000,model,real
2001-12-06,1550.164691,698.309265,1609.426381,1.7100,0.005000,model,real
2001-12-07,1510.399342,644.409311,1565.167463,1.6500,0.005000,model,real
2001-12-10,1484.646994,611.314985,1537.787675,1.6800,0.005000,model,real
2001-12-11,1499.002993,628.939839,1546.413933,1.6100,0.005000,model,real
2001-12-12,1506.835098,638.693197,1558.791711,1.6400,0.005000,model,real
2001-12-13,1445.441082,560.449012,1491.278422,1.6600,0.005000,model,real
2001-12-14,1448.833827,564.304838,1504.406369,1.6800,0.005000,model,real
2001-12-17,1480.117313,600.733175,1530.285651,1.7100,0.005000,model,real
2001-12-18,1495.763682,619.672260,1547.540204,1.6800,0.005000,model,real
2001-12-19,1469.605221,587.033159,1519.409738,1.6700,0.005000,model,real
2001-12-20,1405.242525,509.738004,1454.897462,1.6400,0.005000,model,real
2001-12-21,1424.110141,530.171556,1480.777253,1.6600,0.005000,model,real
2001-12-24,1423.243946,529.120733,1474.776585,1.6900,0.005000,model,real
2001-12-26,1435.452299,542.640029,1488.654021,1.7100,0.005000,model,real
2001-12-27,1449.564651,558.543688,1500.656037,1.7000,0.005000,model,real
2001-12-28,1462.783713,573.722608,1512.658052,1.6800,0.005000,model,real
2001-12-31,1423.009333,526.787327,1459.398133,1.6700,0.005000,model,real
2002-01-02,1453.092768,560.081422,1504.406369,1.7000,0.005000,model,real
2002-01-03,1503.866529,618.646271,1556.541546,1.6900,0.005000,model,real
2002-01-04,1511.418972,627.861795,1562.917298,1.6800,0.005000,model,real
2002-01-07,1488.680354,599.399620,1545.664273,1.6600,0.005000,model,real
2002-01-08,1503.794273,617.546440,1556.166801,1.6500,0.005000,model,real
2002-01-09,1492.226534,603.187010,1541.913261,1.6500,0.005000,model,real
2002-01-10,1494.861358,606.287184,1552.039686,1.6500,0.005000,model,real
2002-01-11,1474.550047,581.459582,1532.161921,1.5900,0.005000,model,real
2002-01-14,1447.110359,548.883057,1498.780785,1.5400,0.005000,model,real
2002-01-15,1454.960529,557.727373,1513.033816,1.5600,0.005000,model,real
2002-01-16,1406.704285,502.096671,1454.522208,1.5700,0.005000,model,real
2002-01-17,1445.810955,543.855560,1487.153684,1.6000,0.005000,model,real
2002-01-18,1396.995276,488.633311,1447.396287,1.5800,0.005000,model,real
2002-01-22,1355.091424,444.544572,1402.762455,1.6400,0.005000,model,real
2002-01-23,1397.888567,486.553385,1441.394940,1.6700,0.005000,model,real
2002-01-24,1412.253597,501.463303,1460.523046,1.6700,0.005000,model,real
2002-01-25,1406.054639,494.775738,1456.396780,1.6800,0.005000,model,real
2002-01-28,1412.009952,500.979325,1464.648293,1.6900,0.005000,model,real
2002-01-29,1370.927136,457.128728,1424.516999,1.7000,0.005000,model,real
2002-01-30,1388.621686,474.740357,1435.393083,1.6900,0.005000,model,real
2002-01-31,1398.754872,485.047868,1444.395104,1.7200,0.005000,model,real
2002-02-01,1378.885691,464.280703,1430.517158,1.7100,0.005000,model,real
2002-02-04,1334.689903,419.519417,1384.759602,1.7200,0.005000,model,real
2002-02-05,1319.972954,405.561709,1361.879805,1.7200,0.005000,model,real
2002-02-06,1304.723665,391.428163,1352.503040,1.7000,0.005000,model,real
2002-02-07,1275.759102,365.272292,1319.872412,1.6900,0.005000,model,real
2002-02-08,1310.327169,394.878652,1356.628966,1.6700,0.005000,model,real
2002-02-11,1333.309322,415.573688,1373.882585,1.7000,0.005000,model,real
2002-02-12,1321.687391,404.630284,1362.630313,1.7100,0.005000,model,real
2002-02-13,1341.529476,422.772161,1385.884176,1.7100,0.005000,model,real
2002-02-14,1330.665466,412.424284,1383.259095,1.7100,0.005000,model,real
2002-02-15,1296.368140,380.437631,1342.001191,1.7000,0.005000,model,real
2002-02-19,1251.766351,341.071665,1300.742439,1.7000,0.005000,model,real
2002-02-20,1270.706113,356.483910,1318.371651,1.7200,0.005000,model,real
2002-02-21,1216.557670,310.809429,1255.735136,1.7200,0.005000,model,real
2002-02-22,1223.695080,316.225275,1262.111228,1.7200,0.005000,model,real
2002-02-25,1270.462467,352.395306,1313.120557,1.7300,0.005000,model,real
2002-02-26,1264.326623,347.228394,1308.244462,1.7300,0.005000,model,real
2002-02-27,1243.834892,330.273042,1290.241609,1.7300,0.005000,model,real
2002-02-28,1226.456133,316.363313,1266.987067,1.7200,0.005000,model,real
2002-03-01,1295.204218,369.459661,1340.500685,1.7500,0.005000,model,real
2002-03-04,1348.702904,415.136228,1393.386029,1.7500,0.005000,model,real
2002-03-05,1352.537778,418.607188,1403.512794,1.7500,0.005000,model,real
2002-03-06,1371.486572,436.116490,1410.263460,1.7400,0.005000,model,real
2002-03-07,1359.630139,424.724498,1413.264813,1.7500,0.005000,model,real
2002-03-08,1403.212297,465.457496,1450.397300,1.7700,0.005000,model,real
2002-03-11,1402.030311,464.203781,1445.145952,1.7900,0.005000,model,real
2002-03-12,1372.019022,434.287703,1425.267338,1.8000,0.005000,model,real
2002-03-13,1341.096379,404.823035,1390.760270,1.7900,0.005000,model,real
2002-03-14,1332.903210,397.328974,1382.509182,1.8100,0.005000,model,real
2002-03-15,1349.343628,411.950390,1396.386448,1.8200,0.005000,model,real
2002-03-18,1358.799961,420.534085,1404.262877,1.8200,0.005000,model,real
2002-03-19,1357.699153,419.441694,1402.012711,1.8000,0.005000,model,real
2002-03-20,1309.289475,374.460772,1352.503040,1.8100,0.005000,model,real
2002-03-21,1343.532608,403.750187,1388.510614,1.8100,0.005000,model,real
2002-03-22,1326.505768,388.317845,1375.757751,1.8000,0.005000,model,real
2002-03-25,1288.157019,354.542377,1333.749594,1.7800,0.005000,model,real
2002-03-26,1298.939850,363.378667,1346.126693,1.7900,0.005000,model,real
2002-03-27,1296.196752,361.014943,1335.625524,1.7800,0.005000,model,real
2002-03-28,1310.904669,373.234236,1352.503040,1.7400,0.005000,model,real
2002-04-01,1334.103371,392.969164,1378.383171,1.7600,0.005000,model,real
2002-04-02,1272.646130,338.543302,1316.121740,1.7600,0.005000,model,real
2002-04-03,1258.028423,326.811638,1313.870895,1.7500,0.005000,model,real
2002-04-04,1260.518845,328.698382,1303.743791,1.7400,0.005000,model,real
2002-04-05,1242.246794,314.337994,1289.116017,1.7200,0.005000,model,real
2002-04-08,1256.900519,325.401351,1305.243873,1.7100,0.005000,model,real
2002-04-09,1213.913813,291.930520,1259.860298,1.6900,0.005000,model,real
2002-04-10,1230.128651,303.572252,1269.237573,1.6700,0.005000,model,real
2002-04-11,1195.262857,277.687021,1237.731518,1.6700,0.005000,model,real
2002-04-12,1219.806013,294.732960,1257.235133,1.6700,0.005000,model,real
2002-04-15,1222.729532,296.804666,1267.362576,1.6700,0.005000,model,real
2002-04-16,1275.822327,335.382609,1320.246902,1.7000,0.005000,model,real
2002-04-17,1266.600497,328.050575,1313.495896,1.6900,0.005000,model,real
2002-04-18,1259.553407,322.519015,1288.366188,1.6700,0.005000,model,real
2002-04-19,1249.727091,314.912688,1292.491774,1.7000,0.005000,model,real
2002-04-22,1217.983301,290.843012,1259.860298,1.6800,0.005000,model,real
2002-04-23,1193.602613,273.314373,1238.106348,1.7000,0.005000,model,real
2002-04-24,1175.113902,260.558572,1218.978157,1.6800,0.005000,model,real
2002-04-25,1175.113902,260.517835,1215.977399,1.7000,0.005000,model,real
2002-04-26,1128.707467,229.581795,1164.218156,1.7000,0.005000,model,real
2002-04-29,1124.971834,227.263716,1167.218829,1.7200,0.005000,model,real
2002-04-30,1152.330234,243.791577,1190.097523,1.7300,0.005000,model,real
2002-05-01,1143.640854,238.232435,1183.721685,1.7200,0.005000,model,real
2002-05-02,1105.680153,214.447939,1144.339287,1.7300,0.005000,model,real
2002-05-03,1074.432685,196.214358,1115.458992,1.7200,0.005000,model,real
2002-05-06,1047.741995,181.545640,1086.578188,1.7300,0.005000,model,real
2002-05-07,1046.018527,180.620311,1076.451423,1.7100,0.005000,model,real
2002-05-08,1157.148721,238.101767,1191.598114,1.7300,0.005000,model,real
2002-05-09,1119.251133,214.646368,1160.842228,1.7300,0.005000,model,real
2002-05-10,1072.664166,187.782476,1108.707476,1.7300,0.005000,model,real
2002-05-13,1120.270764,212.729837,1153.716222,1.7300,0.005000,model,real
2002-05-14,1178.028500,245.565943,1221.603577,1.7400,0.005000,model,real
2002-05-15,1182.991280,248.627362,1230.605088,1.7300,0.005000,model,real
2002-05-16,1187.322367,251.315683,1232.480424,1.7400,0.005000,model,real
2002-05-17,1196.300551,256.971372,1235.105844,1.7200,0.005000,model,real
2002-05-20,1165.991425,237.379722,1208.100885,1.7100,0.005000,model,real
2002-05-21,1133.237148,217.317561,1175.095173,1.7010,0.005000,model,real
2002-05-22,1140.997108,221.743474,1177.720338,1.6970,0.005000,model,real
2002-05-23,1161.082839,233.407473,1201.349370,1.7040,0.005000,model,real
2002-05-24,1130.638452,214.992107,1171.719415,1.7070,0.005000,model,real
2002-05-28,1123.230301,210.727851,1166.468491,1.7220,0.005000,model,real
2002-05-29,1099.643662,197.406100,1135.712266,1.7170,0.005000,model,real
2002-05-30,1107.963057,201.850973,1145.464285,1.7130,0.005000,model,real
2002-05-31,1090.313557,192.163384,1126.710669,1.7050,0.005000,model,real
2002-06-03,1045.928316,168.641386,1086.953102,1.7150,0.005000,model,real
2002-06-04,1063.658996,177.182676,1101.205792,1.7150,0.005000,model,real
2002-06-05,1078.817965,184.722577,1112.458064,1.7180,0.005000,model,real
2002-06-06,1044.547735,167.072005,1083.202684,1.7050,0.005000,model,real
2002-06-07,1028.865348,159.513194,1061.448904,1.7070,0.005000,model,real
2002-06-10,1024.696618,157.547227,1059.573228,1.7110,0.005000,model,real
2002-06-11,993.431087,143.086700,1029.942935,1.7140,0.005000,model,real
2002-06-12,1013.616059,151.777449,1044.945878,1.7020,0.005000,model,real
2002-06-13,998.457090,144.937430,1038.194618,1.6850,0.005000,model,real
2002-06-14,1001.218143,146.116264,1035.943603,1.6750,0.005000,model,real
2002-06-17,1037.590856,162.002099,1071.200329,1.6900,0.005000,model,real
2002-06-18,1027.268218,157.136917,1088.453778,1.6920,0.005000,model,real
2002-06-19,990.336178,140.147722,1025.441924,1.6700,0.005000,model,real
2002-06-20,958.673567,126.670208,992.435618,1.6900,0.005000,model,real
2002-06-21,934.473299,117.048218,968.431333,1.6780,0.005000,model,real
2002-06-24,954.369577,124.498869,987.559354,1.6920,0.005000,model,real
2002-06-25,922.842336,112.128808,954.928896,1.6900,0.005000,model,real
2002-06-26,926.884728,113.583655,962.054731,1.6620,0.005000,model,real
2002-06-27,948.017184,121.327417,983.058853,1.6600,0.005000,model,real
2002-06-28,948.711990,121.575364,978.933096,1.6590,0.005000,model,real
2002-07-01,900.672241,103.069494,932.049863,1.6770,0.005000,model,real
2002-07-02,869.533048,92.352457,898.292963,1.6820,0.005000,model,real
2002-07-03,898.425464,101.534847,928.298851,1.6820,0.005000,model,real
2002-07-05,957.266000,121.448533,987.934353,1.6850,0.005000,model,real
2002-07-08,915.253819,105.423320,951.927883,1.6900,0.005000,model,real
2002-07-09,893.507790,97.885013,924.923178,1.6830,0.005000,model,real
2002-07-10,865.373350,88.614038,896.417543,1.6870,0.005000,model,real
2002-07-11,900.545957,99.394477,930.173423,1.6820,0.005000,model,real
2002-07-12,903.063420,100.211903,930.173423,1.6720,0.005000,model,real
2002-07-15,921.290366,106.258227,959.054567,1.6750,0.005000,model,real
2002-07-16,912.519753,103.204082,944.801792,1.6750,0.005000,model,real
2002-07-17,928.256277,108.521980,962.054731,1.6900,0.005000,model,real
2002-07-18,897.459971,97.693124,927.548937,1.6900,0.005000,model,real
2002-07-19,871.076041,89.053356,899.793301,1.6720,0.005000,model,real
2002-07-22,847.371985,81.762301,877.664521,1.6700,0.005000,model,real
2002-07-23,809.221775,70.695441,840.157459,1.6620,0.005000,model,real
2002-07-24,858.633019,83.621767,885.915949,1.6430,0.005000,model,real
2002-07-25,807.083273,68.532664,834.531281,1.6600,0.005000,model,real
2002-07-26,821.935483,72.301940,850.284393,1.6470,0.005000,model,real
2002-07-29,875.371109,86.378096,893.792378,1.6770,0.005000,model,real
2002-07-30,884.601861,89.094541,911.795570,1.6820,0.005000,model,real
2002-07-31,868.125425,84.097502,894.542207,1.6650,0.005000,model,real
2002-08-01,824.353758,71.351185,852.534134,1.6420,0.005000,model,real
2002-08-02,805.332763,66.396689,834.531281,1.5920,0.005000,model,real
2002-08-05,773.363448,58.471669,804.149715,1.6020,0.005000,model,real
2002-08-06,813.814571,67.628916,843.907792,1.6120,0.005000,model,real
2002-08-07,829.307505,71.477718,855.159978,1.5580,0.005000,model,real
2002-08-08,854.716911,78.030768,884.040188,1.5780,0.005000,model,real
2002-08-09,845.774909,75.567873,875.038592,1.5750,0.005000,model,real
2002-08-12,847.263710,75.955147,877.664521,1.6330,0.005000,model,real
2002-08-13,818.966858,68.326061,847.658804,1.5970,0.005000,model,real
2002-08-14,874.207132,82.128089,901.668807,1.6020,0.005000,model,real
2002-08-15,885.161297,85.200262,920.047083,1.5820,0.005000,model,real
2002-08-16,898.768351,89.113022,926.423515,1.5850,0.005000,model,real
2002-08-19,925.838112,97.143487,948.927379,1.6250,0.005000,model,real
2002-08-20,909.560161,92.000294,944.801792,1.5750,0.005000,model,real
2002-08-21,934.328897,99.495116,965.805998,1.5950,0.005000,model,real
2002-08-22,946.564456,103.385217,981.183601,1.6110,0.005000,model,real
2002-08-23,911.788873,91.963616,943.301540,1.6170,0.005000,model,real
2002-08-26,917.473500,93.668160,947.051873,1.6250,0.005000,model,real
2002-08-27,879.287163,81.946497,914.046076,1.6420,0.005000,model,real
2002-08-28,852.542336,74.449043,880.664431,1.6370,0.005000,model,real
2002-08-29,867.809634,78.433460,892.292126,1.6400,0.005000,model,real
2002-08-30,850.331632,73.677770,881.039685,1.6450,0.005000,model,real
2002-09-03,811.766334,63.632205,849.158631,1.6050,0.005000,model,real
2002-09-04,831.021887,68.146467,852.534134,1.5920,0.005000,model,real
2002-09-05,796.679456,59.679473,831.530268,1.5770,0.005000,model,real
2002-09-06,832.140759,67.631785,857.035230,1.6220,0.005000,model,real
2002-09-09,841.173026,69.821639,865.661826,1.6370,0.005000,model,real
2002-09-10,855.150009,73.288118,887.041032,1.6310,0.005000,model,real
2002-09-11,853.958990,72.970412,879.539857,1.6550,0.005000,model,real
2002-09-12,825.635042,65.691207,855.535317,1.6520,0.005000,model,real
2002-09-13,833.593542,67.578949,862.285984,1.6500,0.005000,model,real
2002-09-16,819.742843,64.196644,849.909054,1.6570,0.005000,model,real
2002-09-17,809.862445,61.863215,831.906031,1.6570,0.005000,model,real
2002-09-18,807.760016,61.371565,822.528501,1.6420,0.005000,model,real
2002-09-19,781.348989,55.336430,809.401233,1.6170,0.005000,model,real
2002-09-20,786.465148,56.414103,812.777161,1.6120,0.005000,model,real
2002-09-23,760.730919,50.862278,788.397367,1.6170,0.005000,model,real
2002-09-24,761.209122,50.950516,788.772451,1.6140,0.005000,model,real
2002-09-25,794.441712,57.609327,820.278760,1.6220,0.005000,model,real
2002-09-26,788.396133,56.284209,810.151656,1.6170,0.005000,model,real
2002-09-27,776.314008,53.685645,799.274894,1.5970,0.005000,model,real
2002-09-30,751.202385,48.463058,777.145435,1.5270,0.005000,model,real
2002-10-01,785.589920,55.104839,824.404262,1.5520,0.005000,model,real
2002-10-02,766.568925,51.090294,797.024134,1.5400,0.005000,model,real
2002-10-03,751.824990,48.132119,777.895604,1.5300,0.005000,model,real
2002-10-04,735.754611,45.035542,763.267829,1.5670,0.005000,model,real
2002-10-07,726.045601,43.244294,756.141569,1.5820,0.005000,model,real
2002-10-08,732.235527,44.342932,757.641821,1.5720,0.005000,model,real
2002-10-09,728.554032,43.667136,752.390896,1.5280,0.005000,model,real
2002-10-10,766.586989,50.492756,790.647872,1.5380,0.005000,model,real
2002-10-11,803.618326,57.795599,833.405349,1.5460,0.005000,model,real
2002-10-14,812.767900,59.759429,843.157878,1.5450,0.005000,model,real
2002-10-15,857.586293,69.626471,883.665104,1.6250,0.005000,model,real
2002-10-16,821.231699,60.752404,854.410149,1.6200,0.005000,model,real
2002-10-17,852.749853,67.731133,883.290275,1.6270,0.005000,model,real
2002-10-18,862.738580,70.098659,893.041785,1.6320,0.005000,model,real
2002-10-21,883.690506,75.189915,911.045487,1.6620,0.005000,model,real
2002-10-22,869.722555,71.609413,905.419394,1.6570,0.005000,model,real
2002-10-23,892.686700,77.265198,922.672758,1.6420,0.005000,model,real
2002-10-24,870.660952,71.528668,899.418471,1.6220,0.005000,model,real
2002-10-25,898.308158,78.325261,926.423515,1.6020,0.005000,model,real
2002-10-28,883.870981,74.533786,918.547086,1.5520,0.005000,model,real
2002-10-29,866.970480,70.243793,897.167881,1.4720,0.005000,model,real
2002-10-30,889.772212,75.770959,921.172166,1.4680,0.005000,model,real
2002-10-31,892.885184,76.555403,920.797337,1.4170,0.005000,model,real
2002-11-01,919.521792,83.389932,947.051873,1.3970,0.005000,model,real
2002-11-04,944.723681,90.228629,971.431582,1.4070,0.005000,model,real
2002-11-05,947.791603,91.094994,978.933096,1.3950,0.005000,model,real
2002-11-06,961.750521,95.105394,992.810617,1.2070,0.005000,model,real
2002-11-07,925.594467,84.357631,957.929230,1.1950,0.005000,model,real
2002-11-08,909.857888,80.041059,940.300951,1.1970,0.005000,model,real
2002-11-11,877.491548,71.481475,911.795570,1.1970,0.005000,model,real
2002-11-12,904.074018,77.963169,935.049857,1.1900,0.005000,model,real
2002-11-13,913.097253,80.286375,946.302044,1.1870,0.005000,model,real
2002-11-14,954.504837,91.188904,978.933096,1.1910,0.005000,model,real
2002-11-15,957.617919,92.069846,991.685535,1.1970,0.005000,model,real
2002-11-18,943.099454,87.867495,977.058015,1.2020,0.005000,model,real
2002-11-19,925.747791,83.002764,962.054731,1.1900,0.005000,model,real
2002-11-20,965.964411,93.799953,1002.937551,1.1960,0.005000,model,real
2002-11-21,1008.924021,106.291482,1040.069529,1.1970,0.005000,model,real
2002-11-22,1007.002067,105.671311,1039.694700,1.1980,0.005000,model,real
2002-11-25,1016.972786,108.794954,1049.821718,1.2020,0.005000,model,real
2002-11-26,981.267783,97.311932,1014.564652,1.2020,0.005000,model,real
2002-11-27,1015.718543,107.539881,1046.820790,1.2070,0.005000,model,real
2002-11-29,1007.083246,104.782025,1039.694700,1.2020,0.005000,model,real
2002-12-02,1011.044459,106.005208,1050.196039,1.2050,0.005000,model,real
2002-12-03,982.449880,96.989890,1019.066087,1.2000,0.005000,model,real
2002-12-04,964.980799,91.799873,996.561629,1.1970,0.005000,model,real
2002-12-05,950.200847,87.567149,982.683514,1.1870,0.005000,model,real
2002-12-06,961.849764,90.774611,992.810617,1.1830,0.005000,model,real
2002-12-09,915.714013,77.688970,945.927045,1.1970,0.005000,model,real
2002-12-10,932.163298,81.862610,960.179735,1.1920,0.005000,model,real
2002-12-11,935.113914,82.629974,964.680406,1.1820,0.005000,model,real
2002-12-12,938.371288,83.483275,969.931415,1.1850,0.005000,model,real
2002-12-13,907.602079,75.253338,939.175953,1.1870,0.005000,model,real
2002-12-16,940.618065,83.448999,969.556331,1.2020,0.005000,model,real
2002-12-17,938.425481,82.855379,972.557174,1.1920,0.005000,model,real
2002-12-18,914.658255,76.544364,951.927883,1.1820,0.005000,model,real
2002-12-19,907.782555,74.807833,939.926037,1.1770,0.005000,model,real
2002-12-20,914.865827,76.548815,949.677632,1.1770,0.005000,model,real
2002-12-23,931.468602,80.703707,962.805239,1.1620,0.005000,model,real
2002-12-24,923.338603,78.579425,950.802630,1.1650,0.005000,model,real
2002-12-26,917.175773,76.995733,948.177040,1.1550,0.005000,model,real
2002-12-27,900.383491,72.754046,930.924271,1.1350,0.005000,model,real
2002-12-30,893.201031,71.003103,923.797841,1.1650,0.005000,model,real
2002-12-31,888.220187,69.806085,914.046076,1.1820,0.005000,model,real
2003-01-02,927.462228,79.041098,952.678390,1.1900,0.005000,model,real
2003-01-03,930.864005,79.900981,963.180154,1.1920,0.005000,model,real
2003-01-06,957.798339,86.820766,987.184694,1.1820,0.005000,model,real
2003-01-07,967.155431,89.353056,999.562133,1.1720,0.005000,model,real
2003-01-08,940.690322,82.000605,971.431582,1.1670,0.005000,model,real
2003-01-09,970.945255,89.895488,1001.437384,1.1770,0.005000,model,real
2003-01-10,981.150476,92.717157,1016.440328,1.1720,0.005000,model,real
2003-01-13,977.216359,91.590365,1010.438726,1.1720,0.005000,model,real
2003-01-14,987.926935,94.588670,1015.689650,1.1720,0.005000,model,real
2003-01-15,968.734497,89.059881,1002.937551,1.1670,0.005000,model,real
2003-01-16,957.780276,86.025737,991.685535,1.1650,0.005000,model,real
2003-01-17,918.186371,75.336840,949.302887,1.1520,0.005000,model,real
2003-01-21,910.381251,73.405391,938.800784,1.1520,0.005000,model,real
2003-01-22,908.197643,72.868634,935.049857,1.1420,0.005000,model,real
2003-01-23,931.802457,78.536716,956.804232,1.1420,0.005000,model,real
2003-01-24,898.876626,70.194441,930.924271,1.1270,0.005000,model,real
2003-01-27,890.060907,68.119403,920.047083,1.1420,0.005000,model,real
2003-01-28,903.595760,71.216397,929.424104,1.1500,0.005000,model,real
2003-01-29,917.265984,74.437542,943.301540,1.1520,0.005000,model,real
2003-01-30,889.257881,67.603798,918.922001,1.1520,0.005000,model,real
2003-01-31,887.029114,67.087552,916.671156,1.1480,0.005000,model,real
2003-02-03,890.656472,67.902366,918.547086,1.1520,0.005000,model,real
2003-02-04,876.814805,64.725931,907.294560,1.1470,0.005000,model,real
2003-02-05,874.324383,64.166750,903.168719,1.1470,0.005000,model,real
2003-02-06,875.750070,64.473314,908.044728,1.1420,0.005000,model,real
2003-02-07,863.568703,61.773192,893.041785,1.1370,0.005000,model,real
2003-02-10,875.217730,64.263740,900.918638,1.1500,0.005000,model,real
2003-02-11,876.706531,64.584281,905.794223,1.1520,0.005000,model,real
2003-02-12,863.316081,61.614907,893.416954,1.1500,0.005000,model,real
2003-02-13,858.921769,60.666335,897.918134,1.1470,0.005000,model,real
2003-02-14,886.162918,66.426058,918.547086,1.1510,0.005000,model,real
2003-02-18,915.777127,73.071612,947.051873,1.1550,0.005000,model,real
2003-02-19,907.629175,71.111152,940.676036,1.1570,0.005000,model,real
2003-02-20,903.649898,70.167042,936.925703,1.1570,0.005000,model,real
2003-02-21,916.688483,73.193455,944.051539,1.1670,0.005000,model,real
2003-02-24,897.532173,68.592028,927.923342,1.1720,0.005000,model,real
2003-02-25,901.673862,69.532946,929.049189,1.1750,0.005000,model,real
2003-02-26,879.305227,64.345019,908.419728,1.1820,0.005000,model,real
2003-02-27,897.631415,68.356904,929.049189,1.1820,0.005000,model,real
2003-02-28,911.112130,71.425922,943.676964,1.1750,0.005000,model,real
2003-03-03,894.265766,67.451985,924.548349,1.1720,0.005000,model,real
2003-03-04,886.965945,65.791007,918.922001,1.1650,0.005000,model,real
2003-03-05,893.507790,67.238030,920.797337,1.1520,0.005000,model,real
2003-03-06,887.850259,65.952152,918.547086,1.1470,0.005000,model,real
2003-03-07,890.430891,66.519706,920.422168,1.0970,0.005000,model,real
2003-03-10,870.101516,61.952198,900.544063,1.0600,0.005000,model,real
2003-03-11,865.165833,60.890506,892.666616,1.0620,0.005000,model,real
2003-03-12,875.741038,63.114847,908.795067,1.0670,0.005000,model,real
2003-03-13,929.203761,74.655771,960.929818,1.1020,0.005000,model,real
2003-03-14,929.799215,74.791234,964.680406,1.1030,0.005000,model,real
2003-03-17,971.811451,84.911188,997.687051,1.1170,0.005000,model,real
2003-03-18,976.485424,86.125951,1010.064066,1.1250,0.005000,model,real
2003-03-19,969.970675,84.391056,1001.437384,1.1350,0.005000,model,real
2003-03-20,974.725937,85.621796,1005.187887,1.1370,0.005000,model,real
2003-03-21,986.347869,88.671933,1019.066087,1.1570,0.005000,model,real
2003-03-24,944.822924,77.451720,976.682676,1.1550,0.005000,model,real
2003-03-25,962.391135,81.759307,990.560112,1.1520,0.005000,model,real
2003-03-26,962.147601,81.688191,996.185951,1.1490,0.005000,model,real
2003-03-27,958.204452,80.673979,989.059860,1.1320,0.005000,model,real
2003-03-28,944.480036,77.195398,978.183013,1.1110,0.005000,model,real
2003-03-31,919.160841,70.972808,947.051873,1.0900,0.005000,model,real
2003-04-01,922.743094,71.794306,954.553217,1.0950,0.005000,model,real
2003-04-02,959.584923,80.377539,980.808517,1.1020,0.005000,model,real
2003-04-03,960.126405,80.505056,993.185787,1.0870,0.005000,model,real
2003-04-04,948.071266,77.461206,977.058015,1.0820,0.005000,model,real
2003-04-07,950.399331,78.022867,978.558352,1.1320,0.005000,model,real
2003-04-08,944.101131,76.461731,977.432759,1.1270,0.005000,model,real
2003-04-09,923.546175,71.454396,954.928896,1.1100,0.005000,model,real
2003-04-10,932.226523,73.459498,966.555572,1.1170,0.005000,model,real
2003-04-11,925.919290,71.958909,956.804232,1.1470,0.005000,model,real
2003-04-14,945.914810,76.608200,976.307507,1.1570,0.005000,model,real
2003-04-15,950.218800,77.644380,985.683848,1.1600,0.005000,model,real
2003-04-16,951.852059,78.035829,983.434276,1.1470,0.005000,model,real
2003-04-17,977.721714,84.383508,1005.938225,1.1470,0.005000,model,real
2003-04-21,975.447841,83.784872,1009.688557,1.1520,0.005000,model,real
2003-04-22,994.757475,88.746380,1028.817088,1.1520,0.005000,model,real
2003-04-23,1004.222951,91.267460,1036.319112,1.1470,0.005000,model,real
2003-04-24,999.882721,90.073027,1030.692764,1.1290,0.005000,model,real
2003-04-25,977.387748,83.977986,1010.813895,1.1170,0.005000,model,real
2003-04-28,998.989430,89.531535,1030.692764,1.1120,0.005000,model,real
2003-04-29,1007.705906,91.863150,1040.069529,1.1170,0.005000,model,real
2003-04-30,998.023993,89.202938,1029.567851,1.1010,0.005000,model,real
2003-05-01,1004.475517,90.921842,1038.569447,1.0770,0.005000,model,real
2003-05-02,1025.355297,96.576473,1060.698481,1.0960,0.005000,model,real
2003-05-05,1025.274118,96.543360,1059.573228,1.0920,0.005000,model,real
2003-05-06,1040.180520,100.739999,1073.075496,1.0800,0.005000,model,real
2003-05-07,1024.904135,96.286510,1061.073226,1.0870,0.005000,model,real
2003-05-08,1009.483457,91.926058,1041.569781,1.0670,0.005000,model,real
2003-05-09,1031.852092,98.021171,1065.573896,1.0820,0.005000,model,real
2003-05-12,1047.074285,102.344834,1081.702348,1.0670,0.005000,model,real
2003-05-13,1043.058880,101.155712,1074.951087,1.0620,0.005000,model,real
2003-05-14,1035.993726,99.087952,1072.700921,1.0370,0.005000,model,real
2003-05-15,1049.339126,102.903486,1084.703106,1.0300,0.005000,model,real
2003-05-16,1041.714426,100.647874,1076.451423,1.0220,0.005000,model,real
2003-05-19,1003.825871,89.644814,1038.569447,1.0170,0.005000,model,real
2003-05-20,1004.150694,89.723021,1041.569781,1.0000,0.005000,model,real
2003-05-21,1004.899693,89.914502,1038.569447,1.0470,0.005000,model,real
2003-05-22,1020.933889,94.205081,1053.571966,1.0500,0.005000,model,real
2003-05-23,1019.670725,93.845452,1053.947135,1.0550,0.005000,model,real
2003-05-27,1058.046460,104.420923,1091.454537,1.0630,0.005000,model,real
2003-05-28,1058.705249,104.604847,1094.830040,1.0870,0.005000,model,real
2003-05-29,1066.383920,106.867779,1099.330032,1.0750,0.005000,model,real
2003-05-30,1080.884321,111.211712,1117.333649,1.0850,0.005000,model,real
2003-06-02,1069.370664,107.642457,1109.457730,1.1020,0.005000,model,real
2003-06-03,1081.497839,111.289890,1119.959578,1.0620,0.005000,model,real
2003-06-04,1105.129749,118.566944,1140.963529,1.0220,0.005000,model,real
2003-06-05,1111.409885,120.574547,1149.215212,1.0170,0.005000,model,real
2003-06-06,1094.617658,115.091786,1130.086767,1.0270,0.005000,model,real
2003-06-09,1078.772914,110.077587,1115.083653,1.0070,0.005000,model,real
2003-06-10,1094.509383,114.879663,1131.961848,0.9570,0.005000,model,real
2003-06-11,1108.269817,119.197882,1144.714201,0.9100,0.005000,model,real
2003-06-12,1109.244286,119.501463,1149.590041,0.8920,0.005000,model,real
2003-06-13,1086.316325,112.073821,1123.709995,0.8330,0.005000,model,real
2003-06-16,1120.306782,122.574139,1158.216554,0.8370,0.005000,model,real
2003-06-17,1118.547295,121.985471,1153.716222,0.8670,0.005000,model,real
2003-06-18,1126.009528,124.413985,1159.717060,0.8620,0.005000,model,real
2003-06-19,1106.149379,117.814333,1140.963529,0.7920,0.005000,model,real
2003-06-20,1103.902602,117.086149,1139.463193,0.8070,0.005000,model,real
2003-06-23,1082.941645,110.400114,1121.834914,0.8200,0.005000,model,real
2003-06-24,1075.298881,108.051457,1113.207977,0.8000,0.005000,model,real
2003-06-25,1072.258055,107.124279,1107.207139,0.8970,0.005000,model,real
2003-06-26,1095.944047,114.206919,1133.461845,0.8750,0.005000,model,real
2003-06-27,1087.516376,111.559961,1118.834156,0.8420,0.005000,model,real
2003-06-30,1084.313083,110.563825,1123.334826,0.8380,0.005000,model,real
2003-07-01,1098.461565,114.877964,1138.338195,0.8680,0.005000,model,real
2003-07-02,1124.069510,122.894490,1161.592566,0.8470,0.005000,model,real
2003-07-03,1111.066998,118.615183,1146.964622,0.8420,0.005000,model,real
2003-07-07,1156.679495,133.198834,1196.098615,0.8620,0.005000,model,real
2003-07-08,1171.549769,138.319210,1210.726390,0.8850,0.005000,model,real
2003-07-09,1168.653346,137.280323,1207.726225,0.8700,0.005000,model,real
2003-07-10,1144.732740,128.830302,1185.222107,0.8630,0.005000,model,real
2003-07-11,1155.488366,132.446938,1194.223279,0.8660,0.005000,model,real
2003-07-14,1169.176654,137.137825,1208.476733,0.8670,0.005000,model,real
2003-07-15,1168.030686,136.722111,1209.976306,0.8880,0.005000,model,real
2003-07-16,1165.792940,135.923558,1206.225549,0.8820,0.005000,model,real
2003-07-17,1133.264134,124.522464,1169.468910,0.8710,0.005000,model,real
2003-07-18,1136.846442,125.691308,1173.219667,0.8770,0.005000,model,real
2003-07-21,1119.584989,119.949167,1158.216554,0.8870,0.005000,model,real
2003-07-22,1134.789118,124.820354,1175.470172,0.9020,0.005000,model,real
2003-07-23,1144.615435,128.048596,1185.222107,0.8920,0.005000,model,real
2003-07-24,1131.297131,123.562936,1169.468910,0.9010,0.005000,model,real
2003-07-25,1153.449217,130.803147,1192.722942,0.9020,0.005000,model,real
2003-07-28,1155.452348,131.471895,1196.098615,0.9370,0.005000,model,real
2003-07-29,1150.615908,129.806984,1187.096934,0.9570,0.005000,model,real
2003-07-30,1140.338429,126.313065,1178.469997,0.9470,0.005000,model,real
2003-07-31,1152.212927,130.243525,1192.722942,0.9270,0.005000,model,real
2003-08-01,1140.843674,126.372409,1179.970843,0.9180,0.005000,model,real
2003-08-04,1143.586772,127.271425,1179.595929,0.9370,0.005000,model,real
2003-08-05,1109.605238,115.902781,1133.086761,0.9350,0.005000,model,real
2003-08-06,1096.440369,111.762743,1132.336932,0.9220,0.005000,model,real
2003-08-07,1098.281144,112.314950,1136.837348,0.9200,0.005000,model,real
2003-08-08,1089.357151,109.564138,1127.835752,0.9270,0.005000,model,real
2003-08-11,1103.667989,113.867836,1140.213191,0.9260,0.005000,model,real
2003-08-12,1119.512732,118.756736,1157.466640,0.9270,0.005000,model,real
2003-08-13,1119.215005,118.651058,1157.841724,0.9270,0.005000,model,real
2003-08-14,1129.618822,121.945644,1158.967062,0.9350,0.005000,model,real
2003-08-15,1131.179824,122.439555,1169.093571,0.9270,0.005000,model,real
2003-08-18,1159.314320,131.554996,1199.099373,0.9370,0.005000,model,real
2003-08-19,1172.740787,136.109064,1214.101978,0.9370,0.005000,model,real
2003-08-20,1172.776915,136.109098,1211.101559,0.9370,0.005000,model,real
2003-08-21,1186.239622,140.779087,1224.229336,0.9460,0.005000,model,real
2003-08-22,1177.117145,137.514821,1216.727482,0.9510,0.005000,model,real
2003-08-25,1179.012002,138.165179,1219.352562,0.9720,0.005000,model,real
2003-08-26,1181.186633,138.915742,1220.478409,0.9770,0.005000,model,real
2003-08-27,1190.101593,142.044711,1230.229834,0.9770,0.005000,model,real
2003-08-28,1202.192640,146.356374,1241.107107,0.9620,0.005000,model,real
2003-08-29,1210.196245,149.262787,1252.359378,0.9600,0.005000,model,real
2003-09-02,1228.143473,155.882899,1270.362995,0.9520,0.005000,model,real
2003-09-03,1227.331359,155.558805,1269.612487,0.9520,0.005000,model,real
2003-09-04,1239.124790,160.024211,1281.240013,0.9420,0.005000,model,real
2003-09-05,1228.874407,156.034333,1272.988245,0.9270,0.005000,model,real
2003-09-08,1251.279060,164.545850,1293.991772,0.9320,0.005000,model,real
2003-09-09,1236.688561,158.768948,1278.614084,0.9320,0.005000,model,real
2003-09-10,1202.147590,145.437696,1247.858707,0.9320,0.005000,model,real
2003-09-11,1218.858639,151.483466,1261.735973,0.9320,0.005000,model,real
2003-09-12,1225.021469,153.765081,1268.487235,0.9320,0.005000,model,real
2003-09-15,1216.124573,150.397480,1256.110390,0.9260,0.005000,model,real
2003-09-16,1247.750945,162.105634,1290.241609,0.9270,0.005000,model,real
2003-09-17,1242.319050,159.971612,1284.989666,0.9270,0.005000,model,real
2003-09-18,1263.370218,168.080974,1304.494469,0.9320,0.005000,model,real
2003-09-19,1256.268937,165.228494,1296.993040,0.9270,0.005000,model,real
2003-09-22,1232.862607,155.968796,1272.238162,0.9220,0.005000,model,real
2003-09-23,1252.560400,163.422962,1294.742619,0.9250,0.005000,model,real
2003-09-24,1208.788678,146.258161,1245.982862,0.9170,0.005000,model,real
2003-09-25,1196.255391,141.690955,1229.855344,0.9170,0.005000,model,real
2003-09-26,1181.421246,136.401748,1221.978746,0.9170,0.005000,model,real
2003-09-29,1205.062077,144.569558,1242.982867,0.9210,0.005000,model,real
2003-09-30,1176.359113,134.215654,1215.977399,0.9260,0.005000,model,real
2003-10-01,1204.908643,143.965795,1243.357357,0.9100,0.005000,model,real
2003-10-02,1206.496741,144.521521,1247.483623,0.9120,0.005000,model,real
2003-10-03,1240.983519,156.889190,1282.364671,0.9120,0.005000,model,real
2003-10-06,1246.740347,159.056366,1291.741521,0.9050,0.005000,model,real
2003-10-07,1256.539678,162.788956,1299.618120,0.9020,0.005000,model,real
2003-10-08,1247.372039,159.208117,1291.366352,0.8770,0.005000,model,real
2003-10-09,1260.500781,164.216229,1301.118372,0.8800,0.005000,model,real
2003-10-10,1267.647222,166.992081,1313.120557,0.8870,0.005000,model,real
2003-10-13,1276.535087,170.486380,1321.747409,0.8870,0.005000,model,real
2003-10-14,1281.894946,172.616735,1325.122317,0.8870,0.005000,model,real
2003-10-15,1279.124751,171.481129,1319.496903,0.9030,0.005000,model,real
2003-10-16,1287.353937,174.772169,1329.999007,0.9020,0.005000,model,real
2003-10-17,1257.857035,162.730895,1298.118292,0.9070,0.005000,model,real
2003-10-20,1271.653597,168.065527,1314.245979,0.9120,0.005000,model,real
2003-10-21,1283.221335,172.631945,1322.122748,0.9360,0.005000,model,real
2003-10-22,1251.883657,159.955844,1296.617192,0.9320,0.005000,model,real
2003-10-23,1243.501036,156.724789,1281.615097,0.9300,0.005000,model,real
2003-10-24,1236.733610,154.149122,1282.740434,0.9270,0.005000,model,real
2003-10-27,1242.869454,156.426929,1283.115348,0.9410,0.005000,model,real
2003-10-28,1281.317446,170.914988,1326.248419,0.9450,0.005000,model,real
2003-10-29,1281.227235,170.863115,1324.748167,0.9370,0.005000,model,real
2003-10-30,1278.935299,169.929583,1327.373757,0.9320,0.005000,model,real
2003-10-31,1278.042007,169.557581,1319.496903,0.9320,0.005000,model,real
2003-11-03,1302.170129,179.135779,1341.251023,0.9210,0.005000,model,real
2003-11-04,1289.763181,173.993918,1332.249087,0.9280,0.005000,model,real
2003-11-05,1289.925648,174.043642,1344.251357,0.9330,0.005000,model,real
2003-11-06,1299.417998,177.866182,1348.001944,0.9270,0.005000,model,real
2003-11-07,1296.395236,176.607354,1336.374759,0.9320,0.005000,model,real
2003-11-10,1276.444877,168.429648,1319.872412,0.9220,0.005000,model,real
2003-11-11,1271.951324,166.633764,1314.996148,0.9220,0.005000,model,real
2003-11-12,1302.522049,178.621373,1343.125595,0.9280,0.005000,model,real
2003-11-13,1299.228545,177.248752,1341.625937,0.9270,0.005000,model,real
2003-11-14,1270.029370,165.269995,1314.245979,0.9270,0.005000,model,real
2003-11-17,1257.613390,160.402933,1300.742439,0.9280,0.005000,model,real
2003-11-18,1231.400847,150.348237,1270.737994,0.9360,0.005000,model,real
2003-11-19,1244.213907,155.023052,1283.115348,0.9270,0.005000,model,real
2003-11-20,1230.309071,149.806332,1270.737994,0.9220,0.005000,model,real
2003-11-21,1239.178872,153.029646,1283.865432,0.9120,0.005000,model,real
2003-11-24,1280.676832,168.374482,1319.496903,0.9170,0.005000,model,real
2003-11-25,1273.503293,165.526999,1319.496903,0.9200,0.005000,model,real
2003-11-26,1281.398624,168.587666,1325.497741,0.9120,0.005000,model,real
2003-11-28,1285.134257,170.045514,1326.998418,0.9080,0.005000,model,real
2003-12-01,1305.734263,178.199435,1346.502202,0.8970,0.005000,model,real
2003-12-02,1292.028022,172.566038,1339.000433,0.9170,0.005000,model,real
2003-12-03,1281.091865,168.164144,1322.122748,0.9120,0.005000,model,real
2003-12-04,1292.470151,172.625428,1336.374759,0.9010,0.005000,model,real
2003-12-05,1269.487998,163.392247,1314.245979,0.8950,0.005000,model,real
2003-12-08,1279.539895,167.255180,1321.747409,0.8920,0.005000,model,real
2003-12-09,1248.508976,155.059573,1291.366352,0.8920,0.005000,model,real
2003-12-10,1253.291225,156.825965,1296.242871,0.8870,0.005000,model,real
2003-12-11,1278.556283,166.287213,1323.997235,0.8720,0.005000,model,real
2003-12-12,1278.836057,166.381792,1321.747409,0.8770,0.005000,model,real
2003-12-15,1260.383474,159.157773,1304.494469,0.8800,0.005000,model,real
2003-12-16,1266.212559,161.349934,1307.119719,0.8780,0.005000,model,real
2003-12-17,1263.252911,160.203405,1309.369630,0.8720,0.005000,model,real
2003-12-18,1291.504714,170.927389,1333.749594,0.8630,0.005000,model,real
2003-12-19,1286.866757,169.069472,1329.999007,0.8580,0.005000,model,real
2003-12-22,1291.865555,171.023244,1334.124169,0.8610,0.005000,model,real
2003-12-23,1306.717875,176.901028,1344.251357,0.8820,0.005000,model,real
2003-12-24,1302.224211,175.058843,1347.028491,0.8720,0.005000,model,real
2003-12-26,1302.828807,175.287632,1345.151797,0.8470,0.005000,model,real
2003-12-29,1326.749412,184.918095,1367.289746,0.8570,0.005000,model,real
2003-12-30,1326.424589,184.765502,1371.792624,0.9120,0.005000,model,real
2003-12-31,1324.538764,183.960101,1368.040763,0.9070,0.005000,model,real
2004-01-02,1320.613568,182.306596,1364.287289,0.9020,0.005000,model,real
2004-01-05,1350.399276,194.613441,1391.679303,0.9020,0.005000,model,real
2004-01-06,1354.622199,196.420044,1401.058700,0.9010,0.005000,model,real
2004-01-07,1366.352405,201.500315,1413.816912,0.8860,0.005000,model,real
2004-01-08,1381.141499,208.019704,1425.073428,0.8470,0.005000,model,real
2004-01-09,1371.946766,203.843466,1415.692927,0.8420,0.005000,model,real
2004-01-12,1389.370686,211.584968,1438.205451,0.8470,0.005000,model,real
2004-01-13,1375.844865,205.381144,1423.947582,0.8620,0.005000,model,real
2004-01-14,1384.236408,209.117803,1428.824440,0.8580,0.005000,model,real
2004-01-15,1382.368647,208.252700,1432.578848,0.8520,0.005000,model,real
2004-01-16,1401.867844,217.038608,1447.211377,0.8620,0.005000,model,real
2004-01-20,1401.191102,216.705446,1446.084766,0.8570,0.005000,model,real
2004-01-21,1395.533516,214.059160,1440.081720,0.8670,0.005000,model,real
2004-01-22,1380.933983,207.316025,1431.451897,0.8520,0.005000,model,real
2004-01-23,1381.646744,207.618848,1426.199360,0.8670,0.005000,model,real
2004-01-26,1401.903972,216.723635,1447.961885,0.8820,0.005000,model,real
2004-01-27,1370.836925,202.281767,1416.068011,0.8970,0.005000,model,real
2004-01-28,1345.878626,191.203796,1392.054727,0.9170,0.005000,model,real
2004-01-29,1350.236919,193.042146,1397.306245,0.9170,0.005000,model,real
2004-01-30,1347.241144,191.738821,1390.927946,0.8970,0.005000,model,real
2004-02-02,1342.512978,189.700972,1387.176510,0.9020,0.005000,model,real
2004-02-03,1346.131304,191.216204,1385.675748,0.9120,0.005000,model,real
2004-02-04,1319.747373,179.944307,1363.162716,0.9120,0.005000,model,real
2004-02-05,1321.931035,180.820446,1368.416441,0.9110,0.005000,model,real
2004-02-06,1352.537778,193.351288,1393.180149,0.9070,0.005000,model,real
2004-02-09,1345.283172,190.219534,1392.804386,0.9120,0.005000,model,real
2004-02-10,1353.746971,193.788949,1395.056419,0.9210,0.005000,model,real
2004-02-11,1366.280258,199.148567,1410.064711,0.9100,0.005000,model,real
2004-02-12,1354.694345,194.059522,1397.682773,0.8980,0.005000,model,real
2004-02-13,1339.472152,187.494019,1386.050493,0.8970,0.005000,model,real
2004-02-17,1359.413479,195.842907,1404.811495,0.8970,0.005000,model,real
2004-02-18,1360.243656,196.183722,1408.939798,0.9120,0.005000,model,real
2004-02-19,1339.769989,187.298621,1387.551594,0.9120,0.005000,model,real
2004-02-20,1337.333650,186.258886,1383.049310,0.9160,0.005000,model,real
2004-02-23,1320.776035,179.316700,1367.664660,0.9270,0.005000,model,real
2004-02-24,1319.242129,178.674789,1364.287289,0.9380,0.005000,model,real
2004-02-25,1326.614042,181.650616,1372.542622,0.9380,0.005000,model,real
2004-02-26,1332.849128,184.192669,1375.919314,0.9320,0.005000,model,real
2004-02-27,1326.758445,181.648230,1372.168047,0.9270,0.005000,model,real
2004-03-01,1344.001833,188.706857,1390.178457,0.9360,0.005000,model,real
2004-03-02,1329.321013,182.499340,1374.043808,0.9420,0.005000,model,real
2004-03-03,1322.887441,179.830051,1366.539747,0.9420,0.005000,model,real
2004-03-04,1336.665939,185.426838,1379.296685,0.9410,0.005000,model,real
2004-03-05,1329.113495,182.263602,1374.419487,0.9310,0.005000,model,real
2004-03-08,1300.356450,170.404594,1342.150190,0.9270,0.005000,model,real
2004-03-09,1297.062947,169.092889,1338.023499,0.9320,0.005000,model,real
2004-03-10,1279.043573,162.022907,1320.388344,0.9370,0.005000,model,real
2004-03-11,1265.237979,156.756251,1308.380725,0.9370,0.005000,model,real
2004-03-12,1291.585891,166.525155,1332.394519,0.9320,0.005000,model,real
2004-03-15,1263.135605,155.494498,1309.131233,0.9320,0.005000,model,real
2004-03-16,1269.632290,157.877024,1311.382502,0.9380,0.005000,model,real
2004-03-17,1289.321051,165.200180,1332.019775,0.9180,0.005000,model,real
2004-03-18,1279.287218,161.324483,1326.015541,0.9170,0.005000,model,real
2004-03-19,1261.971572,154.752559,1303.878781,0.9170,0.005000,model,real
2004-03-22,1246.460685,149.026577,1287.368963,0.9230,0.005000,model,real
2004-03-23,1236.219334,145.335983,1276.862615,0.9230,0.005000,model,real
2004-03-24,1246.884750,149.080693,1291.495568,0.9180,0.005000,model,real
2004-03-25,1286.586984,163.293626,1326.015541,0.9170,0.005000,model,real
2004-03-26,1277.139684,159.678032,1321.513851,0.9220,0.005000,model,real
2004-03-29,1301.430272,168.765375,1342.900528,0.9230,0.005000,model,real
2004-03-30,1304.083050,169.780868,1347.403406,0.9330,0.005000,model,real
2004-03-31,1297.911188,167.352439,1344.776713,0.9230,0.005000,model,real
2004-04-01,1311.274542,172.501344,1356.783992,0.9160,0.005000,model,real
2004-04-02,1344.732768,185.676888,1392.054727,0.9270,0.005000,model,real
2004-04-05,1361.037706,192.407422,1405.185985,0.9120,0.005000,model,real
2004-04-06,1347.692306,186.724489,1387.551594,0.9180,0.005000,model,real
2004-04-07,1337.207311,182.345093,1386.050493,0.9180,0.005000,model,real
2004-04-08,1340.410604,183.637784,1386.050493,0.9130,0.005000,model,real
2004-04-12,1349.812854,187.481740,1394.680486,0.9120,0.005000,model,real
2004-04-13,1329.014253,178.789576,1374.419487,0.9220,0.005000,model,real
2004-04-14,1331.522739,179.784527,1381.173549,0.9340,0.005000,model,real
2004-04-15,1316.896000,173.837395,1356.409077,0.9270,0.005000,model,real
2004-04-16,1307.520956,170.105286,1354.157044,0.9170,0.005000,model,real
2004-04-19,1329.555625,178.681178,1370.666437,0.9220,0.005000,model,real
2004-04-20,1296.548671,165.343644,1338.773158,0.9470,0.005000,model,real
2004-04-21,1309.280443,170.194010,1350.404844,0.9670,0.005000,model,real
2004-04-22,1340.401571,182.302513,1385.300749,0.9370,0.005000,model,real
2004-04-23,1350.787324,186.518816,1396.181842,0.9520,0.005000,model,real
2004-04-26,1335.917050,180.335434,1386.050493,0.9430,0.005000,model,real
2004-04-27,1334.960535,179.930702,1383.424394,0.9620,0.005000,model,real
2004-04-28,1311.103153,170.257541,1358.285178,0.9480,0.005000,model,real
2004-04-29,1291.549763,162.616542,1337.271972,0.9490,0.005000,model,real
2004-04-30,1264.480058,152.366220,1304.628355,0.9520,0.005000,model,real
2004-05-03,1277.049473,156.891085,1317.010888,0.9590,0.005000,model,real
2004-05-04,1283.203271,159.141779,1322.639274,0.9860,0.005000,model,real
2004-05-05,1288.896985,161.242987,1333.144772,0.9670,0.005000,model,real
2004-05-06,1277.329137,156.881856,1323.013509,0.9710,0.005000,model,real
2004-05-07,1268.838241,153.734391,1312.132586,1.0370,0.005000,model,real
2004-05-10,1260.636152,150.734747,1300.876155,1.0270,0.005000,model,real
2004-05-11,1283.004787,158.735503,1320.388344,1.0310,0.005000,model,real
2004-05-12,1276.634329,156.353089,1323.013509,1.0070,0.005000,model,real
2004-05-13,1278.673590,157.086638,1313.633517,0.9800,0.005000,model,real
2004-05-14,1263.117541,151.332758,1303.878781,0.9690,0.005000,model,real
2004-05-17,1245.116231,144.841669,1291.495568,0.9770,0.005000,model,real
2004-05-18,1260.970007,150.354391,1303.127848,1.0270,0.005000,model,real
2004-05-19,1259.950377,149.974449,1301.626832,1.0160,0.005000,model,real
2004-05-20,1260.428634,150.130407,1307.630472,1.0040,0.005000,model,real
2004-05-21,1270.624934,153.755543,1314.009366,1.0040,0.005000,model,real
2004-05-24,1275.858345,155.638360,1323.013509,1.0120,0.005000,model,real
2004-05-25,1306.311763,166.756056,1349.279846,1.0570,0.005000,model,real
2004-05-26,1311.861074,168.862133,1357.909074,1.0520,0.005000,model,real
2004-05-27,1320.198535,172.061487,1366.539747,1.0390,0.005000,model,real
2004-05-28,1323.004748,173.140080,1371.416860,1.0520,0.005000,model,real
2004-06-01,1325.098200,173.942944,1369.541100,1.0930,0.005000,model,real
2004-06-02,1321.200101,172.387302,1366.539747,1.1420,0.005000,model,real
2004-06-03,1304.046922,165.647318,1350.029844,1.1470,0.005000,model,real
2004-06-04,1312.916833,169.005446,1357.909074,1.1770,0.005000,model,real
2004-06-07,1345.770352,181.660867,1390.178457,1.1840,0.005000,model,real
2004-06-08,1349.848872,183.289457,1392.054727,1.2420,0.005000,model,real
2004-06-09,1325.964395,173.528640,1372.542622,1.2420,0.005000,model,real
2004-06-10,1336.584761,177.673314,1382.297443,1.2670,0.005000,model,real
2004-06-14,1316.165176,169.499595,1362.787207,1.3390,0.005000,model,real
2004-06-15,1334.716889,176.638879,1380.422617,1.3120,0.005000,model,real
2004-06-16,1335.429760,176.900304,1378.171432,1.2770,0.005000,model,real
2004-06-17,1321.028712,171.150745,1365.414155,1.2420,0.005000,model,real
2004-06-18,1321.588148,171.347743,1367.289746,1.2470,0.005000,model,real
2004-06-21,1311.283574,167.315551,1356.409077,1.2380,0.005000,model,real
2004-06-22,1330.809868,174.762109,1376.295247,1.2930,0.005000,model,real
2004-06-23,1347.638224,181.364364,1392.804386,1.2570,0.005000,model,real
2004-06-24,1342.937154,179.442921,1390.178457,1.2540,0.005000,model,real
2004-06-25,1352.023503,183.060032,1400.684380,1.2720,0.005000,model,real
2004-06-28,1347.232112,181.089688,1389.053119,1.2820,0.005000,model,real
2004-06-29,1358.583412,185.639488,1402.184717,1.3520,0.005000,model,real
2004-06-30,1368.499939,189.675703,1416.068011,1.3030,0.002371,model,real
2004-07-01,1344.073979,179.485524,1389.802948,1.1970,0.002378,model,real
2004-07-02,1336.512504,176.429926,1381.547530,1.2630,0.002380,model,real
2004-07-06,1304.498084,163.715976,1351.905775,1.2540,0.002389,model,real
2004-07-07,1310.615863,165.995698,1354.532213,1.2680,0.002388,model,real
2004-07-08,1291.342247,158.643677,1339.523921,1.2510,0.002392,model,real
2004-07-09,1299.345852,161.570101,1341.399597,1.2470,0.002392,model,real
2004-07-12,1292.226506,158.890656,1335.771551,1.2620,0.002393,model,real
2004-07-13,1289.131598,157.726544,1333.896130,1.3150,0.002394,model,real
2004-07-14,1277.735248,153.518086,1320.388344,1.3170,0.002398,model,real
2004-07-15,1277.617941,153.455132,1315.884956,1.3170,0.002399,model,real
2004-07-16,1256.187758,145.704870,1300.876155,1.3120,0.002404,model,real
2004-07-19,1260.338425,147.128333,1298.249801,1.3020,0.002405,model,real
2004-07-20,1282.264819,154.779544,1329.392997,1.3320,0.002395,model,real
2004-07-21,1251.134658,143.474400,1290.745910,1.3220,0.002407,model,real
2004-07-22,1270.931694,150.258783,1308.380725,1.3340,0.002401,model,real
2004-07-23,1241.127921,139.656869,1283.616678,1.3380,0.002409,model,real
2004-07-26,1234.739510,137.478511,1277.988207,1.3920,0.002411,model,real
2004-07-27,1255.583162,144.413993,1295.623872,1.4370,0.002405,model,real
2004-07-28,1248.590154,141.977963,1289.994977,1.4200,0.002407,model,real
2004-07-29,1261.944587,146.508801,1305.004034,1.4120,0.002403,model,real
2004-07-30,1263.604831,147.065614,1309.131233,1.4120,0.002401,model,real
2004-08-02,1268.964580,148.913945,1311.757247,1.4320,0.002400,model,real
2004-08-03,1244.430457,140.246223,1284.367101,1.4570,0.002409,model,real
2004-08-04,1244.493571,140.247105,1284.742440,1.4520,0.002409,model,real
2004-08-05,1221.240676,132.357486,1260.728391,1.4440,0.002417,model,real
2004-08-06,1186.826155,121.138007,1227.709774,1.4060,0.002428,model,real
2004-08-09,1190.011273,122.094771,1230.710533,1.4440,0.002427,model,real
2004-08-10,1215.168057,129.812244,1246.095098,1.4720,0.002422,model,real
2004-08-11,1195.262857,123.408128,1235.213156,1.4150,0.002425,model,real
2004-08-12,1177.017903,117.733696,1218.329019,1.4080,0.002431,model,real
2004-08-13,1180.076682,118.634018,1220.204609,1.4010,0.002431,model,real
2004-08-16,1197.238893,123.787786,1234.088243,1.4270,0.002426,model,real
2004-08-17,1205.251530,126.252625,1247.971114,1.4540,0.002421,model,real
2004-08-18,1230.525620,134.168856,1270.108552,1.4470,0.002414,model,real
2004-08-19,1221.060255,131.050183,1263.355169,1.4420,0.002416,model,real
2004-08-20,1233.232590,134.946318,1276.111937,1.4540,0.002412,model,real
2004-08-23,1236.995319,136.160340,1279.113885,1.4770,0.002411,model,real
2004-08-24,1235.984721,135.805700,1278.739055,1.5170,0.002411,model,real
2004-08-25,1253.480788,141.546656,1296.373786,1.5120,0.002405,model,real
2004-08-26,1248.797671,139.937181,1290.745910,1.5160,0.002407,model,real
2004-08-27,1252.930384,141.303873,1296.749379,1.5220,0.002405,model,real
2004-08-30,1234.324367,134.980808,1274.986430,1.5420,0.002412,model,real
2004-08-31,1234.992188,135.178692,1276.487531,1.5680,0.002412,model,real
2004-09-01,1243.365666,137.904763,1285.867523,1.5470,0.002409,model,real
2004-09-02,1261.755024,143.996062,1305.004034,1.5630,0.002403,model,real
2004-09-03,1237.825386,135.772106,1280.990070,1.6120,0.002410,model,real
2004-09-07,1246.866686,138.722787,1291.871077,1.5970,0.002407,model,real
2004-09-08,1242.291954,137.172255,1286.993454,1.6120,0.002408,model,real
2004-09-09,1255.610258,141.557803,1297.874972,1.6080,0.002405,model,real
2004-09-10,1274.983117,148.080857,1317.761141,1.6230,0.002399,model,real
2004-09-13,1287.922406,152.561137,1335.020788,1.6160,0.002393,model,real
2004-09-14,1294.265766,154.788648,1336.896973,1.6230,0.002393,model,real
2004-09-15,1277.058505,148.583797,1322.639274,1.6320,0.002397,model,real
2004-09-16,1279.467639,149.399937,1325.265882,1.6320,0.002396,model,real
2004-09-17,1286.984064,152.005813,1329.392997,1.6680,0.002395,model,real
2004-09-20,1285.558322,151.475260,1329.392997,1.6630,0.002395,model,real
2004-09-21,1295.655379,155.015806,1334.645619,1.6830,0.002394,model,real
2004-09-22,1267.060691,144.716568,1311.382502,1.6740,0.002401,model,real
2004-09-23,1268.459336,145.171376,1310.256910,1.6860,0.002401,model,real
2004-09-24,1262.395748,143.063325,1305.753947,1.6910,0.002402,model,real
2004-09-27,1250.214381,138.894119,1294.497431,1.6820,0.002406,model,real
2004-09-28,1253.958935,140.117891,1297.123869,1.6870,0.002405,model,real
2004-09-29,1273.052131,146.488796,1316.260295,1.6800,0.002399,model,real
2004-09-30,1274.748504,147.049714,1318.511649,1.6740,0.002398,model,real
2004-10-01,1311.021865,159.566171,1354.532213,1.6570,0.002388,model,real
2004-10-04,1316.499031,161.538120,1362.411953,1.6510,0.002386,model,real
2004-10-05,1318.980420,162.424086,1364.287289,1.6710,0.002385,model,real
2004-10-06,1330.349674,166.593315,1375.169231,1.6730,0.002382,model,real
2004-10-07,1313.575512,160.258107,1359.785769,1.6620,0.002386,model,real
2004-10-08,1291.188812,152.030125,1335.020788,1.6570,0.002393,model,real
2004-10-11,1297.297559,154.160978,1341.399597,1.6570,0.002392,model,real
2004-10-12,1294.834234,153.256842,1339.148497,1.6530,0.002392,model,real
2004-10-13,1294.346944,153.058263,1336.147484,1.6870,0.002393,model,real
2004-10-14,1286.000452,150.068866,1330.143250,1.6970,0.002395,model,real
2004-10-15,1291.206876,151.864549,1336.896973,1.7120,0.002393,model,real
2004-10-18,1314.965125,160.213283,1356.033229,1.7370,0.002387,model,real
2004-10-19,1302.774725,155.725217,1346.277898,1.7820,0.002390,model,real
2004-10-20,1310.408347,158.432786,1352.656537,1.7870,0.002388,model,real
2004-10-21,1330.737722,165.771343,1373.293300,1.7970,0.002383,model,real
2004-10-22,1297.766786,153.408179,1343.275697,1.8070,0.002391,model,real
2004-10-25,1292.641539,151.561518,1336.896973,1.8320,0.002393,model,real
2004-10-26,1301.276838,154.568430,1344.026035,1.8740,0.002391,model,real
2004-10-27,1335.465888,166.711266,1378.171432,1.8770,0.002381,model,real
2004-10-28,1341.863331,169.074564,1386.801086,1.8670,0.002379,model,real
2004-10-29,1341.502380,168.907411,1384.549138,1.8670,0.002379,model,real
2004-11-01,1343.370251,169.581488,1389.802948,1.8820,0.002378,model,real
2004-11-02,1348.820210,171.611598,1394.305317,1.9430,0.002377,model,real
2004-11-03,1356.995314,174.697066,1403.685903,1.9180,0.002374,model,real
2004-11-04,1368.102859,178.950024,1411.565643,1.9370,0.002372,model,real
2004-11-05,1376.259899,182.113565,1424.323260,1.9820,0.002369,model,real
2004-11-08,1377.965304,182.754869,1425.824446,2.0020,0.002368,model,real
2004-11-09,1377.847997,182.672464,1422.821989,2.0370,0.002369,model,real
2004-11-10,1368.878955,179.066046,1417.943772,2.0290,0.002370,model,real
2004-11-11,1391.112108,187.747549,1436.705284,2.0290,0.002366,model,real
2004-11-12,1406.190009,193.809615,1450.587814,2.0360,0.002362,model,real
2004-11-15,1408.490868,194.721839,1456.966283,2.0570,0.002361,model,real
2004-11-16,1397.275048,190.026545,1447.961885,2.0910,0.002363,model,real
2004-11-17,1417.658506,198.296722,1467.472886,2.0800,0.002358,model,real
2004-11-18,1426.402078,201.922528,1474.226779,2.0870,0.002356,model,real
2004-11-19,1400.505327,190.873164,1451.338831,2.0960,0.002362,model,real
2004-11-22,1415.095938,196.794139,1465.220513,2.1220,0.002359,model,real
2004-11-23,1409.970692,194.613678,1462.969498,2.1340,0.002359,model,real
2004-11-24,1427.972112,202.020659,1475.727455,2.1320,0.002356,model,real
2004-11-26,1424.101109,200.334654,1471.224916,2.1520,0.002357,model,real
2004-11-29,1426.068112,201.122784,1470.850172,2.1570,0.002357,model,real
2004-11-30,1418.001393,197.664591,1467.848140,2.1820,0.002358,model,real
2004-12-01,1450.169248,211.062497,1497.865234,2.1720,0.002351,model,real
2004-12-02,1455.583189,213.380377,1503.493364,2.1720,0.002349,model,real
2004-12-03,1456.711093,213.831887,1505.744379,2.1670,0.002349,model,real
2004-12-06,1461.394100,215.847657,1510.997426,2.1840,0.002348,model,real
2004-12-07,1434.089782,203.691818,1485.107786,2.2020,0.002354,model,real
2004-12-08,1445.441082,208.481289,1493.738119,2.1970,0.002352,model,real
2004-12-09,1452.551395,211.511298,1502.743875,2.1970,0.002350,model,real
2004-12-10,1448.373633,209.640201,1498.240488,2.2010,0.002351,model,real
2004-12-13,1462.810809,215.859431,1511.373529,2.1790,0.002348,model,real
2004-12-14,1468.495381,218.328712,1518.877250,2.1770,0.002346,model,real
2004-12-15,1465.039522,216.740715,1513.249119,2.1670,0.002347,model,real
2004-12-16,1450.593314,210.278185,1498.991165,2.1550,0.002350,model,real
2004-12-17,1440.658723,205.918390,1495.165103,2.1520,0.011957,model,real
2004-12-20,1436.471929,204.086866,1484.937648,2.1580,0.012026,model,real
2004-12-21,1452.073138,210.695366,1503.119469,2.1720,0.011904,model,real
2004-12-22,1455.962094,212.351390,1505.013907,2.1470,0.011892,model,real
2004-12-23,1456.142626,212.394882,1506.149688,2.1470,0.011884,model,real
2004-12-27,1450.566218,209.915969,1499.711619,2.1820,0.011573,model,real
2004-12-28,1465.544766,216.375737,1514.105582,2.2110,0.011482,model,real
2004-12-29,1466.230540,216.642092,1515.999171,2.1820,0.011470,model,real
2004-12-30,1465.156829,216.128771,1514.863561,2.1700,0.011477,model,real
2004-12-31,1462.774681,215.036500,1512.211483,2.1820,0.011494,model,real
2005-01-03,1446.884778,207.984589,1496.301562,2.2040,0.011595,model,real
2005-01-04,1418.299120,195.607622,1469.027048,2.2920,0.011773,model,real
2005-01-05,1411.017418,192.556886,1459.935034,2.2820,0.011834,model,real
2005-01-06,1405.386929,190.215376,1452.738478,2.2670,0.011883,model,real
2005-01-07,1411.964902,192.849770,1460.314703,2.2770,0.011831,model,real
2005-01-10,1412.064144,192.856134,1459.557234,2.2730,0.011836,model,real
2005-01-11,1401.669359,188.558099,1449.328421,2.3020,0.011906,model,real
2005-01-12,1412.840129,193.027974,1461.451162,2.2920,0.011824,model,real
2005-01-13,1394.252287,185.367015,1442.131524,2.3020,0.011955,model,real
2005-01-14,1408.626238,191.060701,1455.768866,2.3200,0.011862,model,real
2005-01-18,1419.797008,195.567174,1466.754809,2.3020,0.011788,model,real
2005-01-19,1394.676352,185.140625,1442.509325,2.3270,0.011953,model,real
2005-01-20,1366.623146,173.924191,1414.856671,2.3070,0.012147,model,real
2005-01-21,1356.769733,170.127360,1403.493182,2.3020,0.012229,model,real
2005-01-24,1336.034356,162.289152,1383.794300,2.3010,0.012375,model,real
2005-01-25,1344.976303,165.514713,1390.612886,2.3610,0.012324,model,real
2005-01-26,1361.615206,171.620919,1407.281125,2.3650,0.012202,model,real
2005-01-27,1360.297849,171.090405,1405.387366,2.3870,0.012216,model,real
2005-01-28,1352.997972,168.301189,1398.568695,2.4070,0.012265,model,real
2005-01-31,1371.197877,175.054280,1416.750940,2.4220,0.012134,model,real
2005-02-01,1374.834267,176.411889,1421.296862,2.4620,0.012101,model,real
2005-02-02,1376.133561,176.877614,1423.569950,2.4580,0.012085,model,real
2005-02-03,1360.920399,170.972033,1407.281125,2.4320,0.012202,model,real
2005-02-04,1384.606391,179.857677,1430.008952,2.4220,0.012040,model,real
2005-02-07,1379.697804,177.908621,1426.979923,2.4370,0.012061,model,real
2005-02-08,1382.982165,179.143524,1429.630642,2.4650,0.012042,model,real
2005-02-09,1359.630139,170.025258,1405.765421,2.4670,0.012213,model,real
2005-02-10,1359.648092,169.999236,1407.281125,2.4670,0.012202,model,real
2005-02-11,1381.015162,177.972647,1428.115533,2.4940,0.012053,model,real
2005-02-14,1387.963008,180.621431,1434.554959,2.4820,0.012008,model,real
2005-02-15,1396.165208,183.784405,1444.025284,2.5320,0.011942,model,real
2005-02-16,1391.752833,182.003687,1438.722486,2.5270,0.011979,model,real
2005-02-17,1370.891118,173.774980,1419.402169,2.5270,0.012115,model,real
2005-02-18,1367.381066,172.404069,1414.856671,2.5520,0.012147,model,real
2005-02-22,1348.134435,165.082012,1397.430962,2.5730,0.012274,model,real
2005-02-23,1350.859470,166.048095,1399.325655,2.6250,0.012260,model,real
2005-02-24,1369.465376,172.867918,1417.130014,2.6370,0.012131,model,real
2005-02-25,1377.757786,175.968591,1425.085314,2.6750,0.012074,model,real
2005-02-28,1363.428885,170.435542,1409.932863,2.6900,0.012183,model,real
2005-03-01,1378.073578,175.885844,1425.464643,2.6920,0.012072,model,real
2005-03-02,1376.296027,175.167448,1424.705985,2.6770,0.012077,model,real
2005-03-03,1364.213902,170.512466,1412.962997,2.6920,0.012161,model,real
2005-03-04,1372.055040,173.413531,1421.296862,2.6920,0.012101,model,real
2005-03-07,1394.270241,181.791733,1441.752535,2.6770,0.011958,model,real
2005-03-08,1379.336852,175.906019,1427.358063,2.6920,0.012058,model,real
2005-03-09,1373.318315,173.563768,1423.191300,2.6920,0.012088,model,real
2005-03-10,1375.483914,174.347288,1421.296862,2.6870,0.012101,model,real
2005-03-11,1358.574380,167.873899,1408.038340,2.6920,0.012196,model,real
2005-03-14,1367.101293,170.995785,1414.477682,2.7120,0.012150,model,real
2005-03-15,1355.344102,166.542789,1403.114108,2.7370,0.012232,model,real
2005-03-16,1341.060250,161.236241,1387.204017,2.7320,0.012350,model,real
2005-03-17,1342.323525,161.656902,1390.612886,2.7270,0.012324,model,real
2005-03-18,1339.409037,160.568071,1383.037679,2.7420,0.012381,model,real
2005-03-21,1339.454088,160.549480,1385.688483,2.7570,0.012361,model,real
2005-03-22,1321.985118,154.226283,1368.642698,2.8020,0.012490,model,real
2005-03-23,1328.012688,156.300344,1373.566335,2.7610,0.012452,model,real
2005-03-24,1326.361364,155.682732,1373.945665,2.7700,0.012449,model,real
2005-03-28,1328.860819,156.528101,1376.597318,2.7720,0.012429,model,real
2005-03-29,1321.308375,153.822583,1365.611885,2.7720,0.012513,model,real
2005-03-30,1346.032061,162.415274,1391.371204,2.7620,0.012319,model,real
2005-03-31,1337.721697,159.369321,1385.310343,2.7220,0.012364,model,real
2005-04-01,1325.829025,155.080517,1371.294436,2.7270,0.012470,model,real
2005-04-04,1332.479145,157.379085,1381.143410,2.6880,0.012395,model,real
2005-04-05,1338.822505,159.590777,1384.931268,2.7280,0.012367,model,real
2005-04-06,1336.043389,158.562142,1382.658180,2.7020,0.012384,model,real
2005-04-07,1353.223553,164.639211,1399.325655,2.7000,0.012260,model,real
2005-04-08,1340.491782,159.952495,1387.961911,2.7120,0.012344,model,real
2005-04-11,1334.130467,157.639232,1381.900201,2.6970,0.012389,model,real
2005-04-12,1343.704106,160.995967,1388.719636,2.7070,0.012338,model,real
2005-04-13,1318.908274,152.040056,1365.990535,2.7170,0.012510,model,real
2005-04-14,1300.365482,145.588769,1346.671830,2.7120,0.012661,model,real
2005-04-15,1271.003840,135.686088,1315.987769,2.7240,0.012910,model,real
2005-04-18,1272.258082,136.057648,1316.367013,2.8120,0.012906,model,real
2005-04-19,1282.021285,139.156537,1325.457838,2.8470,0.012832,model,real
2005-04-20,1269.433806,135.023095,1314.472575,2.8070,0.012922,model,real
2005-04-21,1305.995972,146.648390,1349.322890,2.8170,0.012640,model,real
2005-04-22,1282.391158,138.655998,1329.246546,2.8580,0.012801,model,real
2005-04-25,1296.918655,143.332820,1340.231470,2.8320,0.012712,model,real
2005-04-26,1281.687429,138.245838,1327.730588,2.8520,0.012813,model,real
2005-04-27,1284.692127,139.186703,1329.624856,2.8200,0.012798,model,real
2005-04-28,1271.635532,134.908211,1316.367013,2.8110,0.012906,model,real
2005-04-29,1282.012252,138.177625,1325.078680,2.8370,0.012835,model,real
2005-05-02,1284.646967,138.998240,1330.382326,2.8220,0.012792,model,real
2005-05-03,1288.166050,140.108389,1337.200572,2.8500,0.012737,model,real
2005-05-04,1310.354154,147.310384,1353.490162,2.7950,0.012607,model,real
2005-05-05,1308.513489,146.657335,1354.626451,2.7470,0.012598,model,real
2005-05-06,1313.783028,148.395174,1358.414309,2.8020,0.012569,model,real
2005-05-09,1320.442180,150.616864,1364.853991,2.7970,0.012519,model,real
2005-05-10,1308.693910,146.559302,1355.004931,2.8220,0.012595,model,real
2005-05-11,1316.986321,149.310287,1361.823432,2.8020,0.012542,model,real
2005-05-12,1312.691252,147.815017,1358.035320,2.8170,0.012572,model,real
2005-05-13,1326.984025,152.606509,1372.809460,2.7570,0.012458,model,real
2005-05-16,1336.052421,155.699129,1381.900201,2.7470,0.012389,model,real
2005-05-17,1344.588366,158.645917,1390.234915,2.8120,0.012327,model,real
2005-05-18,1361.840787,164.711677,1409.174969,2.7870,0.012188,model,real
2005-05-19,1372.822104,168.655707,1420.917872,2.8020,0.012104,model,real
2005-05-20,1378.804513,170.820670,1426.600593,2.8250,0.012064,model,real
2005-05-23,1385.265070,173.180956,1433.796640,2.8450,0.012013,model,real
2005-05-24,1390.002269,174.916250,1438.343327,2.8820,0.011982,model,real
2005-05-25,1383.000229,172.230417,1432.282211,2.8700,0.012024,model,real
2005-05-26,1397.518694,177.609889,1446.677192,2.8670,0.011924,model,real
2005-05-27,1398.421017,177.912832,1447.434661,2.8870,0.011919,model,real
2005-05-31,1391.951318,175.400341,1442.509325,2.8820,0.011953,model,real
2005-06-01,1407.173511,181.108468,1454.253247,2.9070,0.011872,model,real
2005-06-02,1415.709456,184.359038,1464.481211,2.9080,0.011803,model,real
2005-06-03,1393.620594,175.677954,1443.267814,2.9300,0.011948,model,real
2005-06-06,1394.333466,175.906326,1443.646804,2.9320,0.011945,model,real
2005-06-07,1381.565565,171.027991,1431.524401,2.9470,0.012029,model,real
2005-06-08,1378.461626,169.834086,1428.494692,2.9470,0.012050,model,real
2005-06-09,1389.090913,173.719419,1437.585687,2.9270,0.011987,model,real
2005-06-10,1372.452121,167.430159,1422.434255,2.9370,0.012093,model,real
2005-06-13,1379.769951,170.066623,1429.251992,2.9370,0.012045,model,real
2005-06-14,1375.520042,168.453571,1423.569950,2.9620,0.012085,model,real
2005-06-15,1380.094774,170.093101,1428.115533,2.9550,0.012053,model,real
2005-06-16,1387.250248,172.696951,1435.691758,2.9020,0.012000,model,real
2005-06-17,1387.890862,172.896660,1435.882102,2.9130,0.012932,model,real
2005-06-20,1387.151006,172.580432,1435.882102,2.9200,0.012932,model,real
2005-06-21,1386.402006,172.260784,1435.122425,2.9500,0.012938,model,real
2005-06-22,1384.489085,171.507121,1433.606297,2.9620,0.012949,model,real
2005-06-23,1367.877278,165.287237,1417.682028,3.0000,0.013072,model,real
2005-06-24,1353.647729,160.085126,1401.756316,3.0000,0.013198,model,real
2005-06-27,1347.845740,157.986709,1395.311201,3.0350,0.013250,model,real
2005-06-28,1361.254254,162.658992,1408.581609,3.0750,0.013144,model,real
2005-06-29,1357.193798,161.163020,1405.548334,3.0630,0.013168,model,real
2005-06-30,1347.638224,157.717031,1394.553053,3.0600,0.013256,model,real
2005-07-01,1344.940285,156.730794,1392.657086,3.0900,0.013271,model,real
2005-07-05,1359.214995,161.677729,1407.065057,3.1370,0.013156,model,real
2005-07-06,1351.725776,158.963078,1400.240188,3.1200,0.013210,model,real
2005-07-07,1356.896071,160.747052,1405.169090,3.0800,0.013171,model,real
2005-07-08,1383.505583,170.155542,1432.089829,3.0950,0.012961,model,real
2005-07-11,1396.490031,174.900156,1445.359897,3.0950,0.012860,model,real
2005-07-12,1403.645395,177.542745,1452.185106,3.1350,0.012809,model,real
2005-07-13,1405.477138,178.193116,1455.597709,3.1450,0.012784,model,real
2005-07-14,1419.751848,183.572768,1470.005935,3.1520,0.012678,model,real
2005-07-15,1423.704029,185.058156,1474.555677,3.1780,0.012645,model,real
2005-07-18,1416.729086,182.289054,1468.489128,3.1800,0.012689,model,real
2005-07-19,1435.136508,189.340782,1485.551638,3.2220,0.012567,model,real
2005-07-20,1446.199003,193.666402,1496.167422,3.2280,0.012492,model,real
2005-07-21,1445.423018,193.304089,1496.546241,3.2680,0.012489,model,real
2005-07-22,1444.403388,192.844035,1494.650784,3.2930,0.012502,model,real
2005-07-25,1437.915624,190.192089,1488.963394,3.3150,0.012542,model,real
2005-07-26,1442.752176,192.058529,1494.650784,3.3590,0.012502,model,real
2005-07-27,1454.500335,196.694732,1506.026074,3.3250,0.012423,model,real
2005-07-28,1460.536937,199.089379,1513.230442,3.3150,0.012373,model,real
2005-07-29,1448.355570,194.050195,1500.717504,3.3320,0.012460,model,real
2005-08-01,1452.840090,195.799063,1503.371959,3.3550,0.012441,model,real
2005-08-02,1468.089380,201.905146,1519.675641,3.4020,0.012329,model,real
2005-08-03,1468.251736,201.917538,1518.916813,3.3850,0.012334,model,real
2005-08-04,1451.603912,194.987936,1504.129429,3.3800,0.012436,model,real
2005-08-05,1445.152277,192.332059,1496.926080,3.4370,0.012486,model,real
2005-08-08,1434.667282,188.089116,1485.930798,3.4280,0.012564,model,real
2005-08-09,1444.746275,191.997819,1495.788432,3.4350,0.012494,model,real
2005-08-10,1430.823375,186.388987,1482.897353,3.4340,0.012586,model,real
2005-08-11,1444.304145,191.601196,1495.030453,3.4220,0.012500,model,real
2005-08-12,1436.273444,188.349577,1486.688947,3.4330,0.012559,model,real
2005-08-15,1444.358228,191.475625,1495.788432,3.4270,0.012494,model,real
2005-08-16,1420.266234,181.831982,1471.522063,3.4520,0.012667,model,real
2005-08-17,1427.737499,184.648982,1480.243408,3.4350,0.012605,model,real
2005-08-18,1421.845300,182.310557,1472.659541,3.4100,0.012659,model,real
2005-08-19,1420.004525,181.552104,1471.902581,3.4280,0.012665,model,real
2005-08-22,1421.691866,182.149282,1472.659541,3.4220,0.012659,model,real
2005-08-23,1417.820973,180.610168,1468.489128,3.4400,0.012689,model,real
2005-08-24,1409.167611,177.250738,1459.768632,3.4300,0.012753,model,real
2005-08-25,1412.930340,178.620841,1463.180897,3.4350,0.012728,model,real
2005-08-26,1406.577947,176.160059,1458.251486,3.4670,0.012764,model,real
2005-08-29,1418.019458,180.405724,1469.627285,3.4850,0.012681,model,real
2005-08-30,1412.794968,178.359828,1464.317356,3.4770,0.012720,model,real
2005-08-31,1427.214081,183.766770,1477.967772,3.4300,0.012621,model,real
2005-09-01,1423.189753,182.161609,1475.693156,3.3650,0.012637,model,real
2005-09-02,1419.463153,180.680389,1470.005935,3.3770,0.012678,model,real
2005-09-06,1441.254288,188.944235,1491.617849,3.4100,0.012524,model,real
2005-09-07,1443.591274,189.811209,1494.271795,3.4050,0.012505,model,real
2005-09-08,1441.624271,188.983194,1493.892805,3.3980,0.012508,model,real
2005-09-09,1450.782767,192.530210,1502.234650,3.3970,0.012449,model,real
2005-09-12,1454.725916,194.046074,1506.404894,3.4150,0.012420,model,real
2005-09-13,1450.376765,192.251295,1502.613470,3.4040,0.012447,model,real
2005-09-14,1434.360523,185.824830,1485.551638,3.3450,0.012567,model,real
2005-09-15,1433.386053,185.396181,1484.793320,3.3550,0.012572,model,real
2005-09-16,1443.212259,189.154842,1493.892805,3.4090,0.012508,model,real
2005-09-19,1431.130244,184.347705,1482.138865,3.4400,0.012591,model,real
2005-09-20,1424.046916,181.555929,1476.071806,3.5250,0.012634,model,real
2005-09-21,1409.284917,175.856046,1459.768632,3.3420,0.012753,model,real
2005-09-22,1414.265760,177.671610,1465.076863,3.3800,0.012714,model,real
2005-09-23,1418.226974,179.115221,1469.247277,3.3900,0.012684,model,real
2005-09-26,1419.228540,179.445584,1469.627285,3.4250,0.012681,model,real
2005-09-27,1415.601182,178.019785,1466.215021,3.4050,0.012706,model,real
2005-09-28,1415.574196,177.961748,1466.592822,3.3870,0.012703,model,real
2005-09-29,1434.631264,185.092922,1486.309788,3.4580,0.012561,model,real
2005-09-30,1445.215501,189.134265,1496.167422,3.4700,0.012492,model,real
2005-10-03,1448.761571,190.472492,1499.959524,3.4850,0.012465,model,real
2005-10-04,1439.693285,186.838489,1490.101381,3.5350,0.012534,model,real
2005-10-05,1418.019458,178.339884,1469.627285,3.4900,0.012681,model,real
2005-10-06,1401.254216,171.958255,1450.289818,3.5120,0.012824,model,real
2005-10-07,1403.943233,172.898939,1453.701404,3.5330,0.012798,model,real
2005-10-10,1395.885435,169.870428,1445.738887,3.5330,0.012858,model,real
2005-10-11,1388.955653,167.289940,1438.535199,3.5600,0.012912,model,real
2005-10-12,1372.605444,161.328224,1421.473367,3.6150,0.013043,model,real
2005-10-13,1383.983841,165.289279,1432.468649,3.6620,0.012958,model,real
2005-10-14,1393.449206,168.628477,1443.086130,3.7020,0.012878,model,real
2005-10-17,1398.493163,170.408145,1447.635363,3.6970,0.012843,model,real
2005-10-18,1388.161603,166.576400,1437.397720,3.7700,0.012921,model,real
2005-10-19,1416.295988,176.644414,1466.215021,3.7570,0.012706,model,real
2005-10-20,1403.645395,171.853194,1452.564774,3.7600,0.012807,model,real
2005-10-21,1412.244565,174.956805,1461.663411,3.7650,0.012739,model,real
2005-10-24,1435.280910,183.457082,1484.793320,3.7650,0.012572,model,real
2005-10-25,1430.922617,181.727770,1479.105420,3.8370,0.012613,model,real
2005-10-26,1421.285864,177.997130,1471.522063,3.8050,0.012667,model,real
2005-10-27,1392.628061,167.165447,1441.948143,3.7920,0.012886,model,real
2005-10-28,1405.016944,171.571204,1452.943424,3.8250,0.012804,model,real
2005-10-31,1424.931286,178.807040,1473.796849,3.8050,0.012651,model,real
2005-11-01,1422.531075,177.847237,1472.659541,3.8620,0.012659,model,real
2005-11-02,1441.272352,184.814633,1491.997348,3.8370,0.012521,model,real
2005-11-03,1461.466356,192.518117,1514.367410,3.8470,0.012366,model,real
2005-11-04,1469.009767,195.436322,1519.675641,3.8650,0.012329,model,real
2005-11-07,1470.128640,195.822282,1521.571778,3.8270,0.012316,model,real
2005-11-08,1469.343622,195.447412,1521.950598,3.8620,0.012314,model,real
2005-11-09,1470.976771,196.037469,1522.708746,3.8770,0.012309,model,real
2005-11-10,1489.672998,203.443736,1539.391419,3.8720,0.012197,model,real
2005-11-11,1491.865582,204.277635,1543.562172,3.8720,0.012169,model,real
2005-11-14,1490.548225,203.671990,1543.562172,3.8820,0.012169,model,real
2005-11-15,1483.699621,200.797446,1536.359163,3.9150,0.012217,model,real
2005-11-16,1490.142113,203.347127,1545.837638,3.9120,0.012155,model,real
2005-11-17,1512.646119,212.486376,1566.312413,3.9120,0.012022,model,real
2005-11-18,1515.768124,213.733510,1571.620983,3.9120,0.011988,model,real
2005-11-21,1521.524951,216.098995,1575.412237,3.8950,0.011964,model,real
2005-11-22,1528.662362,219.070137,1581.099967,3.8320,0.011928,model,real
2005-11-23,1531.035477,220.021121,1584.890882,3.8520,0.011904,model,real
2005-11-25,1534.897448,221.615862,1588.303656,3.8520,0.011883,model,real
2005-11-28,1519.864708,215.029253,1575.033417,3.8300,0.011966,model,real
2005-11-29,1513.052121,212.067289,1567.450061,3.8870,0.012015,model,real
2005-11-30,1509.190260,210.375790,1563.658976,3.8570,0.012039,model,real
2005-12-01,1537.811935,222.267025,1592.853568,3.8770,0.011855,model,real
2005-12-02,1542.161086,224.080867,1596.645331,3.8920,0.011831,model,real
2005-12-05,1529.230830,218.367865,1584.890882,3.9100,0.011904,model,real
2005-12-06,1535.168079,220.839202,1590.199622,3.9320,0.011871,model,real
2005-12-07,1531.279122,219.088909,1587.165838,3.9300,0.011890,model,real
2005-12-08,1520.947452,214.581745,1575.791906,3.8450,0.011962,model,real
2005-12-09,1527.290812,217.197239,1581.857267,3.8420,0.011923,model,real
2005-12-12,1532.461109,219.333656,1587.544997,3.8250,0.011888,model,real
2005-12-13,1539.156389,222.137641,1593.992065,3.8270,0.011848,model,real
2005-12-14,1533.029576,219.413952,1588.682645,3.8020,0.011881,model,real
2005-12-15,1535.483870,220.398530,1591.336591,3.8400,0.011864,model,real
2005-12-16,1523.735711,215.268450,1580.353704,3.8320,0.014386,model,real
2005-12-19,1501.791141,205.885505,1555.267720,3.8600,0.005324,model,real
2005-12-20,1502.431755,206.078572,1556.407914,3.8870,0.005321,model,real
2005-12-21,1507.430663,208.063203,1563.249763,3.8920,0.005307,model,real
2005-12-22,1518.926256,212.747288,1573.511856,3.9020,0.005285,model,real
2005-12-23,1518.538318,212.511462,1573.511856,3.8950,0.005285,model,real
2005-12-27,1505.409467,206.921767,1559.829178,3.8770,0.005314,model,real
2005-12-28,1504.263499,206.378691,1557.928287,3.8620,0.005318,model,real
2005-12-29,1493.670229,201.943525,1547.666534,3.9120,0.005340,model,real
2005-12-30,1484.502591,198.150962,1535.884237,3.9850,0.005366,model,real
2006-01-03,1515.840380,210.617468,1570.091102,4.0200,0.005292,model,real
2006-01-04,1530.187235,216.516399,1586.434008,4.0820,0.005258,model,real
2006-01-05,1538.723291,220.058652,1593.274667,4.0900,0.005244,model,real
2006-01-06,1565.522254,231.465759,1622.161415,4.1070,0.005187,model,real
2006-01-09,1571.757341,234.145060,1628.622066,4.1170,0.005174,model,real
2006-01-10,1573.670263,234.913402,1629.762770,4.1770,0.005172,model,real
2006-01-11,1586.501276,240.567466,1642.305763,4.1920,0.005147,model,real
2006-01-12,1576.674960,236.004330,1634.323210,4.2050,0.005163,model,real
2006-01-13,1576.160684,235.685900,1633.563703,4.2200,0.005164,model,real
2006-01-17,1566.785530,231.388668,1622.921601,4.2320,0.005185,model,real
2006-01-18,1548.946576,223.391135,1604.297287,4.2470,0.005222,model,real
2006-01-19,1560.947523,228.495315,1616.080093,4.2420,0.005198,model,real
2006-01-20,1512.637087,207.173639,1567.810202,4.2520,0.005297,model,real
2006-01-23,1512.564941,207.066995,1568.190890,4.2470,0.005296,model,real
2006-01-24,1521.515920,210.661625,1575.032059,4.2950,0.005282,model,real
2006-01-25,1513.196523,207.123222,1568.190890,4.3070,0.005296,model,real
2006-01-26,1525.368858,212.038102,1579.212321,4.3320,0.005273,model,real
2006-01-27,1543.974765,219.708947,1600.496524,4.3370,0.005230,model,real
2006-01-30,1546.086171,220.525931,1603.537100,4.3420,0.005224,model,real
2006-01-31,1543.649942,219.398109,1596.315923,4.3700,0.005238,model,real
2006-02-01,1545.698234,220.186870,1602.017576,4.3620,0.005227,model,real
2006-02-02,1521.109918,209.584424,1574.651371,4.3620,0.005283,model,real
2006-02-03,1501.944575,201.574544,1555.267720,4.3620,0.005324,model,real
2006-02-06,1495.637343,198.955948,1551.087118,4.3470,0.005333,model,real
2006-02-07,1490.494033,196.825160,1544.245270,4.3820,0.005347,model,real
2006-02-08,1507.304325,203.402501,1562.109228,4.3920,0.005309,model,real
2006-02-09,1492.515229,197.331227,1547.286016,4.3970,0.005341,model,real
2006-02-10,1501.240737,200.712355,1556.788432,4.4250,0.005320,model,real
2006-02-13,1485.071060,194.142779,1538.925153,4.4220,0.005359,model,real
2006-02-14,1499.616510,199.766191,1554.508212,4.4470,0.005325,model,real
2006-02-15,1509.722599,203.723507,1564.389957,4.4320,0.005304,model,real
2006-02-16,1523.672486,209.286181,1578.832652,4.4300,0.005274,model,real
2006-02-17,1511.581329,204.217813,1566.289660,4.4270,0.005300,model,real
2006-02-21,1493.959035,196.988922,1548.806559,4.4450,0.005337,model,real
2006-02-22,1513.665750,204.699862,1568.190890,4.4520,0.005296,model,real
2006-02-23,1508.946615,202.703299,1564.009270,4.4770,0.005305,model,real
2006-02-24,1512.745362,204.153284,1568.190890,4.4820,0.005296,model,real
2006-02-27,1530.033911,211.065692,1585.673482,4.4900,0.005260,model,real
2006-02-28,1507.394534,201.603995,1562.109228,4.5070,0.005309,model,real
2006-03-01,1529.059331,210.208774,1583.393601,4.4870,0.005265,model,real
2006-03-02,1528.337538,209.828345,1584.533457,4.4870,0.005262,model,real
2006-03-03,1519.801483,206.226657,1575.412237,4.4920,0.005281,model,real
2006-03-06,1506.826066,200.858878,1561.729560,4.4650,0.005310,model,real
2006-03-07,1498.777412,197.558372,1552.606303,4.4820,0.005329,model,real
2006-03-08,1499.535332,197.780386,1553.367338,4.4850,0.005328,model,real
2006-03-09,1484.403349,191.709614,1540.065008,4.4750,0.005356,model,real
2006-03-10,1487.236658,192.731104,1541.584702,4.4900,0.005353,model,real
2006-03-13,1492.253630,194.603988,1546.146500,4.4920,0.005343,model,real
2006-03-14,1516.941187,204.176633,1572.371661,4.4770,0.005287,model,real
2006-03-15,1528.951057,208.940959,1585.673482,4.5000,0.005260,model,real
2006-03-16,1515.046331,203.152716,1572.371661,4.4920,0.005287,model,real
2006-03-17,1521.010676,205.469970,1576.517114,4.5170,0.005981,model,real
2006-03-20,1524.006341,206.602022,1580.320254,4.5300,0.005971,model,real
2006-03-21,1509.108972,200.455427,1563.585793,4.5670,0.006014,model,real
2006-03-22,1512.582895,201.758965,1567.388763,4.5670,0.006004,model,real
2006-03-23,1507.538937,199.658982,1562.824588,4.5470,0.006016,model,real
2006-03-24,1515.732106,202.832489,1570.811385,4.5350,0.005995,model,real
2006-03-27,1516.471962,203.049729,1571.192243,4.5170,0.005994,model,real
2006-03-28,1509.614325,200.212604,1564.726667,4.5270,0.006011,model,real
2006-03-29,1537.414856,211.184398,1594.392958,4.5020,0.005936,model,real
2006-03-30,1541.782181,212.900088,1599.337482,4.4850,0.005924,model,real
2006-03-31,1537.252499,210.938295,1594.773816,4.5150,0.005935,model,real
2006-04-03,1540.058712,212.009431,1596.675385,4.5270,0.005930,model,real
2006-04-04,1548.883462,215.566520,1605.423219,4.5520,0.005909,model,real
2006-04-05,1563.492027,221.574730,1620.636287,4.5470,0.005872,model,real
2006-04-06,1569.321001,223.962846,1625.200972,4.5520,0.005861,model,real
2006-04-07,1554.730501,217.621097,1609.606706,4.5620,0.005899,model,real
2006-04-10,1550.967772,215.953179,1607.325128,4.5670,0.005904,model,real
2006-04-11,1537.920209,210.411883,1594.392958,4.5720,0.005936,model,real
2006-04-12,1538.236001,210.457697,1594.773816,4.5820,0.005935,model,real
2006-04-13,1544.840960,213.082387,1601.239900,4.5770,0.005919,model,real
2006-04-17,1528.824718,206.363678,1584.504761,4.5770,0.005961,model,real
2006-04-18,1557.987876,218.078957,1614.931068,4.5970,0.005886,model,real
2006-04-19,1564.665091,220.792916,1622.158528,4.6020,0.005869,model,real
2006-04-20,1560.027135,218.739309,1616.452969,4.6020,0.005882,model,real
2006-04-21,1542.088940,211.098327,1597.435572,4.6250,0.005929,model,real
2006-04-24,1539.760874,210.056623,1595.914011,4.6220,0.005932,model,real
2006-04-25,1535.276353,208.134586,1592.491728,4.6550,0.005941,model,real
2006-04-26,1535.935031,208.318106,1592.110531,4.6570,0.005942,model,real
2006-04-27,1549.415802,213.713570,1607.325128,4.6570,0.005904,model,real
2006-04-28,1534.590578,207.486586,1591.730013,4.6500,0.005943,model,real
2006-05-01,1521.867839,202.237192,1576.136936,4.6470,0.005982,model,real
2006-05-02,1524.863615,203.348172,1580.320254,4.6820,0.005971,model,real
2006-05-03,1521.588176,201.953636,1578.038166,4.6970,0.005977,model,real
2006-05-04,1534.879383,207.158717,1590.969487,4.6720,0.005945,model,real
2006-05-05,1546.438091,211.749766,1603.521479,4.6950,0.005914,model,real
2006-05-08,1547.692333,212.178104,1605.043040,4.7000,0.005910,model,real
2006-05-09,1544.028957,210.582393,1598.957304,4.7550,0.005925,model,real
2006-05-10,1529.275879,204.453254,1584.883920,4.7520,0.005960,model,real
2006-05-11,1495.583150,190.843075,1549.513259,4.6950,0.006050,model,real
2006-05-12,1476.029871,183.272502,1528.593782,4.7070,0.006105,model,real
2006-05-15,1475.100451,182.851389,1527.452568,4.6970,0.006109,model,real
2006-05-16,1465.093604,179.051829,1516.042639,4.7070,0.006139,model,real
2006-05-17,1442.734111,170.772883,1495.504020,4.7070,0.006196,model,real
2006-05-18,1432.086650,166.918607,1485.235474,4.7070,0.006225,model,real
2006-05-19,1444.493598,171.184725,1496.645573,4.6970,0.006193,model,real
2006-05-22,1429.794713,165.884318,1482.192181,4.6820,0.006234,model,real
2006-05-23,1415.754617,160.925043,1467.739129,4.7120,0.006276,model,real
2006-05-24,1425.833610,164.293103,1477.628855,4.7020,0.006247,model,real
2006-05-25,1443.428918,170.302528,1497.026261,4.6970,0.006192,model,real
2006-05-26,1449.465409,172.367570,1501.970105,4.7120,0.006178,model,real
2006-05-30,1417.811940,160.993722,1469.641718,4.6970,0.006270,model,real
2006-05-31,1425.292127,163.473656,1476.487641,4.7150,0.006250,model,real
2006-06-01,1458.669065,174.880004,1511.478294,4.7070,0.006152,model,real
2006-06-02,1455.357608,173.616893,1507.674645,4.6820,0.006162,model,real
2006-06-05,1423.415334,162.103156,1474.966080,4.7020,0.006255,model,real
2006-06-06,1421.511445,161.385634,1473.825206,4.7370,0.006258,model,real
2006-06-07,1412.334775,158.190965,1462.794606,4.7320,0.006290,model,real
2006-06-08,1409.023318,157.012380,1460.512518,4.7350,0.006297,model,real
2006-06-09,1399.476665,153.753313,1451.004499,4.7470,0.006325,model,real
2006-06-12,1371.811506,144.562392,1422.478997,4.7820,0.006412,model,real
2006-06-13,1368.689392,143.514814,1416.773608,4.7720,0.006430,model,real
2006-06-14,1380.789581,147.258312,1431.227424,4.7600,0.006385,model,real
2006-06-15,1419.427025,159.547610,1470.021217,4.7200,0.006269,model,real
2006-06-16,1410.187241,156.363739,1459.212204,4.7450,0.006982,model,real
2006-06-19,1397.644922,152.123024,1447.414625,4.7550,0.006102,model,real
2006-06-20,1397.085486,151.876933,1449.317044,4.8000,0.006097,model,real
2006-06-21,1419.860233,159.234019,1472.153203,4.7850,0.006033,model,real
2006-06-22,1402.652861,153.373051,1453.503419,4.7750,0.006085,model,real
2006-06-23,1399.548922,152.289607,1451.980838,4.8350,0.006089,model,real
2006-06-26,1404.168813,153.732241,1455.787034,4.8500,0.006078,model,real
2006-06-27,1377.847997,145.013222,1428.383814,4.9100,0.006157,model,real
2006-06-28,1387.999137,148.153976,1439.040348,4.8700,0.006126,model,real
2006-06-29,1430.688115,161.747560,1482.809398,4.8650,0.006004,model,real
2006-06-30,1421.367042,158.514867,1475.578372,4.8600,0.006024,model,real
2006-07-03,1431.310665,161.771241,1484.331299,4.8850,0.006000,model,real
2006-07-05,1402.165571,151.810890,1451.980838,4.8700,0.006089,model,real
2006-07-06,1400.000083,151.042799,1450.459277,4.8700,0.006093,model,real
2006-07-07,1383.902553,145.763660,1434.473286,4.8750,0.006139,model,real
2006-07-10,1372.343845,142.046144,1421.913739,4.8750,0.006176,model,real
2006-07-11,1383.316131,145.389403,1432.570867,4.9150,0.006145,model,real
2006-07-12,1354.802619,136.327970,1405.548164,4.9250,0.006224,model,real
2006-07-13,1333.778548,129.917008,1381.950631,4.9150,0.006296,model,real
2006-07-14,1319.350404,125.641485,1367.869097,4.9150,0.006341,model,real
2006-07-17,1325.062072,127.217990,1371.294096,4.9400,0.006330,model,real
2006-07-18,1328.526963,128.160015,1375.861922,5.0000,0.006315,model,real
2006-07-19,1345.003400,132.868504,1393.749737,4.9700,0.006260,model,real
2006-07-20,1323.609344,126.465029,1373.196855,4.9450,0.006324,model,real
2006-07-21,1310.065460,122.524951,1358.734209,4.9450,0.006370,model,real
2006-07-24,1337.550198,130.176446,1385.757252,4.9450,0.006285,model,real
2006-07-25,1344.028930,132.009903,1393.749737,5.0000,0.006260,model,real
2006-07-26,1342.549106,131.516709,1392.607675,4.9700,0.006263,model,real
2006-07-27,1334.112403,128.978514,1383.473551,4.9550,0.006292,model,real
2006-07-28,1362.779239,137.229588,1412.399691,4.9200,0.006204,model,real
2006-07-31,1361.994222,136.933624,1412.017730,4.9350,0.006205,model,real
2006-08-01,1339.896217,130.202800,1388.420876,4.9850,0.006276,model,real
2006-08-02,1353.918360,134.230553,1404.025839,4.9650,0.006229,model,real
2006-08-03,1363.049870,136.886084,1412.779105,4.9700,0.006203,model,real
2006-08-04,1356.950154,134.987986,1406.309200,4.9450,0.006222,model,real
2006-08-07,1348.188628,132.312599,1397.175076,4.9700,0.006250,model,real
2006-08-08,1339.769989,129.774577,1388.420876,4.9750,0.006276,model,real
2006-08-09,1340.527910,129.939240,1390.324059,4.9350,0.006270,model,real
2006-08-10,1350.128645,132.673054,1400.220152,4.9150,0.006240,model,real
2006-08-11,1341.520444,130.076205,1390.324059,4.9350,0.006270,model,real
2006-08-14,1348.369048,132.010639,1399.458437,4.9550,0.006243,model,real
2006-08-15,1384.552309,142.570759,1434.853804,4.9600,0.006138,model,real
2006-08-16,1416.702101,152.431537,1468.727015,4.9300,0.006042,model,real
2006-08-17,1419.887219,153.393190,1474.055792,4.9550,0.006028,model,real
2006-08-18,1422.476883,154.165731,1476.339408,4.9600,0.006022,model,real
2006-08-21,1408.635271,149.594663,1462.256855,4.9550,0.006060,model,real
2006-08-22,1410.719691,150.193757,1462.637712,4.9650,0.006059,model,real
2006-08-23,1398.971421,146.373116,1451.600151,4.9600,0.006090,model,real
2006-08-24,1403.284443,147.662757,1455.787034,4.9550,0.006078,model,real
2006-08-25,1405.549285,148.313516,1458.451678,4.9650,0.006071,model,real
2006-08-28,1416.909617,151.842411,1469.488900,4.9600,0.006040,model,real
2006-08-29,1419.941410,152.751215,1474.055792,4.9350,0.006028,model,real
2006-08-30,1427.430630,155.100641,1480.906469,4.9200,0.006009,model,real
2006-08-31,1425.427498,154.381098,1479.383380,4.9050,0.006013,model,real
2006-09-01,1434.216120,157.168426,1487.376800,4.8850,0.005992,model,real
2006-09-05,1447.047134,161.316352,1501.838851,4.8500,0.005953,model,real
2006-09-06,1418.632975,151.736499,1471.772685,4.8300,0.006034,model,real
2006-09-07,1411.991888,149.539882,1464.920819,4.8300,0.006053,model,real
2006-09-08,1420.897816,152.304441,1473.674934,4.8000,0.006029,model,real
2006-09-11,1429.081952,154.870046,1482.809398,4.8100,0.006004,model,real
2006-09-12,1457.929208,164.174978,1510.212618,4.7800,0.005931,model,real
2006-09-13,1465.364345,166.616142,1520.488805,4.7800,0.005905,model,real
2006-09-14,1467.159960,167.158493,1522.010876,4.8100,0.005901,model,real
2006-09-15,1472.988935,169.079379,1527.456813,4.8150,0.006463,model,real
2006-09-18,1472.745400,168.925318,1527.837671,4.8050,0.006462,model,real
2006-09-19,1462.729521,165.405120,1517.555711,4.8200,0.006492,model,real
2006-09-20,1484.637963,172.761184,1539.642381,4.8100,0.006427,model,real
2006-09-21,1475.181629,169.385340,1530.122305,4.7850,0.006455,model,real
2006-09-22,1463.902586,165.426144,1518.316746,4.7900,0.006490,model,real
2006-09-25,1489.167644,173.914536,1544.974553,4.7700,0.006412,model,real
2006-09-26,1497.135121,176.631792,1552.590681,4.7550,0.006390,model,real
2006-09-27,1493.950003,175.430863,1550.686394,4.7500,0.006396,model,real
2006-09-28,1499.291687,177.238934,1554.875316,4.7400,0.006384,model,real
2006-09-29,1492.560389,174.776461,1548.020733,4.7600,0.006403,model,real
2006-10-02,1473.322901,167.939838,1528.599046,4.7600,0.006459,model,real
2006-10-03,1480.072262,170.176320,1535.072941,4.7750,0.006441,model,real
2006-10-04,1516.932156,182.807327,1572.774252,4.7950,0.006334,model,real
2006-10-05,1524.412453,185.433157,1580.390211,4.8000,0.006313,model,real
2006-10-06,1520.306837,183.856326,1576.962834,4.8100,0.006323,model,real
2006-10-09,1525.901199,185.807498,1582.294668,4.8100,0.006308,model,real
2006-10-10,1527.895408,186.457301,1584.959480,4.8550,0.006301,model,real
2006-10-11,1526.081729,185.713924,1581.913810,4.8850,0.006309,model,real
2006-10-12,1550.679077,194.605905,1607.047848,4.9200,0.006242,model,real
2006-10-13,1558.502151,197.465466,1615.806887,4.9200,0.006219,model,real
2006-10-16,1558.863102,197.518334,1617.329468,4.9300,0.006215,model,real
2006-10-17,1542.621279,191.253778,1599.431210,4.9500,0.006262,model,real
2006-10-18,1534.626707,188.195476,1591.814573,4.9500,0.006282,model,real
2006-10-19,1539.697760,189.978551,1595.623486,4.9600,0.006272,model,real
2006-10-20,1542.594183,190.968324,1599.431210,4.9500,0.006262,model,real
2006-10-23,1557.347261,196.359904,1615.806887,4.9700,0.006219,model,real
2006-10-24,1546.474219,192.158248,1604.762873,4.9900,0.006248,model,real
2006-10-25,1558.096150,196.403339,1615.806887,4.9850,0.006219,model,real
2006-10-26,1573.715312,202.219431,1630.658286,4.9750,0.006180,model,real
2006-10-27,1549.839867,192.919539,1607.428535,4.9650,0.006241,model,real
2006-10-30,1559.034602,196.267189,1617.709986,4.9450,0.006214,model,real
2006-10-31,1563.311606,197.797006,1621.518559,4.9400,0.006204,model,real
2006-11-01,1540.852760,189.179294,1599.431210,4.9350,0.006262,model,real
2006-11-02,1543.126634,189.935272,1600.954810,4.9350,0.006258,model,real
2006-11-03,1537.541193,187.789406,1596.765718,4.9550,0.006269,model,real
2006-11-06,1563.058929,197.049704,1619.995469,4.9400,0.006208,model,real
2006-11-07,1571.423485,200.125707,1631.038464,4.9450,0.006179,model,real
2006-11-08,1578.840558,202.870738,1638.655441,4.9600,0.006160,model,real
2006-11-09,1570.169243,199.437711,1631.038464,4.9600,0.006179,model,real
2006-11-10,1580.067705,203.120229,1638.655441,4.9550,0.006160,model,real
2006-11-13,1595.307963,208.904864,1655.411127,4.9450,0.006118,model,real
2006-11-14,1612.659626,215.624965,1672.928697,4.9550,0.006075,model,real
2006-11-15,1618.605907,217.915320,1679.783110,4.9500,0.006058,model,real
2006-11-16,1625.959866,220.789031,1687.018720,4.9550,0.006041,model,real
2006-11-17,1624.786911,220.216148,1687.018720,4.9450,0.006041,model,real
2006-11-20,1627.620221,221.273073,1690.446267,4.9250,0.006032,model,real
2006-11-21,1632.194952,223.042479,1692.731751,4.9300,0.006027,model,real
2006-11-22,1642.012236,226.967993,1703.394058,4.9200,0.006002,model,real
2006-11-24,1638.195425,225.287190,1700.347879,4.9050,0.006009,model,real
2006-11-27,1601.777662,210.151756,1661.885362,4.9050,0.006102,model,real
2006-11-28,1606.442604,211.896764,1666.836338,4.9050,0.006090,model,real
2006-11-29,1617.658534,216.240578,1678.260699,4.9050,0.006062,model,real
2006-11-30,1616.286984,215.598413,1677.117958,4.8900,0.006064,model,real
2006-12-01,1601.732501,209.676965,1662.646737,4.8900,0.006100,model,real
2006-12-04,1624.119201,218.371363,1685.495631,4.8700,0.006044,model,real
2006-12-05,1628.558562,220.068482,1691.589178,4.8500,0.006030,model,real
2006-12-06,1623.397298,217.881479,1685.495631,4.8550,0.006044,model,real
2006-12-07,1603.843908,209.909284,1664.169827,4.8400,0.006096,model,real
2006-12-08,1611.739238,212.918355,1671.786804,4.8300,0.006077,model,real
2006-12-11,1616.729114,214.805117,1677.878824,4.8150,0.006063,model,real
2006-12-12,1607.913396,211.198322,1667.977721,4.8050,0.006087,model,real
2006-12-13,1609.239784,211.632377,1671.025089,4.8150,0.006079,model,real
2006-12-14,1627.259269,218.646213,1689.684552,4.8150,0.006034,model,real
2006-12-15,1631.906257,220.428081,1694.031216,4.7750,0.007244,model,real
2006-12-18,1616.052371,213.904608,1677.255155,4.8050,0.005001,model,real
2006-12-19,1610.755736,211.708879,1671.916699,4.8300,0.005010,model,real
2006-12-20,1604.259051,209.055098,1665.816190,4.8350,0.005021,model,real
2006-12-21,1593.755992,204.856531,1653.996878,4.8350,0.005043,model,real
2006-12-22,1577.811896,198.615278,1636.838431,4.8500,0.005075,model,real
2006-12-26,1582.269432,200.212705,1643.702523,4.8500,0.005062,model,real
2006-12-27,1591.166328,203.501791,1652.090723,4.8450,0.005046,model,real
2006-12-28,1587.132858,201.866094,1644.083550,4.8650,0.005061,model,real
2006-12-29,1585.292193,201.076833,1645.608337,4.8850,0.005058,model,real
2007-01-03,1587.520906,201.837642,1648.659271,4.9150,0.005053,model,real
2007-01-04,1617.784872,213.282838,1679.923194,4.9000,0.004996,model,real
2007-01-05,1610.918203,210.472691,1671.916699,4.9100,0.005010,model,real
2007-01-08,1612.578448,211.032403,1673.060630,4.9100,0.005008,model,real
2007-01-09,1620.239166,213.945704,1681.448660,4.9450,0.004993,model,real
2007-01-10,1638.754861,221.180445,1701.275656,4.9500,0.004958,model,real
2007-01-11,1655.637299,227.913282,1718.815130,4.9650,0.004928,model,real
2007-01-12,1664.615484,231.518501,1727.584188,4.9550,0.004913,model,real
2007-01-16,1662.476871,230.524872,1726.440087,4.9550,0.004915,model,real
2007-01-17,1649.158678,224.878624,1712.332574,4.9800,0.004939,model,real
2007-01-18,1618.479679,212.217965,1680.686097,4.9800,0.004995,model,real
2007-01-19,1621.303956,213.235030,1684.118058,5.0000,0.004988,model,real
2007-01-22,1605.251586,206.801992,1665.816190,4.9900,0.005021,model,real
2007-01-23,1600.180531,204.749658,1661.622515,5.0050,0.005029,model,real
2007-01-24,1626.555430,214.774469,1689.074467,4.9900,0.004980,model,real
2007-01-25,1604.105617,205.778672,1667.341488,5.0000,0.005019,model,real
2007-01-26,1599.792484,204.027253,1661.240978,4.9950,0.005030,model,real
2007-01-29,1601.696373,204.665859,1662.765936,4.9950,0.005027,model,real
2007-01-30,1604.114649,205.502583,1663.528159,4.9950,0.005025,model,real
2007-01-31,1617.216403,210.443504,1680.305410,4.9750,0.004995,model,real
2007-02-01,1616.467405,210.058990,1677.636691,4.9900,0.005000,model,real
2007-02-02,1622.494974,212.314621,1683.736012,5.0000,0.004989,model,real
2007-02-05,1620.022617,211.250331,1682.211564,4.9950,0.004992,model,real
2007-02-06,1617.920243,210.334515,1679.923194,5.0100,0.004996,model,real
2007-02-07,1634.062713,216.531742,1695.174977,5.0100,0.004969,model,real
2007-02-08,1633.692840,216.289583,1694.793950,5.0150,0.004970,model,real
2007-02-09,1611.125720,207.222565,1673.060630,5.0150,0.005008,model,real
2007-02-12,1604.710213,204.653661,1666.579943,5.0200,0.005020,model,real
2007-02-13,1609.582672,206.426082,1672.298745,5.0250,0.005010,model,real
2007-02-14,1637.699103,217.142412,1700.513771,5.0100,0.004960,model,real
2007-02-15,1645.305739,220.069708,1710.425910,5.0200,0.004942,model,real
2007-02-16,1643.573238,219.276988,1704.707617,5.0300,0.004952,model,real
2007-02-20,1654.599605,223.589213,1717.670860,5.0350,0.004930,model,real
2007-02-21,1659.490238,225.471369,1723.008466,5.0350,0.004921,model,real
2007-02-22,1665.995955,228.020930,1731.777524,5.0450,0.004906,model,real
2007-02-23,1660.067739,225.483794,1725.677694,5.0400,0.004916,model,real
2007-02-26,1651.784360,222.005545,1717.289153,5.0450,0.004931,model,real
2007-02-27,1584.723726,194.842046,1646.752268,4.9900,0.005056,model,real
2007-02-28,1589.533070,196.529128,1652.090723,4.9950,0.005046,model,real
2007-03-01,1582.179111,193.712963,1644.464747,4.9900,0.005061,model,real
2007-03-02,1557.437471,184.532058,1619.681682,4.9700,0.005107,model,real
2007-03-05,1545.625977,180.249463,1607.098447,4.9600,0.005132,model,real
2007-03-06,1572.840086,189.682600,1633.788855,4.9750,0.005081,model,real
2007-03-07,1566.523821,187.312977,1627.307149,4.9550,0.005093,model,real
2007-03-08,1575.844893,190.572294,1638.364407,4.9450,0.005072,model,real
2007-03-09,1574.319909,189.936029,1636.838431,4.9500,0.005075,model,real
2007-03-12,1584.859096,193.664562,1647.515171,4.9500,0.005055,model,real
2007-03-13,1554.234178,182.343002,1615.487837,4.9350,0.005115,model,real
2007-03-14,1572.885245,188.822513,1639.126801,4.9150,0.005070,model,real
2007-03-15,1574.437215,189.300092,1635.313813,4.8950,0.005078,model,real
2007-03-16,1572.055068,188.359628,1634.054420,4.8850,0.005712,model,real
2007-03-19,1586.492244,193.463246,1650.842876,4.8950,0.005004,model,real
2007-03-20,1594.631220,196.354655,1662.669320,4.9100,0.004983,model,real
2007-03-21,1629.912047,209.290086,1694.717371,4.9100,0.004927,model,real
2007-03-22,1623.956734,206.903576,1688.612107,4.9200,0.004937,model,real
2007-03-23,1618.804502,204.843136,1683.271444,4.9250,0.004947,model,real
2007-03-26,1626.844125,207.803688,1690.138083,4.9300,0.004935,model,real
2007-03-27,1615.095966,203.207781,1678.311299,4.9200,0.004955,model,real
2007-03-28,1597.599899,196.509922,1660.380441,4.9100,0.004987,model,real
2007-03-29,1598.664580,196.818079,1662.287784,4.9050,0.004984,model,real
2007-03-30,1599.242079,196.946873,1660.761128,4.8950,0.004986,model,real
2007-04-02,1600.117307,197.185387,1663.050687,4.9050,0.004982,model,real
2007-04-03,1620.852794,204.758864,1684.797251,4.9050,0.004944,model,real
2007-04-04,1625.752349,206.525943,1691.664569,4.9050,0.004932,model,real
2007-04-05,1635.858328,210.284988,1700.058033,4.8950,0.004917,model,real
2007-04-09,1631.572291,208.540530,1695.861471,4.8850,0.004925,model,real
2007-04-10,1639.458700,211.472414,1704.636132,4.8800,0.004910,model,real
2007-04-11,1622.458846,204.797001,1686.704933,4.8850,0.004941,model,real
2007-04-12,1636.354650,209.966185,1700.058033,4.8850,0.004917,model,real
2007-04-13,1639.386444,211.042543,1703.492032,4.8700,0.004912,model,real
2007-04-16,1654.825186,216.909049,1719.134520,4.8650,0.004885,model,real
2007-04-17,1655.682459,217.153484,1722.949376,4.8600,0.004879,model,real
2007-04-18,1653.408587,216.165644,1717.226498,4.8500,0.004888,model,real
2007-04-19,1653.480733,216.102175,1722.568009,4.8450,0.004879,model,real
2007-04-20,1665.589954,220.753727,1732.106083,4.8350,0.004863,model,real
2007-04-23,1669.460957,222.197738,1734.776160,4.8400,0.004859,model,real
2007-04-24,1677.302095,225.231320,1743.552179,4.8350,0.004845,model,real
2007-04-25,1697.568246,233.292093,1766.824040,4.8200,0.004807,model,real
2007-04-26,1705.003383,236.256201,1775.981257,4.8000,0.004793,model,real
2007-04-27,1706.347947,236.715242,1776.744669,4.7950,0.004791,model,real
2007-04-30,1685.314732,227.854810,1753.471280,4.7250,0.004829,model,real
2007-05-01,1690.439979,229.836543,1751.945304,4.7550,0.004831,model,real
2007-05-02,1705.147785,235.733818,1771.021281,4.7550,0.004801,model,real
2007-05-03,1710.480549,237.845130,1777.507742,4.7500,0.004790,model,real
2007-05-04,1710.534630,237.768581,1779.033209,4.7500,0.004788,model,real
2007-05-07,1710.769243,237.767671,1779.033209,4.7300,0.004788,model,real
2007-05-08,1714.261231,239.123027,1782.848405,4.7550,0.004782,model,real
2007-05-09,1719.512815,241.219238,1786.662921,4.7300,0.004776,model,real
2007-05-10,1692.036998,229.544578,1762.245602,4.7200,0.004814,model,real
2007-05-11,1713.322889,238.103976,1784.756087,4.7150,0.004779,model,real
2007-05-14,1703.658930,233.972707,1772.547088,4.7000,0.004798,model,real
2007-05-15,1688.960155,227.814402,1758.811943,4.6900,0.004820,model,real
2007-05-16,1706.808030,234.937185,1775.981257,4.6100,0.004793,model,real
2007-05-17,1700.591118,232.271342,1767.587792,4.6600,0.004806,model,real
2007-05-18,1711.644581,236.700458,1782.086011,4.6850,0.004783,model,real
2007-05-21,1724.484627,241.924178,1793.530579,4.7100,0.004765,model,real
2007-05-22,1729.257843,243.829705,1795.056895,4.7750,0.004763,model,real
2007-05-23,1718.393943,239.127677,1786.662921,4.7650,0.004776,model,real
2007-05-24,1691.495627,227.787187,1761.102350,4.7650,0.004816,model,real
2007-05-25,1704.714688,233.027616,1772.166231,4.7400,0.004799,model,real
2007-05-29,1714.225213,236.828061,1785.900867,4.6850,0.004777,model,real
2007-05-30,1730.728635,243.563487,1800.398236,4.7050,0.004755,model,real
2007-05-31,1739.851112,247.312835,1808.791870,4.5900,0.004742,model,real
2007-06-01,1739.914337,247.238705,1809.936820,4.6550,0.004740,model,real
2007-06-04,1744.850019,249.240241,1815.277822,4.6250,0.004732,model,real
2007-06-05,1743.604809,248.603488,1815.277822,4.6900,0.004732,model,real
2007-06-06,1727.814148,241.740834,1795.819798,4.6550,0.004762,model,real
2007-06-07,1698.326277,229.252521,1767.969499,4.6600,0.004805,model,real
2007-06-08,1720.063220,237.953158,1789.715893,4.6300,0.004771,model,real
2007-06-11,1716.183184,236.245371,1786.282743,4.5900,0.004777,model,real
2007-06-12,1705.996027,231.938959,1775.599211,4.5900,0.004793,model,real
2007-06-13,1726.929888,240.376611,1795.056895,4.5150,0.004763,model,real
2007-06-14,1736.557720,244.297717,1806.883678,4.5100,0.004745,model,real
2007-06-15,1752.682236,251.001653,1823.570256,4.4300,0.005497,model,real
2007-06-18,1754.450755,251.663603,1823.951453,4.4100,0.004952,model,real
2007-06-19,1752.086672,250.545635,1823.570256,4.5150,0.004952,model,real
2007-06-20,1734.374057,242.838416,1806.387188,4.6000,0.004980,model,real
2007-06-21,1751.698624,250.011157,1822.805824,4.5600,0.004953,model,real
2007-06-22,1734.211590,242.415705,1805.624455,4.5850,0.004982,model,real
2007-06-25,1726.054661,238.893131,1797.988461,4.6400,0.004994,model,real
2007-06-26,1722.210754,237.197715,1787.678484,4.6750,0.005012,model,real
2007-06-27,1744.245534,246.196727,1815.170000,4.6350,0.004966,model,real
2007-06-28,1742.991291,245.565022,1814.406078,4.6400,0.004967,model,real
2007-06-29,1745.183876,246.390363,1817.460577,4.6700,0.004962,model,real
2007-07-02,1763.248409,253.931822,1833.879044,4.7300,0.004936,model,real
2007-07-03,1773.246114,258.139833,1844.569368,4.8150,0.004919,model,real
2007-07-05,1787.557062,264.274742,1857.932655,4.8100,0.004898,model,real
2007-07-06,1794.098908,267.062394,1865.568820,4.7900,0.004886,model,real
2007-07-09,1794.901878,267.308656,1866.715297,4.7850,0.004884,model,real
2007-07-10,1779.282716,260.210833,1851.060753,4.8050,0.004908,model,real
2007-07-11,1790.281986,264.922221,1863.660798,4.8050,0.004889,model,real
2007-07-12,1823.622906,279.596746,1892.296753,4.8150,0.004845,model,real
2007-07-13,1833.665771,284.093291,1905.278674,4.8200,0.004826,model,real
2007-07-16,1829.930139,282.235961,1903.369632,4.7900,0.004828,model,real
2007-07-17,1842.346119,287.856054,1917.878549,4.8100,0.004807,model,real
2007-07-18,1838.917245,286.125715,1915.587971,4.8150,0.004810,model,real
2007-07-19,1852.461130,292.320292,1921.316113,4.8300,0.004802,model,real
2007-07-20,1837.022388,284.880583,1911.005966,4.8250,0.004817,model,real
2007-07-23,1837.428390,284.948063,1911.770058,4.8550,0.004816,model,real
2007-07-24,1805.143339,269.791026,1883.514790,4.8750,0.004858,model,real
2007-07-25,1814.698914,273.956874,1886.188093,4.8350,0.004854,model,real
2007-07-26,1792.555860,263.803799,1870.151843,4.7700,0.004879,model,real
2007-07-27,1765.116170,251.568324,1832.352558,4.7050,0.004938,model,real
2007-07-30,1781.123491,258.301613,1853.733377,4.7200,0.004904,model,real
2007-07-31,1743.343211,241.739479,1814.787275,4.8100,0.004967,model,real
2007-08-01,1755.091370,246.521374,1828.915673,4.7400,0.004944,model,real
2007-08-02,1774.509390,254.593100,1845.714827,4.7450,0.004917,model,real
2007-08-03,1731.161843,235.812064,1810.588165,4.7000,0.004973,model,real
2007-08-06,1763.473990,248.905724,1831.587957,4.7150,0.004939,model,real
2007-08-07,1770.033900,251.576322,1844.569368,4.7850,0.004919,model,real
2007-08-08,1793.223570,261.348404,1864.807105,4.8050,0.004887,model,real
2007-08-09,1747.584087,241.265547,1821.660705,4.7200,0.004955,model,real
2007-08-10,1737.099092,236.825217,1805.242239,4.4150,0.004982,model,real
2007-08-13,1745.463648,240.148862,1817.460577,4.5300,0.004962,model,real
2007-08-14,1715.605684,227.717822,1786.533705,4.5000,0.005013,model,real
2007-08-15,1682.761197,214.543508,1752.551313,4.1300,0.005072,model,real
2007-08-16,1665.770375,207.968403,1735.369944,3.7000,0.005102,model,real
2007-08-17,1704.290622,222.315132,1768.205348,3.6200,0.005045,model,real
2007-08-20,1708.143561,223.763142,1776.605944,2.9500,0.005030,model,real
2007-08-21,1724.331192,230.050783,1795.315158,3.4200,0.004999,model,real
2007-08-22,1747.593119,239.279489,1819.752344,3.5650,0.004958,model,real
2007-08-23,1743.180744,237.387009,1814.787275,3.7100,0.004967,model,real
2007-08-24,1769.799287,248.165710,1840.369749,4.0800,0.004925,model,real
2007-08-27,1757.266000,242.792703,1828.151751,4.3800,0.004945,model,real
2007-08-28,1713.728891,224.637727,1784.624154,4.2700,0.005017,model,real
2007-08-29,1763.907088,244.274024,1835.787915,3.8500,0.004933,model,real
2007-08-30,1771.937789,247.526724,1845.333630,3.7300,0.004917,model,real
2007-08-31,1794.477812,256.876342,1865.951715,3.9900,0.004885,model,real
2007-09-04,1823.153681,269.082058,1896.879097,4.2800,0.004838,model,real
2007-09-05,1799.575963,258.532159,1877.788516,4.2200,0.004867,model,real
2007-09-06,1803.446966,260.104276,1876.260333,4.1600,0.004869,model,real
2007-09-07,1767.065221,244.256681,1841.514869,3.9400,0.004923,model,real
2007-09-10,1768.734497,244.864963,1840.369749,3.8700,0.004925,model,real
2007-09-11,1794.703393,255.553603,1868.242122,3.9900,0.004882,model,real
2007-09-12,1794.685330,255.458088,1868.624847,3.9000,0.004881,model,real
2007-09-13,1803.410838,259.091490,1877.788516,3.9500,0.004867,model,real
2007-09-14,1805.386873,259.853731,1879.315002,3.8800,0.004865,model,real
2007-09-17,1789.379663,252.843183,1863.660798,3.9900,0.004418,model,real
2007-09-18,1836.562194,272.737570,1910.624090,3.8600,0.004358,model,real
2007-09-19,1841.967103,275.050940,1915.587971,3.8100,0.004352,model,real
2007-09-20,1834.071772,271.420827,1910.243403,3.6700,0.004359,model,real
2007-09-21,1849.293966,278.085373,1923.842540,3.6200,0.004859,model,real
2007-09-24,1856.305037,281.154930,1932.629087,3.6700,0.004846,model,real
2007-09-25,1873.972602,289.083015,1950.965933,3.6900,0.004820,model,real
2007-09-26,1884.394263,293.808563,1960.516402,3.6250,0.004806,model,real
2007-09-27,1891.621883,297.092371,1970.449087,3.6000,0.004792,model,real
2007-09-28,1886.857808,294.748339,1963.954306,3.7000,0.004801,model,real
2007-10-01,1910.191771,305.573700,1986.493318,3.7950,0.004769,model,real
2007-10-02,1909.217191,305.001713,1986.875024,3.8500,0.004769,model,real
2007-10-03,1897.595370,299.322959,1973.122390,3.8400,0.004788,model,real
2007-10-04,1899.896339,300.309433,1977.706771,3.8350,0.004782,model,real
2007-10-05,1939.697706,319.061667,2017.819386,3.8700,0.004726,model,real
2007-10-08,1951.960361,324.997990,2030.425883,3.8650,0.004709,model,real
2007-10-09,1959.133789,328.465323,2039.212091,3.9100,0.004698,model,real
2007-10-10,1964.340213,330.967331,2044.177839,3.9350,0.004691,model,real
2007-10-11,1931.802375,314.387286,2011.706652,4.0050,0.004735,model,real
2007-10-12,1965.251569,330.588692,2044.942101,4.0800,0.004690,model,real
2007-10-15,1948.044198,321.775130,2029.279406,4.1600,0.004711,model,real
2007-10-16,1941.024095,318.176005,2019.728427,4.1250,0.004724,model,real
2007-10-17,1966.289153,330.478738,2045.706362,3.8900,0.004689,model,real
2007-10-18,1973.850739,334.181123,2054.493079,3.6400,0.004678,model,real
2007-10-19,1922.923652,308.178247,2003.301471,3.7400,0.004746,model,real
2007-10-22,1946.717809,319.501889,2027.369346,3.8600,0.004713,model,real
2007-10-23,1989.785692,340.576998,2069.773388,3.8600,0.004658,model,real
2007-10-24,1974.816286,332.770922,2054.111033,3.7100,0.004678,model,real
2007-10-25,1950.390328,320.298410,2026.605424,3.8200,0.004714,model,real
2007-10-26,1980.230227,334.876166,2060.223258,3.8400,0.004670,model,real
2007-10-29,1988.197594,338.799995,2068.627250,3.8600,0.004659,model,real
2007-10-30,1991.978497,340.615668,2072.829246,3.8500,0.004654,model,real
2007-10-31,2020.284270,355.006375,2102.245085,3.8200,0.004617,model,real
2007-11-01,1982.467972,334.934665,2062.897750,3.7050,0.004667,model,real
2007-11-02,1997.618018,342.501735,2078.941302,3.5000,0.004646,model,real
2007-11-05,1985.544815,336.176858,2065.571562,3.5800,0.004663,model,real
2007-11-06,2006.740386,346.823981,2088.874326,3.6300,0.004634,model,real
2007-11-07,1957.527627,321.178691,2038.065953,3.3600,0.004699,model,real
2007-11-08,1900.437601,292.956096,1976.179436,3.2800,0.004784,model,real
2007-11-09,1835.596757,262.857563,1910.089736,3.1700,0.004880,model,real
2007-11-12,1788.549596,242.551713,1861.573468,3.1800,0.004955,model,real
2007-11-13,1864.272624,273.255823,1938.359267,3.3600,0.004838,model,real
2007-11-14,1838.980470,262.042812,1913.528658,3.3150,0.004875,model,real
2007-11-15,1826.329876,256.555342,1903.213928,3.1900,0.004890,model,real
2007-11-16,1848.518091,265.821871,1920.786343,3.2900,0.004864,model,real
2007-11-19,1823.722149,255.036823,1898.629886,3.2750,0.004897,model,real
2007-11-20,1831.662529,258.293195,1906.269786,3.1600,0.004886,model,real
2007-11-21,1810.403845,249.220970,1883.730434,3.0400,0.004920,model,real
2007-11-23,1830.724187,257.534997,1903.978189,3.1400,0.004889,model,real
2007-11-26,1795.046281,242.393166,1871.123767,3.0550,0.004940,model,real
2007-11-27,1835.109467,258.540379,1908.561722,3.0750,0.004882,model,real
2007-11-28,1890.719559,281.952556,1966.628288,2.9600,0.004797,model,real
2007-11-29,1897.062920,284.714953,1975.033129,2.8850,0.004785,model,real
2007-11-30,1885.044129,279.220345,1960.134866,3.0700,0.004806,model,real
2007-12-03,1865.508693,270.457000,1943.706891,2.9600,0.004830,model,real
2007-12-04,1857.938296,267.089315,1935.685794,2.9800,0.004842,model,real
2007-12-05,1894.256817,282.665661,1970.449087,2.9800,0.004792,model,real
2007-12-06,1919.828524,294.027166,1998.718449,2.9600,0.004752,model,real
2007-12-07,1921.949072,294.921367,1999.099645,3.0200,0.004752,model,real
2007-12-10,1926.352306,296.868224,2007.121931,2.9700,0.004741,model,real
2007-12-11,1880.189514,275.428460,1960.516402,2.8700,0.004806,model,real
2007-12-12,1896.106624,282.347343,1978.088987,2.8100,0.004781,model,real
2007-12-13,1890.078945,279.581735,1967.391871,2.7800,0.004796,model,real
2007-12-14,1869.713661,270.465513,1947.145134,2.7950,0.004825,model,real
2007-12-17,1823.415390,250.281640,1899.774665,2.9300,0.003810,model,real
2007-12-18,1831.256528,253.439988,1905.887570,2.9700,0.003804,model,real
2007-12-19,1832.619045,253.939950,1905.505524,2.8350,0.003804,model,real
2007-12-20,1867.520857,268.369385,1944.471153,2.8050,0.003768,model,real
2007-12-21,1905.499733,284.656575,1982.827036,2.9000,0.004758,model,real
2007-12-24,1920.703972,291.382701,1997.742788,3.2000,0.004737,model,real
2007-12-26,1928.211144,294.712403,2007.684472,3.2250,0.004724,model,real
2007-12-27,1900.374597,281.855101,1983.591977,3.0750,0.004757,model,real
2007-12-28,1901.240792,282.162847,1981.680389,3.0800,0.004760,model,real
2007-12-31,1881.281291,273.188605,1958.734880,3.1400,0.004792,model,real
2008-01-02,1849.501483,259.253174,1927.760124,3.1700,0.004837,model,real
2008-01-03,1851.351290,259.957725,1935.790220,3.1500,0.004825,model,real
2008-01-04,1771.730273,226.312237,1850.893841,3.1150,0.004955,model,real
2008-01-07,1766.244075,224.144290,1842.098465,3.1650,0.004969,model,real
2008-01-08,1723.735628,207.881790,1794.296708,3.1600,0.005048,model,real
2008-01-09,1758.808938,220.501195,1832.538148,3.1100,0.004984,model,real
2008-01-10,1762.815312,221.945315,1835.215865,3.1300,0.004980,model,real
2008-01-11,1725.973483,207.956476,1799.267720,3.0100,0.005039,model,real
2008-01-14,1758.763888,219.740068,1830.626390,3.0850,0.004987,model,real
2008-01-15,1709.081903,201.039502,1780.147085,3.0850,0.005072,model,real
2008-01-16,1689.411316,194.036816,1761.025262,3.0400,0.005105,model,real
2008-01-17,1662.170113,184.589805,1736.552588,2.9800,0.005149,model,real
2008-01-18,1663.965728,185.141657,1734.257766,2.7900,0.005153,model,real
2008-01-22,1620.221101,170.488162,1689.514924,2.2300,0.005237,model,real
2008-01-23,1614.735014,168.722208,1683.012502,2.1100,0.005249,model,real
2008-01-24,1648.472903,179.252508,1717.430765,2.3000,0.005184,model,real
2008-01-25,1614.410191,168.093847,1682.248580,2.2200,0.005251,model,real
2008-01-28,1628.766078,172.540145,1695.251216,2.2150,0.005226,model,real
2008-01-29,1631.103176,173.247939,1698.309791,2.2050,0.005220,model,real
2008-01-30,1631.861097,173.455830,1696.779569,2.1400,0.005223,model,real
2008-01-31,1661.556594,182.886129,1725.844096,1.8700,0.005169,model,real
2008-02-01,1674.053753,186.974741,1743.435358,2.0500,0.005137,model,real
2008-02-04,1650.169276,178.927229,1718.960986,2.1700,0.005181,model,real
2008-02-05,1600.261710,162.642056,1670.011903,2.1450,0.005275,model,real
2008-02-06,1570.900067,153.650711,1637.123692,2.0400,0.005340,model,real
2008-02-07,1582.043851,156.888349,1648.596446,2.1000,0.005317,model,real
2008-02-08,1600.487290,162.339396,1667.334186,2.1600,0.005280,model,real
2008-02-11,1617.947229,167.615068,1685.308683,2.1900,0.005245,model,real
2008-02-12,1606.623134,164.058276,1675.747856,2.2500,0.005263,model,real
2008-02-13,1644.935755,175.750637,1712.459414,2.2100,0.005193,model,real
2008-02-14,1612.984449,165.463970,1681.483979,2.2200,0.005252,model,real
2008-02-15,1606.478732,163.428135,1675.747856,2.1300,0.005263,model,real
2008-02-19,1592.429604,159.104284,1672.688263,2.1700,0.005269,model,real
2008-02-20,1612.858111,165.190254,1680.337162,2.1750,0.005254,model,real
2008-02-21,1593.774057,159.288776,1664.275781,2.1400,0.005286,model,real
2008-02-22,1600.216549,161.187858,1670.393610,2.1400,0.005274,model,real
2008-02-25,1611.062496,164.431446,1678.806771,2.1100,0.005257,model,real
2008-02-26,1616.341177,166.015356,1685.308683,2.0750,0.005245,model,real
2008-02-27,1624.128122,168.383324,1693.721674,1.9300,0.005229,model,real
2008-02-28,1619.183407,166.815465,1687.220441,1.8550,0.005241,model,real
2008-02-29,1574.798167,153.056346,1642.477599,1.7850,0.005329,model,real
2008-03-03,1563.970285,149.873180,1631.769615,1.6350,0.005351,model,real
2008-03-04,1573.381457,152.554138,1640.947547,1.5950,0.005333,model,real
2008-03-05,1582.287386,155.121250,1648.978832,1.4800,0.005316,model,real
2008-03-06,1545.229008,144.191509,1612.648471,1.3650,0.005391,model,real
2008-03-07,1540.717390,142.908583,1608.824277,1.4000,0.005399,model,real
2008-03-10,1509.614325,134.227784,1577.848332,1.3000,0.005466,model,real
2008-03-11,1570.900067,150.541235,1637.888123,1.4400,0.005339,model,real
2008-03-12,1565.693754,149.022924,1633.299497,1.4400,0.005348,model,real
2008-03-13,1579.427090,152.922328,1645.919408,1.3000,0.005322,model,real
2008-03-14,1546.429058,143.311763,1615.708234,1.1200,0.005385,model,real
2008-03-17,1522.391147,136.608132,1586.262851,0.9900,0.004797,model,real
2008-03-18,1589.036858,154.518681,1657.008928,0.9000,0.004677,model,real
2008-03-19,1548.017157,142.529691,1616.090790,0.6500,0.004745,model,real
2008-03-20,1580.861754,151.585198,1649.119085,0.5000,0.005458,model,real
2008-03-24,1637.175795,167.753668,1706.143600,1.0150,0.005342,model,real
2008-03-25,1646.325369,170.543667,1715.711219,1.2550,0.005324,model,real
2008-03-26,1639.774491,168.485542,1710.735962,1.2700,0.005333,model,real
2008-03-27,1604.231956,157.498968,1672.847024,1.2500,0.005409,model,real
2008-03-28,1594.919915,154.733816,1664.427581,1.3500,0.005426,model,real
2008-03-31,1607.877378,158.482904,1673.229749,1.2750,0.005408,model,real
2008-04-01,1674.243205,178.067562,1744.796970,1.3550,0.005268,model,real
2008-04-02,1668.215746,176.119828,1740.970737,1.3650,0.005275,model,real
2008-04-03,1673.981496,177.921833,1744.796970,1.3600,0.005268,model,real
2008-04-04,1683.618360,180.969617,1755.130548,1.3200,0.005249,model,real
2008-04-07,1679.070614,179.478733,1751.304146,1.3600,0.005256,model,real
2008-04-08,1665.815535,175.201329,1737.908597,1.3500,0.005281,model,real
2008-04-09,1647.814114,169.494864,1718.390125,1.2750,0.005318,model,real
2008-04-10,1671.978365,176.924344,1742.883854,1.2350,0.005272,model,real
2008-04-11,1623.027315,161.349784,1694.662356,1.1600,0.005365,model,real
2008-04-14,1615.998289,159.234868,1687.007514,1.0750,0.005380,model,real
2008-04-15,1619.427052,160.230819,1689.304034,1.1000,0.005376,model,real
2008-04-16,1666.492278,174.170139,1736.378036,1.1150,0.005284,model,real
2008-04-17,1661.069304,172.448283,1732.550275,1.2100,0.005291,model,real
2008-04-18,1714.667342,189.103490,1787.662353,1.3200,0.005190,model,real
2008-04-21,1726.253146,192.910307,1800.291094,1.2700,0.005168,model,real
2008-04-22,1697.857051,183.358130,1773.501014,1.2550,0.005215,model,real
2008-04-23,1720.424171,190.641315,1793.019486,1.2000,0.005180,model,real
2008-04-24,1736.593738,195.989224,1809.094281,1.2200,0.005152,model,real
2008-04-25,1731.179797,194.130697,1804.500900,1.2850,0.005160,model,real
2008-04-28,1735.402719,195.525743,1807.945596,1.3300,0.005154,model,real
2008-04-29,1744.732714,198.649995,1821.723022,1.4400,0.005130,model,real
2008-04-30,1730.385747,193.719665,1806.798100,1.3400,0.005156,model,real
2008-05-01,1786.997515,212.689090,1863.822615,1.3700,0.005060,model,real
2008-05-02,1788.287887,213.120378,1866.501181,1.4650,0.005055,model,real
2008-05-05,1782.828785,211.136074,1861.143200,1.5500,0.005064,model,real
2008-05-06,1796.174185,215.841604,1872.624105,1.5950,0.005045,model,real
2008-05-07,1760.812180,203.048345,1838.562927,1.6300,0.005102,model,real
2008-05-08,1774.744002,207.832848,1852.340182,1.6200,0.005079,model,real
2008-05-09,1768.815785,205.716530,1845.069084,1.6500,0.005091,model,real
2008-05-12,1801.958110,217.235464,1878.748386,1.7500,0.005035,model,real
2008-05-13,1805.197420,218.370336,1883.723303,1.7850,0.005027,model,real
2008-05-14,1802.210787,217.249712,1879.513666,1.7850,0.005034,model,real
2008-05-15,1832.925804,228.310672,1912.426838,1.7900,0.004982,model,real
2008-05-16,1832.862691,228.249422,1913.957569,1.8000,0.004979,model,real
2008-05-19,1819.625565,223.261427,1900.180823,1.8050,0.005001,model,real
2008-05-20,1805.251613,217.927983,1885.637098,1.8250,0.005024,model,real
2008-05-21,1765.666685,203.541635,1843.920569,1.8100,0.005093,model,real
2008-05-22,1772.993547,206.039054,1850.427575,1.8250,0.005082,model,real
2008-05-23,1767.615624,204.128394,1844.686529,1.8000,0.005091,model,real
2008-05-27,1800.532368,215.486389,1877.216976,1.8500,0.005038,model,real
2008-05-28,1804.710130,216.948370,1884.871478,1.8550,0.005025,model,real
2008-05-29,1821.809228,223.071805,1901.710704,1.8650,0.004999,model,real
2008-05-30,1834.035644,227.520777,1913.957569,1.8500,0.004979,model,real
2008-06-02,1810.818879,218.834372,1890.612355,1.7900,0.005016,model,real
2008-06-03,1801.750593,215.507195,1880.279795,1.8100,0.005033,model,real
2008-06-04,1824.001811,223.447971,1904.389780,1.8050,0.004994,model,real
2008-06-05,1854.374162,234.561939,1934.623876,1.8100,0.004948,model,real
2008-06-06,1795.975701,212.340419,1876.451865,1.8000,0.005039,model,real
2008-06-09,1786.338837,208.883012,1866.501181,1.8500,0.005055,model,real
2008-06-10,1779.869248,206.573834,1857.698673,1.9700,0.005070,model,real
2008-06-11,1736.368157,191.376510,1812.920683,1.9050,0.005145,model,real
2008-06-12,1736.305043,191.321767,1814.834309,1.9500,0.005142,model,real
2008-06-13,1773.977049,203.728829,1851.193026,1.9300,0.005080,model,real
2008-06-16,1790.895615,209.515364,1867.649357,1.9400,0.004295,model,real
2008-06-17,1780.121815,205.692472,1857.698673,1.9550,0.004307,model,real
2008-06-18,1760.523375,198.856045,1837.797307,1.8800,0.004332,model,real
2008-06-19,1789.027743,208.470965,1866.501181,1.8600,0.004296,model,real
2008-06-20,1740.031644,191.291308,1816.100154,1.8000,0.005079,model,real
2008-06-23,1726.424645,186.766874,1801.930665,1.8500,0.005103,model,real
2008-06-24,1717.789346,183.930919,1792.738980,1.7950,0.005119,model,real
2008-06-25,1744.967326,192.622701,1821.845955,1.7600,0.005069,model,real
2008-06-26,1674.162027,169.121459,1748.313660,1.6800,0.005198,model,real
2008-06-27,1674.459754,169.186286,1748.313660,1.6300,0.005198,model,real
2008-06-30,1657.649463,164.059304,1729.929610,1.7050,0.005232,model,real
2008-07-01,1680.766987,170.889054,1754.440318,1.8250,0.005187,model,real
2008-07-02,1638.754861,158.033830,1712.312368,1.7900,0.005265,model,real
2008-07-03,1638.935282,158.059969,1709.248869,1.8100,0.005271,model,real
2008-07-07,1648.481936,160.793698,1719.589070,1.7750,0.005252,model,real
2008-07-08,1688.499961,172.465422,1760.568505,1.8200,0.005176,model,real
2008-07-09,1641.488928,158.017582,1713.844118,1.7900,0.005263,model,real
2008-07-10,1659.887207,163.301938,1734.141794,1.6300,0.005224,model,real
2008-07-11,1633.999599,155.630136,1706.568435,1.5700,0.005276,model,real
2008-07-14,1622.404764,152.293227,1693.928998,1.4250,0.005301,model,real
2008-07-15,1622.693459,152.354989,1694.312062,1.3750,0.005300,model,real
2008-07-16,1663.767243,163.893528,1736.439842,1.3450,0.005220,model,real
2008-07-17,1672.429527,166.429649,1747.929916,1.3900,0.005199,model,real
2008-07-18,1645.143272,158.253496,1707.716950,1.4200,0.005274,model,real
2008-07-21,1642.012236,157.328717,1714.992803,1.3800,0.005260,model,real
2008-07-22,1643.690545,157.788871,1714.992803,1.5000,0.005260,model,real
2008-07-23,1665.292227,163.981229,1737.589885,1.5450,0.005218,model,real
2008-07-24,1639.503750,156.331196,1711.546579,1.6100,0.005267,model,real
2008-07-25,1666.185518,163.931907,1733.759069,1.6900,0.005225,model,real
2008-07-28,1626.880253,152.293860,1701.206208,1.6650,0.005287,model,real
2008-07-29,1665.283195,163.044429,1736.439842,1.6800,0.005220,model,real
2008-07-30,1671.825040,164.939050,1745.248463,1.6700,0.005204,model,real
2008-07-31,1668.531537,163.938535,1741.036110,1.6350,0.005212,model,real
2008-08-01,1648.148080,157.899789,1718.824129,1.6300,0.005253,model,real
2008-08-04,1628.549530,152.237282,1701.588764,1.6600,0.005286,model,real
2008-08-05,1687.128412,168.624887,1759.036416,1.7100,0.005179,model,real
2008-08-06,1710.092501,175.478759,1785.845173,1.6000,0.005131,model,real
2008-08-07,1696.449374,171.248343,1772.057730,1.6300,0.005155,model,real
2008-08-08,1738.082593,183.817496,1812.271545,1.6650,0.005085,model,real
2008-08-11,1751.617446,188.077692,1828.739083,1.7700,0.005058,model,real
2008-08-12,1751.473043,187.999781,1830.654237,1.8250,0.005054,model,real
2008-08-13,1752.330317,188.244385,1826.824438,1.8150,0.005061,model,real
2008-08-14,1772.506258,194.708594,1847.888074,1.8300,0.005026,model,real
2008-08-15,1766.352460,192.646526,1844.440491,1.8000,0.005032,model,real
2008-08-18,1743.920600,185.268877,1822.993791,1.7400,0.005067,model,real
2008-08-19,1722.246882,178.324389,1800.398576,1.7650,0.005106,model,real
2008-08-20,1726.162936,179.512235,1803.462584,1.6700,0.005100,model,real
2008-08-21,1720.496317,177.714804,1795.036689,1.6850,0.005115,model,real
2008-08-22,1742.810760,184.595419,1818.781607,1.6650,0.005074,model,real
2008-08-25,1705.138754,172.585050,1780.483625,1.6450,0.005140,model,real
2008-08-26,1702.070831,171.626038,1778.185067,1.6750,0.005145,model,real
2008-08-27,1714.685407,175.412251,1789.674971,1.6400,0.005124,model,real
2008-08-28,1728.057793,179.484761,1804.227695,1.7000,0.005099,model,real
2008-08-29,1689.636897,167.473194,1766.312947,1.6900,0.005166,model,real
2008-09-02,1669.424829,161.431691,1744.482503,1.6500,0.005205,model,real
2008-09-03,1654.040169,156.939558,1728.015135,1.6650,0.005236,model,real
2008-09-04,1601.425742,141.924295,1672.099742,1.6500,0.005344,model,real
2008-09-05,1595.515479,140.330082,1664.056741,1.6400,0.005360,model,real
2008-09-08,1590.751185,139.050340,1660.992903,1.6700,0.005366,model,real
2008-09-09,1553.395080,129.223630,1625.758759,1.6400,0.005439,model,real
2008-09-10,1568.301371,132.920844,1639.164157,1.6200,0.005411,model,real
2008-09-11,1600.406112,141.056479,1669.801014,1.5800,0.005349,model,real
2008-09-12,1594.522946,139.480332,1663.290951,1.4600,0.005362,model,real
2008-09-15,1538.876615,124.851655,1611.588081,0.8100,0.005470,model,real
2008-09-16,1555.677874,128.926426,1624.226331,0.8600,0.005443,model,real
2008-09-17,1472.997967,108.347935,1539.970091,0.0200,0.005631,model,real
2008-09-18,1531.622009,121.269540,1592.056365,0.0700,0.005512,model,real
2008-09-19,1574.608714,131.459510,1644.100020,0.9200,0.006056,model,real
2008-09-22,1503.216772,113.549553,1566.685969,0.8750,0.005620,model,real
2008-09-23,1487.390093,109.950565,1554.804850,0.8000,0.005648,model,real
2008-09-24,1499.057074,112.530038,1565.535586,0.4400,0.005623,model,real
2008-09-25,1522.716080,117.844776,1590.447358,0.7100,0.005566,model,real
2008-09-26,1508.721034,114.582727,1574.350319,0.8300,0.005603,model,real
2008-09-29,1350.011338,78.380451,1449.414508,0.4500,0.005913,model,real
2008-09-30,1438.872140,93.835733,1491.187410,0.9000,0.005804,model,real
2008-10-01,1411.053546,88.380476,1475.474456,0.8000,0.005844,model,real
2008-10-02,1345.463593,76.038347,1408.407396,0.5900,0.006027,model,real
2008-10-03,1327.173478,72.930569,1386.562944,0.4700,0.006091,model,real
2008-10-06,1273.431147,64.058838,1335.975224,0.4100,0.006246,model,real
2008-10-07,1200.072201,52.972266,1251.279122,0.7850,0.006533,model,real
2008-10-08,1200.640670,53.044242,1241.315024,0.6400,0.006569,model,real
2008-10-09,1150.552684,46.395990,1207.972602,0.5800,0.006695,model,real
2008-10-10,1145.770435,45.815754,1200.308591,0.2100,0.006725,model,real
2008-10-13,1289.907583,63.087973,1346.322810,0.2100,0.006213,model,real
2008-10-14,1231.301605,54.478540,1288.070314,0.2350,0.006403,model,real
2008-10-15,1122.697961,40.047426,1172.714857,0.2000,0.006837,model,real
2008-10-16,1184.723670,46.676521,1236.332976,0.4350,0.006588,model,real
2008-10-17,1183.595766,46.539684,1237.865489,0.7800,0.006582,model,real
2008-10-20,1220.627158,50.899249,1272.357614,1.0200,0.006458,model,real
2008-10-21,1158.069109,43.060503,1206.440344,1.0950,0.006701,model,real
2008-10-22,1116.255358,38.387623,1173.097837,1.0100,0.006835,model,real
2008-10-23,1118.123229,38.576971,1168.499108,0.9100,0.006854,model,real
2008-10-24,1084.836502,35.125320,1130.941785,0.8200,0.007015,model,real
2008-10-27,1055.520020,32.272473,1099.516215,0.7300,0.007159,model,real
2008-10-28,1170.827866,42.836202,1221.003425,0.7500,0.006645,model,real
2008-10-29,1174.933482,43.284053,1217.937040,0.5650,0.006657,model,real
2008-10-30,1203.645367,46.452385,1258.560408,0.3750,0.006507,model,real
2008-10-31,1204.403398,46.538019,1260.476326,0.4350,0.006500,model,real
2008-11-03,1204.376303,46.532888,1257.794278,0.4200,0.006509,model,real
2008-11-04,1243.762745,51.091386,1293.435683,0.4650,0.006385,model,real
2008-11-05,1173.002496,42.360565,1225.985219,0.3800,0.006626,model,real
2008-11-06,1120.658701,36.682631,1171.181749,0.3150,0.006843,model,real
2008-11-07,1147.412615,39.306078,1195.326458,0.2900,0.006745,model,real
2008-11-10,1128.806709,37.391146,1179.229759,0.2000,0.006810,model,real
2008-11-11,1105.878638,35.109588,1153.552792,0.1950,0.006917,model,real
2008-11-12,1051.549775,29.929290,1100.282599,0.1400,0.007155,model,real
2008-11-13,1119.720360,35.743619,1167.349659,0.1900,0.006859,model,real
2008-11-14,1064.407884,30.440691,1110.630016,0.1300,0.007107,model,real
2008-11-17,1039.440553,28.296069,1087.252031,0.0900,0.007217,model,real
2008-11-18,1042.860395,28.574685,1086.102583,0.1100,0.007222,model,real
2008-11-19,981.367026,23.514547,1029.383110,0.0650,0.007510,model,real
2008-11-20,935.267349,20.197370,979.561349,0.0050,0.007790,model,real
2008-11-21,979.535282,23.062344,1022.101739,0.0100,0.007549,model,real
2008-11-24,1041.588088,27.440765,1084.569645,0.0100,0.007230,model,real
2008-11-25,1030.976754,26.600898,1079.587511,0.1000,0.007254,model,real
2008-11-26,1076.553124,30.124984,1124.809948,0.0300,0.007043,model,real
2008-11-28,1069.930100,29.568226,1115.995300,0.0200,0.007082,model,real
2008-12-01,984.579350,22.484821,1032.066261,0.0100,0.007496,model,real
2008-12-02,1019.625564,24.883271,1066.557283,0.0500,0.007318,model,real
2008-12-03,1052.289631,27.272151,1096.833404,0.0150,0.007171,model,real
2008-12-04,1017.595336,24.571804,1065.791323,0.0050,0.007322,model,real
2008-12-05,1062.819786,27.844466,1109.097078,0.0100,0.007114,model,real
2008-12-08,1105.400490,31.187606,1152.786408,0.0050,0.006920,model,real
2008-12-09,1094.022093,30.223347,1150.103766,0.0100,0.006932,model,real
2008-12-10,1102.982214,30.965009,1146.271251,0.0050,0.006948,model,real
2008-12-11,1065.156773,27.775903,1114.845596,0.0100,0.007088,model,real
2008-12-12,1088.788683,29.622604,1137.456433,0.0100,0.006987,model,real
2008-12-15,1066.429080,27.795596,1117.528153,0.0050,0.007075,model,real
2008-12-16,1122.030250,32.138599,1171.181749,0.0250,0.006843,model,real
2008-12-17,1106.122282,30.770055,1157.002157,0.0050,0.006902,model,real
2008-12-18,1087.020054,29.174116,1136.690473,0.0050,0.006990,model,real
2008-12-19,1098.299098,30.081334,1146.016469,0.0050,0.008397,model,real
2008-12-22,1072.998021,28.000120,1121.069634,0.0050,0.006724,model,real
2008-12-23,1067.620098,27.578488,1115.313136,0.0050,0.006749,model,real
2008-12-24,1068.621775,27.655842,1118.383172,0.0050,0.006736,model,real
2008-12-26,1069.650326,27.735424,1117.999258,0.0050,0.006737,model,real
2008-12-29,1058.560845,26.871725,1108.788216,0.0100,0.006777,model,real
2008-12-30,1083.997293,28.806520,1131.816331,0.0900,0.006680,model,real
2008-12-31,1093.300300,29.546961,1141.411033,0.1150,0.006640,model,real
2009-01-02,1140.266173,33.350526,1190.920874,0.0850,0.006447,model,real
2009-01-05,1139.201494,33.256518,1190.536960,0.0850,0.006449,model,real
2009-01-06,1150.002279,34.200860,1202.434210,0.1300,0.006405,model,real
2009-01-07,1117.617876,31.308102,1168.276927,0.1000,0.006534,model,real
2009-01-08,1130.178259,32.362167,1180.558175,0.0800,0.006486,model,real
2009-01-09,1103.550683,30.072055,1154.076364,0.0650,0.006589,model,real
2009-01-12,1083.807840,28.456073,1132.967648,0.0650,0.006675,model,real
2009-01-13,1085.179389,28.563552,1133.351307,0.1050,0.006673,model,real
2009-01-14,1049.781256,25.765109,1098.809685,0.1100,0.006820,model,real
2009-01-15,1067.917936,27.098787,1116.848111,0.1000,0.006742,model,real
2009-01-16,1081.109902,28.101586,1129.129190,0.1150,0.006691,model,real
2009-01-20,1025.589909,23.767404,1073.095022,0.1000,0.006936,model,real
2009-01-21,1069.939132,26.847231,1118.767000,0.1100,0.006734,model,real
2009-01-22,1053.986004,25.644729,1103.798611,0.1000,0.006798,model,real
2009-01-23,1061.033204,26.158254,1109.171874,0.0900,0.006775,model,real
2009-01-26,1068.856388,26.735891,1117.231940,0.1000,0.006741,model,real
2009-01-27,1077.744252,27.401702,1125.291411,0.1300,0.006707,model,real
2009-01-28,1115.190678,30.254453,1164.822552,0.1800,0.006547,model,real
2009-01-29,1086.262134,27.896883,1135.269941,0.2200,0.006665,model,real
2009-01-30,1064.967321,26.253890,1115.313136,0.2200,0.006749,model,real
2009-02-02,1078.953335,27.286497,1128.745615,0.2450,0.006692,model,real
2009-02-03,1096.918627,28.647244,1146.400128,0.3100,0.006620,model,real
2009-02-04,1096.711110,28.630070,1147.935358,0.2900,0.006614,model,real
2009-02-05,1123.492010,30.724481,1173.266107,0.2700,0.006514,model,real
2009-02-06,1152.709249,33.118176,1203.969865,0.2700,0.006399,model,real
2009-02-09,1156.462946,33.440363,1208.958960,0.2750,0.006381,model,real
2009-02-10,1109.217301,29.336675,1164.438723,0.3050,0.006548,model,real
2009-02-11,1107.196105,29.175194,1159.065460,0.3000,0.006570,model,real
2009-02-12,1121.416732,30.297314,1173.266107,0.2850,0.006514,model,real
2009-02-13,1116.038809,29.860031,1167.893268,0.2900,0.006535,model,real
2009-02-17,1071.094132,26.247965,1121.453463,0.2850,0.006723,model,real
2009-02-18,1072.655135,26.361777,1122.221205,0.3000,0.006720,model,real
2009-02-19,1053.814616,24.970468,1104.950522,0.3000,0.006793,model,real
2009-02-20,1058.163766,25.278607,1108.020812,0.2650,0.006780,model,real
2009-02-23,1018.696145,22.446511,1069.257583,0.2700,0.006953,model,real
2009-02-24,1057.026829,24.977069,1104.566608,0.2950,0.006795,model,real
2009-02-25,1047.444158,24.296312,1097.274539,0.2950,0.006827,model,real
2009-02-26,1017.008804,22.175592,1066.570867,0.2650,0.006966,model,real
2009-02-27,1007.886326,21.577667,1056.591827,0.2500,0.007013,model,real
2009-03-02,971.504691,19.238138,1022.433949,0.2300,0.007180,model,real
2009-03-03,975.113985,19.451821,1021.666462,0.2650,0.007184,model,real
2009-03-04,1001.849835,21.049705,1048.916015,0.2500,0.007049,model,real
2009-03-05,969.564674,19.012196,1017.444684,0.2000,0.007206,model,real
2009-03-06,960.703795,18.490032,1009.384874,0.1850,0.007247,model,real
2009-03-09,941.908436,17.403332,987.892582,0.2000,0.007361,model,real
2009-03-10,1003.780710,20.829036,1048.916015,0.2350,0.007049,model,real
2009-03-11,1015.971110,21.586647,1065.035636,0.2200,0.006973,model,real
2009-03-12,1050.945178,23.813226,1100.344916,0.2000,0.006813,model,real
2009-03-13,1054.383084,24.046159,1103.031547,0.1900,0.006802,model,real
2009-03-16,1033.566418,22.619914,1084.609123,0.2200,0.006883,model,real
2009-03-17,1075.723056,25.384390,1125.675325,0.2250,0.006705,model,real
2009-03-18,1089.068346,26.327577,1139.876057,0.2050,0.006646,model,real
2009-03-19,1086.586957,26.146837,1139.107805,0.1900,0.006650,model,real
2009-03-20,1071.220471,25.035866,1121.770476,0.2000,0.007278,model,real
2009-03-23,1136.756232,29.625693,1187.892353,0.1900,0.006984,model,real
2009-03-24,1113.773968,27.826362,1165.979727,0.2050,0.007077,model,real
2009-03-25,1115.867420,27.982532,1171.362160,0.1850,0.007054,model,real
2009-03-26,1156.147155,31.009274,1207.498526,0.1400,0.006903,model,real
2009-03-27,1129.230775,28.840814,1184.816544,0.1250,0.006997,model,real
2009-03-30,1101.565615,26.718527,1155.600388,0.1200,0.007123,model,real
2009-03-31,1116.183212,27.780524,1165.595389,0.2000,0.007079,model,real
2009-04-01,1130.169226,28.823122,1182.894938,0.2100,0.007005,model,real
2009-04-02,1167.877361,31.704644,1220.953844,0.1900,0.006849,model,real
2009-04-03,1187.602139,33.308715,1243.634807,0.2000,0.006760,model,real
2009-04-06,1184.840977,33.075423,1240.559762,0.1850,0.006772,model,real
2009-04-07,1150.841489,30.224506,1207.883204,0.1900,0.006901,model,real
2009-04-08,1173.697303,32.022838,1228.257883,0.1800,0.006820,model,real
2009-04-09,1209.366178,34.938760,1266.316025,0.1750,0.006675,model,real
2009-04-13,1206.108803,34.655423,1264.394334,0.1700,0.006682,model,real
2009-04-14,1193.151451,33.536675,1249.017240,0.1650,0.006740,model,real
2009-04-15,1187.917931,33.094314,1245.557008,0.1400,0.006753,model,real
2009-04-16,1220.825642,35.841313,1277.849567,0.1250,0.006633,model,real
2009-04-17,1221.673884,35.915304,1280.540444,0.1300,0.006623,model,real
2009-04-20,1181.475327,32.365830,1239.406323,0.1200,0.006777,model,real
2009-04-21,1199.242135,33.823903,1256.705787,0.1400,0.006711,model,real
2009-04-22,1205.251530,34.331256,1260.550188,0.1350,0.006697,model,real
2009-04-23,1213.092778,35.000140,1272.852322,0.0950,0.006651,model,real
2009-04-24,1239.142854,37.252134,1295.148692,0.0950,0.006571,model,real
2009-04-27,1236.129014,36.979496,1296.686554,0.0900,0.006566,model,real
2009-04-28,1228.892472,36.328753,1287.075552,0.1200,0.006600,model,real
2009-04-29,1247.353976,37.963841,1304.759185,0.0950,0.006537,model,real
2009-04-30,1258.136697,38.946701,1317.830249,0.1250,0.006492,model,real
2009-05-01,1260.203054,39.137636,1321.289802,0.1450,0.006481,model,real
2009-05-04,1288.481842,41.768837,1347.431508,0.1750,0.006394,model,real
2009-05-05,1284.737287,41.403366,1346.277729,0.1750,0.006397,model,real
2009-05-06,1284.773306,41.405891,1346.663001,0.1800,0.006396,model,real
2009-05-07,1254.076242,38.434047,1315.139033,0.1800,0.006502,model,real
2009-05-08,1257.983373,38.792095,1315.908219,0.1650,0.006499,model,real
2009-05-11,1259.454165,38.927223,1320.521466,0.1550,0.006483,model,real
2009-05-12,1242.860422,37.386166,1304.375526,0.1800,0.006539,model,real
2009-05-13,1208.960066,34.323063,1269.391750,0.1700,0.006664,model,real
2009-05-14,1226.862244,35.845603,1283.615404,0.1550,0.006612,model,real
2009-05-15,1222.747596,35.483866,1282.846813,0.1550,0.006615,model,real
2009-05-18,1256.693002,38.435422,1316.293066,0.1600,0.006498,model,real
2009-05-19,1261.493425,38.874580,1322.443666,0.1750,0.006477,model,real
2009-05-20,1257.586294,38.512160,1317.830249,0.1700,0.006492,model,real
2009-05-21,1233.828155,36.326428,1293.611084,0.1750,0.006577,model,real
2009-05-22,1230.020376,35.988972,1289.382854,0.1750,0.006592,model,real
2009-05-26,1274.631197,39.900046,1337.436252,0.1650,0.006427,model,real
2009-05-27,1264.949284,38.989067,1328.209503,0.1600,0.006457,model,real
2009-05-28,1281.579155,40.524504,1343.587191,0.1350,0.006406,model,real
2009-05-29,1295.348510,41.828616,1360.117470,0.1300,0.006353,model,real
2009-06-01,1332.840096,45.456281,1398.945307,0.0850,0.006232,model,real
2009-06-02,1335.718566,45.749608,1400.867083,0.1300,0.006226,model,real
2009-06-03,1331.324144,45.296726,1396.638939,0.1300,0.006239,model,real
2009-06-04,1346.934385,46.887578,1412.400370,0.1350,0.006192,model,real
2009-06-05,1347.358451,46.930701,1413.937638,0.1800,0.006187,model,real
2009-06-08,1343.099510,46.484139,1409.709069,0.1700,0.006200,model,real
2009-06-09,1354.883908,47.705379,1420.473425,0.1750,0.006168,model,real
2009-06-10,1349.217290,47.105096,1415.476095,0.1750,0.006183,model,real
2009-06-11,1350.787324,47.268289,1415.476095,0.1700,0.006183,model,real
2009-06-12,1344.434931,46.599685,1408.940817,0.1650,0.006202,model,real
2009-06-15,1314.649223,43.498360,1380.108151,0.1550,0.006290,model,real
2009-06-16,1302.278403,42.268214,1366.652493,0.1650,0.006332,model,real
2009-06-17,1313.683786,43.376720,1379.724152,0.1650,0.006291,model,real
2009-06-18,1311.797960,43.188749,1377.032935,0.1700,0.006299,model,real
2009-06-19,1327.525397,44.739815,1391.812595,0.1700,0.007476,model,real
2009-06-22,1287.263727,40.664076,1350.243450,0.1850,0.006675,model,real
2009-06-23,1285.323709,40.479098,1347.164585,0.1950,0.006686,model,real
2009-06-24,1305.716309,42.402958,1369.872970,0.1800,0.006608,model,real
2009-06-25,1331.667031,44.927758,1396.816802,0.1650,0.006519,model,real
2009-06-26,1335.619213,45.326377,1399.896262,0.1750,0.006509,model,real
2009-06-29,1338.894651,45.658565,1402.974873,0.1600,0.006499,model,real
2009-06-30,1332.957403,45.049514,1400.280600,0.1800,0.006508,model,real
2009-07-01,1336.647875,45.422355,1401.050380,0.1650,0.006505,model,real
2009-07-02,1305.012470,42.193075,1370.258582,0.1550,0.006607,model,real
2009-07-06,1300.257208,41.730534,1362.944440,0.1550,0.006631,model,real
2009-07-07,1267.566044,38.578897,1329.073606,0.1800,0.006749,model,real
2009-07-08,1273.656728,39.133635,1336.001627,0.1750,0.006725,model,real
2009-07-09,1276.769700,39.419454,1338.311477,0.1750,0.006717,model,real
2009-07-10,1281.154979,39.824414,1344.084870,0.1650,0.006696,model,real
2009-07-13,1306.293699,42.165506,1369.872970,0.1700,0.006608,model,real
2009-07-14,1310.931655,42.613257,1374.877093,0.1750,0.006591,model,real
2009-07-15,1354.369521,46.844036,1421.065427,0.1750,0.006442,model,real
2009-07-16,1370.512102,48.516322,1438.001693,0.1650,0.006390,model,real
2009-07-17,1378.082610,49.318444,1445.699833,0.1650,0.006366,model,real
2009-07-20,1393.187497,50.937459,1459.555535,0.1600,0.006325,model,real
2009-07-21,1401.317441,51.827108,1469.563611,0.1800,0.006295,model,real
2009-07-22,1412.136290,53.025073,1481.881281,0.1800,0.006260,model,real
2009-07-23,1445.089163,56.732176,1514.597657,0.1800,0.006168,model,real
2009-07-24,1442.869482,56.469139,1503.050191,0.1800,0.006200,model,real
2009-07-27,1443.095063,56.494247,1514.597657,0.1800,0.006168,model,real
2009-07-28,1448.653297,57.145003,1504.205498,0.1850,0.006197,model,real
2009-07-29,1443.365693,56.517292,1514.212215,0.1750,0.006169,model,real
2009-07-30,1452.623542,57.602385,1523.064813,0.1750,0.006145,model,real
2009-07-31,1446.749407,56.901528,1518.446133,0.1750,0.006157,model,real
2009-08-03,1469.090946,59.533647,1541.156132,0.1750,0.006096,model,real
2009-08-04,1469.424801,59.572778,1541.156132,0.1750,0.006096,model,real
2009-08-05,1456.747111,58.027901,1529.223733,0.1750,0.006128,model,real
2009-08-06,1443.979322,56.499257,1515.751605,0.1700,0.006165,model,real
2009-08-07,1461.303889,58.529499,1534.997381,0.1700,0.006112,model,real
2009-08-10,1453.128896,57.544908,1524.220120,0.1600,0.006141,model,real
2009-08-11,1438.926222,55.854533,1511.133773,0.1800,0.006177,model,real
2009-08-12,1461.394100,58.467000,1534.612279,0.1700,0.006113,model,real
2009-08-13,1469.569203,59.445873,1543.079945,0.1650,0.006091,model,real
2009-08-14,1454.166480,57.573441,1525.374918,0.1700,0.006138,model,real
2009-08-17,1412.037048,52.563140,1481.111926,0.1700,0.006262,model,real
2009-08-18,1431.536246,54.737302,1502.280326,0.1750,0.006202,model,real
2009-08-19,1440.658723,55.781454,1512.673164,0.1650,0.006173,model,real
2009-08-20,1456.548627,57.624094,1530.379040,0.1600,0.006125,model,real
2009-08-21,1477.807421,60.143384,1550.778086,0.1600,0.006070,model,real
2009-08-24,1475.100451,59.811215,1549.238695,0.1550,0.006075,model,real
2009-08-25,1479.720343,60.371291,1553.857546,0.1550,0.006062,model,real
2009-08-26,1477.103583,60.049394,1551.163527,0.1450,0.006069,model,real
2009-08-27,1480.685781,60.484581,1555.011834,0.1400,0.006059,model,real
2009-08-28,1482.734073,60.734120,1556.552073,0.1300,0.006055,model,real
2009-08-31,1466.447089,58.729508,1540.770859,0.1300,0.006097,model,real
2009-09-01,1439.963917,55.543296,1511.903299,0.1300,0.006175,model,real
2009-09-02,1438.556349,55.379158,1510.747992,0.1300,0.006178,model,real
2009-09-03,1449.113490,56.596094,1520.755218,0.1250,0.006151,model,real
2009-09-04,1478.069020,59.984206,1553.473122,0.1250,0.006063,model,real
2009-09-08,1493.174018,61.820178,1568.098860,0.1250,0.006026,model,real
2009-09-09,1506.185452,63.433359,1581.570818,0.1350,0.005991,model,real
2009-09-10,1521.461837,65.360196,1596.581997,0.1350,0.005954,model,real
2009-09-11,1520.830145,65.277330,1598.121896,0.1350,0.005950,model,real
2009-09-14,1528.319474,66.239388,1604.280307,0.1300,0.005935,model,real
2009-09-15,1533.525898,66.914325,1609.284599,0.1250,0.005923,model,real
2009-09-16,1555.362083,69.768671,1632.762935,0.0950,0.005866,model,real
2009-09-17,1552.979936,69.446527,1632.378172,0.0950,0.005867,model,real
2009-09-18,1556.724600,69.947490,1635.112942,0.0800,0.006830,model,real
2009-09-21,1562.445301,70.716702,1640.122498,0.0900,0.006158,model,real
2009-09-22,1564.710142,71.022722,1643.204335,0.0950,0.006150,model,real
2009-09-23,1555.849374,69.813738,1635.498553,0.0950,0.006170,model,real
2009-09-24,1542.756650,68.048355,1620.858384,0.0900,0.006207,model,real
2009-09-25,1528.671393,66.181560,1606.603316,0.0900,0.006245,model,real
2009-09-28,1556.138068,69.744284,1633.957635,0.0900,0.006174,model,real
2009-09-29,1549.894060,68.902583,1626.637295,0.1200,0.006192,model,real
2009-09-30,1551.085078,69.060001,1627.793281,0.1150,0.006189,model,real
2009-10-01,1503.640948,62.715361,1579.632911,0.0950,0.006317,model,real
2009-10-02,1500.103800,62.271337,1575.011174,0.0900,0.006330,model,real
2009-10-05,1511.969377,63.746533,1587.724474,0.0900,0.006295,model,real
2009-10-06,1538.687162,67.121584,1615.849507,0.0700,0.006220,model,real
2009-10-07,1543.379200,67.734084,1620.473112,0.0600,0.006208,model,real
2009-10-08,1550.002334,68.604281,1627.408519,0.0600,0.006190,model,real
2009-10-09,1558.998474,69.796629,1636.654200,0.0650,0.006167,model,real
2009-10-12,1560.685814,70.022058,1640.122498,0.0600,0.006158,model,real
2009-10-13,1561.263315,70.098736,1640.507260,0.0600,0.006157,model,real
2009-10-14,1582.910047,73.010521,1662.853212,0.0650,0.006101,model,real
2009-10-15,1582.097933,72.897035,1659.000491,0.0550,0.006111,model,real
2009-10-16,1569.429276,71.143087,1648.213042,0.0600,0.006137,model,real
2009-10-19,1585.093709,73.270174,1664.780421,0.0600,0.006096,model,real
2009-10-20,1584.651469,73.207655,1665.164844,0.0750,0.006095,model,real
2009-10-21,1582.278464,72.877376,1662.083177,0.0650,0.006103,model,real
2009-10-22,1590.931715,74.070870,1668.632803,0.0500,0.006087,model,real
2009-10-23,1582.341578,72.868858,1661.697565,0.0500,0.006104,model,real
2009-10-26,1576.133588,72.009374,1656.303756,0.0500,0.006117,model,real
2009-10-27,1554.216115,69.001250,1631.261240,0.0700,0.006180,model,real
2009-10-28,1517.762333,64.140225,1594.659542,0.0600,0.006276,model,real
2009-10-29,1544.119168,67.477543,1621.628248,0.0500,0.006205,model,real
2009-10-30,1504.290595,62.250003,1578.092841,0.0450,0.006321,model,real
2009-11-02,1509.506051,62.896099,1584.643316,0.0400,0.006303,model,real
2009-11-03,1515.181591,63.604040,1589.650835,0.0500,0.006290,model,real
2009-11-04,1516.508090,63.770149,1592.347569,0.0450,0.006283,model,real
2009-11-05,1552.979936,68.365778,1631.646342,0.0350,0.006179,model,real
2009-11-06,1561.705444,69.516106,1641.278484,0.0450,0.006155,model,real
2009-11-09,1595.668914,74.046092,1676.337735,0.0450,0.006068,model,real
2009-11-10,1599.973015,74.643619,1680.575558,0.0600,0.006058,model,real
2009-11-11,1608.797655,75.876392,1691.363856,0.0600,0.006032,model,real
2009-11-12,1599.945919,74.621646,1681.732393,0.0550,0.006055,model,real
2009-11-13,1613.904836,76.571775,1695.601170,0.0550,0.006022,model,real
2009-11-16,1631.003934,79.002047,1712.939263,0.0550,0.005981,model,real
2009-11-17,1635.199650,79.610002,1718.333242,0.0550,0.005969,model,real
2009-11-18,1625.752349,78.227825,1708.701100,0.0300,0.005991,model,real
2009-11-19,1599.990968,74.504581,1682.117156,0.0050,0.006054,model,real
2009-11-20,1592.050588,73.393471,1673.640660,0.0100,0.006075,model,real
2009-11-23,1617.811858,76.951858,1700.610556,0.0200,0.006010,model,real
2009-11-24,1611.775367,76.088626,1694.831475,0.0400,0.006024,model,real
2009-11-25,1618.470647,77.034909,1702.151305,0.0400,0.006006,model,real
2009-11-27,1593.016026,73.395670,1676.337735,0.0250,0.006068,model,real
2009-11-30,1594.793687,73.640145,1678.264775,0.0500,0.006063,model,real
2009-12-01,1613.092724,76.171491,1695.601170,0.0500,0.006022,model,real
2009-12-02,1615.898936,76.567651,1697.913652,0.0400,0.006016,model,real
2009-12-03,1608.761637,75.551078,1690.978075,0.0400,0.006033,model,real
2009-12-04,1616.882548,76.693090,1699.840182,0.0400,0.006012,model,real
2009-12-07,1609.429347,75.630632,1691.748110,0.0150,0.006031,model,real
2009-12-08,1599.575935,74.239276,1681.346442,0.0250,0.006056,model,real
2009-12-09,1614.888338,76.368310,1698.299093,0.0250,0.006015,model,real
2009-12-10,1623.613846,77.604071,1706.774231,0.0250,0.005995,model,real
2009-12-11,1617.017919,76.656457,1700.224775,0.0200,0.006011,model,real
2009-12-14,1632.384405,78.838791,1716.406373,0.0200,0.005973,model,real
2009-12-15,1622.567121,77.413920,1706.774231,0.0400,0.005995,model,real
2009-12-16,1624.922171,77.749699,1709.086033,0.0350,0.005990,model,real
2009-12-17,1604.574843,74.825027,1688.281510,0.0400,0.006039,model,real
2009-12-18,1630.823402,78.492953,1715.797307,0.0400,0.007623,model,real
2009-12-21,1650.160244,81.281394,1735.093343,0.0450,0.006604,model,real
2009-12-22,1659.833126,82.708257,1745.513009,0.0700,0.006577,model,real
2009-12-23,1671.094105,84.388957,1758.249062,0.0550,0.006543,model,real
2009-12-24,1687.200558,86.825680,1774.457657,0.0400,0.006502,model,real
2009-12-28,1694.726015,87.985264,1783.718960,0.0550,0.006479,model,real
2009-12-29,1689.167672,87.117313,1776.386395,0.0950,0.006497,model,real
2009-12-30,1695.150080,88.041042,1781.790392,0.0400,0.006483,model,real
2009-12-31,1678.601499,85.458979,1765.581117,0.0500,0.006525,model,real
2010-01-04,1702.413719,89.091177,1791.437986,0.0550,0.006459,model,real
2010-01-05,1703.974831,89.334887,1791.437986,0.0600,0.006459,model,real
2010-01-06,1694.942564,87.911833,1780.632368,0.0450,0.006486,model,real
2010-01-07,1693.408548,87.671899,1781.790392,0.0450,0.006483,model,real
2010-01-08,1707.728418,89.892818,1796.454503,0.0400,0.006447,model,real
2010-01-11,1701.998685,88.986213,1789.121939,0.0250,0.006465,model,real
2010-01-12,1679.936920,85.521390,1766.738462,0.0400,0.006522,model,real
2010-01-13,1701.899443,88.871181,1788.736157,0.0500,0.006466,model,real
2010-01-14,1702.251363,88.925238,1790.280472,0.0450,0.006462,model,real
2010-01-15,1682.400246,85.809988,1769.440800,0.0550,0.006515,model,real
2010-01-19,1710.336145,90.079243,1797.998648,0.0500,0.006443,model,real
2010-01-20,1685.495153,86.149308,1772.142119,0.0500,0.006508,model,real
2010-01-21,1669.812766,83.741292,1755.547572,0.0400,0.006550,model,real
2010-01-22,1619.508230,76.164479,1704.219956,0.0450,0.006688,model,real
2010-01-25,1626.338881,77.126427,1710.008886,0.0450,0.006672,model,real
2010-01-26,1627.665270,77.313993,1711.552352,0.0650,0.006667,model,real
2010-01-27,1641.236251,79.244919,1725.059798,0.0700,0.006631,model,real
2010-01-28,1598.105144,72.990083,1680.678626,0.0700,0.006753,model,real
2010-01-29,1570.981356,69.269008,1651.349215,0.0700,0.006838,model,real
2010-02-01,1588.739021,71.614671,1669.486548,0.0850,0.006785,model,real
2010-02-02,1603.356728,73.588419,1684.538308,0.0900,0.006742,model,real
2010-02-03,1610.376721,74.552982,1693.799951,0.0900,0.006716,model,real
2010-02-04,1563.717607,68.065190,1644.788043,0.0850,0.006857,model,real
2010-02-05,1575.565120,69.609814,1658.681949,0.0850,0.006816,model,real
2010-02-08,1565.423012,68.263252,1646.718138,0.0900,0.006851,model,real
2010-02-09,1582.531031,70.498085,1663.699486,0.1000,0.006802,model,real
2010-02-10,1578.849591,70.004559,1660.225245,0.1000,0.006812,model,real
2010-02-11,1602.291937,73.118640,1685.310551,0.0950,0.006740,model,real
2010-02-12,1605.332763,73.417832,1688.782584,0.0900,0.006730,real,real
2010-02-16,1626.041154,76.261772,1710.394498,0.0850,0.006671,real,real
2010-02-17,1633.981535,77.555946,1720.042431,0.0900,0.006644,real,real
2010-02-18,1645.287675,79.026240,1730.848728,0.0850,0.006615,real,real
2010-02-19,1645.224450,79.026240,1730.076316,0.0950,0.006617,real,real
2010-02-22,1640.090283,78.471452,1726.603433,0.0850,0.006627,real,real
2010-02-23,1618.605907,75.407781,1704.219956,0.1150,0.006688,real,real
2010-02-24,1635.470391,77.688124,1721.586406,0.1100,0.006640,real,real
2010-02-25,1635.831342,77.643844,1721.200455,0.1150,0.006641,real,real
2010-02-26,1641.037767,78.612433,1727.375166,0.1150,0.006625,real,real
2010-03-01,1666.050147,81.984450,1752.460302,0.1200,0.006558,real,real
2010-03-02,1670.390266,82.477372,1757.862601,0.1250,0.006544,real,real
2010-03-03,1670.715089,82.935480,1759.792527,0.1350,0.006539,real,real
2010-03-04,1678.069049,83.850986,1765.581117,0.1350,0.006525,real,real
2010-03-05,1704.092138,87.557370,1792.209719,0.1450,0.006457,real,real
2010-03-08,1706.194512,88.024238,1795.683110,0.1450,0.006449,real,real
2010-03-09,1715.659877,89.582472,1805.716995,0.1500,0.006424,real,real
2010-03-10,1730.069957,91.774573,1820.381616,0.1450,0.006388,real,real
2010-03-11,1735.899042,92.619761,1827.328569,0.1450,0.006372,real,real
2010-03-12,1736.458478,92.831066,1827.714181,0.1400,0.006371,real,real
2010-03-15,1732.542314,92.205959,1823.083444,0.1450,0.006382,real,real
2010-03-16,1743.505566,93.949450,1834.660795,0.1550,0.006354,real,real
2010-03-17,1747.096797,94.600907,1839.677652,0.1500,0.006342,real,real
2010-03-18,1754.062707,95.560412,1845.851514,0.1450,0.006328,real,real
2010-03-19,1743.677066,93.869994,1834.687792,0.1450,0.007433,real,real
2010-03-22,1759.160858,96.405578,1851.299319,0.1400,0.006361,real,real
2010-03-23,1771.441467,98.421915,1864.048447,0.1300,0.006332,real,real
2010-03-24,1761.191086,97.021876,1855.163077,0.1350,0.006352,real,real
2010-03-25,1758.763888,96.414387,1852.459211,0.1300,0.006359,real,real
2010-03-26,1761.903956,96.916441,1854.390156,0.1300,0.006354,real,real
2010-03-29,1769.654885,98.245748,1863.276205,0.1250,0.006333,real,real
2010-03-30,1775.736536,99.275890,1869.457538,0.1500,0.006319,real,real
2010-03-31,1767.056188,97.937785,1860.570810,0.1500,0.006340,real,real
2010-04-01,1768.157107,97.744086,1860.570810,0.1500,0.006340,real,real
2010-04-05,1784.642465,100.570070,1877.956616,0.1600,0.006300,real,real
2010-04-06,1788.360033,101.336152,1883.365199,0.1650,0.006287,real,real
2010-04-07,1784.164317,100.763790,1878.729538,0.1600,0.006298,real,real
2010-04-08,1787.259224,101.124857,1882.978907,0.1550,0.006288,real,real
2010-04-09,1799.621123,102.947114,1894.182702,0.1500,0.006263,real,real
2010-04-12,1800.721931,103.360915,1895.727525,0.1350,0.006259,real,real
2010-04-13,1808.084922,104.919494,1905.386496,0.1500,0.006238,real,real
2010-04-14,1830.651931,108.617058,1928.179525,0.1550,0.006188,real,real
2010-04-15,1839.512810,110.069778,1936.679793,0.1500,0.006169,real,real
2010-04-16,1816.232820,106.151772,1913.498604,0.1500,0.006220,real,real
2010-04-19,1816.855480,105.984742,1912.340071,0.1500,0.006222,real,real
2010-04-20,1825.941830,107.551789,1921.998022,0.1450,0.006201,real,real
2010-04-21,1835.804273,109.444672,1932.816374,0.1450,0.006177,real,real
2010-04-22,1845.395977,111.064760,1943.633028,0.1500,0.006154,real,real
2010-04-23,1854.572647,112.535075,1951.745816,0.1550,0.006137,real,real
2010-04-26,1848.942157,111.698653,1947.496447,0.1500,0.006146,real,real
2010-04-27,1810.286538,104.804890,1906.159077,0.1450,0.006236,real,real
2010-04-28,1811.495621,105.051290,1907.318120,0.1550,0.006233,real,real
2010-04-29,1843.347685,110.413271,1940.542532,0.1600,0.006161,real,real
2010-04-30,1805.215485,103.906927,1902.295998,0.1550,0.006245,real,real
2010-05-03,1833.160418,108.150534,1928.952277,0.1600,0.006186,real,real
2010-05-04,1776.647892,98.589284,1871.002871,0.1550,0.006316,real,real
2010-05-05,1766.984042,96.969174,1861.344580,0.1450,0.006338,real,real
2010-05-06,1708.775144,87.469456,1799.145295,0.1000,0.006488,real,real
2010-05-07,1668.793136,81.104076,1754.331138,0.1200,0.006603,real,real
2010-05-10,1752.862657,93.200942,1845.504786,0.1450,0.006375,real,real
2010-05-11,1750.940703,93.139400,1843.573162,0.1500,0.006380,real,real
2010-05-12,1782.612237,98.157856,1878.342568,0.1500,0.006299,real,real
2010-05-13,1755.488450,93.720539,1848.595283,0.1550,0.006368,real,real
2010-05-14,1720.821141,87.953586,1813.052277,0.1450,0.006453,real,real
2010-05-17,1728.355520,89.142267,1818.847829,0.1500,0.006439,real,real
2010-05-18,1702.738653,85.735118,1793.736205,0.1650,0.006501,real,real
2010-05-19,1690.430946,83.472344,1779.441913,0.1650,0.006538,real,real
2010-05-20,1624.290589,75.029134,1713.379380,0.1550,0.006713,real,real
2010-05-21,1644.728239,75.610294,1732.309671,0.1500,0.006661,real,real
2010-05-24,1637.969844,76.235394,1725.355247,0.1500,0.006680,real,real
2010-05-25,1638.330796,75.698186,1726.901089,0.1600,0.006676,real,real
2010-05-26,1620.997087,73.356306,1707.584847,0.1600,0.006729,real,real
2010-05-27,1680.766987,81.297812,1772.101877,0.1600,0.006556,real,real
2010-05-28,1671.455057,80.161870,1761.671005,0.1500,0.006583,real,real
2010-06-01,1655.799766,77.943370,1745.445089,0.1450,0.006626,real,real
2010-06-02,1695.998212,83.428387,1786.782289,0.1450,0.006519,real,real
2010-06-03,1710.498612,85.594137,1803.780956,0.1300,0.006476,real,real
2010-06-04,1653.092795,77.142124,1741.968811,0.1200,0.006635,real,real
2010-06-07,1622.522070,72.669669,1710.288374,0.1050,0.006721,real,real
2010-06-08,1620.302279,72.264639,1707.198047,0.1100,0.006730,real,real
2010-06-09,1605.161375,70.670933,1692.902907,0.0950,0.006770,real,real
2010-06-10,1651.333198,76.534603,1741.195720,0.0850,0.006637,real,real
2010-06-11,1666.726890,78.533333,1757.807926,0.0700,0.006593,real,real
2010-06-14,1665.219970,78.577274,1757.421635,0.0550,0.006594,real,real
2010-06-15,1712.140792,84.317542,1804.553538,0.0800,0.006474,real,real
2010-06-16,1719.206057,86.016731,1811.894253,0.0900,0.006456,real,real
2010-06-17,1724.024433,86.879519,1817.689465,0.0900,0.006442,real,real
2010-06-18,1726.577968,87.117180,1819.198802,0.0950,0.008340,real,real
2010-06-21,1710.660969,84.828039,1803.716263,0.1050,0.007451,real,real
2010-06-22,1696.855485,82.820855,1789.781605,0.1250,0.007493,real,real
2010-06-23,1691.333270,81.711619,1782.427475,0.1200,0.007516,real,real
2010-06-24,1664.416889,77.749666,1755.333117,0.1250,0.007601,real,real
2010-06-25,1658.939834,77.696917,1755.682562,0.1250,0.009577,real,real
2010-06-28,1656.665961,77.001159,1749.477457,0.1350,0.009604,real,real
2010-06-29,1591.752861,68.408508,1681.994901,0.1600,0.009909,real,real
2010-06-30,1569.266920,65.027705,1656.399183,0.1700,0.010031,real,real
2010-07-01,1564.998947,64.393807,1651.745014,0.1650,0.010054,real,real
2010-07-02,1559.521781,64.041526,1647.091695,0.1600,0.010076,real,real
2010-07-06,1565.242592,64.376222,1652.133173,0.1600,0.010052,real,real
2010-07-07,1614.906403,70.459623,1704.877755,0.1550,0.009803,real,real
2010-07-08,1622.657441,71.648330,1714.185412,0.1450,0.009760,real,real
2010-07-09,1637.527715,73.655843,1730.473643,0.1450,0.009687,real,real
2010-07-12,1643.158204,74.492265,1735.515461,0.1400,0.009665,real,real
2010-07-13,1664.813969,77.036646,1758.009137,0.1450,0.009567,real,real
2010-07-14,1672.375444,78.268961,1766.929145,0.1450,0.009529,real,real
2010-07-15,1674.928980,78.542110,1768.480252,0.1450,0.009522,real,real
2010-07-16,1627.322383,72.220724,1719.614709,0.1450,0.009736,real,real
2010-07-19,1641.579138,73.849563,1734.352004,0.1450,0.009670,real,real
2010-07-20,1660.879852,76.182645,1755.294403,0.1500,0.009578,real,real
2010-07-21,1639.792556,73.514862,1731.248942,0.1500,0.009684,real,real
2010-07-22,1681.118906,78.471452,1775.073006,0.1450,0.009494,real,real
2010-07-23,1692.199465,80.514140,1786.320438,0.1450,0.009447,real,real
2010-07-26,1705.752382,82.283652,1801.058412,0.1450,0.009386,real,real
2010-07-27,1704.317719,82.266067,1800.281755,0.1500,0.009389,real,real
2010-07-28,1689.709043,80.584469,1785.932110,0.1450,0.009448,real,real
2010-07-29,1678.592467,78.665183,1772.746431,0.1450,0.009504,real,real
2010-07-30,1681.931019,79.202391,1776.624452,0.1400,0.009487,real,real
2010-08-02,1713.503310,83.463546,1809.978081,0.1400,0.009349,real,real
2010-08-03,1707.024689,82.600763,1802.221020,0.1500,0.009381,real,real
2010-08-04,1722.715998,84.986605,1820.448516,0.1450,0.009307,real,real
2010-08-05,1718.881123,84.484890,1816.183185,0.1400,0.009324,real,real
2010-08-06,1717.013362,84.088663,1813.468282,0.1400,0.009335,real,real
2010-08-09,1728.102953,85.558978,1825.878323,0.1400,0.009285,real,real
2010-08-10,1713.728891,83.745175,1809.978081,0.1450,0.009349,real,real
2010-08-11,1665.129760,76.851724,1760.724550,0.1450,0.009555,real,real
2010-08-12,1653.210102,74.685640,1746.762384,0.1500,0.009615,real,real
2010-08-13,1641.146041,73.197735,1734.352004,0.1450,0.009670,real,real
2010-08-16,1643.591302,73.611552,1737.454387,0.1500,0.009656,real,real
2010-08-17,1665.120728,76.411529,1759.560583,0.1550,0.009560,real,real
2010-08-18,1670.020393,77.098177,1766.541156,0.1500,0.009530,real,real
2010-08-19,1644.935755,74.263041,1739.781131,0.1450,0.009646,real,real
2010-08-20,1647.417145,74.007795,1742.108725,0.1450,0.009636,real,real
2010-08-23,1631.680676,71.965447,1725.044346,0.1500,0.009711,real,real
2010-08-24,1601.867872,67.836130,1692.854514,0.1550,0.009858,real,real
2010-08-25,1615.953129,69.870026,1709.142915,0.1500,0.009783,real,real
2010-08-26,1596.228351,67.589672,1688.588844,0.1450,0.009878,real,real
2010-08-27,1616.638904,69.825735,1709.142915,0.1400,0.009783,real,real
2010-08-30,1598.980370,67.563305,1691.303068,0.1300,0.009865,real,real
2010-08-31,1594.793687,67.228599,1685.485613,0.1350,0.009892,real,real
2010-09-01,1642.273945,72.863384,1735.903110,0.1300,0.009663,real,real
2010-09-02,1660.798563,75.363819,1755.294403,0.1250,0.009578,real,real
2010-09-03,1687.624734,79.202391,1784.381003,0.1250,0.009455,real,real
2010-09-07,1675.163593,77.274328,1772.358952,0.1200,0.009505,real,real
2010-09-08,1696.368195,80.003632,1793.689000,0.1300,0.009416,real,real
2010-09-09,1701.908475,81.015844,1800.669574,0.1350,0.009387,real,real
2010-09-10,1707.502837,81.887754,1807.263347,0.1350,0.009361,real,real
2010-09-13,1733.968056,85.497447,1832.471586,0.1350,0.009259,real,real
2010-09-14,1740.212064,86.580306,1840.227798,0.1450,0.009229,real,real
2010-09-15,1750.146655,88.050632,1851.862540,0.1500,0.009183,real,real
2010-09-16,1757.825436,89.292051,1859.230932,0.1500,0.009155,real,real
2010-09-17,1764.791347,90.242738,1865.528917,0.1450,0.011481,real,real
2010-09-20,1795.109506,94.944103,1898.182637,0.1500,0.010478,real,real
2010-09-21,1794.820700,94.644874,1897.792951,0.1550,0.010480,real,real
2010-09-22,1789.090968,94.195935,1892.740266,0.1550,0.010503,real,real
2010-09-23,1788.540563,93.913919,1891.962420,0.1500,0.010506,real,real
2010-09-24,1826.158378,99.231954,1930.447180,0.1400,0.010337,real,real
2010-09-27,1814.563543,98.095985,1919.951614,0.1300,0.010382,real,real
2010-09-28,1815.862946,98.342449,1919.174109,0.1500,0.010386,real,real
2010-09-29,1812.840074,97.550334,1916.063745,0.1550,0.010399,real,real
2010-09-30,1802.878498,96.229443,1907.511350,0.1550,0.010437,real,real
2010-10-01,1801.579095,95.930256,1905.179511,0.1500,0.010447,real,real
2010-10-04,1782.386656,92.602218,1884.576199,0.1450,0.010540,real,real
2010-10-05,1826.871249,99.495982,1930.447180,0.1150,0.010337,real,real
2010-10-06,1810.530184,96.960377,1913.732246,0.1150,0.010410,real,real
2010-10-07,1815.141043,97.911063,1920.729120,0.1150,0.010379,real,real
2010-10-08,1829.036847,99.883422,1933.945702,0.1150,0.010322,real,real
2010-10-11,1828.991687,100.085950,1934.723887,0.1150,0.010318,real,real
2010-10-12,1842.138602,102.163786,1947.940469,0.1150,0.010262,real,real
2010-10-13,1856.305037,104.646297,1963.877897,0.1300,0.010195,real,real
2010-10-14,1853.832680,104.065487,1959.990707,0.1350,0.010211,real,real
2010-10-15,1892.831075,110.703671,2001.585660,0.1350,0.010040,real,real
2010-10-18,1898.623921,110.703671,1994.199100,0.1350,0.010070,real,real
2010-10-19,1867.566017,106.301535,1975.540146,0.1350,0.010146,real,real
2010-10-20,1882.021257,108.511602,1989.923581,0.1350,0.010088,real,real
2010-10-21,1885.946453,109.268526,1993.810092,0.1200,0.010072,real,real
2010-10-22,1898.678114,111.399138,2007.416531,0.1200,0.010017,real,real
2010-10-25,1907.105895,113.089524,2017.134420,0.1150,0.009978,real,real
2010-10-26,1912.068674,113.767363,2022.577132,0.1300,0.009957,real,real
2010-10-27,1918.231394,114.938491,2028.797009,0.1300,0.009933,real,real
2010-10-28,1921.705427,115.598746,2033.072528,0.1250,0.009916,real,real
2010-10-29,1916.941133,115.043958,2028.407662,0.1100,0.009934,real,real
2010-11-01,1920.523331,115.308336,2029.962674,0.1050,0.009928,real,real
2010-11-02,1941.547513,118.803425,2051.731651,0.1250,0.009844,real,real
2010-11-03,1947.539064,120.520183,2061.061212,0.1200,0.009808,real,real
2010-11-04,1974.103415,124.790480,2086.329560,0.1150,0.009714,real,real
2010-11-05,1973.119803,124.939925,2086.329560,0.1200,0.009714,real,real
2010-11-08,1975.131967,125.257026,2089.049558,0.1100,0.009704,real,real
2010-11-09,1964.249893,123.231912,2077.776486,0.1250,0.009746,real,real
2010-11-10,1974.049223,125.116050,2088.272731,0.1250,0.009707,real,real
2010-11-11,1960.848335,123.011810,2075.055979,0.1250,0.009756,real,real
2010-11-12,1929.122500,116.752279,2041.235576,0.1250,0.009884,real,real
2010-11-15,1923.284493,115.502077,2033.461196,0.1300,0.009914,real,real
2010-11-16,1889.131461,109.770570,2000.030309,0.1350,0.010047,real,real
2010-11-17,1894.879367,110.809159,2005.861858,0.1350,0.010023,real,real
2010-11-18,1926.253174,115.959825,2038.126401,0.1350,0.009896,real,real
2010-11-19,1926.704335,116.232661,2039.681243,0.1300,0.009890,real,real
2010-11-22,1940.771637,119.296660,2056.784505,0.1250,0.009825,real,real
2010-11-23,1909.867057,113.661907,2024.131804,0.1400,0.009951,real,real
2010-11-24,1949.488004,120.300091,2064.948912,0.1500,0.009794,real,real
2010-11-26,1943.523548,119.543103,2051.342813,0.1550,0.009845,real,real
2010-11-29,1935.086956,117.879121,2049.788650,0.1550,0.009851,real,real
2010-11-30,1910.516704,113.397837,2024.909140,0.1600,0.009948,real,real
2010-12-01,1951.572424,120.608415,2067.669249,0.1550,0.009783,real,real
2010-12-02,1971.847607,124.270830,2088.661909,0.1450,0.009705,real,real
2010-12-03,1977.144131,125.309791,2094.103771,0.1300,0.009685,real,real
2010-12-06,1975.917095,125.089699,2093.327114,0.1250,0.009688,real,real
2010-12-07,1975.502061,125.204250,2094.492608,0.1400,0.009684,real,real
2010-12-08,1985.653201,126.938656,2102.267158,0.1350,0.009655,real,real
2010-12-09,1986.528427,127.070484,2104.210329,0.1350,0.009648,real,real
2010-12-10,1998.953440,129.738278,2118.205775,0.1150,0.009598,real,real
2010-12-13,1991.833984,128.215240,2110.819214,0.1200,0.009624,real,real
2010-12-14,1996.472050,128.752104,2114.706234,0.1350,0.009610,real,real
2010-12-15,1987.322366,127.440339,2105.377012,0.1350,0.009644,real,real
2010-12-16,2001.371606,130.099357,2121.703448,0.1250,0.009585,real,real
2010-12-17,2001.615250,130.495584,2123.573945,0.1050,0.011574,real,real
2010-12-20,2005.901287,130.847493,2125.131503,0.1000,0.010229,real,real
2010-12-21,2016.305103,133.004488,2137.984378,0.1300,0.010180,real,real
2010-12-22,2017.514076,133.145453,2137.595710,0.1300,0.010181,real,real
2010-12-23,2012.425069,132.132897,2132.142810,0.1300,0.010202,real,real
2010-12-27,2012.055195,132.186001,2133.310852,0.1200,0.010198,real,real
2010-12-28,2009.853358,131.613639,2129.415512,0.1400,0.010213,real,real
2010-12-29,2013.661137,132.397285,2134.089887,0.1250,0.010195,real,real
2010-12-30,2008.319453,131.402302,2129.026504,0.1100,0.010214,real,real
2010-12-31,2001.227312,130.196036,2121.235994,0.1150,0.010245,real,real
2011-01-03,2034.044704,136.077286,2154.343924,0.1200,0.010118,real,real
2011-01-04,2031.545251,135.865981,2152.786875,0.1350,0.010124,real,real
2011-01-05,2048.635205,139.237997,2171.092648,0.1350,0.010055,real,real
2011-01-06,2055.050822,140.497018,2178.104125,0.1400,0.010029,real,real
2011-01-07,2054.319887,140.171098,2176.156539,0.1350,0.010037,real,real
2011-01-10,2061.249670,141.747209,2184.336058,0.1350,0.010006,real,real
2011-01-11,2065.174865,142.398729,2187.452024,0.1450,0.009995,real,real
2011-01-12,2079.747302,145.286604,2203.032367,0.1450,0.009938,real,real
2011-01-13,2080.333944,145.744342,2203.811231,0.1400,0.009936,real,real
2011-01-14,2096.485447,148.905074,2220.170268,0.1450,0.009877,real,real
2011-01-18,2101.321998,150.093395,2226.402710,0.1450,0.009855,real,real
2011-01-19,2078.339844,145.066502,2201.084102,0.1550,0.009945,real,real
2011-01-20,2062.783796,141.808761,2185.504099,0.1550,0.010002,real,real
2011-01-21,2046.758521,138.568934,2168.755885,0.1500,0.010064,real,real
2011-01-24,2075.695878,144.291633,2198.747509,0.1500,0.009954,real,real
2011-01-25,2078.980459,144.793337,2201.863815,0.1500,0.009943,real,real
2011-01-26,2088.147986,147.038532,2213.548138,0.1550,0.009901,real,real
2011-01-27,2102.476998,149.873324,2227.181575,0.1400,0.009852,real,real
2011-01-28,2048.734558,138.568934,2170.703640,0.1350,0.010057,real,real
2011-01-31,2059.020957,140.620377,2181.220091,0.1450,0.010018,real,real
2011-02-01,2097.856996,148.429413,2222.117683,0.1500,0.009870,real,real
2011-02-02,2094.374151,147.760318,2218.612200,0.1500,0.009883,real,real
2011-02-03,2096.160734,148.332691,2222.506521,0.1450,0.009869,real,real
2011-02-04,2109.812783,151.009272,2234.971406,0.1450,0.009825,real,real
2011-02-07,2119.738341,153.201362,2245.488706,0.1400,0.009788,real,real
2011-02-08,2132.740964,156.467890,2260.289505,0.1450,0.009737,real,real
2011-02-09,2130.340642,155.516886,2256.394335,0.1300,0.009751,real,real
2011-02-10,2133.408675,156.274191,2259.899479,0.1100,0.009739,real,real
2011-02-11,2146.762886,159.478859,2276.259365,0.1100,0.009683,real,real
2011-02-14,2152.583050,160.482629,2281.712434,0.1100,0.009665,real,real
2011-02-15,2149.262340,160.068806,2278.595788,0.1250,0.009675,real,real
2011-02-16,2163.717580,163.027021,2293.396247,0.1100,0.009626,real,real
2011-02-17,2163.383835,162.886013,2292.617553,0.0900,0.009628,real,real
2011-02-18,2158.781898,161.961742,2287.554170,0.0900,0.009645,real,real
2011-02-22,2095.971281,147.698766,2221.339158,0.1000,0.009873,real,real
2011-02-23,2076.192200,144.053956,2203.032367,0.1150,0.009938,real,real
2011-02-24,2087.354048,146.105081,2214.717199,0.1200,0.009897,real,real
2011-02-25,2117.112659,152.364972,2245.488706,0.1250,0.009788,real,real
2011-02-28,2121.353536,153.474198,2250.162232,0.1350,0.009772,real,real
2011-03-01,2089.113535,146.096272,2213.938504,0.1300,0.009899,real,real
2011-03-02,2099.499287,148.156545,2225.623167,0.1200,0.009858,real,real
2011-03-03,2140.094813,156.995977,2269.637405,0.1250,0.009706,real,real
2011-03-04,2129.447351,154.671698,2257.952064,0.1100,0.009745,real,real
2011-03-07,2100.672351,148.508815,2227.570583,0.1000,0.009851,real,real
2011-03-08,2109.226361,150.058267,2236.528796,0.1050,0.009820,real,real
2011-03-09,2095.817736,147.029724,2221.339158,0.0950,0.009873,real,real
2011-03-10,2061.168602,140.303266,2186.671972,0.0650,0.009998,real,real
2011-03-11,2074.676359,142.645172,2200.306087,0.0700,0.009948,real,real
2011-03-14,2066.970481,141.254312,2192.515576,0.0750,0.009977,real,real
2011-03-15,2038.908351,135.478551,2161.355061,0.0950,0.010092,real,real
2011-03-16,1987.791593,125.529862,2109.161984,0.0850,0.010292,real,real
2011-03-17,2007.886354,128.805177,2128.636817,0.0700,0.010216,real,real
2011-03-18,2004.123736,128.100626,2123.839000,0.0650,0.011660,real,real
2011-03-21,2041.687358,135.249693,2164.794663,0.0700,0.010559,real,real
2011-03-22,2037.410353,134.879817,2160.894569,0.0900,0.010574,real,real
2011-03-23,2048.725525,136.922484,2172.986067,0.0850,0.010526,real,real
2011-03-24,2086.253239,144.370728,2211.601911,0.0800,0.010377,real,real
2011-03-25,2090.106178,145.427209,2217.062282,0.0800,0.010357,real,real
2011-03-28,2078.141360,142.962294,2204.970613,0.0800,0.010403,real,real
2011-03-29,2098.389446,147.064904,2226.423256,0.0950,0.010322,real,real
2011-03-30,2108.296941,149.230644,2236.954479,0.0950,0.010282,real,real
2011-03-31,2110.525653,149.864516,2240.074861,0.0900,0.010271,real,real
2011-04-01,2114.071723,150.093395,2241.245619,0.0550,0.010267,real,real
2011-04-04,2106.510358,148.737694,2233.834268,0.0350,0.010294,real,real
2011-04-05,2100.491931,147.047330,2227.983871,0.0650,0.010316,real,real
2011-04-06,2104.525291,148.156545,2233.444751,0.0500,0.010295,real,real
2011-04-07,2105.012360,148.121386,2231.884645,0.0350,0.010301,real,real
2011-04-08,2094.455219,145.902892,2221.352403,0.0350,0.010341,real,real
2011-04-11,2088.427760,144.582011,2213.940882,0.0350,0.010369,real,real
2011-04-12,2073.810163,141.729634,2198.729850,0.0450,0.010426,real,real
2011-04-13,2090.349603,145.110448,2217.452138,0.0500,0.010355,real,real
2011-04-14,2085.495208,144.317994,2213.551025,0.0650,0.010370,real,real
2011-04-15,2082.183751,143.384903,2209.650930,0.0600,0.010385,real,real
2011-04-18,2068.432350,140.620377,2194.048854,0.0550,0.010444,real,real
2011-04-19,2081.452817,143.155992,2207.701138,0.0550,0.010392,real,real
2011-04-20,2127.462284,152.682104,2257.627579,0.0550,0.010207,real,real
2011-04-21,2145.093720,156.555804,2275.570154,0.0450,0.010142,real,real
2011-04-25,2150.886567,157.717795,2281.420041,0.0450,0.010121,real,real
2011-04-26,2161.994222,160.429535,2294.292272,0.0550,0.010075,real,real
2011-04-27,2177.839076,163.757615,2309.894689,0.0500,0.010021,real,real
2011-04-28,2174.509334,163.511141,2306.384450,0.0350,0.010033,real,real
2011-04-29,2169.257970,162.718676,2304.433978,0.0400,0.010040,real,real
2011-05-02,2169.402262,161.838319,2300.143348,0.0300,0.010055,real,real
2011-05-03,2159.079735,159.408170,2289.221928,0.0250,0.010093,real,real
2011-05-04,2154.306408,158.475090,2285.711521,0.0200,0.010106,real,real
2011-05-05,2143.207785,156.098056,2273.230165,0.0100,0.010150,real,real
2011-05-06,2150.399277,157.453757,2280.640837,0.0050,0.010124,real,real
2011-05-09,2157.428412,159.161727,2289.221928,0.0050,0.010093,real,real
2011-05-10,2175.817880,163.247092,2308.724439,0.0250,0.010025,real,real
2011-05-11,2159.332411,159.725313,2291.952283,0.0200,0.010084,real,real
2011-05-12,2172.695656,162.542552,2305.604228,0.0200,0.010036,real,real
2011-05-13,2146.844175,156.784672,2278.300679,0.0200,0.010132,real,real
2011-05-16,2109.497102,148.631878,2238.905121,0.0200,0.010275,real,real
2011-05-17,2114.604174,149.846941,2245.146393,0.0350,0.010252,real,real
2011-05-18,2132.145290,153.491825,2263.868002,0.0400,0.010184,real,real
2011-05-19,2138.208877,154.812706,2270.498452,0.0400,0.010160,real,real
2011-05-20,2121.750506,151.396712,2253.337118,0.0400,0.010222,real,real
2011-05-23,2090.485084,144.828465,2220.182663,0.0450,0.010345,real,real
2011-05-24,2078.547362,142.099479,2206.530040,0.0500,0.010397,real,real
2011-05-25,2085.224467,143.684090,2215.111640,0.0450,0.010364,real,real
2011-05-26,2098.741256,146.378256,2228.763415,0.0450,0.010313,real,real
2011-05-27,2107.909004,148.561559,2240.074861,0.0350,0.010271,real,real
2011-05-31,2140.798651,155.710606,2276.350376,0.0400,0.010139,real,real
2011-06-01,2095.628283,145.761926,2226.813113,0.0400,0.010320,real,real
2011-06-02,2099.436062,146.607135,2231.494279,0.0350,0.010303,real,real
2011-06-03,2068.405254,139.950996,2197.949288,0.0300,0.010429,real,real
2011-06-06,2052.316755,136.570182,2180.007053,0.0300,0.010499,real,real
2011-06-07,2047.335912,135.778067,2176.106619,0.0400,0.010514,real,real
2011-06-08,2032.835512,132.855054,2160.504032,0.0350,0.010576,real,real
2011-06-09,2036.228256,133.436203,2164.404637,0.0400,0.010560,real,real
2011-06-10,2004.141800,127.308500,2131.250351,0.0350,0.010693,real,real
2011-06-13,2005.215512,127.396404,2131.250351,0.0400,0.010693,real,real
2011-06-14,2030.534763,132.132897,2158.554579,0.0500,0.010583,real,real
2011-06-15,1993.241662,124.913543,2117.598916,0.0450,0.010749,real,real
2011-06-16,1985.048494,123.170402,2109.407682,0.0350,0.010783,real,real
2011-06-17,1978.759325,122.254886,2102.800834,0.0250,0.013080,real,real
2011-06-20,1989.045945,123.874614,2113.746705,0.0150,0.011377,real,real
2011-06-21,2031.870184,132.132897,2159.094877,0.0200,0.011180,real,real
2011-06-22,2017.369783,129.157118,2143.457483,0.0100,0.011247,real,real
2011-06-23,2034.784671,132.731641,2163.395017,0.0050,0.011162,real,real
2011-06-24,2000.505410,125.741156,2125.865711,0.0100,0.011323,real,real
2011-06-27,2032.249089,131.851274,2159.875949,0.0150,0.009566,real,real
2011-06-28,2062.485959,137.767671,2191.931980,0.0250,0.009455,real,real
2011-06-29,2070.318066,139.493237,2200.923303,0.0200,0.009425,real,real
2011-06-30,2097.965381,144.793337,2230.243036,0.0150,0.009327,real,real
2011-07-01,2130.737612,151.502221,2263.863078,0.0100,0.009218,real,real
2011-07-05,2139.598491,153.685513,2275.199994,0.0100,0.009182,real,real
2011-07-06,2146.248721,155.323187,2282.627476,0.0050,0.009159,real,real
2011-07-07,2177.207273,161.609450,2313.901416,0.0200,0.009062,real,real
2011-07-08,2170.891009,160.271335,2307.646561,0.0200,0.009081,real,real
2011-07-11,2131.288126,151.678345,2265.817625,0.0150,0.009212,real,real
2011-07-12,2114.856850,147.980421,2248.616898,0.0300,0.009267,real,real
2011-07-13,2122.652829,149.952790,2257.998928,0.0050,0.009237,real,real
2011-07-14,2097.956349,144.793337,2231.806538,0.0050,0.009322,real,real
2011-07-15,2126.478672,150.551545,2261.517655,0.0050,0.009226,real,real
2011-07-18,2115.055335,148.068642,2249.398649,0.0050,0.009265,real,real
2011-07-19,2163.925097,158.510249,2300.610293,0.0250,0.009103,real,real
2011-07-20,2154.568117,156.291765,2290.837049,0.0200,0.009133,real,real
2011-07-21,2169.402262,159.461274,2306.083738,0.0350,0.009086,real,real
2011-07-22,2192.194963,164.409072,2329.929856,0.0300,0.009013,real,real
2011-07-25,2187.367444,163.440791,2325.239011,0.0350,0.009028,real,real
2011-07-26,2192.149803,164.338775,2331.102652,0.0650,0.009010,real,real
2011-07-27,2135.944036,151.872044,2270.900025,0.0700,0.009196,real,real
2011-07-28,2140.103845,152.682104,2274.808949,0.0650,0.009183,real,real
2011-07-29,2132.019062,151.202981,2267.380787,0.0900,0.009207,real,real
2011-08-01,2124.114699,149.160315,2256.826811,0.0750,0.009241,real,real
2011-08-02,2068.892544,137.837990,2199.751356,0.0500,0.009428,real,real
2011-08-03,2086.875789,141.412523,2220.860837,0.0100,0.009358,real,real
2011-08-04,1991.608403,122.166611,2117.656478,0.0100,0.009716,real,real
2011-08-05,1980.040554,119.472456,2104.364166,0.0100,0.009765,real,real
2011-08-08,1859.048136,98.483446,1977.703885,0.0150,0.010263,real,real
2011-08-09,1949.731648,111.971479,2073.089717,0.0300,0.009882,real,real
2011-08-10,1870.597921,98.765038,1988.259050,0.0150,0.010219,real,real
2011-08-11,1955.398266,111.443042,2075.826354,0.0100,0.009872,real,real
2011-08-12,1968.915055,114.278215,2094.199877,0.0050,0.009803,real,real
2011-08-15,1997.852632,119.208439,2125.083621,0.0050,0.009689,real,real
2011-08-16,1979.941422,116.144747,2107.100804,0.0200,0.009755,real,real
2011-08-17,1968.527118,114.260641,2094.591431,0.0050,0.009801,real,real
2011-08-18,1870.543728,97.690992,1991.777438,0.0100,0.010204,real,real
2011-08-19,1839.133795,92.214757,1955.812313,0.0100,0.010355,real,real
2011-08-22,1845.007929,93.042370,1962.848241,0.0050,0.010325,real,real
2011-08-23,1921.290394,104.558405,2043.770833,0.0050,0.009995,real,real
2011-08-24,1935.520053,107.023670,2059.798933,0.0100,0.009933,real,real
2011-08-25,1902.287408,101.881813,2026.179231,0.0100,0.010065,real,real
2011-08-26,1950.796329,109.242164,2076.999320,0.0100,0.009867,real,real
2011-08-29,2006.731354,118.539376,2134.857204,0.0050,0.009654,real,real
2011-08-30,2019.120238,120.951579,2148.930418,0.0150,0.009604,real,real
2011-08-31,2022.116014,121.656141,2152.448467,0.0150,0.009592,real,real
2011-09-01,2002.301025,118.222572,2132.902318,0.0100,0.009661,real,real
2011-09-02,1956.084041,109.946408,2082.863470,0.0150,0.009845,real,real
2011-09-06,1955.876525,109.928823,2083.254346,0.0150,0.009844,real,real
2011-09-07,2006.541901,118.240189,2136.029661,0.0150,0.009650,real,real
2011-09-08,1998.005956,116.602484,2126.256077,0.0100,0.009685,real,real
2011-09-09,1952.321202,108.925393,2078.953867,0.0050,0.009860,real,real
2011-09-12,1977.748838,113.010408,2105.537472,0.0050,0.009761,real,real
2011-09-13,2003.681606,117.394980,2133.683729,0.0050,0.009658,real,real
2011-09-14,2032.709283,122.466191,2164.176598,0.0050,0.009551,real,real
2011-09-15,2063.216894,128.030318,2196.231779,0.0050,0.009440,real,real
2011-09-16,2080.839298,131.375941,2216.363053,0.0050,0.011224,real,real
2011-09-19,2083.248432,131.710308,2217.146671,0.0050,0.009243,real,real
2011-09-20,2071.635423,129.844084,2207.355259,0.0050,0.009275,real,real
2011-09-21,2037.717223,123.240721,2168.973397,0.0050,0.009403,real,real
2011-09-22,1971.206992,111.249693,2098.475225,0.0050,0.009652,real,real
2011-09-23,1991.301754,114.718399,2120.800461,0.0050,0.009572,real,real
2011-09-26,2016.043394,118.609684,2145.474346,0.0050,0.009484,real,real
2011-09-27,2033.431186,122.237290,2167.798053,0.0100,0.009407,real,real
2011-09-28,2003.916219,116.479114,2135.682763,0.0100,0.009519,real,real
2011-09-29,1983.018266,113.027992,2110.224751,0.0100,0.009610,real,real
2011-09-30,1930.232341,104.241283,2055.785583,0.0100,0.009811,real,real
2011-10-03,1881.380643,96.071253,2002.911785,0.0200,0.010017,real,real
2011-10-04,1921.236202,101.916983,2044.036057,0.0050,0.009856,real,real
2011-10-05,1969.564702,109.664753,2096.517792,0.0050,0.009659,real,real
2011-10-06,2001.344509,115.299549,2131.766028,0.0050,0.009533,real,real
2011-10-07,1987.602140,112.922165,2117.666835,0.0050,0.009583,real,real
2011-10-10,2056.079374,124.508550,2190.906059,0.0050,0.009329,real,real
2011-10-11,2070.760195,127.167514,2205.788361,0.0050,0.009280,real,real
2011-10-12,2081.822690,129.210202,2216.755287,0.0150,0.009244,real,real
2011-10-13,2099.598419,132.678897,2237.121391,0.0150,0.009178,real,real
2011-10-14,2140.257169,139.986515,2278.635690,0.0150,0.009047,real,real
2011-10-17,2106.365846,133.506553,2243.388133,0.0200,0.009158,real,real
2011-10-18,2133.877900,138.348842,2271.195134,0.0250,0.009070,real,real
2011-10-19,2090.512180,130.372193,2227.329469,0.0200,0.009209,real,real
2011-10-20,2081.019719,128.716924,2216.363053,0.0150,0.009245,real,real
2011-10-21,2107.764491,133.295216,2244.170733,0.0150,0.009155,real,real
2011-10-24,2151.518149,141.623839,2290.777280,0.0050,0.009010,real,real
2011-10-25,2107.710519,133.594414,2245.737631,0.0150,0.009150,real,real
2011-10-26,2106.735939,133.066380,2242.995050,0.0150,0.009159,real,real
2011-10-27,2165.423095,143.789907,2304.876982,0.0100,0.008967,real,real
2011-10-28,2166.740452,144.265250,2308.401314,0.0100,0.008956,real,real
2011-10-31,2129.555736,137.116204,2269.627727,0.0050,0.009075,real,real
2011-11-01,2073.873387,126.498461,2210.488884,0.0050,0.009264,real,real
2011-11-02,2091.874697,129.614887,2229.288091,0.0050,0.009203,real,real
2011-11-03,2136.440358,137.503654,2275.502914,0.0050,0.009057,real,real
2011-11-04,2126.162990,135.373063,2263.752879,0.0050,0.009093,real,real
2011-11-07,2139.445166,138.384012,2279.811203,0.0050,0.009043,real,real
2011-11-08,2165.585452,142.997453,2306.051307,0.0050,0.008963,real,real
2011-11-09,2088.066919,128.206421,2224.979462,0.0050,0.009217,real,real
2011-11-10,2086.235175,127.678016,2223.804628,0.0050,0.009221,real,real
2011-11-11,2125.675700,134.844626,2265.711501,0.0050,0.009087,real,real
2011-11-14,2112.628138,132.555517,2251.612308,0.0050,0.009132,real,real
2011-11-15,2135.113969,136.817017,2276.677918,0.0100,0.009053,real,real
2011-11-16,2097.333798,130.072974,2239.079164,0.0050,0.009172,real,real
2011-11-17,2050.160299,121.127725,2186.597600,0.0050,0.009344,real,real
2011-11-18,2033.792027,118.222572,2169.756506,0.0050,0.009401,real,real
2011-11-21,1995.163505,111.355181,2128.241188,0.0050,0.009545,real,real
2011-11-22,1999.846731,112.323728,2135.290699,0.0150,0.009520,real,real
2011-11-23,1954.920009,104.857570,2087.117424,0.0150,0.009694,real,real
2011-11-25,1940.789482,102.480569,2071.060968,0.0050,0.009753,real,real
2011-11-28,2006.965967,113.063152,2143.125018,0.0100,0.009493,real,real
2011-11-29,1995.389086,111.020475,2129.808255,0.0150,0.009540,real,real
2011-11-30,2071.012872,123.205551,2208.530602,0.0150,0.009271,real,real
2011-12-01,2083.645401,125.846973,2223.804628,0.0150,0.009221,real,real
2011-12-02,2077.184844,124.649494,2217.538056,0.0150,0.009241,real,real
2011-12-05,2099.661643,128.734487,2241.821235,0.0150,0.009163,real,real
2011-12-06,2094.734992,127.748674,2235.555172,0.0050,0.009183,real,real
2011-12-07,2093.877829,127.942394,2235.555172,0.0050,0.009183,real,real
2011-12-08,2059.634696,121.427262,2197.955401,0.0050,0.009306,real,real
2011-12-09,2092.199411,127.185120,2233.204317,0.0050,0.009190,real,real
2011-12-12,2068.342029,123.011810,2208.139217,0.0050,0.009272,real,real
2011-12-13,2046.803682,118.856476,2183.856208,0.0050,0.009353,real,real
2011-12-14,2014.915490,113.327179,2149.782296,0.0050,0.009469,real,real
2011-12-15,2009.212744,112.446843,2143.907957,0.0050,0.009490,real,real
2011-12-16,2019.562368,113.855616,2154.945689,0.0050,0.012408,real,real
2011-12-19,1998.890216,110.703671,2133.733989,0.0050,0.010524,real,real
2011-12-20,2059.048053,120.528970,2196.976345,0.0050,0.010278,real,real
2011-12-21,2029.352666,115.510843,2165.551963,0.0050,0.010398,real,real
2011-12-22,2045.359877,118.328071,2184.013101,0.0050,0.010327,real,real
2011-12-23,2064.128249,121.392092,2202.868681,0.0050,0.010256,real,real
2011-12-27,2069.136189,122.325193,2211.085216,0.0050,0.011104,real,real
2011-12-28,2045.639649,118.398379,2185.529909,0.0050,0.011210,real,real
2011-12-29,2061.872440,120.705094,2201.256617,0.0050,0.011144,real,real
2011-12-30,2055.339627,119.719291,2194.966103,0.0050,0.011171,real,real
2012-01-03,2095.159058,126.533621,2237.033945,0.0050,0.010998,real,real
2012-01-04,2102.152065,128.047882,2246.468272,0.0100,0.010960,real,real
2012-01-05,2119.539856,131.199817,2264.947070,0.0100,0.010887,real,real
2012-01-06,2126.027510,132.555517,2272.810085,0.0150,0.010857,real,real
2012-01-09,2121.046666,131.446270,2265.339304,0.0050,0.010886,real,real
2012-01-10,2136.142521,134.140425,2281.852008,0.0100,0.010822,real,real
2012-01-11,2140.536942,135.073516,2286.570700,0.0150,0.010803,real,real
2012-01-12,2149.325564,136.676041,2295.612623,0.0200,0.010769,real,real
2012-01-13,2140.293297,135.108707,2287.356016,0.0200,0.010800,real,real
2012-01-17,2159.476704,138.736271,2308.193141,0.0200,0.010721,real,real
2012-01-18,2189.000703,144.247665,2338.859543,0.0250,0.010606,real,real
2012-01-19,2203.203266,147.135201,2353.405984,0.0400,0.010553,real,real
2012-01-20,2198.980454,146.483755,2349.868069,0.0400,0.010566,real,real
2012-01-23,2199.160875,146.466159,2350.653895,0.0350,0.010563,real,real
2012-01-24,2196.219291,145.656110,2346.329305,0.0350,0.010579,real,real
2012-01-25,2224.822902,151.220587,2375.815780,0.0350,0.010473,real,real
2012-01-26,2214.870247,149.618083,2367.559513,0.0450,0.010502,real,real
2012-01-27,2221.312961,151.097196,2374.636871,0.0500,0.010477,real,real
2012-01-30,2224.516253,151.343660,2376.602115,0.0450,0.010470,real,real
2012-01-31,2226.889258,151.872044,2379.746778,0.0550,0.010459,real,real
2012-02-01,2245.143245,155.604799,2399.011401,0.0550,0.010391,real,real
2012-02-02,2252.046152,157.207293,2406.482012,0.0750,0.010365,real,real
2012-02-03,2282.129477,163.458386,2439.505383,0.0700,0.010251,real,real
2012-02-06,2281.344570,163.299836,2437.539969,0.0650,0.010258,real,real
2012-02-07,2284.737315,164.004048,2442.651914,0.0800,0.010241,real,real
2012-02-08,2297.062975,166.733373,2455.625175,0.0750,0.010197,real,real
2012-02-09,2313.494251,170.431287,2473.317806,0.0850,0.010139,real,real
2012-02-10,2298.506780,166.786138,2456.018936,0.0800,0.010196,real,real
2012-02-13,2318.511222,171.276506,2478.821815,0.0950,0.010121,real,real
2012-02-14,2323.699582,172.773204,2485.112498,0.1100,0.010100,real,real
2012-02-15,2306.347919,168.916697,2467.813628,0.1050,0.010157,real,real
2012-02-16,2339.084242,175.977872,2501.624014,0.0950,0.010047,real,real
2012-02-17,2331.820494,174.481238,2493.761509,0.0750,0.010072,real,real
2012-02-21,2337.234435,175.960234,2500.837848,0.0700,0.010049,real,real
2012-02-22,2327.796166,173.635987,2489.436239,0.0800,0.010086,real,real
2012-02-23,2341.466280,176.928537,2505.949283,0.0850,0.010033,real,real
2012-02-24,2349.839868,178.654442,2514.598463,0.0900,0.010005,real,real
2012-02-27,2352.140837,179.517215,2518.136718,0.1000,0.009994,real,real
2012-02-28,2376.232831,184.887569,2543.691346,0.0950,0.009913,real,real
2012-02-29,2366.884883,182.457781,2532.290586,0.0750,0.009949,real,real
2012-03-01,2385.328322,186.895151,2552.341205,0.0700,0.009887,real,real
2012-03-02,2383.559803,186.331565,2550.375112,0.0600,0.009893,real,real
2012-03-05,2359.503718,180.520688,2524.033300,0.0600,0.009975,real,real
2012-03-06,2336.070402,175.343936,2499.265007,0.0700,0.010054,real,real
2012-03-07,2353.124449,179.323495,2518.529971,0.0750,0.009993,real,real
2012-03-08,2379.589448,185.011035,2545.656421,0.0750,0.009907,real,real
2012-03-09,2388.315066,187.247082,2556.271354,0.0800,0.009875,real,real
2012-03-12,2388.315066,187.546587,2557.451622,0.0750,0.009871,real,real
2012-03-13,2433.954439,198.111659,2605.022453,0.0800,0.009727,real,real
2012-03-14,2443.861933,200.330132,2614.064546,0.0800,0.009700,real,real
2012-03-15,2449.618872,201.861957,2621.535496,0.0750,0.009678,real,real
2012-03-16,2447.805193,201.421773,2619.684866,0.0800,0.011396,real,real
2012-03-19,2466.284761,205.806356,2638.194227,0.0750,0.010180,real,real
2012-03-20,2470.227800,206.933188,2642.919202,0.0950,0.010166,real,real
2012-03-21,2469.551058,206.862806,2643.313982,0.0850,0.010164,real,real
2012-03-22,2464.696663,205.612573,2637.800295,0.0700,0.010182,real,real
2012-03-23,2462.034853,205.330960,2636.224908,0.0700,0.010186,real,real
2012-03-26,2506.672770,216.054541,2682.301854,0.0700,0.010046,real,real
2012-03-27,2510.372384,216.881825,2686.239135,0.0800,0.010034,real,real
2012-03-28,2500.311345,214.346210,2675.606881,0.0750,0.010066,real,real
2012-03-29,2492.262690,212.145332,2665.368051,0.0550,0.010097,real,real
2012-03-30,2486.144911,210.666272,2660.247616,0.0650,0.010113,real,real
2012-04-02,2512.447552,217.093119,2687.816050,0.0600,0.010029,real,real
2012-04-03,2510.967838,217.111096,2687.026659,0.0750,0.010032,real,real
2012-04-04,2476.878030,208.253995,2650.403057,0.0700,0.010143,real,real
2012-04-05,2492.668691,212.057439,2666.943778,0.0700,0.010092,real,real
2012-04-09,2472.348348,207.179928,2646.857840,0.0750,0.010154,real,real
2012-04-10,2431.870239,197.178208,2604.324921,0.0850,0.010287,real,real
2012-04-11,2443.609257,200.030882,2616.928192,0.0850,0.010247,real,real
2012-04-12,2472.601026,206.739426,2646.857840,0.0850,0.010154,real,real
2012-04-13,2435.362116,197.389502,2606.688512,0.0800,0.010279,real,real
2012-04-16,2409.294088,191.173865,2577.546388,0.0750,0.010373,real,real
2012-04-17,2457.550331,202.443053,2629.923867,0.0750,0.010206,real,real
2012-04-18,2450.836877,200.964015,2623.228215,0.0650,0.010227,real,real
2012-04-19,2424.380910,194.466447,2593.692328,0.0650,0.010321,real,real
2012-04-20,2414.653836,192.371057,2586.603254,0.0650,0.010343,real,real
2012-04-23,2394.315429,187.528991,2562.974817,0.0700,0.010420,real,real
2012-04-24,2380.988093,184.218538,2549.191279,0.0800,0.010466,real,real
2012-04-25,2444.953930,198.850988,2616.928192,0.0850,0.010247,real,real
2012-04-26,2459.039076,202.407968,2632.287118,0.0850,0.010199,real,real
2012-04-27,2473.575605,205.876675,2648.038957,0.0850,0.010150,real,real
2012-04-30,2457.640431,201.597940,2629.136173,0.0900,0.010209,real,real
2012-05-01,2460.563951,202.742664,2633.468064,0.0850,0.010195,real,real
2012-05-02,2467.647279,204.080790,2640.950901,0.0800,0.010172,real,real
2012-05-03,2440.415216,197.741794,2612.989214,0.0750,0.010259,real,real
2012-05-04,2380.257158,183.232407,2548.009314,0.0700,0.010470,real,real
2012-05-07,2381.484415,183.496424,2550.372565,0.0750,0.010462,real,real
2012-05-08,2372.993630,181.471628,2540.920409,0.0900,0.010493,real,real
2012-05-09,2365.305817,180.467901,2533.043981,0.0900,0.010520,real,real
2012-05-10,2360.694846,178.618912,2527.924565,0.0900,0.010537,real,real
2012-05-11,2360.460233,178.443148,2527.530633,0.0900,0.010538,real,real
2012-05-14,2337.270563,173.512585,2503.901857,0.0850,0.010619,real,real
2012-05-15,2328.671394,171.998313,2495.631836,0.0900,0.010648,real,real
2012-05-16,2311.355859,168.265208,2478.697523,0.0950,0.010707,real,real
2012-05-17,2263.974842,157.911515,2426.319195,0.0900,0.010895,real,real
2012-05-18,2236.435911,151.572486,2394.814160,0.0750,0.011012,real,real
2012-05-21,2296.801266,164.321180,2461.762360,0.0600,0.010767,real,real
2012-05-22,2291.179808,163.722435,2459.006366,0.0850,0.010776,real,real
2012-05-23,2298.290232,164.637983,2463.732020,0.0800,0.010760,real,real
2012-05-24,2284.096701,161.679758,2447.584890,0.0900,0.010817,real,real
2012-05-25,2280.216666,160.764231,2444.434964,0.0800,0.010829,real,real
2012-05-29,2309.018762,166.750958,2475.546577,0.0750,0.010718,real,real
2012-05-30,2289.555581,162.701091,2454.674644,0.0650,0.010792,real,real
2012-05-31,2278.249662,160.376802,2444.040863,0.0600,0.010830,real,real
2012-06-01,2218.660182,147.769105,2379.061642,0.0650,0.011071,real,real
2012-06-04,2236.074850,150.938582,2397.177241,0.0650,0.011003,real,real
2012-06-05,2244.529727,153.016450,2407.022140,0.0800,0.010966,real,real
2012-06-06,2297.604457,163.475982,2462.157141,0.0800,0.010765,real,real
2012-06-07,2287.759967,161.644599,2452.311563,0.0800,0.010800,real,real
2012-06-08,2309.235310,166.399027,2475.940679,0.0800,0.010716,real,real
2012-06-11,2271.310627,158.439941,2434.195794,0.0750,0.010866,real,real
2012-06-12,2297.496072,163.440791,2463.732020,0.0900,0.010760,real,real
2012-06-13,2280.568474,160.235794,2446.798386,0.0900,0.010820,real,real
2012-06-14,2291.874615,162.032039,2455.856270,0.0950,0.010788,real,real
2012-06-15,2320.081256,168.018755,2486.367986,0.0850,0.012970,real,real
2012-06-18,2339.291760,172.350584,2509.656487,0.0750,0.010965,real,real
2012-06-19,2364.836590,178.020517,2535.707944,0.0900,0.010873,real,real
2012-06-20,2367.092399,178.654442,2537.682018,0.0800,0.010866,real,real
2012-06-21,2307.205082,165.271908,2474.525921,0.0750,0.011092,real,real
2012-06-22,2332.984526,170.413744,2500.578566,0.0750,0.010998,real,real
2012-06-25,2286.072736,160.306473,2452.421253,0.0750,0.011174,real,real
2012-06-26,2300.780654,163.405324,2467.816175,0.0950,0.011117,real,real
2012-06-27,2314.938056,166.399027,2482.815638,0.0800,0.011062,real,real
2012-06-28,2288.878839,160.411961,2455.184718,0.0750,0.011164,real,real
2012-06-29,2360.225621,176.083350,2532.550887,0.0800,0.010884,real,real
2012-07-02,2368.626305,177.492165,2540.050194,0.0700,0.010858,real,real
2012-07-03,2387.403710,181.718113,2561.365300,0.0750,0.010784,real,real
2012-07-05,2388.874392,182.351996,2562.944084,0.0750,0.010779,real,real
2012-07-06,2357.130712,175.167791,2530.971424,0.0700,0.010890,real,real
2012-07-09,2355.344130,174.569056,2526.235243,0.0700,0.010906,real,real
2012-07-10,2332.975495,169.216234,2501.367958,0.0900,0.010995,real,real
2012-07-11,2319.864707,166.891944,2487.552159,0.0900,0.011045,real,real
2012-07-12,2296.684070,162.067177,2464.263148,0.0950,0.011130,real,real
2012-07-13,2332.479173,169.110428,2501.761720,0.0900,0.010993,real,real
2012-07-16,2325.332841,167.842620,2494.657364,0.0850,0.011019,real,real
2012-07-17,2338.506632,170.413744,2507.682753,0.0950,0.010972,real,real
2012-07-18,2369.384336,177.351104,2541.629656,0.0850,0.010852,real,real
2012-07-19,2396.399850,183.126876,2569.654338,0.0800,0.010756,real,real
2012-07-20,2362.319073,176.083350,2535.707944,0.0850,0.010873,real,real
2012-07-23,2336.954662,169.568493,2504.919287,0.0900,0.010982,real,real
2012-07-24,2316.679479,165.694465,2485.183644,0.0950,0.011053,real,real
2012-07-25,2300.203043,161.996880,2468.605567,0.0950,0.011114,real,real
2012-07-26,2332.371009,168.335887,2501.367958,0.1000,0.010995,real,real
2012-07-27,2388.477422,181.084210,2560.576078,0.1000,0.010787,real,real
2012-07-30,2384.047093,179.992611,2558.602344,0.0900,0.010794,real,real
2012-07-31,2384.416966,180.098057,2557.812952,0.1000,0.010796,real,real
2012-08-01,2377.739641,178.337321,2550.312966,0.0900,0.010822,real,real
2012-08-02,2369.068435,176.470758,2541.234536,0.0850,0.010854,real,real
2012-08-03,2414.617708,186.507690,2589.391171,0.0750,0.010689,real,real
2012-08-06,2430.940820,190.698511,2609.127324,0.0750,0.010623,real,real
2012-08-07,2451.757264,195.417493,2630.837211,0.1000,0.010552,real,real
2012-08-08,2448.924066,195.100329,2629.653718,0.1050,0.010556,real,real
2012-08-09,2453.968133,196.755641,2637.547126,0.1100,0.010530,real,real
2012-08-10,2456.990785,197.565605,2639.125910,0.0950,0.010525,real,real
2012-08-13,2462.152049,198.763116,2645.441723,0.0950,0.010505,real,real
2012-08-14,2461.349078,199.044750,2646.625896,0.1050,0.010501,real,real
2012-08-15,2468.278861,200.453534,2653.335641,0.0800,0.010480,real,real
2012-08-16,2497.712759,207.637729,2684.915048,0.0750,0.010380,real,real
2012-08-17,2508.730094,210.490063,2696.755246,0.0800,0.010343,real,real
2012-08-20,2512.366484,211.300134,2700.702884,0.0850,0.010331,real,real
2012-08-21,2501.421185,208.870303,2690.045331,0.1050,0.010364,real,real
2012-08-22,2511.545229,211.123967,2701.097156,0.1000,0.010330,real,real
2012-08-23,2492.235594,206.440218,2678.992827,0.0950,0.010398,real,real
2012-08-24,2506.699866,210.102581,2695.571583,0.0900,0.010347,real,real
2012-08-27,2510.760322,211.123967,2699.914341,0.0950,0.010333,real,real
2012-08-28,2510.886550,211.088797,2699.914341,0.1000,0.010333,real,real
2012-08-29,2512.068647,211.159158,2699.914341,0.0950,0.010333,real,real
2012-08-30,2484.764328,204.714673,2672.678032,0.0900,0.010418,real,real
2012-08-31,2501.457313,209.081640,2690.439942,0.0850,0.010363,real,real
2012-09-04,2501.267861,208.200975,2687.676646,0.0900,0.010371,real,real
2012-09-05,2496.683987,207.250246,2684.915048,0.1000,0.010380,real,real
2012-09-06,2553.313819,220.949647,2744.516760,0.1000,0.010198,real,real
2012-09-07,2549.163263,219.998601,2740.570480,0.1000,0.010210,real,real
2012-09-10,2515.993843,211.898868,2705.439405,0.0950,0.010316,real,real
2012-09-11,2512.871618,210.983309,2701.097156,0.1000,0.010330,real,real
2012-09-12,2518.998430,212.814385,2708.992771,0.0950,0.010305,real,real
2012-09-13,2554.793753,221.301557,2745.700933,0.0950,0.010194,real,real
2012-09-14,2576.341132,226.971480,2770.174456,0.0950,0.010122,real,real
2012-09-17,2577.432909,227.394069,2771.358628,0.0900,0.008637,real,real
2012-09-18,2578.281040,227.816636,2773.726294,0.1000,0.008632,real,real
2012-09-19,2584.281623,229.330950,2778.858275,0.1050,0.008619,real,real
2012-09-20,2582.179139,228.802831,2776.094979,0.1050,0.008626,real,real
2012-09-21,2582.124947,228.802831,2776.887767,0.1000,0.011494,real,real
2012-09-24,2566.189993,224.576840,2760.656248,0.0950,0.011550,real,real
2012-09-25,2530.593375,215.561273,2721.863475,0.1050,0.011686,real,real
2012-09-26,2509.930035,209.891371,2699.696830,0.1000,0.011765,real,real
2012-09-27,2545.996099,218.801493,2736.906236,0.0850,0.011633,real,real
2012-09-28,2525.774888,213.554073,2714.343452,0.0900,0.011713,real,real
2012-10-01,2521.344559,212.638239,2710.384098,0.0800,0.011727,real,real
2012-10-02,2525.865208,214.011938,2718.300938,0.0900,0.011699,real,real
2012-10-03,2543.505677,218.061656,2735.718497,0.0850,0.011637,real,real
2012-10-04,2552.312364,220.597335,2745.219046,0.0950,0.011603,real,real
2012-10-05,2537.279512,216.793890,2730.572763,0.1000,0.011655,real,real
2012-10-08,2514.703361,211.053691,2705.634333,0.0950,0.011744,real,real
2012-10-09,2474.098803,200.207048,2662.486575,0.0950,0.011902,real,real
2012-10-10,2462.025820,197.776921,2649.027182,0.0950,0.011952,real,real
2012-10-11,2453.607072,196.016249,2640.714542,0.0950,0.011984,real,real
2012-10-12,2454.446171,195.981079,2639.527143,0.1000,0.011988,real,real
2012-10-15,2472.249216,199.889969,2658.925058,0.0950,0.011915,real,real
2012-10-16,2506.997483,208.588351,2696.529754,0.1000,0.011777,real,real
2012-10-17,2504.507281,207.954511,2694.946386,0.1050,0.011783,real,real
2012-10-18,2476.129031,200.840931,2663.674144,0.0950,0.011897,real,real
2012-10-19,2416.711160,186.331565,2599.942260,0.0900,0.012140,real,real
2012-10-22,2431.364886,189.254579,2613.402333,0.0900,0.012088,real,real
2012-10-23,2405.612537,183.654931,2588.461695,0.1000,0.012185,real,real
2012-10-24,2396.165236,181.823920,2579.358305,0.1050,0.012221,real,real
2012-10-25,2398.069015,181.823920,2579.358305,0.1100,0.012221,real,real
2012-10-26,2405.441148,183.725589,2586.880025,0.1050,0.012191,real,real
2012-10-31,2389.280393,180.168672,2571.045155,0.1050,0.012254,real,real
2012-11-01,2425.012493,187.810646,2607.463132,0.0900,0.012111,real,real
2012-11-02,2396.823915,180.943212,2579.754444,0.0900,0.012219,real,real
2012-11-05,2411.829449,185.380561,2596.775524,0.0900,0.012152,real,real
2012-11-06,2419.174486,186.507690,2601.525459,0.1000,0.012134,real,real
2012-11-07,2357.491553,173.125103,2540.168203,0.0900,0.012379,real,real
2012-11-08,2321.290449,165.025402,2500.187861,0.0850,0.012545,real,real
2012-11-09,2331.694266,166.821615,2510.875808,0.0900,0.012500,real,real
2012-11-12,2330.494105,167.068090,2510.480008,0.0870,0.012501,real,real
2012-11-13,2311.626599,163.440791,2493.062789,0.0850,0.012575,real,real
2012-11-14,2284.565926,157.594754,2463.770054,0.0950,0.012701,real,real
2012-11-15,2277.789468,156.185949,2455.456904,0.0750,0.012737,real,real
2012-11-16,2286.632062,157.947003,2466.144682,0.0750,0.012690,real,real
2012-11-19,2342.278503,169.321711,2524.731340,0.0750,0.012442,real,real
2012-11-20,2341.222634,169.357241,2525.522770,0.0850,0.012439,real,real
2012-11-21,2346.474219,170.554360,2530.668674,0.0900,0.012418,real,real
2012-11-23,2381.764188,178.372448,2569.065987,0.0900,0.012262,real,real
2012-11-26,2392.664107,180.661600,2580.149565,0.0900,0.012218,real,real
2012-11-27,2383.415291,178.618912,2571.440445,0.0950,0.012252,real,real
2012-11-28,2404.935795,183.408531,2593.608109,0.0920,0.012165,real,real
2012-11-29,2418.254098,186.578008,2609.048028,0.0800,0.012105,real,real
2012-11-30,2416.313971,185.908956,2604.691855,0.0750,0.012122,real,real
2012-12-03,2410.864122,184.993439,2599.545952,0.0770,0.012142,real,real
2012-12-04,2407.299768,183.795950,2597.963432,0.0900,0.012148,real,real
2012-12-05,2380.230063,178.126048,2569.065987,0.0900,0.012262,real,real
2012-12-06,2396.841979,181.401352,2585.691438,0.0900,0.012196,real,real
2012-12-07,2382.621352,178.302172,2570.253386,0.0800,0.012257,real,real
2012-12-10,2388.964712,179.886741,2577.774427,0.0750,0.012227,real,real
2012-12-11,2420.094873,186.824493,2611.421976,0.0750,0.012095,real,real
2012-12-12,2413.327447,185.556686,2605.879933,0.0600,0.012117,real,real
2012-12-13,2394.775623,181.365843,2585.295468,0.0520,0.012198,real,real
2012-12-14,2371.387468,176.224325,2560.752498,0.0250,0.012295,real,real
2012-12-17,2404.024439,183.091685,2594.796017,0.0220,0.009704,real,real
2012-12-18,2441.136899,191.578879,2634.380560,0.0550,0.009588,real,real
2012-12-19,2428.143528,188.831990,2622.901353,0.0450,0.009621,real,real
2012-12-20,2430.453530,188.972627,2622.901353,0.0500,0.009621,real,real
2012-12-21,2404.394312,183.091685,2595.316448,0.0500,0.015374,real,real
2012-12-24,2398.421045,181.541989,2590.141509,0.0500,0.015401,real,real
2012-12-26,2379.589448,177.245680,2567.453244,0.0550,0.015519,real,real
2012-12-27,2375.763604,176.259485,2563.472156,0.0700,0.014780,real,real
2012-12-28,2351.779995,171.153126,2538.792498,0.0100,0.014904,real,real
2012-12-31,2401.019631,182.316848,2592.529211,0.0350,0.014636,real,real
2013-01-02,2478.204419,199.326299,2674.927349,0.0550,0.014247,real,real
2013-01-03,2465.382438,196.438774,2660.995917,0.0650,0.014311,real,real
2013-01-04,2458.371366,194.501913,2652.237726,0.0650,0.014352,real,real
2013-01-07,2458.127721,194.713292,2653.034759,0.0580,0.014348,real,real
2013-01-08,2453.164942,193.586100,2647.859480,0.0600,0.014372,real,real
2013-01-09,2461.222629,195.558427,2657.810672,0.0550,0.014326,real,real
2013-01-10,2476.138063,199.009580,2673.734177,0.0550,0.014252,real,real
2013-01-11,2479.819614,199.748972,2677.315560,0.0630,0.014236,real,real
2013-01-14,2468.486377,197.178208,2665.374163,0.0600,0.014291,real,real
2013-01-15,2457.008848,194.255152,2652.237726,0.0800,0.014352,real,real
2013-01-16,2467.611150,196.438774,2662.985442,0.0720,0.014302,real,real
2013-01-17,2478.817937,199.467360,2675.722514,0.0700,0.014243,real,real
2013-01-18,2475.289932,198.340464,2669.752579,0.0700,0.014271,real,real
2013-01-22,2477.951742,199.150556,2674.131165,0.0600,0.014251,real,real
2013-01-23,2492.370854,202.390373,2690.450979,0.0700,0.014176,real,real
2013-01-24,2457.505170,194.325768,2653.431577,0.0750,0.014346,real,real
2013-01-25,2469.415797,197.213357,2666.965342,0.0700,0.014284,real,real
2013-01-28,2474.558997,198.622119,2672.936635,0.0600,0.014256,real,real
2013-01-29,2475.596801,198.622119,2673.334472,0.0630,0.014254,real,real
2013-01-30,2471.202380,197.530436,2667.762714,0.0600,0.014280,real,real
2013-01-31,2464.723759,196.262649,2661.791761,0.0650,0.014307,real,real
2013-02-01,2493.986049,202.707134,2693.237537,0.0600,0.014164,real,real
2013-02-04,2450.421843,192.388928,2646.266773,0.0550,0.014380,real,real
2013-02-05,2485.892233,200.840931,2685.276209,0.0700,0.014200,real,real
2013-02-06,2478.096255,198.974368,2676.519377,0.0650,0.014240,real,real
2013-02-07,2478.231515,199.467360,2678.907419,0.0650,0.014229,real,real
2013-02-08,2504.453090,205.524723,2706.373634,0.0650,0.014105,real,real
2013-02-11,2503.622802,205.454023,2707.168799,0.0650,0.014101,real,real
2013-02-12,2492.777076,203.059447,2696.024095,0.0830,0.014151,real,real
2013-02-13,2502.837895,205.418853,2705.577451,0.0850,0.014108,real,real
2013-02-14,2500.726379,204.996264,2704.781097,0.0950,0.014112,real,real
2013-02-15,2494.626663,203.235550,2696.820109,0.0950,0.014148,real,real
2013-02-19,2511.040095,207.672898,2716.324827,0.1000,0.014060,real,real
2013-02-20,2472.357380,198.199552,2674.528663,0.1150,0.014249,real,real
2013-02-21,2446.659225,191.755024,2645.869785,0.1200,0.014382,real,real
2013-02-22,2469.912119,197.389502,2672.540156,0.1200,0.014258,real,real
2013-02-25,2437.148700,190.029162,2639.500315,0.1150,0.014411,real,real
2013-02-26,2448.021742,192.318271,2649.451507,0.1100,0.014365,real,real
2013-02-27,2473.503349,198.164340,2676.519377,0.1000,0.014240,real,real
2013-02-28,2471.085183,197.424672,2670.946431,0.1000,0.014265,real,real
2013-03-01,2479.359420,199.467360,2682.091983,0.1000,0.014214,real,real
2013-03-04,2489.988817,202.038082,2694.033721,0.0850,0.014160,real,real
2013-03-05,2525.829080,210.912673,2733.840020,0.0850,0.013983,real,real
2013-03-06,2519.792589,209.574547,2727.072883,0.0920,0.014013,real,real
2013-03-07,2526.045629,211.405940,2734.236499,0.0900,0.013981,real,real
2013-03-08,2530.214469,211.652425,2737.420724,0.0870,0.013967,real,real
2013-03-11,2537.207476,213.835771,2745.383071,0.0870,0.013933,real,real
2013-03-12,2527.236758,211.229837,2735.431199,0.0920,0.013976,real,real
2013-03-13,2525.314695,210.560742,2731.849136,0.0850,0.013992,real,real
2013-03-14,2533.092829,212.708918,2741.004315,0.0900,0.013952,real,real
2013-03-15,2525.973373,210.701336,2733.384112,0.0830,0.016334,real,real
2013-03-18,2519.557976,209.257446,2727.399235,0.0720,0.014712,real,real
2013-03-19,2515.019263,208.412248,2722.212070,0.0700,0.014736,real,real
2013-03-20,2531.838476,212.391775,2741.363608,0.0630,0.014647,real,real
2013-03-21,2503.812475,205.594999,2710.243335,0.0600,0.014793,real,real
2013-03-22,2527.236758,211.264964,2736.575299,0.0650,0.014669,real,real
2013-03-25,2516.986266,209.116810,2726.600504,0.0580,0.014716,real,real
2013-03-26,2532.370926,212.321520,2741.363608,0.0720,0.014647,real,real
2013-03-27,2535.510994,213.448288,2744.953481,0.0800,0.014631,real,real
2013-03-28,2543.370196,214.680884,2751.737259,0.0650,0.014600,real,real
2013-04-01,2523.862076,210.525233,2732.984577,0.0650,0.014686,real,real
2013-04-02,2545.111839,215.279640,2754.529420,0.0680,0.014587,real,real
2013-04-03,2522.030334,209.574547,2729.394873,0.0550,0.014703,real,real
2013-04-04,2521.921949,209.680035,2730.191566,0.0650,0.014699,real,real
2013-04-05,2501.015184,204.538570,2707.450664,0.0600,0.014806,real,real
2013-04-08,2513.990490,207.672898,2721.814403,0.0550,0.014738,real,real
2013-04-09,2530.719603,211.757892,2740.167210,0.0630,0.014653,real,real
2013-04-10,2579.932363,224.154210,2793.629359,0.0650,0.014411,real,real
2013-04-11,2579.806134,223.766833,2792.432451,0.0630,0.014416,real,real
2013-04-12,2577.469037,223.520348,2790.437832,0.0550,0.014425,real,real
2013-04-15,2524.222918,209.926838,2735.379240,0.0550,0.014675,real,real
2013-04-16,2561.163990,218.695666,2771.686679,0.0520,0.014509,real,real
2013-04-17,2510.245935,205.912099,2717.425289,0.0500,0.014759,real,real
2013-04-18,2474.125899,197.002041,2679.922133,0.0500,0.014937,real,real
2013-04-19,2508.874386,205.172431,2716.626898,0.0450,0.014763,real,real
2013-04-22,2535.592282,211.476280,2744.556153,0.0450,0.014633,real,real
2013-04-23,2558.421111,217.709470,2770.886250,0.0450,0.014513,real,real
2013-04-24,2557.293207,217.181372,2769.690701,0.0480,0.014518,real,real
2013-04-25,2570.412805,220.703162,2784.452955,0.0500,0.014452,real,real
2013-04-26,2563.095085,218.836578,2775.675917,0.0450,0.014491,real,real
2013-04-29,2586.916338,224.647116,2801.209999,0.0450,0.014377,real,real
2013-04-30,2605.404937,229.577796,2821.557086,0.0450,0.014288,real,real
2013-05-01,2592.691341,226.654698,2808.391104,0.0500,0.014346,real,real
2013-05-02,2626.789961,234.860300,2843.898962,0.0500,0.014191,real,real
2013-05-03,2656.972858,243.065436,2877.414069,0.0450,0.014049,real,real
2013-05-06,2666.690900,246.199871,2888.586450,0.0300,0.014003,real,real
2013-05-07,2664.452935,245.601073,2886.988649,0.0350,0.014009,real,real
2013-05-08,2678.312721,249.439963,2900.953532,0.0350,0.013952,real,real
2013-05-09,2671.888292,248.559235,2896.963953,0.0350,0.013968,real,real
2013-05-10,2689.844442,252.785247,2914.519049,0.0350,0.013896,real,real
2013-05-13,2690.809990,253.771463,2918.110281,0.0350,0.013881,real,real
2013-05-14,2703.406391,257.504569,2933.270882,0.0400,0.013820,real,real
2013-05-15,2709.334718,259.406238,2939.255589,0.0370,0.013796,real,real
2013-05-16,2706.375071,258.455212,2936.063043,0.0250,0.013809,real,real
2013-05-17,2733.101778,265.745256,2964.390136,0.0300,0.013696,real,real
2013-05-20,2725.892222,264.547745,2960.003230,0.0350,0.013713,real,real
2013-05-21,2730.836937,265.533962,2963.194077,0.0400,0.013701,real,real
2013-05-22,2706.185398,259.053968,2937.259441,0.0350,0.013804,real,real
2013-05-23,2699.255614,256.236718,2930.478041,0.0400,0.013831,real,real
2013-05-24,2698.867678,256.095764,2928.882957,0.0370,0.013838,real,real
2013-05-28,2717.744214,261.378268,2948.032457,0.0350,0.013761,real,real
2013-05-29,2702.296550,257.433847,2934.067915,0.0400,0.013817,real,real
2013-05-30,2717.645082,261.624753,2949.629240,0.0250,0.013754,real,real
2013-05-31,2690.512153,254.158925,2922.497866,0.0300,0.013863,real,real
2013-06-03,2698.660160,255.638005,2927.684861,0.0300,0.013842,real,real
2013-06-04,2683.230340,251.799391,2912.524599,0.0400,0.013904,real,real
2013-06-05,2650.250372,242.150005,2874.621568,0.0450,0.014061,real,real
2013-06-06,2662.125090,245.108166,2888.586450,0.0450,0.014003,real,real
2013-06-07,2698.732417,255.356350,2928.083547,0.0400,0.013841,real,real
2013-06-10,2698.389419,255.461881,2929.281643,0.0400,0.013836,real,real
2013-06-11,2670.733292,248.066371,2900.156159,0.0450,0.013955,real,real
2013-06-12,2640.324814,239.473328,2866.641393,0.0400,0.014095,real,real
2013-06-13,2673.494234,248.066371,2902.947302,0.0430,0.013943,real,real
2013-06-14,2656.314179,243.699340,2883.798142,0.0400,0.014023,real,real
2013-06-17,2681.037756,250.461010,2911.725868,0.0400,0.011948,real,real
2013-06-18,2703.442519,256.377397,2935.664357,0.0450,0.011867,real,real
2013-06-19,2670.426423,248.312792,2902.947302,0.0400,0.011978,real,real
2013-06-20,2608.012776,230.000363,2833.926375,0.0400,0.012221,real,real
2013-06-21,2596.832864,226.760186,2818.876482,0.0400,0.015489,real,real
2013-06-24,2569.997772,219.752137,2790.860630,0.0400,0.015624,real,real
2013-06-25,2586.510336,224.435907,2811.271221,0.0580,0.015525,real,real
2013-06-26,2611.188973,230.563631,2836.487441,0.0550,0.015405,real,real
2013-06-27,2622.910146,233.134395,2848.494720,0.0450,0.015348,real,real
2013-06-28,2625.400568,233.768320,2852.496863,0.0300,0.015330,real,real
2013-07-01,2641.416810,238.769148,2870.106974,0.0100,0.015248,real,real
2013-07-02,2643.473914,238.875018,2871.308465,0.0350,0.015242,real,real
2013-07-03,2654.103311,242.114792,2882.915870,0.0350,0.015189,real,real
2013-07-05,2673.783040,247.467573,2904.928847,0.0350,0.015089,real,real
2013-07-08,2676.408722,248.277644,2907.729498,0.0350,0.015076,real,real
2013-07-09,2692.822153,252.820777,2925.337910,0.0350,0.014998,real,real
2013-07-10,2707.565979,257.081916,2942.150648,0.0300,0.014923,real,real
2013-07-11,2760.622645,273.105618,3000.584318,0.0300,0.014672,real,real
2013-07-12,2778.317306,275.957995,3013.791901,0.0300,0.014616,real,real
2013-07-15,2779.021145,278.106128,3020.597413,0.0200,0.014588,real,real
2013-07-16,2776.873501,277.014487,3016.594250,0.0350,0.014604,real,real
2013-07-17,2783.920700,278.986475,3024.198832,0.0250,0.014573,real,real
2013-07-18,2777.189401,276.944147,3016.594250,0.0220,0.014604,real,real
2013-07-19,2747.511858,268.527272,2985.376173,0.0200,0.014736,real,real
2013-07-22,2756.805834,270.464175,2994.180549,0.0050,0.014699,real,real
2013-07-23,2735.303394,264.442278,2972.167912,0.0200,0.014793,real,real
2013-07-24,2744.110081,266.942406,2981.773735,0.0200,0.014752,real,real
2013-07-25,2762.616745,271.767131,3000.584318,0.0150,0.014672,real,real
2013-07-26,2775.754628,276.275137,3016.594250,0.0150,0.014604,real,real
2013-07-29,2769.185686,275.007308,3010.991249,0.0200,0.014628,real,real
2013-07-30,2783.965860,279.092323,3027.000502,0.0300,0.014561,real,real
2013-07-31,2788.351029,280.853059,3032.605201,0.0300,0.014538,real,real
2013-08-01,2820.934028,289.410847,3063.421535,0.0350,0.014412,real,real
2013-08-02,2836.472013,294.235572,3080.632959,0.0300,0.014342,real,real
2013-08-05,2836.174175,294.869455,3082.633861,0.0350,0.014334,real,real
2013-08-06,2817.234413,289.622184,3064.223661,0.0400,0.014409,real,real
2013-08-07,2814.067249,287.966851,3058.618963,0.0400,0.014431,real,real
2013-08-08,2824.389777,291.805465,3073.828466,0.0450,0.014370,real,real
2013-08-09,2813.959084,288.671116,3061.419614,0.0480,0.014420,real,real
2013-08-12,2820.600063,290.467339,3068.625170,0.0480,0.014391,real,real
2013-08-13,2834.252332,295.292107,3085.834896,0.0520,0.014322,real,real
2013-08-14,2823.776259,292.016738,3074.227492,0.0500,0.014368,real,real
2013-08-15,2775.754628,277.366736,3022.198609,0.0450,0.014581,real,real
2013-08-16,2773.661176,276.380604,3020.996438,0.0400,0.014586,real,real
2013-08-19,2769.916622,275.288921,3015.793142,0.0400,0.014608,real,real
2013-08-20,2781.114377,279.057153,3029.001744,0.0450,0.014553,real,real
2013-08-21,2771.459560,276.275137,3018.594813,0.0330,0.014596,real,real
2013-08-22,2798.845166,284.163512,3048.212371,0.0200,0.014474,real,real
2013-08-23,2819.102285,290.150260,3068.625170,0.0220,0.014391,real,real
2013-08-26,2817.658479,290.396682,3070.227046,0.0130,0.014384,real,real
2013-08-27,2760.731030,272.119401,3007.389150,0.0330,0.014643,real,real
2013-08-28,2772.091142,275.641170,3018.994857,0.0300,0.014594,real,real
2013-08-29,2791.211544,281.346284,3040.209103,0.0200,0.014507,real,real
2013-08-30,2773.571076,276.098907,3020.597413,0.0200,0.014588,real,real
2013-09-03,2789.767739,280.641723,3037.806798,0.0150,0.014516,real,real
2013-09-04,2819.345930,289.798266,3070.227046,0.0150,0.014384,real,real
2013-09-05,2824.218388,291.066095,3075.428305,0.0150,0.014363,real,real
2013-09-06,2827.322329,292.122608,3079.031422,0.0150,0.014349,real,real
2013-09-09,2860.302297,302.405602,3115.053429,0.0100,0.014206,real,real
2013-09-10,2873.963598,306.983990,3130.261235,0.0150,0.014147,real,real
2013-09-11,2869.262527,305.434485,3124.256831,0.0150,0.014170,real,real
2013-09-12,2865.391524,304.060913,3122.257627,0.0100,0.014178,real,real
2013-09-13,2867.836786,305.047087,3124.256831,0.0100,0.014170,real,real
2013-09-16,2859.183424,302.476280,3115.854197,0.0030,0.014203,real,real
2013-09-17,2879.160990,308.533325,3136.666362,0.0050,0.014122,real,real
2013-09-18,2915.687029,319.873214,3174.287868,0.0050,0.013978,real,real
2013-09-19,2921.371710,321.845287,3181.892110,0.0050,0.013950,real,real
2013-09-20,2909.749669,318.323772,3170.973068,0.0050,0.017040,real,real
2013-09-23,2904.886242,316.527549,3164.550281,0.0050,0.014533,real,real
2013-09-24,2904.272504,316.597888,3164.550281,0.0150,0.014533,real,real
2013-09-25,2895.150136,313.604578,3153.711723,0.0150,0.014576,real,real
2013-09-26,2918.150354,320.788752,3178.198320,0.0030,0.014479,real,real
2013-09-27,2914.775673,319.274501,3174.185649,0.0050,0.014495,real,real
2013-09-30,2903.857470,317.267301,3166.557975,0.0050,0.014525,real,real
2013-10-01,2935.303533,326.775839,3198.673265,0.0130,0.014400,real,real
2013-10-02,2935.492985,326.177084,3197.468717,0.0100,0.014404,real,real
2013-10-03,2899.914431,314.837195,3160.135868,0.0200,0.014551,real,real
2013-10-04,2925.847199,322.936928,3187.432285,0.0180,0.014443,real,real
2013-10-07,2901.592629,314.943043,3160.937994,0.0180,0.014548,real,real
2013-10-08,2845.811148,297.123118,3099.918977,0.0450,0.014795,real,real
2013-10-09,2835.587753,293.848174,3090.283609,0.0370,0.014835,real,real
2013-10-10,2897.216493,312.512895,3155.718059,0.0400,0.014568,real,real
2013-10-11,2917.960901,319.556156,3180.607417,0.0630,0.014470,real,real
2013-10-14,2937.983407,326.177084,3203.089377,0.0580,0.014383,real,real
2013-10-15,2927.732915,322.690421,3190.644528,0.0920,0.014431,real,real
2013-10-16,2961.127917,333.713231,3226.772828,0.0920,0.014292,real,real
2013-10-17,2978.822577,339.101584,3245.240419,0.0370,0.014222,real,real
2013-10-18,3026.284662,355.864486,3297.828617,0.0250,0.014027,real,real
2013-10-21,3032.871668,357.907343,3305.055567,0.0250,0.014000,real,real
2013-10-22,3038.060028,359.139918,3309.871723,0.0330,0.013983,real,real
2013-10-23,3019.219619,353.364083,3289.798860,0.0300,0.014056,real,real
2013-10-24,3033.954412,357.766240,3304.251403,0.0300,0.014003,real,real
2013-10-25,3053.309427,364.915265,3327.937232,0.0300,0.013918,real,real
2013-10-28,3052.271623,365.655039,3328.740038,0.0200,0.013915,real,real
2013-10-29,3060.455759,367.415775,3334.359679,0.0400,0.013895,real,real
2013-10-30,3054.707853,366.253413,3331.148455,0.0350,0.013906,real,real
2013-10-31,3047.805165,363.894049,3323.520441,0.0330,0.013934,real,real
2013-11-01,3049.636909,363.717755,3324.322908,0.0330,0.013931,real,real
2013-11-04,3054.139494,365.478915,3329.140422,0.0330,0.013914,real,real
2013-11-05,3057.812012,367.028293,3332.752709,0.0450,0.013901,real,real
2013-11-06,3054.707853,366.394389,3331.951261,0.0450,0.013904,real,real
2013-11-07,2996.986244,346.074463,3269.326293,0.0480,0.014132,real,real
2013-11-08,3037.978960,359.738588,3313.484010,0.0520,0.013970,real,real
2013-11-11,3034.495894,358.012704,3308.265772,0.0520,0.013989,real,real
2013-11-12,3036.526121,359.773822,3313.484010,0.0580,0.013970,real,real
2013-11-13,3072.916900,372.663131,3353.629057,0.0700,0.013827,real,real
2013-11-14,3081.561009,375.550614,3364.065872,0.0680,0.013790,real,real
2013-11-15,3088.274463,378.156866,3370.489338,0.0700,0.013768,real,real
2013-11-18,3057.857173,367.697345,3337.570902,0.0650,0.013884,real,real
2013-11-19,3048.166007,364.070004,3327.937232,0.0800,0.013918,real,real
2013-11-20,3038.276577,361.534515,3319.909174,0.0770,0.013947,real,real
2013-11-21,3070.372285,372.592367,3353.629057,0.0700,0.013827,real,real
2013-11-22,3087.769110,378.473670,3371.694226,0.0650,0.013763,real,real
2013-11-25,3092.704792,380.974221,3379.722284,0.0600,0.013735,real,real
2013-11-26,3109.190261,387.278112,3397.385032,0.0680,0.013674,real,real
2013-11-27,3131.495671,395.025723,3421.070181,0.0630,0.013594,real,real
2013-11-29,3147.142040,401.505356,3441.544787,0.0550,0.013525,real,real
2013-12-02,3141.123392,399.004932,3431.507676,0.0500,0.013558,real,real
2013-12-03,3139.490354,397.842994,3428.698195,0.0350,0.013568,real,real
2013-12-04,3142.801811,398.864295,3431.909419,0.0520,0.013557,real,real
2013-12-05,3138.037516,397.631763,3427.493647,0.0480,0.013572,real,real
2013-12-06,3161.976186,405.837280,3452.383005,0.0520,0.013488,real,real
2013-12-09,3172.722779,410.697112,3466.433466,0.0520,0.013442,real,real
2013-12-10,3170.945228,409.957465,3464.025388,0.0700,0.013450,real,real
2013-12-11,3130.151218,394.638325,3419.465249,0.0680,0.013599,real,real
2013-12-12,3122.301047,391.433615,3410.632007,0.0630,0.013629,real,real
2013-12-13,3118.790885,389.567094,3406.217254,0.0600,0.013644,real,real
2013-12-16,3136.287062,396.258043,3425.084890,0.0580,0.013580,real,real
2013-12-17,3130.449055,393.758000,3418.260361,0.0630,0.013603,real,real
2013-12-18,3166.821549,407.351425,3458.004005,0.0600,0.013470,real,real
2013-12-19,3156.895990,403.689147,3448.368976,0.0580,0.013502,real,real
2013-12-20,3186.275696,415.838725,3483.485959,0.0550,0.016566,real,real
2013-12-23,3220.753442,429.291514,3520.132484,0.0580,0.012216,real,real
2013-12-24,3223.821474,429.890354,3521.743529,0.0680,0.012212,real,real
2013-12-26,3234.450871,434.080666,3533.420211,0.0600,0.012178,real,real
2013-12-27,3224.922283,430.911274,3524.561500,0.0580,0.012203,real,real
2013-12-30,3221.367181,428.657567,3519.327640,0.0550,0.012219,real,real
2013-12-31,3241.146041,437.074443,3542.281299,0.0630,0.012152,real,real
2014-01-02,3215.493046,426.861428,3514.494504,0.0580,0.012233,real,real
2014-01-03,3193.079250,417.564227,3489.123259,0.0580,0.012307,real,real
2014-01-06,3182.458885,413.126900,3476.235916,0.0450,0.012345,real,real
2014-01-07,3210.331782,423.832842,3508.454783,0.0430,0.012250,real,real
2014-01-08,3219.075244,427.002320,3516.105550,0.0400,0.012228,real,real
2014-01-09,3205.576519,422.600268,3504.427170,0.0330,0.012262,real,real
2014-01-10,3216.855563,426.826280,3515.702789,0.0330,0.012229,real,real
2014-01-13,3169.682064,407.844353,3463.751334,0.0300,0.012383,real,real
2014-01-14,3230.904581,431.193183,3529.798755,0.0330,0.012188,real,real
2014-01-15,3257.243572,441.264967,3558.793494,0.0350,0.012105,real,real
2014-01-16,3258.551897,442.180823,3559.196935,0.0300,0.012104,real,real
2014-01-17,3240.469299,434.327554,3539.059209,0.0300,0.012162,real,real
2014-01-21,3264.335711,444.047344,3566.041839,0.0280,0.012085,real,real
2014-01-22,3273.377011,448.167571,3575.305349,0.0300,0.012059,real,real
2014-01-23,3260.780610,442.779535,3563.221492,0.0300,0.012093,real,real
2014-01-24,3195.560640,416.542926,3493.150872,0.0330,0.012295,real,real
2014-01-27,3166.271255,404.428370,3459.322318,0.0480,0.012396,real,real
2014-01-28,3163.293543,404.287351,3457.308851,0.0450,0.012402,real,real
2014-01-29,3129.095570,391.539230,3420.258886,0.0400,0.012515,real,real
2014-01-30,3187.376504,412.176193,3483.485959,0.0150,0.012324,real,real
2014-01-31,3177.911140,409.288370,3474.222788,0.0100,0.012351,real,real
2014-02-03,3104.444030,382.171562,3394.484539,0.0200,0.012594,real,real
2014-02-04,3131.242994,389.637476,3419.453703,0.0550,0.012517,real,real
2014-02-05,3117.437400,386.045410,3410.592954,0.0550,0.012544,real,real
2014-02-06,3155.966791,400.836304,3454.086760,0.0600,0.012412,real,real
2014-02-07,3213.995048,422.107382,3515.702789,0.0720,0.012229,real,real
2014-02-10,3232.222159,429.854739,3535.838137,0.0550,0.012171,real,real
2014-02-11,3267.963070,444.575420,3576.109853,0.0450,0.012056,real,real
2014-02-12,3273.052297,446.688532,3582.955777,0.0430,0.012037,real,real
2014-02-13,3302.107071,458.168930,3609.534627,0.0250,0.011963,real,real
2014-02-14,3306.004950,459.507544,3616.783312,0.0100,0.011943,real,real
2014-02-18,3320.036124,466.691718,3634.503112,0.0150,0.011895,real,real
2014-02-19,3296.052515,456.478576,3609.534627,0.0450,0.011963,real,real
2014-02-20,3313.268698,463.099525,3626.448225,0.0400,0.011917,real,real
2014-02-21,3304.850170,460.704588,3621.616787,0.0350,0.011930,real,real
2014-02-24,3325.793063,468.804702,3640.947632,0.0330,0.011877,real,real
2014-02-25,3319.774415,467.114264,3636.921038,0.0400,0.011888,real,real
2014-02-26,3317.482699,465.564504,3633.697928,0.0400,0.011897,real,real
2014-02-27,3338.416560,474.721111,3657.274747,0.0350,0.015998,real,real
2014-02-28,3335.078007,472.326132,3653.230833,0.0430,0.016014,real,real
2014-03-03,3310.056593,461.972396,3626.135117,0.0430,0.016118,real,real
2014-03-04,3356.580227,480.566883,3672.236005,0.0480,0.015941,real,real
2014-03-05,3363.131103,484.511282,3682.345110,0.0500,0.015903,real,real
2014-03-06,3357.482550,482.679868,3679.110795,0.0450,0.015915,real,real
2014-03-07,3341.664792,475.777603,3660.913183,0.0450,0.015984,real,real
2014-03-10,3344.317791,476.763417,3664.148517,0.0400,0.015972,real,real
2014-03-11,3330.927231,470.846966,3648.375964,0.0450,0.016032,real,real
2014-03-12,3344.967438,476.129471,3662.127240,0.0400,0.015980,real,real
2014-03-13,3294.825258,455.915266,3610.364941,0.0400,0.016180,real,real
2014-03-14,3273.512491,446.547429,3585.696999,0.0400,0.016278,real,real
2014-03-17,3304.768881,458.450882,3617.239390,0.0430,0.014376,real,real
2014-03-18,3344.570468,474.932384,3660.913183,0.0500,0.014228,real,real
2014-03-19,3323.022868,467.114264,3641.098073,0.0500,0.014295,real,real
2014-03-20,3333.155943,470.776712,3651.207518,0.0520,0.014260,real,real
2014-03-21,3296.250999,453.520372,3607.273595,0.0450,0.016753,real,real
2014-03-24,3264.055939,442.110186,3575.658869,0.0430,0.016883,real,real
2014-03-25,3275.190689,446.195646,3587.412300,0.0450,0.016834,real,real
2014-03-26,3232.925778,429.220962,3541.207496,0.0370,0.017028,real,real
2014-03-27,3215.095856,421.614115,3521.345862,0.0330,0.017113,real,real
2014-03-28,3222.639377,424.361046,3528.235593,0.0330,0.017083,real,real
2014-03-31,3244.520722,432.812985,3553.366744,0.0280,0.016977,real,real
2014-04-01,3301.060234,456.267346,3615.784559,0.0300,0.016718,real,real
2014-04-02,3307.908949,459.859369,3625.105800,0.0180,0.016680,real,real
2014-04-03,3282.274017,449.012875,3596.328064,0.0150,0.016798,real,real
2014-04-04,3193.665673,413.373364,3500.676667,0.0200,0.017202,real,real
2014-04-07,3165.125286,400.977365,3467.439011,0.0200,0.017348,real,real
2014-04-08,3192.628088,412.176193,3499.459214,0.0250,0.017207,real,real
2014-04-09,3248.761599,433.306210,3559.445180,0.0280,0.016951,real,real
2014-04-10,3147.087848,393.299881,3449.201327,0.0280,0.017429,real,real
2014-04-11,3110.173873,379.565353,3409.074279,0.0300,0.017611,real,real
2014-04-14,3135.240226,388.087843,3435.824965,0.0300,0.017489,real,real
2014-04-15,3147.169137,391.961776,3447.175635,0.0300,0.017438,real,real
2014-04-16,3187.990243,407.175428,3492.975640,0.0250,0.017236,real,real
2014-04-17,3189.289536,407.386743,3493.785238,0.0250,0.017232,real,real
2014-04-21,3212.226529,416.613478,3519.725647,0.0250,0.017120,real,real
2014-04-22,3238.267683,426.826280,3547.691749,0.0250,0.017001,real,real
2014-04-23,3209.600847,415.204694,3516.482502,0.0150,0.017134,real,real
2014-04-24,3240.270814,427.460099,3550.122580,0.0070,0.016990,real,real
2014-04-25,3187.999275,406.822967,3493.380100,0.0070,0.017234,real,real
2014-04-28,3198.763932,411.189997,3504.728052,0.0030,0.017184,real,real
2014-04-29,3224.895186,420.275968,3532.695852,0.0150,0.017064,real,real
2014-04-30,3232.140871,424.008967,3542.017093,0.0200,0.017025,real,real
2014-05-01,3243.275622,427.812475,3552.556127,0.0180,0.016980,real,real
2014-05-02,3237.211814,425.699490,3546.070516,0.0150,0.017007,real,real
2014-05-05,3252.957536,431.756535,3564.714018,0.0150,0.016929,real,real
2014-05-06,3209.122589,415.063760,3518.509213,0.0200,0.017125,real,real
2014-05-07,3200.063226,411.331058,3508.375996,0.0200,0.017169,real,real
2014-05-08,3194.604125,409.922274,3505.135228,0.0220,0.017183,real,real
2014-05-09,3208.391654,414.711808,3518.105094,0.0220,0.017127,real,real
2014-05-12,3259.851190,434.925970,3576.063668,0.0200,0.016882,real,real
2014-05-13,3258.407385,435.841868,3578.493480,0.0200,0.016871,real,real
2014-05-14,3242.273946,429.361768,3559.850998,0.0200,0.016949,real,real
2014-05-15,3216.936631,419.430663,3531.884896,0.0180,0.017068,real,real
2014-05-16,3236.814844,427.248826,3554.986279,0.0150,0.016970,real,real
2014-05-19,3262.459028,436.405093,3579.710594,0.0180,0.016866,real,real
2014-05-20,3248.644403,431.615772,3566.740049,0.0250,0.016920,real,real
2014-05-21,3280.496466,443.800540,3600.788322,0.0250,0.016779,real,real
2014-05-22,3294.256900,449.294233,3616.594157,0.0280,0.016715,real,real
2014-05-23,3318.141377,459.366441,3642.941063,0.0280,0.016608,real,real
2014-05-27,3359.413645,476.622780,3688.334232,0.0280,0.016429,real,real
2014-05-28,3349.659476,472.114859,3676.986619,0.0280,0.016473,real,real
2014-05-29,3370.827950,481.694012,3700.495179,0.0300,0.016381,real,real
2014-05-30,3371.820593,481.271381,3700.899978,0.0300,0.016380,real,real
2014-06-02,3368.337528,480.073913,3697.249996,0.0250,0.016394,real,real
2014-06-03,3365.729910,479.369626,3695.629781,0.0300,0.016400,real,real
2014-06-04,3377.929341,484.440816,3709.410942,0.0300,0.016347,real,real
2014-06-05,3408.030730,497.048258,3740.620529,0.0300,0.016227,real,real
2014-06-06,3423.929776,505.077566,3762.101698,0.0280,0.016146,real,real
2014-06-09,3424.985424,504.162219,3759.264370,0.0300,0.016156,real,real
2014-06-10,3429.605426,507.050041,3765.748284,0.0350,0.016132,real,real
2014-06-11,3426.889424,506.275119,3764.938686,0.0330,0.016135,real,real
2014-06-12,3396.165264,493.033519,3730.891772,0.0330,0.016264,real,real
2014-06-13,3406.776598,496.414354,3741.835944,0.0300,0.016222,real,real
2014-06-16,3410.719637,498.245726,3745.077731,0.0250,0.016210,real,real
2014-06-17,3411.973989,498.950054,3747.106141,0.0330,0.016202,real,real
2014-06-18,3432.989139,508.035855,3768.180813,0.0180,0.016123,real,real
2014-06-19,3429.551234,506.063803,3765.748284,0.0100,0.016132,real,real
2014-06-20,3431.211369,507.895176,3770.179337,0.0100,0.018837,real,real
2014-06-23,3433.620722,508.458358,3770.990973,0.0050,0.016420,real,real
2014-06-24,3428.405265,507.050041,3767.334199,0.0220,0.016434,real,real
2014-06-25,3453.489903,516.362633,3791.311401,0.0200,0.016342,real,real
2014-06-26,3453.110777,517.771671,3793.344225,0.0250,0.016335,real,real
2014-06-27,3468.928535,522.914005,3810.005164,0.0180,0.016272,real,real
2014-06-30,3473.476280,526.788616,3816.508095,0.0200,0.016248,real,real
2014-07-01,3513.945578,544.470215,3858.369122,0.0250,0.016093,real,real
2014-07-02,3518.403004,546.583539,3864.870695,0.0070,0.016069,real,real
2014-07-03,3539.824155,557.080074,3889.253375,0.0030,0.015981,real,real
2014-07-07,3528.725532,551.726297,3877.469041,0.0070,0.016024,real,real
2014-07-08,3486.641260,532.494727,3830.732768,0.0250,0.016195,real,real
2014-07-09,3512.664129,544.540894,3859.180418,0.0150,0.016090,real,real
2014-07-10,3501.051340,539.398178,3846.989247,0.0150,0.016135,real,real
2014-07-11,3523.194394,548.767627,3871.778085,0.0150,0.016044,real,real
2014-07-14,3545.644097,559.263610,3894.943313,0.0150,0.015961,real,real
2014-07-15,3532.109245,553.416990,3881.533670,0.0200,0.016009,real,real
2014-07-16,3548.233871,559.686368,3896.975458,0.0180,0.015953,real,real
2014-07-17,3499.219597,537.355406,3845.362241,0.0070,0.016141,real,real
2014-07-18,3555.055270,562.786057,3906.322848,0.0100,0.015920,real,real
2014-07-21,3549.866910,560.743030,3901.445565,0.0130,0.015938,real,real
2014-07-22,3574.662962,571.873469,3926.236440,0.0200,0.015849,real,real
2014-07-23,3596.832892,582.581235,3951.433473,0.0200,0.015761,real,real
2014-07-24,3594.125921,580.538250,3946.964045,0.0200,0.015777,real,real
2014-07-25,3577.866035,573.423229,3931.519541,0.0200,0.015831,real,real
2014-07-28,3579.733906,574.127811,3932.738692,0.0250,0.015827,real,real
2014-07-29,3572.325865,571.239480,3925.830283,0.0280,0.015851,real,real
2014-07-30,3587.701493,578.072592,3941.274447,0.0280,0.015797,real,real
2014-07-31,3512.294256,542.850158,3861.617362,0.0180,0.016081,real,real
2014-08-01,3500.717375,536.580568,3847.395744,0.0180,0.016133,real,real
2014-08-04,3526.975077,547.569946,3873.811249,0.0150,0.016037,real,real
2014-08-05,3496.449402,534.748815,3844.144109,0.0250,0.016145,real,real
2014-08-06,3495.844916,533.833128,3841.298970,0.0200,0.016156,real,real
2014-08-07,3481.109902,528.690794,3829.107121,0.0200,0.016201,real,real
2014-08-08,3508.315088,539.961870,3856.742455,0.0200,0.016099,real,real
2014-08-11,3528.499951,549.753652,3879.501186,0.0250,0.016016,real,real
2014-08-12,3523.780816,548.485633,3877.874519,0.0250,0.016022,real,real
2014-08-13,3563.455954,566.308462,3918.921874,0.0300,0.015875,real,real
2014-08-14,3581.421356,575.043582,3939.241284,0.0280,0.015804,real,real
2014-08-15,3598.024021,582.862974,3958.342561,0.0220,0.015737,real,real
2014-08-18,3627.791665,596.952084,3988.823035,0.0220,0.015632,real,real
2014-08-19,3645.504170,607.236794,4011.173570,0.0250,0.015556,real,real
2014-08-20,3646.027588,607.236794,4011.173570,0.0250,0.015556,real,real
2014-08-21,3651.730334,610.688902,4019.303168,0.0150,0.015529,real,real
2014-08-22,3656.891598,613.083881,4025.399263,0.0150,0.015508,real,real
2014-08-25,3670.182805,619.916993,4039.621559,0.0150,0.015461,real,real
2014-08-26,3673.963488,622.030444,4043.686868,0.0250,0.015447,real,real
2014-08-27,3675.326006,622.100953,4044.498164,0.0250,0.015445,real,real
2014-08-28,3669.091030,619.564913,4040.030094,0.0220,0.015459,real,real
2014-08-29,3683.789915,626.820699,4055.066063,0.0180,0.015410,real,real
2014-09-02,3695.745701,632.033754,4066.852095,0.0200,0.015371,real,real
2014-09-03,3673.322874,621.184927,4042.873874,0.0200,0.015450,real,real
2014-09-04,3668.964581,619.212537,4039.217440,0.0200,0.015462,real,real
2014-09-05,3690.430892,628.793047,4059.536510,0.0200,0.015395,real,real
2014-09-08,3695.438832,631.963075,4067.256894,0.0200,0.015369,real,real
2014-09-09,3665.129706,616.606243,4033.527842,0.0150,0.015481,real,real
2014-09-10,3694.987670,630.906371,4066.852095,0.0150,0.015371,real,real
2014-09-11,3692.894217,630.413400,4063.599781,0.0100,0.015381,real,real
2014-09-12,3671.761871,620.480599,4042.873874,0.0100,0.015450,real,real
2014-09-15,3636.264386,601.812635,4003.859004,0.0100,0.015581,real,real
2014-09-16,3669.993353,618.085620,4038.810603,0.0150,0.015463,real,real
2014-09-17,3675.678035,621.114588,4044.906698,0.0130,0.015443,real,real
2014-09-18,3702.305610,634.499030,4075.385813,0.0100,0.015343,real,real
2014-09-19,3699.607452,633.090501,4072.859895,0.0070,0.017763,real,real
2014-09-22,3664.543283,615.901533,4034.975201,0.0030,0.015508,real,real
2014-09-23,3655.826918,610.547798,4023.974996,0.0070,0.015545,real,real
2014-09-24,3694.392216,630.343018,4067.157053,0.0070,0.015401,real,real
2014-09-25,3616.350264,590.330033,3981.608309,0.0050,0.015689,real,real
2014-09-26,3657.766826,609.209566,4023.974996,0.0050,0.015545,real,real
2014-09-29,3651.865595,607.166497,4018.680688,0.0050,0.015563,real,real
2014-09-30,3653.913886,609.420755,4024.384209,0.0130,0.015544,real,real
2014-10-01,3595.524567,580.256553,3960.020167,0.0130,0.015764,real,real
2014-10-02,3596.544307,579.974686,3960.020167,0.0100,0.015764,real,real
2014-10-03,3633.936541,597.445139,3999.126049,0.0100,0.015629,real,real
2014-10-06,3623.974854,593.359339,3990.573314,0.0100,0.015659,real,real
2014-10-07,3571.928896,568.280767,3933.947655,0.0100,0.015855,real,real
2014-10-08,3646.397681,601.108138,4010.532412,0.0050,0.015591,real,real
2014-10-09,3581.610809,571.169141,3945.762213,0.0050,0.015814,real,real
2014-10-10,3492.768072,528.408715,3847.179421,0.0050,0.016168,real,real
2014-10-13,3436.047919,503.682519,3786.887819,0.0050,0.016393,real,real
2014-10-14,3438.258568,504.598545,3787.294995,0.0050,0.016392,real,real
2014-10-15,3416.169706,493.820439,3762.853904,0.0100,0.016485,real,real
2014-10-16,3397.500685,486.141642,3739.225467,0.0200,0.016577,real,real
2014-10-17,3442.788250,505.161812,3788.516523,0.0220,0.016387,real,real
2014-10-20,3492.064233,526.929423,3845.141843,0.0200,0.016175,real,real
2014-10-21,3583.478461,568.139792,3946.168371,0.0180,0.015812,real,real
2014-10-22,3563.807984,559.334459,3925.802436,0.0150,0.015884,real,real
2014-10-23,3620.365560,584.905916,3984.869453,0.0150,0.015678,real,real
2014-10-24,3647.209685,598.360655,4017.458481,0.0050,0.015567,real,real
2014-10-27,3650.818979,600.615040,4020.309392,0.0050,0.015558,real,real
2014-10-28,3705.508683,627.454729,4081.008170,0.0150,0.015356,real,real
2014-10-29,3690.999471,619.916993,4065.934846,0.0150,0.015405,real,real
2014-10-30,3700.103994,623.791646,4074.488260,0.0030,0.015377,real,real
2014-10-31,3752.050600,649.503910,4130.707761,0.0030,0.015195,real,real
2014-11-03,3762.039162,656.196343,4142.927798,0.0030,0.015156,real,real
2014-11-04,3750.264016,649.222255,4129.077020,0.0220,0.015200,real,real
2014-11-05,3747.593175,649.152000,4129.484195,0.0200,0.015199,real,real
2014-11-06,3757.347344,654.717050,4142.520961,0.0180,0.015158,real,real
2014-11-07,3754.116956,653.096654,4138.854339,0.0180,0.015169,real,real
2014-11-10,3768.058030,659.788917,4153.519129,0.0150,0.015123,real,real
2014-11-11,3778.173041,666.058762,4166.554537,0.0150,0.015082,real,real
2014-11-12,3785.607958,669.721718,4173.888800,0.0130,0.015059,real,real
2014-11-13,3801.922037,678.316202,4191.811338,0.0050,0.015003,real,real
2014-11-14,3812.308010,684.585538,4204.845727,0.0030,0.014963,real,real
2014-11-17,3802.201811,678.175184,4192.218514,0.0100,0.015002,real,real
2014-11-18,3827.827710,693.391464,4223.586013,0.0150,0.014905,real,real
2014-11-19,3810.205526,684.585538,4204.439570,0.0150,0.014964,real,real
2014-11-20,3827.737390,693.672992,4223.178498,0.0150,0.014906,real,real
2014-11-21,3836.065818,698.674690,4231.327792,0.0030,0.014881,real,real
2014-11-24,3865.842494,714.454449,4264.322637,0.0050,0.014782,real,real
2014-11-25,3869.370720,716.779343,4270.840850,0.0180,0.014762,real,real
2014-11-26,3896.224096,731.431763,4298.542406,0.0100,0.014680,real,real
2014-11-28,3914.089926,742.350886,4318.503202,0.0050,0.014621,real,real
2014-12-01,3868.991815,714.947632,4269.617284,0.0070,0.014766,real,real
2014-12-02,3885.368898,722.625794,4286.728527,0.0150,0.014715,real,real
2014-12-03,3891.658287,729.177335,4294.467929,0.0050,0.014692,real,real
2014-12-04,3890.755964,726.993799,4292.430690,0.0130,0.014698,real,real
2014-12-05,3890.430809,727.486473,4292.838885,0.0100,0.014697,real,real
2014-12-08,3860.446617,711.777476,4262.286078,0.0050,0.014788,real,real
2014-12-09,3875.181631,718.681098,4275.729340,0.0280,0.014748,real,real
2014-12-10,3812.199626,683.881294,4208.513028,0.0250,0.014951,real,real
2014-12-11,3831.698713,694.589060,4228.475182,0.0220,0.014890,real,real
2014-12-12,3789.108868,671.623727,4182.440856,0.0150,0.015032,real,real
2014-12-15,3751.328917,651.476512,4139.261175,0.0100,0.015168,real,real
2014-12-16,3690.142308,619.142325,4072.859895,0.0300,0.015383,real,real
2014-12-17,3758.267732,652.392326,4147.000577,0.0200,0.015143,real,real
2014-12-18,3850.909217,700.224407,4246.806595,0.0330,0.014835,real,real
2014-12-19,3863.550557,708.043756,4265.492207,0.0250,0.018536,real,real
2014-12-22,3874.279307,714.575201,4276.123272,0.0150,0.015894,real,real
2014-12-23,3861.312813,707.740902,4260.993913,0.0200,0.015943,real,real
2014-12-24,3864.741906,709.220534,4264.674119,0.0200,0.015931,real,real
2014-12-26,3892.704683,723.593673,4294.930799,0.0100,0.015833,real,real
2014-12-29,3891.396578,723.734437,4294.113729,0.0030,0.015835,real,real
2014-12-30,3864.065164,708.797564,4265.492207,0.0200,0.015928,real,real
2014-12-31,3822.494837,686.603677,4221.740307,0.0370,0.016073,real,real
2015-01-02,3817.045209,680.967312,4209.066570,0.0150,0.016115,real,real
2015-01-05,3754.531990,650.318602,4147.324892,0.0030,0.016325,real,real
2015-01-06,3709.298618,624.531208,4091.715984,0.0200,0.016520,real,real
2015-01-07,3753.665794,648.556891,4144.462094,0.0200,0.016335,real,real
2015-01-08,3826.347777,685.546718,4223.786375,0.0180,0.016066,real,real
2015-01-09,3801.741397,671.666931,4195.981921,0.0150,0.016159,real,real
2015-01-12,3762.662154,651.022930,4152.231041,0.0130,0.016308,real,real
2015-01-13,3759.260376,650.459239,4151.005097,0.0230,0.016312,real,real
2015-01-14,3740.888753,640.454445,4128.106453,0.0250,0.016392,real,real
2015-01-15,3690.187247,615.019596,4074.542935,0.0230,0.016581,real,real
2015-01-16,3737.550420,636.931489,4122.382895,0.0180,0.016412,real,real
2015-01-20,3763.780805,651.022930,4155.093159,0.0080,0.016298,real,real
2015-01-21,3782.621215,661.027809,4176.355288,0.0200,0.016226,real,real
2015-01-22,3853.246093,697.806193,4253.633162,0.0150,0.015967,real,real
2015-01-23,3860.266417,702.456659,4263.038284,0.0130,0.015936,real,real
2015-01-26,3858.082865,700.906475,4258.131456,0.0050,0.015952,real,real
2015-01-27,3758.628573,646.654586,4147.733426,0.0180,0.016324,real,real
2015-01-28,3735.962101,635.522536,4126.471636,0.0150,0.016398,real,real
2015-01-29,3772.930489,653.911813,4166.133097,0.0100,0.016260,real,real
2015-01-30,3743.226070,638.904431,4133.831369,0.0050,0.016372,real,real
2015-02-02,3779.463082,655.673100,4169.811945,0.0050,0.016248,real,real
2015-02-03,3816.061376,673.569364,4209.883639,0.0150,0.016112,real,real
2015-02-04,3808.888169,671.807653,4206.203773,0.0050,0.016125,real,real
2015-02-05,3840.451428,689.633577,4242.593902,0.0080,0.016003,real,real
2015-02-06,3815.637531,677.091938,4216.833819,0.0150,0.016089,real,real
2015-02-09,3804.276979,669.623607,4203.340975,0.0030,0.016134,real,real
2015-02-10,3862.991451,701.681652,4268.762860,0.0050,0.015918,real,real
2015-02-11,3877.536571,709.572741,4284.300413,0.0050,0.015867,real,real
2015-02-12,3923.275738,734.373389,4334.185084,0.0080,0.015708,real,real
2015-02-13,3955.813136,752.903854,4371.392622,0.0050,0.015591,real,real
2015-02-17,3956.995233,754.947050,4375.482381,0.0080,0.015578,real,real
2015-02-18,3962.021456,758.188181,4381.615492,0.0130,0.015559,real,real
2015-02-19,3980.924869,769.602098,4403.285477,0.0130,0.015492,real,real
2015-02-20,4009.068287,784.398079,4432.726445,0.0100,0.015403,real,real
2015-02-23,4014.879638,787.498446,4437.224060,0.0150,0.015389,real,real
2015-02-24,4016.268811,789.118588,4440.494373,0.0180,0.015379,real,real
2015-02-25,4006.848607,782.777514,4429.455453,0.0150,0.015413,real,real
2015-02-26,4026.411139,794.685037,4451.944206,0.0130,0.015345,real,real
2015-02-27,4006.920863,784.186679,4432.317232,0.0080,0.011963,real,real
2015-03-02,4045.161228,805.323905,4472.387906,0.0050,0.011874,real,real
2015-03-03,4023.261818,793.768800,4451.534650,0.0130,0.011920,real,real
2015-03-04,4011.152707,784.961898,4434.360244,0.0100,0.011959,real,real
2015-03-05,4017.198451,788.414175,4442.129869,0.0030,0.011941,real,real
2015-03-06,3969.528629,761.288463,4391.837343,0.0050,0.012055,real,real
2015-03-09,3981.944830,768.615648,4404.513797,0.0050,0.012026,real,real
2015-03-10,3906.230723,726.059670,4322.734913,0.0100,0.012216,real,real
2015-03-11,3884.845480,713.307139,4297.793256,0.0130,0.012275,real,real
2015-03-12,3912.682248,726.975568,4326.007603,0.0180,0.012208,real,real
2015-03-13,3893.435617,717.604847,4307.198039,0.0230,0.012253,real,real
2015-03-16,3943.578017,745.083147,4362.807625,0.0300,0.012122,real,real
2015-03-17,3948.233707,749.240176,4369.758145,0.0480,0.012106,real,real
2015-03-18,3990.525715,770.799863,4412.690598,0.0380,0.012007,real,real
2015-03-19,3994.423594,774.534007,4419.233602,0.0100,0.011993,real,real
2015-03-20,4023.045489,790.598135,4447.838484,0.0030,0.014236,real,real
2015-03-23,4011.315284,783.975279,4439.232093,0.0030,0.012358,real,real
2015-03-24,3998.186653,776.013639,4423.248990,0.0150,0.012396,real,real
2015-03-25,3906.420176,721.904421,4322.022779,0.0180,0.012639,real,real
2015-03-26,3893.760331,715.985299,4307.269694,0.0280,0.012676,real,real
2015-03-27,3909.641312,722.891125,4324.482136,0.0300,0.012633,real,real
2015-03-30,3954.721359,748.892252,4374.070000,0.0230,0.012513,real,real
2015-03-31,3910.390311,725.709371,4327.760260,0.0250,0.012625,real,real
2015-04-01,3890.151037,713.448581,4305.219890,0.0330,0.012681,real,real
2015-04-02,3894.437074,714.646685,4308.088800,0.0100,0.012674,real,real
2015-04-06,3925.991520,731.839639,4343.333131,0.0030,0.012587,real,real
2015-04-07,3919.765576,728.457405,4335.956758,0.0150,0.012605,real,real
2015-04-08,3948.531544,745.791546,4370.381644,0.0180,0.012521,real,real
2015-04-09,3973.787790,759.673240,4397.841067,0.0200,0.012456,real,real
2015-04-10,3990.092618,768.763026,4415.872617,0.0150,0.012413,real,real
2015-04-13,3978.533800,763.055220,4404.807887,0.0050,0.012439,real,real
2015-04-14,3968.094076,756.502406,4392.102568,0.0100,0.012469,real,real
2015-04-15,3992.357238,769.890409,4419.560294,0.0150,0.012404,real,real
2015-04-16,3987.214258,767.212673,4413.412920,0.0100,0.012419,real,real
2015-04-17,3926.731267,731.346456,4344.563489,0.0130,0.012584,real,real
2015-04-20,3985.923777,764.041669,4409.725243,0.0130,0.012428,real,real
2015-04-21,4002.689018,773.836293,4428.575898,0.0200,0.012383,real,real
2015-04-22,4025.093782,786.379204,4452.756181,0.0200,0.012327,real,real
2015-04-23,4039.765350,795.821154,4469.559409,0.0200,0.012288,real,real
2015-04-24,4093.643052,826.966099,4530.213701,0.0150,0.012150,real,real
2015-04-27,4083.050003,821.681433,4518.738060,0.0130,0.012176,real,real
2015-04-28,4074.234285,816.326214,4509.722115,0.0130,0.012196,real,real
2015-04-29,4049.763165,800.753742,4481.444262,0.0030,0.012261,real,real
2015-04-30,3983.081546,763.125856,4410.954921,0.0050,0.012425,real,real
2015-05-01,4041.561186,793.989104,4469.149515,0.0030,0.012289,real,real
2015-05-04,4044.764258,796.807604,4476.525889,0.0030,0.012272,real,real
2015-05-05,3978.696377,759.039124,4403.577529,0.0080,0.012442,real,real
2015-05-06,3951.951385,742.832112,4373.249875,0.0100,0.012514,real,real
2015-05-07,3971.621862,755.585999,4399.478601,0.0050,0.012452,real,real
2015-05-08,4023.144621,783.278413,4454.396771,0.0030,0.012323,real,real
2015-05-11,4005.089340,774.681809,4437.184327,0.0050,0.012363,real,real
2015-05-12,3988.856328,764.675701,4417.101616,0.0130,0.012410,real,real
2015-05-13,3994.189202,768.622008,4426.118239,0.0100,0.012389,real,real
2015-05-14,4055.980298,802.656259,4490.870439,0.0100,0.012239,real,real
2015-05-15,4055.303555,802.585707,4490.870439,0.0100,0.012239,real,real
2015-05-18,4072.141052,812.450543,4510.540879,0.0080,0.012194,real,real
2015-05-19,4063.812624,810.125310,4505.623863,0.0100,0.012206,real,real
2015-05-20,4065.237926,811.464348,4508.492096,0.0130,0.012199,real,real
2015-05-21,4087.047455,824.218235,4531.853271,0.0130,0.012147,real,real
2015-05-22,4084.963034,821.963299,4527.345807,0.0100,0.012157,real,real
2015-05-26,4036.056924,793.495752,4475.296212,0.0100,0.012275,real,real
2015-05-27,4102.016861,831.687202,4547.426484,0.0130,0.012112,real,real
2015-05-28,4092.632784,825.556934,4537.181200,0.0030,0.012135,real,real
2015-05-29,4067.899956,811.605112,4510.132686,0.0030,0.012195,real,real
2015-06-01,4080.171644,818.721914,4525.295666,0.0080,0.012161,real,real
2015-06-02,4068.477567,811.252778,4510.951116,0.0100,0.012194,real,real
2015-06-03,4078.375808,818.369665,4524.475540,0.0100,0.012163,real,real
2015-06-04,4048.752457,800.542257,4490.050313,0.0050,0.012241,real,real
2015-06-05,4039.873734,794.482032,4479.396155,0.0100,0.012265,real,real
2015-06-08,3998.655439,770.172022,4433.905524,0.0100,0.012371,real,real
2015-06-09,3995.136465,766.366818,4426.527792,0.0130,0.012388,real,real
2015-06-10,4047.335968,796.737137,4487.182085,0.0130,0.012248,real,real
2015-06-11,4050.052191,801.106075,4493.739691,0.0080,0.012233,real,real
2015-06-12,4018.759453,780.741780,4456.854429,0.0050,0.012317,real,real
2015-06-15,3999.927856,769.960791,4434.724291,0.0030,0.012369,real,real
2015-06-16,4020.663232,781.728483,4458.903893,0.0080,0.012312,real,real
2015-06-17,4032.465694,788.281552,4471.198979,0.0030,0.012284,real,real
2015-06-18,4089.194879,821.611305,4536.360732,0.0030,0.012136,real,real
2015-06-19,4072.564898,809.068224,4513.932768,0.0030,0.014522,real,real
2015-06-22,4100.194149,828.587089,4547.204727,0.0030,0.012181,real,real
2015-06-23,4104.435246,830.630285,4550.902250,0.0080,0.012172,real,real
2015-06-24,4082.653034,817.876483,4527.487759,0.0050,0.012225,real,real
2015-06-25,4073.097128,812.521264,4518.451441,0.0050,0.012245,real,real
2015-06-26,4046.271067,797.441550,4488.465078,0.0050,0.012314,real,real
2015-06-29,3952.059769,741.070782,4382.488594,0.0050,0.012563,real,real
2015-06-30,3967.299697,749.526453,4398.096783,0.0100,0.012526,real,real
2015-07-01,3996.598334,764.887355,4433.010687,0.0030,0.012443,real,real
2015-07-02,4000.352142,767.776407,4434.244102,0.0030,0.012440,real,real
2015-07-06,3987.060934,761.293467,4423.974368,0.0050,0.012464,real,real
2015-07-07,3996.445011,765.169138,4435.066264,0.0100,0.012438,real,real
2015-07-08,3926.533002,726.836754,4357.841707,0.0100,0.012623,real,real
2015-07-09,3926.938783,724.722921,4355.376577,0.0080,0.012629,real,real
2015-07-10,3988.405166,758.404754,4421.920828,0.0080,0.012469,real,real
2015-07-13,4055.466132,797.160107,4499.556975,0.0080,0.012288,real,real
2015-07-14,4081.633514,813.155465,4529.131745,0.0100,0.012221,real,real
2015-07-15,4086.045558,817.030882,4534.060307,0.0130,0.012210,real,real
2015-07-16,4146.086199,848.951130,4598.140446,0.0100,0.012068,real,real
2015-07-17,4206.271354,887.776951,4665.917094,0.0130,0.011922,real,real
2015-07-20,4222.585434,897.712168,4681.938230,0.0230,0.011888,real,real
2015-07-21,4217.830171,895.245917,4679.062529,0.0300,0.011894,real,real
2015-07-22,4171.658347,865.862386,4626.073268,0.0300,0.012007,real,real
2015-07-23,4153.241784,855.504198,4608.819054,0.0300,0.012045,real,real
2015-07-24,4112.222192,831.194019,4563.636438,0.0300,0.012144,real,real
2015-07-27,4077.681002,809.843528,4525.845473,0.0280,0.012229,real,real
2015-07-28,4114.802714,831.194019,4564.868492,0.0430,0.012141,real,real
2015-07-29,4134.085474,840.495036,4582.119986,0.0450,0.012103,real,real
2015-07-30,4149.415721,852.192261,4603.890492,0.0600,0.012055,real,real
2015-07-31,4140.681511,849.585077,4598.551697,0.0580,0.012067,real,real
2015-08-03,4133.056701,841.763607,4584.174885,0.0630,0.012099,real,real
2015-08-04,4121.335748,836.337837,4575.549138,0.0750,0.012118,real,real
2015-08-05,4152.709554,855.926744,4610.874634,0.0750,0.012040,real,real
2015-08-06,4086.180819,814.846497,4536.935670,0.0280,0.012204,real,real
2015-08-07,4078.574513,811.605112,4531.185286,0.0550,0.012217,real,real
2015-08-10,4126.424535,839.015574,4582.942832,0.0650,0.012101,real,real
2015-08-11,4073.079504,807.025112,4524.203521,0.0980,0.012232,real,real
2015-08-12,4085.892233,814.141745,4539.811033,0.0900,0.012197,real,real
2015-08-13,4077.888518,810.477644,4532.416663,0.0830,0.012214,real,real
2015-08-14,4088.193423,814.846497,4539.400801,0.0800,0.012198,real,real
2015-08-17,4120.343104,834.858035,4577.190747,0.0600,0.012114,real,real
2015-08-18,4098.416378,821.540414,4553.778294,0.0850,0.012166,real,real
2015-08-19,4070.291025,806.108960,4523.789554,0.0400,0.012233,real,real
2015-08-20,3956.805780,739.731660,4398.507355,0.0150,0.012525,real,real
2015-08-21,3787.295409,647.705651,4206.267277,0.0200,0.013006,real,real
2015-08-24,3644.123809,570.970333,4044.425150,0.0150,0.013446,real,real
2015-08-25,3624.020014,563.430518,4029.226174,0.0530,0.013489,real,real
2015-08-26,3807.444364,644.746218,4232.146220,0.0550,0.012939,real,real
2015-08-27,3902.386596,695.127821,4339.356797,0.0500,0.012668,real,real
2015-08-28,3906.266851,694.564426,4338.536332,0.0500,0.012670,real,real
2015-08-31,3857.054092,668.774445,4284.725248,0.0030,0.012804,real,real
2015-09-01,3737.992329,608.105078,4150.814244,0.0380,0.013153,real,real
2015-09-02,3840.496367,657.570868,4267.883305,0.0250,0.012847,real,real
2015-09-03,3821.024156,646.719032,4246.934283,0.0150,0.012900,real,real
2015-09-04,3775.971425,625.086716,4196.410153,0.0250,0.013032,real,real
2015-09-08,3883.176093,678.146098,4314.710250,0.0250,0.012729,real,real
2015-09-09,3837.988102,654.540502,4266.239998,0.0350,0.012851,real,real
2015-09-10,3876.652312,675.468362,4312.656032,0.0150,0.012734,real,real
2015-09-11,3900.952042,686.390495,4336.481774,0.0230,0.012675,real,real
2015-09-14,3887.895228,680.260058,4323.336677,0.0250,0.012708,real,real
2015-09-15,3934.382952,704.006292,4374.271380,0.0580,0.012583,real,real
2015-09-16,3955.488423,715.773899,4398.917588,0.0530,0.012524,real,real
2015-09-17,3956.652455,717.746883,4400.561234,0.0030,0.012520,real,real
2015-09-18,3901.520401,687.377030,4337.972603,0.0100,0.015166,real,real
2015-09-21,3912.591928,693.225261,4351.561212,0.0130,0.012872,real,real
2015-09-22,3856.620995,662.644177,4286.501677,0.0030,0.013037,real,real
2015-09-23,3856.106388,663.701009,4289.794743,0.0030,0.013029,real,real
2015-09-24,3844.890789,656.020219,4274.149198,0.0050,0.013069,real,real
2015-09-25,3812.082429,640.095582,4237.913924,0.0200,0.013164,real,real
2015-09-28,3702.657640,584.922240,4117.264839,0.0130,0.013491,real,real
2015-09-29,3684.520849,576.255042,4095.853966,0.0030,0.013551,real,real
2015-09-30,3772.668780,614.376025,4190.149014,0.0050,0.013291,real,real
2015-10-01,3783.406342,622.972756,4209.089662,0.0180,0.013240,real,real
2015-10-02,3850.620631,655.315720,4282.794643,0.0080,0.013047,real,real
2015-10-05,3908.351272,685.192391,4344.148842,0.0080,0.012891,real,real
2015-10-06,3886.036829,675.398022,4323.561490,0.0050,0.012943,real,real
2015-10-07,3910.182795,686.249393,4349.500881,0.0050,0.012878,real,real
2015-10-08,3925.242521,694.634723,4366.797204,0.0030,0.012835,real,real
2015-10-09,3943.162543,703.090436,4386.562392,0.0030,0.012786,real,real
2015-10-12,3954.486967,709.009473,4397.268168,0.0100,0.012759,real,real
2015-10-13,3927.760039,695.127821,4368.854818,0.0050,0.012829,real,real
2015-10-14,3922.328034,692.168387,4361.855397,0.0100,0.012847,real,real
2015-10-15,3986.663964,725.991068,4433.503782,0.0050,0.012671,real,real
2015-10-16,4005.071276,735.010727,4452.032161,0.0050,0.012627,real,real
2015-10-19,4026.230497,748.187245,4477.562336,0.0050,0.012566,real,real
2015-10-20,4004.674306,735.785861,4454.503065,0.0100,0.012621,real,real
2015-10-21,3982.422868,723.947872,4427.326184,0.0050,0.012686,real,real
2015-10-22,4063.361463,766.860339,4517.502606,0.0050,0.012473,real,real
2015-10-23,4172.424970,830.630285,4643.915662,0.0030,0.012188,real,real
2015-10-26,4178.524906,833.096536,4646.797137,0.0080,0.012182,real,real
2015-10-27,4186.086271,838.522476,4656.267803,0.0100,0.012161,real,real
2015-10-28,4221.592789,857.970704,4694.975676,0.0350,0.012077,real,real
2015-10-29,4214.536338,854.799701,4687.563648,0.0530,0.012093,real,real
2015-10-30,4194.748665,843.102475,4666.563687,0.0680,0.012139,real,real
2015-11-02,4244.457526,871.851551,4719.269382,0.0530,0.012025,real,real
2015-11-03,4258.109575,880.166542,4735.739805,0.0580,0.011990,real,real
2015-11-04,4256.756090,880.518706,4736.151399,0.0550,0.011990,real,real
2015-11-05,4243.537138,872.767873,4723.386311,0.0400,0.012017,real,real
2015-11-06,4247.444269,875.656670,4726.681072,0.0730,0.012010,real,real
2015-11-09,4200.785157,847.471159,4676.445261,0.0750,0.012117,real,real
2015-11-10,4188.342080,841.481910,4664.504372,0.1250,0.012143,real,real
2015-11-11,4184.019915,837.747087,4658.739384,0.1230,0.012156,real,real
2015-11-12,4140.699575,813.436993,4613.445716,0.1230,0.012255,real,real
2015-11-13,4062.386883,765.592023,4522.855666,0.1130,0.012461,real,real
2015-11-16,4119.531101,797.512441,4587.915540,0.0980,0.012312,real,real
2015-11-17,4119.846561,800.260559,4590.798373,0.1350,0.012306,real,real
2015-11-18,4198.908253,846.132460,4678.916161,0.1230,0.012112,real,real
2015-11-19,4200.631832,847.400862,4682.210588,0.0880,0.012105,real,real
2015-11-20,4228.612672,864.241566,4713.916326,0.0930,0.012037,real,real
2015-11-23,4218.172948,857.265613,4700.328055,0.1050,0.012066,real,real
2015-11-24,4213.318553,854.588131,4696.209430,0.1530,0.012075,real,real
2015-11-25,4216.449369,856.490648,4700.328055,0.1750,0.012066,real,real
2015-11-27,4223.298304,859.590930,4706.916227,0.1600,0.012052,real,real
2015-11-30,4208.896816,854.165245,4694.975676,0.1700,0.012077,real,real
2015-12-01,4255.502177,879.532511,4741.917745,0.2030,0.011977,real,real
2015-12-02,4228.486665,863.536984,4712.681215,0.2000,0.012039,real,real
2015-12-03,4156.778821,819.497218,4632.799995,0.1980,0.012212,real,real
2015-12-04,4255.466049,875.797943,4741.091846,0.2050,0.011979,real,real
2015-12-07,4235.163770,865.087082,4719.681315,0.2350,0.012024,real,real
2015-12-08,4236.201355,865.157804,4720.092904,0.2680,0.012024,real,real
2015-12-09,4170.665704,824.852266,4648.446220,0.2450,0.012178,real,real
2015-12-10,4189.532989,836.549068,4669.445838,0.2300,0.012132,real,real
2015-12-11,4094.347111,779.191596,4561.974790,0.2130,0.012371,real,real
2015-12-14,4123.762945,796.666671,4596.562684,0.1980,0.012293,real,real
2015-12-15,4148.279004,810.195777,4624.562402,0.2500,0.012231,real,real
2015-12-16,4208.942197,845.991612,4693.327955,0.2350,0.012081,real,real
2015-12-17,4149.009940,810.759681,4624.974673,0.2130,0.012230,real,real
2015-12-18,4073.837315,766.226563,4536.256477,0.1750,0.015576,real,real
2015-12-21,4115.091299,788.986049,4586.645790,0.1530,0.011941,real,real
2015-12-22,4140.996972,803.924491,4616.796855,0.1930,0.011877,real,real
2015-12-23,4172.876132,822.315548,4651.077072,0.1900,0.011804,real,real
2015-12-24,4171.234062,820.624601,4650.251511,0.1830,0.011805,real,real
2015-12-28,4169.952833,820.413201,4647.771780,0.1900,0.011811,real,real
2015-12-29,4232.871833,857.829516,4720.878391,0.2150,0.011659,real,real
2015-12-30,4197.617772,835.914952,4678.338170,0.1950,0.011747,real,real
2015-12-31,4144.615519,804.911195,4620.100446,0.1480,0.011869,real,real
2016-01-04,4058.524691,755.727102,4522.626778,0.1550,0.012082,real,real
2016-01-05,4046.181188,748.962549,4514.779383,0.2050,0.012100,real,real
2016-01-06,4009.916858,728.880290,4471.411905,0.2050,0.012198,real,real
2016-01-07,3885.152570,659.543640,4331.396998,0.1900,0.012527,real,real
2016-01-08,3853.624998,643.970998,4295.876235,0.1900,0.012614,real,real
2016-01-11,3865.147688,649.608084,4309.093326,0.1750,0.012582,real,real
2016-01-12,3910.417628,671.522606,4359.069348,0.2100,0.012460,real,real
2016-01-13,3774.527619,601.269720,4208.726974,0.2150,0.012834,real,real
2016-01-14,3855.601475,640.165879,4298.353251,0.2400,0.012608,real,real
2016-01-15,3736.593904,581.328521,4164.946208,0.2230,0.012948,real,real
2016-01-19,3741.998592,583.794857,4174.032449,0.2300,0.012924,real,real
2016-01-20,3732.262487,578.510105,4161.231024,0.2530,0.012958,real,real
2016-01-21,3737.965454,580.623981,4165.360855,0.2730,0.012947,real,real
2016-01-22,3843.690629,630.653250,4285.963077,0.2880,0.012639,real,real
2016-01-25,3786.627478,602.256296,4222.357693,0.2750,0.012799,real,real
2016-01-26,3820.302474,619.449546,4260.355472,0.3000,0.012703,real,real
2016-01-27,3725.567316,573.365906,4154.208170,0.3000,0.012976,real,real
2016-01-28,3777.180398,595.984926,4212.858504,0.3180,0.012824,real,real
2016-01-29,3861.195616,634.810745,4300.831965,0.3000,0.012602,real,real
2016-02-01,3867.863911,638.404380,4312.396920,0.2950,0.012574,real,real
2016-02-02,3783.532791,597.887358,4219.053760,0.3300,0.012808,real,real
2016-02-03,3764.466801,589.431773,4198.814156,0.3330,0.012860,real,real
2016-02-04,3760.676866,588.374813,4198.402565,0.2830,0.012861,real,real
2016-02-05,3631.373863,527.846169,4052.604668,0.2780,0.013252,real,real
2016-02-08,3573.805579,503.747559,3990.649384,0.2600,0.013426,real,real
2016-02-09,3562.192790,497.898946,3978.259210,0.3000,0.013462,real,real
2016-02-10,3578.867710,503.817984,3993.541047,0.2980,0.013418,real,real
2016-02-11,3575.204225,502.620303,3987.759758,0.2730,0.013434,real,real
2016-02-12,3626.609568,524.041219,4048.473139,0.2700,0.013263,real,real
2016-02-16,3703.433515,558.920944,4139.752232,0.2730,0.013015,real,real
2016-02-17,3788.946732,597.535406,4233.509020,0.2930,0.012771,real,real
2016-02-18,3745.987232,577.241704,4185.185473,0.2880,0.012895,real,real
2016-02-19,3757.356157,583.230995,4197.575987,0.2830,0.012863,real,real
2016-02-22,3817.974409,610.782433,4265.725170,0.2930,0.012689,real,real
2016-02-23,3755.957731,580.341859,4195.511241,0.3180,0.012868,real,real
2016-02-24,3790.354409,597.605703,4235.574106,0.3150,0.012765,real,real
2016-02-25,3826.808191,614.094201,4277.288766,0.3100,0.012660,real,real
2016-02-26,3821.899603,612.684908,4271.921106,0.3030,0.012674,real,real
2016-02-29,3790.769442,596.478362,4233.509020,0.3080,0.012771,real,real
2016-03-01,3910.318055,653.554222,4369.394437,0.3200,0.012436,real,real
2016-03-02,3911.022114,654.258804,4371.047932,0.3030,0.012432,real,real
2016-03-03,3903.325048,650.594746,4362.784533,0.2630,0.012452,real,real
2016-03-04,3906.158467,651.722001,4364.438367,0.2650,0.012448,real,real
2016-03-07,3882.995893,639.602357,4337.590896,0.2650,0.012512,real,real
2016-03-08,3848.869736,622.691059,4301.658542,0.3050,0.012600,real,real
2016-03-09,3873.882337,634.599388,4329.330214,0.2880,0.012532,real,real
2016-03-10,3868.234004,632.203731,4322.722008,0.3030,0.012548,real,real
2016-03-11,3935.781818,664.969453,4398.306994,0.3080,0.012367,real,real
2016-03-14,3940.744597,668.844912,4405.741098,0.3080,0.012350,real,real
2016-03-15,3940.519017,668.422027,4404.089301,0.3250,0.012354,real,real
2016-03-16,3974.013371,685.474513,4443.324569,0.3000,0.012262,real,real
2016-03-17,3970.457829,683.501232,4440.847553,0.2750,0.012268,real,real
2016-03-18,3979.995670,687.447327,4447.807581,0.2800,0.015244,real,real
2016-03-21,3994.568106,695.621343,4465.206461,0.2880,0.012892,real,real
2016-03-22,4004.168952,701.822035,4478.877253,0.2950,0.012858,real,real
2016-03-23,3972.533438,685.122052,4442.008633,0.2930,0.012948,real,real
2016-03-24,3975.213091,684.910863,4443.250877,0.2750,0.012945,real,real
2016-03-28,3968.481793,682.444273,4437.036942,0.2550,0.012961,real,real
2016-03-29,4031.328978,715.069401,4508.287659,0.2250,0.012787,real,real
2016-03-30,4052.226491,725.779838,4530.243924,0.1850,0.012735,real,real
2016-03-31,4045.711962,721.551833,4523.615683,0.1930,0.012751,real,real
2016-04-01,4089.402395,745.580315,4571.669247,0.2180,0.012638,real,real
2016-04-04,4071.013148,736.349341,4554.269008,0.1830,0.012679,real,real
2016-04-05,4034.062824,716.549033,4510.358858,0.2180,0.012783,real,real
2016-04-06,4099.959316,750.865067,4584.509390,0.2200,0.012608,real,real
2016-04-07,4038.159408,718.451635,4518.644670,0.2200,0.012763,real,real
2016-04-08,4037.834695,716.760518,4515.329871,0.2180,0.012771,real,real
2016-04-11,4023.198814,709.079601,4498.760623,0.2100,0.012810,real,real
2016-04-12,4056.882621,725.638820,4536.457518,0.2300,0.012720,real,real
2016-04-13,4109.831123,753.965688,4594.452430,0.2230,0.012585,real,real
2016-04-14,4109.749615,754.458531,4594.867416,0.2150,0.012584,real,real
2016-04-15,4099.400210,748.680852,4583.267143,0.2100,0.012611,real,real
2016-04-18,4122.995883,759.743622,4607.708236,0.1980,0.012555,real,real
2016-04-19,4093.922825,746.637062,4579.538715,0.2150,0.012620,real,real
2016-04-20,4096.945696,748.469282,4583.267143,0.2180,0.012611,real,real
2016-04-21,4097.270410,748.680852,4583.681452,0.2250,0.012610,real,real
2016-04-22,4037.166764,714.787195,4514.500914,0.2250,0.012773,real,real
2016-04-25,4037.112572,714.223800,4514.500914,0.2380,0.012773,real,real
2016-04-26,4018.019706,704.429007,4492.546010,0.2450,0.012825,real,real
2016-04-27,3985.228970,687.517794,4456.505325,0.2450,0.012913,real,real
2016-04-28,3937.730978,663.137360,4402.654167,0.2100,0.013046,real,real
2016-04-29,3917.256870,652.567730,4379.455999,0.1930,0.013105,real,real
2016-05-02,3953.349811,669.831446,4420.882342,0.1850,0.013001,real,real
2016-05-03,3917.338379,652.003826,4379.870985,0.2030,0.013104,real,real
2016-05-04,3890.827779,639.108878,4351.701465,0.1980,0.013176,real,real
2016-05-05,3888.545094,638.756799,4350.457524,0.1830,0.013179,real,real
2016-05-06,3907.214115,647.987433,4373.655692,0.1800,0.013120,real,real
2016-05-09,3917.193865,653.694943,4386.083561,0.2030,0.013088,real,real
2016-05-10,3972.064211,681.105701,4446.150351,0.2430,0.012938,real,real
2016-05-11,3935.059695,662.503032,4405.967609,0.2480,0.013038,real,real
2016-05-12,3918.619608,653.201803,4386.498209,0.2580,0.013087,real,real
2016-05-13,3903.929534,645.309994,4370.341571,0.2580,0.013128,real,real
2016-05-16,3952.610063,670.183526,4425.023720,0.2580,0.012990,real,real
2016-05-17,3900.347557,644.464478,4369.513975,0.2680,0.013130,real,real
2016-05-18,3914.486895,651.792426,4385.255286,0.2700,0.013090,real,real
2016-05-19,3894.049356,641.504959,4362.471085,0.2900,0.013148,real,real
2016-05-20,3936.747146,662.925960,4410.525671,0.2980,0.013027,real,real
2016-05-23,3929.709199,659.684616,4404.725365,0.3130,0.013041,real,real
2016-05-24,4010.196192,700.060536,4492.960653,0.3430,0.012824,real,real
2016-05-25,4039.188181,715.139868,4525.271216,0.3150,0.012747,real,real
2016-05-26,4049.591777,721.129117,4538.528036,0.2750,0.012716,real,real
2016-05-27,4071.770959,731.980742,4562.139834,0.2980,0.012660,real,real
2016-05-31,4082.012419,736.349341,4570.838936,0.2830,0.012640,real,real
2016-06-01,4078.565261,736.631462,4571.254603,0.2950,0.012639,real,real
2016-06-02,4088.743717,740.788492,4580.781301,0.2700,0.012617,real,real
2016-06-03,4069.289569,730.641704,4559.240702,0.2700,0.012667,real,real
2016-06-06,4081.777586,738.463343,4575.810626,0.2500,0.012628,real,real
2016-06-07,4072.267061,733.249058,4564.211372,0.2650,0.012655,real,real
2016-06-08,4079.070615,736.490359,4572.082537,0.2350,0.012637,real,real
2016-06-09,4071.906219,733.249058,4564.625000,0.2400,0.012654,real,real
2016-06-10,4025.310110,708.586545,4512.845043,0.2400,0.012777,real,real
2016-06-13,3990.760108,690.406846,4475.147806,0.2450,0.012867,real,real
2016-06-14,3992.700455,690.759349,4475.147806,0.2630,0.012867,real,real
2016-06-15,3978.804322,684.558275,4462.305971,0.2550,0.012899,real,real
2016-06-16,3992.086717,689.491075,4475.561772,0.2450,0.012866,real,real
2016-06-17,3947.105802,665.885308,4423.102624,0.2480,0.015720,real,real
2016-06-20,3970.367949,677.864316,4450.931188,0.2480,0.013264,real,real
2016-06-21,3982.314483,684.628784,4465.053644,0.2650,0.013228,real,real
2016-06-22,3974.491408,680.189719,4454.255158,0.2680,0.013255,real,real
2016-06-23,4031.112208,708.868200,4517.804510,0.2750,0.013097,real,real
2016-06-24,3867.088035,622.056901,4331.724708,0.2380,0.013573,real,real
2016-06-27,3790.705998,585.838053,4245.746715,0.2350,0.013808,real,real
2016-06-28,3871.392136,622.550125,4338.786275,0.2600,0.013555,real,real
2016-06-29,3938.407720,654.893005,4415.626409,0.2550,0.013354,real,real
2016-06-30,3986.194738,678.709959,4466.714611,0.2480,0.013224,real,real
2016-07-01,4004.015627,688.011188,4489.144271,0.2430,0.013168,real,real
2016-07-05,3979.923414,675.820738,4461.731033,0.2380,0.013236,real,real
2016-07-06,4010.557473,691.745587,4498.281790,0.2630,0.013145,real,real
2016-07-07,4023.983941,698.298824,4511.573254,0.2700,0.013112,real,real
2016-07-08,4086.045558,730.571492,4581.352500,0.2730,0.012943,real,real
2016-07-11,4109.821871,743.043512,4607.520099,0.2750,0.012881,real,real
2016-07-12,4130.484991,754.740483,4630.778377,0.2950,0.012826,real,real
2016-07-13,4119.801622,749.455562,4619.566263,0.2980,0.012852,real,real
2016-07-14,4147.521193,764.675701,4651.132084,0.3030,0.012779,real,real
2016-07-15,4141.511578,760.377907,4643.655532,0.2980,0.012796,real,real
2016-07-18,4168.446023,775.527495,4674.393077,0.2880,0.012725,real,real
2016-07-19,4153.647565,767.494625,4657.361982,0.3100,0.012764,real,real
2016-07-20,4202.301218,793.777703,4711.773811,0.3150,0.012640,real,real
2016-07-21,4193.115407,789.056516,4700.975324,0.3030,0.012664,real,real
2016-07-22,4210.304493,798.216854,4720.496682,0.3030,0.012620,real,real
2016-07-25,4210.178485,798.921437,4720.910991,0.2980,0.012619,real,real
2016-07-26,4215.754562,801.599173,4726.309894,0.3080,0.012607,real,real
2016-07-27,4243.519075,817.242197,4759.124073,0.2830,0.012534,real,real
2016-07-28,4260.239376,826.120583,4775.737810,0.2200,0.012497,real,real
2016-07-29,4268.197710,831.546438,4786.122326,0.2400,0.012475,real,real
2016-08-01,4291.486733,844.582107,4811.458934,0.2380,0.012420,real,real
2016-08-02,4258.254088,825.556934,4774.905795,0.2800,0.012499,real,real
2016-08-03,4271.897325,833.378319,4790.689556,0.2680,0.012465,real,real
2016-08-04,4280.451335,840.847709,4804.398726,0.2480,0.012435,real,real
2016-08-05,4323.221381,865.157804,4850.501649,0.2500,0.012336,real,real
2016-08-08,4317.383594,862.409940,4845.102408,0.2500,0.012347,real,real
2016-08-09,4327.317964,868.117237,4856.316219,0.2930,0.012323,real,real
2016-08-10,4316.165370,861.423066,4843.856427,0.2730,0.012350,real,real
2016-08-11,4334.139583,872.556558,4864.623766,0.2750,0.012306,real,real
2016-08-12,4337.541360,874.177208,4867.946377,0.2630,0.012299,real,real
2016-08-15,4355.623959,885.169511,4888.714055,0.2750,0.012255,real,real
2016-08-16,4328.617257,871.217435,4861.716822,0.2880,0.012312,real,real
2016-08-17,4336.070678,875.304676,4870.439355,0.2880,0.012293,real,real
2016-08-18,4338.985166,876.150277,4871.684313,0.2850,0.012291,real,real
2016-08-19,4336.693229,874.952257,4870.439355,0.2930,0.012293,real,real
2016-08-22,4338.876782,875.797943,4874.176952,0.2800,0.012285,real,real
2016-08-23,4347.827760,881.012397,4882.899824,0.3050,0.012267,real,real
2016-08-24,4316.255689,864.030335,4851.332641,0.3050,0.012334,real,real
2016-08-25,4308.982910,859.943264,4843.440760,0.3050,0.012351,real,real
2016-08-26,4316.435890,864.100972,4850.501649,0.3050,0.012336,real,real
2016-08-29,4323.112996,866.496672,4857.148572,0.3050,0.012322,real,real
2016-08-30,4309.488263,858.674948,4841.362773,0.3250,0.012355,real,real
2016-08-31,4305.030398,856.420096,4836.380552,0.3200,0.012366,real,real
2016-09-01,4316.661471,860.225047,4848.840344,0.3150,0.012339,real,real
2016-09-02,4330.016123,870.301452,4864.623766,0.3030,0.012306,real,real
2016-09-06,4357.780195,886.437658,4894.944287,0.3030,0.012242,real,real
2016-09-07,4359.900743,888.058478,4897.852593,0.3300,0.012236,real,real
2016-09-08,4334.762133,872.838340,4869.192697,0.3330,0.012296,real,real
2016-09-09,4224.263632,806.672440,4746.662924,0.3330,0.012562,real,real
2016-09-12,4299.255615,848.035063,4831.811626,0.3500,0.012376,real,real
2016-09-13,4261.538669,828.023015,4788.615303,0.3450,0.012469,real,real
2016-09-14,4282.481563,838.663155,4811.458934,0.3150,0.012420,real,real
2016-09-15,4349.108989,877.559357,4886.222096,0.2780,0.012260,real,real
2016-09-16,4347.439603,876.573077,4883.890429,0.2730,0.014797,real,real
2016-09-19,4327.606549,865.087082,4862.653768,0.2380,0.012627,real,real
2016-09-20,4335.863162,869.878991,4871.815057,0.2880,0.012607,real,real
2016-09-21,4379.652728,895.175620,4919.699846,0.2230,0.012504,real,real
2016-09-22,4413.588991,916.103480,4958.841386,0.1600,0.012421,real,real
2016-09-23,4384.308858,899.614770,4927.195079,0.1650,0.012488,real,real
2016-09-26,4346.645664,877.277575,4885.972151,0.1730,0.012576,real,real
2016-09-27,4391.346805,902.151488,4934.274302,0.2550,0.012473,real,real
2016-09-28,4399.070748,907.083906,4942.601546,0.2630,0.012455,real,real
2016-09-29,4365.711654,887.847078,4906.792129,0.2350,0.012531,real,real
2016-09-30,4399.458905,906.097117,4943.433899,0.2600,0.012453,real,real
2016-10-03,4391.274549,904.053921,4936.356029,0.2880,0.012468,real,real
2016-10-04,4384.814212,898.909679,4928.860457,0.3150,0.012484,real,real
2016-10-05,4401.308492,908.282010,4946.349332,0.3130,0.012447,real,real
2016-10-06,4397.852523,906.872421,4943.850924,0.3100,0.012452,real,real
2016-10-07,4389.370770,900.953553,4933.024929,0.3100,0.012475,real,real
2016-10-10,4415.763733,917.089675,4964.255231,0.3080,0.012409,real,real
2016-10-11,4350.922888,879.180007,4893.467722,0.3200,0.012560,real,real
2016-10-12,4348.874597,877.347787,4889.303931,0.3400,0.012569,real,real
2016-10-13,4333.950131,867.060151,4871.815057,0.2750,0.012607,real,real
2016-10-14,4338.804525,869.033135,4877.644911,0.2900,0.012594,real,real
2016-10-17,4327.696870,863.043971,4864.320504,0.2950,0.012623,real,real
2016-10-18,4366.993323,885.169511,4907.625159,0.3330,0.012529,real,real
2016-10-19,4364.186779,885.521930,4907.208473,0.3230,0.012530,real,real
2016-10-20,4360.667806,881.787277,4901.379299,0.3200,0.012543,real,real
2016-10-21,4377.947213,891.370500,4919.699846,0.3150,0.012504,real,real
2016-10-24,4430.381550,923.854228,4978.827311,0.3130,0.012379,real,real
2016-10-25,4413.670500,914.623678,4963.004838,0.3250,0.012412,real,real
2016-10-26,4385.824480,897.078052,4929.277143,0.3130,0.012483,real,real
2016-10-27,4364.042707,884.535141,4906.792129,0.2750,0.012531,real,real
2016-10-28,4336.196687,869.244536,4875.979529,0.2730,0.012598,real,real
2016-10-31,4332.298808,864.312287,4871.398713,0.2950,0.012608,real,real
2016-11-01,4301.321971,846.555346,4834.755924,0.3450,0.012688,real,real
2016-11-02,4265.202155,824.499848,4796.032428,0.3450,0.012774,real,real
2016-11-03,4222.062016,800.753742,4748.977615,0.3580,0.012881,real,real
2016-11-04,4205.242582,791.663701,4732.323466,0.3580,0.012919,real,real
2016-11-07,4307.448783,848.387227,4844.748889,0.3900,0.012666,real,real
2016-11-08,4335.592201,865.016785,4876.394514,0.4200,0.012597,real,real
2016-11-09,4353.873504,877.136556,4898.879871,0.4180,0.012548,real,real
2016-11-10,4283.356569,835.421769,4819.766138,0.4580,0.012721,real,real
2016-11-11,4287.796371,834.717441,4821.847526,0.4580,0.012717,real,real
2016-11-14,4242.761264,806.531676,4773.130046,0.5030,0.012826,real,real
2016-11-15,4299.093479,843.877779,4839.336739,0.4880,0.012678,real,real
2016-11-16,4324.177897,857.618116,4868.066933,0.4530,0.012615,real,real
2016-11-17,4355.145481,877.488806,4903.461025,0.4200,0.012538,real,real
2016-11-18,4338.407556,867.623885,4885.140140,0.4180,0.012578,real,real
2016-11-21,4384.389926,893.695733,4935.939347,0.4200,0.012469,real,real
2016-11-22,4397.780266,901.728688,4950.930490,0.4750,0.012437,real,real
2016-11-23,4379.751860,890.876978,4930.943541,0.4850,0.012480,real,real
2016-11-25,4394.333549,899.473667,4946.765680,0.4800,0.012446,real,real
2016-11-28,4382.603344,894.470528,4935.523342,0.4500,0.012470,real,real
2016-11-29,4397.211908,903.067386,4952.595192,0.4680,0.012434,real,real
2016-11-30,4340.907010,873.824959,4892.635373,0.4680,0.012562,real,real
2016-12-01,4271.689809,825.838886,4808.106099,0.4580,0.012747,real,real
2016-12-02,4276.445071,829.150484,4817.683397,0.4550,0.012726,real,real
2016-12-05,4311.428171,848.316760,4855.159555,0.4530,0.012643,real,real
2016-12-06,4320.929444,854.447282,4866.818236,0.4850,0.012618,real,real
2016-12-07,4378.019469,886.155876,4928.445133,0.4880,0.012485,real,real
2016-12-08,4384.561315,891.581900,4937.189401,0.4900,0.012466,real,real
2016-12-09,4417.685575,912.438870,4975.913917,0.5200,0.012385,real,real
2016-12-12,4398.195300,899.755619,4953.427879,0.5000,0.012432,real,real
2016-12-13,4453.724324,934.917253,5015.888144,0.5230,0.012302,real,real
2016-12-14,4440.532689,928.082233,5005.478159,0.5230,0.012324,real,real
2016-12-15,4451.531959,933.719149,5013.389736,0.4880,0.012307,real,real
2016-12-16,4434.793594,922.374257,4994.804643,0.4850,0.015344,real,real
2016-12-19,4452.831253,933.649106,5015.267701,0.4780,0.012442,real,real
2016-12-20,4469.930019,944.923107,5034.480029,0.5130,0.012402,real,real
2016-12-21,4465.517974,941.611085,5030.722054,0.5030,0.012410,real,real
2016-12-22,4452.416219,933.437621,5016.522509,0.4930,0.012440,real,real
2016-12-23,4457.496195,936.326334,5019.862783,0.5000,0.012433,real,real
2016-12-27,4480.767154,949.996458,5045.754967,0.4950,0.012379,real,real
2016-12-28,4445.107310,928.011767,5006.497964,0.4950,0.012460,real,real
2016-12-29,4437.879470,923.502149,4999.398701,0.4400,0.012475,real,real
2016-12-30,4388.558767,896.514233,4948.032711,0.4800,0.012584,real,real
2017-01-03,4431.608586,918.217313,4992.298762,0.4750,0.012490,real,real
2017-01-04,4454.960613,933.860337,5019.443377,0.5180,0.012433,real,real
2017-01-05,4479.991278,950.419343,5047.843147,0.5080,0.012375,real,real
2017-01-06,4518.006062,974.517953,5092.111909,0.5030,0.012285,real,real
2017-01-09,4534.085308,984.383213,5108.818017,0.4850,0.012251,real,real
2017-01-10,4543.352188,990.019874,5120.091597,0.5030,0.012228,real,real
2017-01-11,4556.923169,997.630028,5133.874117,0.4980,0.012201,real,real
2017-01-12,4549.000963,992.556592,5125.939105,0.5030,0.012217,real,real
2017-01-13,4565.314602,1003.971781,5143.480619,0.5130,0.012182,real,real
2017-01-17,4551.906197,994.529915,5128.027624,0.5130,0.012213,real,real
2017-01-18,4562.012397,1001.294638,5138.467837,0.5150,0.012192,real,real
2017-01-19,4557.789365,998.616647,5135.962975,0.5030,0.012197,real,real
2017-01-20,4568.644563,1005.099503,5147.238932,0.4800,0.012174,real,real
2017-01-23,4570.900371,1007.354185,5151.414608,0.4730,0.012166,real,real
2017-01-24,4602.806408,1028.352681,5186.077549,0.4930,0.012098,real,real
2017-01-25,4648.292677,1058.370243,5238.280308,0.4830,0.011998,real,real
2017-01-26,4653.210076,1062.738842,5243.709772,0.4880,0.011987,real,real
2017-01-27,4663.262083,1067.812278,5253.733641,0.4980,0.011968,real,real
2017-01-30,4628.315111,1043.572820,5212.805825,0.4950,0.012046,real,real
2017-01-31,4616.981875,1037.794632,5202.364931,0.5000,0.012067,real,real
2017-02-01,4649.393264,1057.524727,5238.280308,0.5000,0.011998,real,real
2017-02-02,4644.890899,1054.846991,5233.686588,0.4880,0.012006,real,real
2017-02-03,4657.433108,1064.007244,5248.720859,0.4880,0.011978,real,real
2017-02-06,4663.171762,1067.953212,5254.986072,0.5030,0.011966,real,real
2017-02-07,4679.341329,1078.945770,5274.196361,0.5250,0.011930,real,real
2017-02-08,4688.996367,1085.005825,5282.967113,0.5250,0.011913,real,real
2017-02-09,4703.054637,1096.279656,5302.178083,0.5280,0.011877,real,real
2017-02-10,4716.165204,1107.131196,5319.717897,0.5230,0.011845,real,real
2017-02-13,4743.352106,1126.579170,5349.787457,0.5230,0.011789,real,real
2017-02-14,4756.210216,1137.149097,5367.745652,0.5350,0.011756,real,real
2017-02-15,4784.471270,1156.737920,5399.483991,0.5200,0.011699,real,real
2017-02-16,4782.892204,1155.751215,5397.814536,0.5080,0.011702,real,real
2017-02-17,4804.620225,1170.267195,5421.201519,0.5080,0.011660,real,real
2017-02-21,4828.089447,1188.869653,5447.928433,0.5050,0.011613,real,real
2017-02-22,4829.352612,1189.010756,5450.018652,0.5100,0.011609,real,real
2017-02-23,4811.522911,1176.186063,5429.552875,0.4980,0.011645,real,real
2017-02-24,4821.394278,1182.527816,5439.993764,0.4980,0.011627,real,real
2017-02-27,4825.219900,1186.051238,5446.675664,0.4900,0.011615,real,real
2017-02-28,4809.664072,1176.749967,5429.971938,0.5230,0.011645,real,real
2017-03-01,4864.417221,1214.800652,5489.272936,0.6150,0.011540,real,real
2017-03-02,4839.395367,1195.634206,5461.709596,0.6450,0.011589,real,real
2017-03-03,4848.617307,1201.835110,5471.732784,0.6830,0.011571,real,real
2017-03-06,4836.733778,1193.520204,5459.620739,0.7050,0.011592,real,real
2017-03-07,4828.585549,1187.601421,5450.435334,0.7350,0.011608,real,real
2017-03-08,4836.282616,1193.661222,5460.038783,0.7080,0.011592,real,real
2017-03-09,4840.045234,1197.325239,5464.215139,0.7130,0.011584,real,real
2017-03-10,4859.824094,1210.431630,5487.185775,0.7250,0.011544,real,real
2017-03-13,4867.647169,1217.477880,5496.373894,0.7280,0.011528,real,real
2017-03-14,4856.458446,1208.458646,5483.010780,0.7530,0.011551,real,real
2017-03-15,4887.209701,1229.597906,5516.837976,0.7150,0.011493,real,real
2017-03-16,4883.447083,1228.893069,5513.078644,0.7080,0.011499,real,real
2017-03-17,4880.451087,1225.933551,5511.154827,0.7080,0.013603,real,real
2017-03-20,4884.556923,1229.597906,5516.175760,0.7100,0.011180,real,real
2017-03-21,4811.666983,1174.776728,5432.476462,0.7530,0.011321,real,real
2017-03-22,4843.266371,1197.889227,5469.304330,0.7480,0.011259,real,real
2017-03-23,4832.068835,1188.306004,5455.493625,0.7480,0.011282,real,real
2017-03-24,4840.063298,1194.788690,5466.793014,0.7480,0.011263,real,real
2017-03-27,4849.330179,1201.130358,5475.580409,0.7580,0.011248,real,real
2017-03-28,4879.052662,1223.679039,5509.062917,0.7730,0.011192,real,real
2017-03-29,4899.860295,1239.885627,5534.589015,0.7550,0.011149,real,real
2017-03-30,4908.405492,1246.086785,5543.796155,0.7580,0.011134,real,real
2017-03-31,4905.238107,1243.127182,5540.031388,0.7380,0.011140,real,real
2017-04-03,4901.601937,1240.449361,5536.681949,0.7400,0.011146,real,real
2017-04-04,4909.009978,1246.086785,5545.472060,0.7800,0.011131,real,real
2017-04-05,4889.257994,1231.852672,5522.871921,0.7800,0.011169,real,real
2017-04-06,4891.387354,1232.839207,5525.800262,0.7880,0.011164,real,real
2017-04-07,4889.122733,1231.429872,5522.871921,0.7980,0.011169,real,real
2017-04-10,4892.109477,1232.839207,5524.965537,0.7880,0.011165,real,real
2017-04-11,4871.103138,1217.337371,5501.110585,0.8000,0.011205,real,real
2017-04-12,4851.820379,1201.271377,5478.927471,0.7930,0.011242,real,real
2017-04-13,4830.669970,1187.037518,5457.168173,0.7900,0.011279,real,real
2017-04-17,4871.825261,1215.223283,5502.364036,0.7900,0.011203,real,real
2017-04-18,4865.021707,1211.700116,5493.994346,0.8050,0.011217,real,real
2017-04-19,4872.222231,1215.927866,5502.783437,0.7850,0.011202,real,real
2017-04-20,4911.824893,1245.381694,5548.818107,0.7700,0.011126,real,real
2017-04-21,4910.489472,1244.818214,5547.560922,0.7630,0.011128,real,real
2017-04-24,4970.024759,1290.056084,5614.522193,0.7700,0.011019,real,real
2017-04-25,5006.262212,1318.664481,5655.114490,0.8080,0.010954,real,real
2017-04-26,4999.855627,1312.886462,5647.163182,0.8030,0.010967,real,real
2017-04-27,5027.096721,1335.857519,5681.061690,0.7850,0.010913,real,real
2017-04-28,5038.150184,1343.467758,5691.106952,0.7800,0.010898,real,real
2017-05-01,5079.747386,1377.290524,5741.744848,0.7850,0.010819,real,real
2017-05-02,5092.776884,1385.464242,5751.369008,0.8430,0.010804,real,real
2017-05-03,5075.714246,1371.794033,5732.955414,0.8480,0.010833,real,real
2017-05-04,5076.760642,1373.203792,5735.050045,0.8550,0.010830,real,real
2017-05-05,5094.599596,1388.142403,5755.973935,0.8680,0.010797,real,real
2017-05-08,5106.311737,1396.456715,5768.526779,0.8700,0.010778,real,real
2017-05-09,5123.672653,1411.818127,5788.616621,0.8900,0.010748,real,real
2017-05-10,5126.713589,1414.072639,5791.960967,0.8750,0.010743,real,real
2017-05-11,5119.982291,1410.690489,5787.359436,0.8600,0.010750,real,real
2017-05-12,5131.342403,1419.850996,5800.334053,0.8550,0.010730,real,real
2017-05-15,5147.286388,1433.097897,5818.749009,0.8630,0.010703,real,real
2017-05-16,5165.296730,1451.137214,5843.018603,0.8900,0.010666,real,real
2017-05-17,5035.461278,1341.353670,5694.456052,0.8750,0.010892,real,real
2017-05-18,5076.751831,1375.317370,5744.252426,0.8930,0.010815,real,real
2017-05-19,5099.535499,1391.947183,5768.526779,0.8880,0.010778,real,real
2017-05-22,5142.702514,1428.024800,5817.070722,0.8780,0.010705,real,real
2017-05-23,5146.266869,1431.547798,5822.931477,0.9130,0.010696,real,real
2017-05-24,5170.584223,1451.277300,5849.713403,0.9050,0.010656,real,real
2017-05-25,5213.959196,1489.469428,5899.515893,0.9080,0.010583,real,real
2017-05-26,5222.973178,1495.811435,5909.979536,0.9100,0.010568,real,real
2017-05-30,5228.630765,1498.911463,5915.000807,0.9100,0.010561,real,real
2017-05-31,5223.370148,1497.079667,5912.908216,0.9500,0.010564,real,real
2017-06-01,5248.373498,1514.977712,5935.926060,0.9480,0.010531,real,real
2017-06-02,5306.979585,1566.697589,6003.720365,0.9530,0.010434,real,real
2017-06-05,5303.965966,1565.429697,6002.466572,0.9480,0.010436,real,real
2017-06-06,5284.701271,1547.672416,5978.611968,0.9580,0.010470,real,real
2017-06-07,5303.487488,1564.583587,6002.049548,0.9730,0.010437,real,real
2017-06-08,5310.444367,1568.811931,6008.325293,0.9730,0.010428,real,real
2017-06-09,5181.087391,1455.364880,5858.082416,0.9800,0.010644,real,real
2017-06-12,5150.625162,1429.010995,5826.699635,0.9730,0.010691,real,real
2017-06-13,5190.002242,1462.410876,5873.987756,0.9830,0.010621,real,real
2017-06-14,5167.669735,1442.822138,5848.460295,0.9830,0.010658,real,real
2017-06-15,5144.047188,1423.373995,5822.513095,0.9930,0.010697,real,real
2017-06-16,5126.532947,1406.321890,5797.251199,0.9850,0.013495,real,real
2017-06-19,5208.409995,1474.390223,5894.187626,0.9850,0.011262,real,real
2017-06-20,5166.984182,1440.990512,5848.027647,0.9930,0.011336,real,real
2017-06-21,5217.586554,1482.845893,5905.937663,0.9680,0.011244,real,real
2017-06-22,5215.312681,1481.154691,5904.257337,0.9330,0.011247,real,real
2017-06-23,5236.282450,1497.783995,5926.918604,0.9330,0.011211,real,real
2017-06-26,5213.255137,1477.913051,5899.221805,0.9330,0.011255,real,real
2017-06-27,5117.618098,1396.597988,5792.216343,0.9900,0.011425,real,real
2017-06-28,5191.094018,1455.223268,5875.723093,0.9850,0.011292,real,real
2017-06-29,5100.852856,1381.095389,5773.751806,1.0030,0.011456,real,real
2017-06-30,5095.348595,1376.304074,5775.851190,0.9930,0.011452,real,real
2017-07-03,5050.268547,1338.816953,5715.005030,1.0000,0.011553,real,real
2017-07-05,5097.062921,1377.008657,5771.234716,1.0200,0.011460,real,real
2017-07-06,5051.116678,1340.649088,5719.201083,1.0080,0.011546,real,real
2017-07-07,5103.966048,1380.813691,5780.884688,1.0080,0.011444,real,real
2017-07-10,5137.965316,1409.703955,5818.653242,1.0130,0.011383,real,real
2017-07-11,5152.086591,1421.260077,5835.018391,1.0330,0.011356,real,real
2017-07-12,5214.482614,1471.853589,5904.257337,1.0230,0.011247,real,real
2017-07-13,5227.484796,1481.577322,5917.268632,1.0130,0.011226,real,real
2017-07-14,5267.836897,1516.386368,5963.846316,1.0080,0.011154,real,real
2017-07-17,5269.334895,1517.232139,5966.783822,1.0200,0.011150,real,real
2017-07-18,5305.752549,1547.390888,6006.650402,1.0400,0.011089,real,real
2017-07-19,5338.290387,1575.717333,6041.897108,1.0850,0.011036,real,real
2017-07-20,5342.856197,1581.636709,6049.870832,1.1130,0.011024,real,real
2017-07-21,5343.135530,1579.240670,6047.353747,1.1380,0.011028,real,real
2017-07-24,5361.037928,1599.815773,6075.051227,1.1500,0.010987,real,real
2017-07-25,5351.364826,1589.105167,6059.520804,1.1430,0.011010,real,real
2017-07-26,5369.483552,1603.339788,6079.247280,1.0950,0.010980,real,real
2017-07-27,5339.075074,1574.730968,6041.061702,1.0780,0.011037,real,real
2017-07-28,5331.757354,1569.657362,6036.020734,1.0530,0.011045,real,real
2017-07-31,5305.960065,1549.223024,6010.424677,1.0530,0.011083,real,real
2017-08-01,5319.350406,1559.369896,6024.274094,1.0580,0.011062,real,real
2017-08-02,5336.548744,1570.785169,6040.639247,1.0500,0.011038,real,real
2017-08-03,5315.768428,1554.437054,6017.139854,1.0580,0.011073,real,real
2017-08-04,5323.627630,1560.496855,6028.051088,1.0530,0.011057,real,real
2017-08-07,5355.046376,1588.118971,6066.238019,1.0330,0.011000,real,real
2017-08-08,5347.485011,1582.200104,6055.746529,1.0300,0.011015,real,real
2017-08-09,5341.204875,1575.999030,6047.773487,1.0250,0.011027,real,real
2017-08-10,5222.819854,1473.684877,5918.104043,1.0180,0.011225,real,real
2017-08-11,5261.926414,1507.367303,5963.006156,1.0130,0.011156,real,real
2017-08-14,5331.080611,1565.993261,6039.799082,1.0030,0.011039,real,real
2017-08-15,5330.683641,1568.811931,6043.996497,1.0080,0.011033,real,real
2017-08-16,5339.427104,1576.985904,6054.486629,0.9850,0.011017,real,real
2017-08-17,5230.155638,1480.027053,5930.694917,0.9780,0.011205,real,real
2017-08-18,5225.274368,1474.812854,5926.498864,0.9880,0.011212,real,real
2017-08-21,5221.331108,1472.135456,5918.944203,0.9650,0.011224,real,real
2017-08-22,5299.643801,1537.666647,6009.165453,0.9950,0.011085,real,real
2017-08-23,5280.198465,1520.473948,5987.764087,0.9800,0.011118,real,real
2017-08-24,5264.552316,1507.790103,5970.140396,0.9980,0.011145,real,real
2017-08-25,5253.805502,1497.643401,5957.551556,0.9950,0.011164,real,real
2017-08-28,5267.836897,1510.749876,5976.016769,1.0050,0.011136,real,real
2017-08-29,5289.546854,1529.351741,5999.515481,1.0100,0.011100,real,real
2017-08-30,5353.395053,1582.340868,6070.012975,0.9980,0.010994,real,real
2017-08-31,5403.654650,1627.297125,6135.056549,0.9780,0.010899,real,real
2017-09-01,5403.022846,1626.169827,6126.666478,0.9850,0.010911,real,real
2017-09-05,5353.241729,1582.622904,6071.693296,0.9830,0.010992,real,real
2017-09-06,5369.844394,1596.292944,6090.157152,1.0380,0.010964,real,real
2017-09-07,5381.737176,1606.157949,6104.424274,1.0230,0.010943,real,real
2017-09-08,5335.772869,1566.557165,6051.551834,1.0200,0.011022,real,real
2017-09-11,5396.372617,1616.446094,6121.209167,1.0200,0.010919,real,real
2017-09-12,5410.007042,1630.115625,6135.896029,1.0180,0.010898,real,real
2017-09-13,5417.893121,1636.879755,6144.290173,1.0180,0.010885,real,real
2017-09-14,5385.806443,1609.258147,6108.199906,1.0280,0.010938,real,real
2017-09-15,5403.113167,1622.223689,6129.182210,1.0100,0.010907,real,real
2017-09-18,5396.905287,1618.277721,6121.149397,1.0000,0.011110,real,real
2017-09-19,5405.892394,1625.183292,6131.661264,1.0180,0.011095,real,real
2017-09-20,5390.128608,1611.653847,6112.737595,1.0200,0.011123,real,real
2017-09-21,5355.208953,1580.649835,6075.309318,1.0080,0.011179,real,real
2017-09-22,5352.871635,1576.704037,6069.422756,1.0030,0.011188,real,real
2017-09-25,5294.247924,1527.238077,6005.495772,0.9980,0.011286,real,real
2017-09-26,5306.871201,1537.666647,6021.056761,1.0430,0.011262,real,real
2017-09-27,5357.807539,1579.381434,6075.309318,1.0380,0.011179,real,real
2017-09-28,5353.548378,1576.704037,6073.206538,1.0300,0.011182,real,real
2017-09-29,5395.262777,1610.104087,6116.943155,1.0280,0.011117,real,real
2017-10-02,5397.626970,1614.613620,6122.411336,1.0130,0.011108,real,real
2017-10-03,5409.483624,1624.760322,6135.447762,1.0350,0.011089,real,real
2017-10-04,5412.894213,1628.987988,6141.339083,1.0430,0.011080,real,real
2017-10-05,5465.499938,1675.917145,6201.477526,1.0430,0.010992,real,real
2017-10-06,5472.203919,1681.977115,6209.885251,1.0430,0.010980,real,real
2017-10-09,5466.753850,1677.749111,6202.737426,1.0450,0.010990,real,real
2017-10-10,5471.256657,1681.272448,6207.363407,1.0550,0.010984,real,real
2017-10-11,5487.254834,1695.929022,6225.870053,1.0680,0.010957,real,real
2017-10-12,5477.094883,1686.768684,6214.513271,1.0530,0.010973,real,real
2017-10-13,5497.361034,1705.653094,6238.484700,1.0500,0.010939,real,real
2017-10-16,5517.283967,1723.268593,6259.931571,1.0550,0.010908,real,real
2017-10-17,5524.574811,1729.328733,6267.922952,1.0730,0.010897,real,real
2017-10-18,5517.121831,1722.704689,6260.351311,1.0680,0.010908,real,real
2017-10-19,5497.514358,1703.679686,6237.222761,1.0650,0.010941,real,real
2017-10-20,5512.131735,1716.081664,6254.045685,1.0750,0.010917,real,real
2017-10-23,5475.145723,1684.091118,6213.251332,1.0700,0.010975,real,real
2017-10-24,5486.325635,1692.687382,6223.766596,1.0980,0.010960,real,real
2017-10-25,5463.604970,1672.112110,6200.212867,1.0830,0.010994,real,real
2017-10-26,5448.112146,1656.609935,6180.448361,1.0800,0.011023,real,real
2017-10-27,5606.560243,1799.370474,6360.444627,1.0730,0.010768,real,real
2017-10-30,5619.300716,1812.194574,6374.742997,1.0750,0.010748,real,real
2017-10-31,5638.222634,1831.360850,6398.715784,1.1230,0.010715,real,real
2017-11-01,5638.303701,1828.965150,6396.613680,1.1380,0.010718,real,real
2017-11-02,5627.241427,1819.663879,6384.416738,1.1380,0.010735,real,real
2017-11-03,5680.649902,1870.397901,6445.817120,1.1480,0.010651,real,real
2017-11-06,5696.918601,1889.423413,6467.685769,1.1580,0.010622,real,real
2017-11-07,5703.388190,1892.523950,6471.469556,1.1880,0.010617,real,real
2017-11-08,5725.973595,1916.199590,6497.545800,1.1950,0.010583,real,real
2017-11-09,5695.655437,1885.477106,6463.480889,1.2030,0.010628,real,real
2017-11-10,5692.822017,1884.913711,6463.060469,1.2000,0.010628,real,real
2017-11-13,5699.237855,1890.550712,6471.049812,1.1850,0.010618,real,real
2017-11-14,5678.899448,1871.525030,6447.499484,1.2400,0.010649,real,real
2017-11-15,5647.065227,1844.044525,6417.219709,1.2300,0.010690,real,real
2017-11-16,5719.955167,1913.099562,6499.227483,1.2300,0.010580,real,real
2017-11-17,5697.730605,1891.678519,6474.412496,1.2400,0.010613,real,real
2017-11-20,5692.406984,1887.027544,6469.369491,1.2400,0.010620,real,real
2017-11-21,5755.587694,1946.499442,6539.598699,1.2780,0.010527,real,real
2017-11-22,5762.346308,1954.250106,6547.591443,1.2650,0.010517,real,real
2017-11-24,5783.253073,1976.235392,6571.562191,1.2400,0.010486,real,real
2017-11-27,5780.257518,1972.993921,6568.619927,1.2230,0.010490,real,real
2017-11-28,5795.226924,1987.509393,6585.440135,1.2650,0.010468,real,real
2017-11-29,5694.906438,1885.336342,6470.628714,1.2580,0.010618,real,real
2017-11-30,5743.794484,1932.124565,6524.880595,1.2380,0.010547,real,real
2017-12-01,5718.809199,1906.334415,6497.125383,1.2350,0.010583,real,real
2017-12-04,5651.883934,1840.521357,6422.266111,1.2450,0.010683,real,real
2017-12-05,5653.155911,1843.198416,6426.470314,1.2830,0.010677,real,real
2017-12-06,5678.366777,1867.579401,6455.488146,1.2630,0.010638,real,real
2017-12-07,5699.327734,1886.041179,6477.359514,1.2600,0.010609,real,real
2017-12-08,5724.854502,1910.985390,6505.956244,1.2530,0.010571,real,real
2017-12-11,5769.357380,1954.814010,6556.422985,1.2630,0.010505,real,real
2017-12-12,5760.117375,1947.485977,6547.591443,1.3100,0.010517,real,real
2017-12-13,5770.060998,1957.210049,6560.208806,1.2730,0.010501,real,real
2017-12-14,5765.766149,1954.391040,6555.580786,1.2830,0.010507,real,real
2017-12-15,5834.712389,2017.950009,6630.018275,1.2850,0.010411,real,real
2017-12-18,5877.076654,2069.811499,6685.606807,1.3150,0.010195,real,real
2017-12-19,5847.660820,2036.129242,6645.992211,1.3530,0.010244,real,real
2017-12-20,5840.270842,2027.674081,6638.828082,1.3500,0.010252,real,real
2017-12-21,5840.460295,2026.687377,6639.670281,1.3200,0.010251,real,real
2017-12-22,5833.674805,2019.922739,6632.083020,1.2980,0.010261,real,real
2017-12-26,5804.791641,1987.227356,6596.261714,1.3030,0.010306,real,real
2017-12-27,5806.587035,1987.227356,6597.103237,1.4080,0.010305,real,real
2017-12-28,5812.244622,1992.582829,6605.110919,1.3700,0.010295,real,real
2017-12-29,5771.640064,1954.954773,6564.233022,1.3550,0.010346,real,real
2018-01-02,5875.335011,2055.295519,6679.284881,1.3780,0.010202,real,real
2018-01-03,5933.498749,2115.471915,6744.184465,1.3700,0.010123,real,real
2018-01-04,5941.421396,2127.873893,6755.984760,1.3700,0.010109,real,real
2018-01-05,6003.420009,2192.136851,6823.834759,1.3700,0.010029,real,real
2018-01-08,6024.480099,2216.517497,6850.386444,1.3800,0.009998,real,real
2018-01-09,6025.662195,2218.208360,6850.806860,1.4150,0.009997,real,real
2018-01-10,6011.874886,2202.424827,6834.794212,1.3950,0.010016,real,real
2018-01-11,6053.228443,2246.534974,6881.572257,1.4030,0.009961,real,real
2018-01-12,6098.389558,2294.168968,6932.143591,1.4100,0.009903,real,real
2018-01-16,6079.079924,2276.411857,6912.335614,1.3950,0.009926,real,real
2018-01-17,6145.075547,2348.144291,6986.929317,1.4150,0.009841,real,real
2018-01-18,6146.068192,2350.399396,6988.194656,1.4050,0.009840,real,real
2018-01-19,6166.776692,2372.947398,7010.108128,1.4030,0.009815,real,real
2018-01-22,6231.698604,2447.075362,7085.122933,1.3900,0.009733,real,real
2018-01-23,6283.293621,2509.084402,7143.701272,1.4130,0.009669,real,real
2018-01-24,6243.492255,2458.209447,7097.346364,1.4100,0.009719,real,real
2018-01-25,6240.739904,2455.109080,7094.816370,1.3930,0.009722,real,real
2018-01-26,6336.991122,2564.751266,7203.546304,1.3880,0.009605,real,real
2018-01-29,6305.725260,2530.787312,7168.568554,1.3750,0.009643,real,real
2018-01-30,6253.760590,2466.101383,7109.567079,1.4250,0.009706,real,real
2018-01-31,6271.139570,2496.541661,7139.067817,1.4300,0.009674,real,real
2018-02-01,6227.385692,2434.111007,7078.383301,1.4530,0.009740,real,real
2018-02-02,6099.968624,2285.431261,6937.202901,1.4500,0.009897,real,real
2018-02-05,5861.421253,2021.613941,6663.692654,1.4580,0.010222,real,real
2018-02-06,6014.870441,2177.480786,6840.270547,1.4880,0.010009,real,real
2018-02-07,5939.111396,2091.372797,6751.770369,1.5150,0.010114,real,real
2018-02-08,5690.142364,1832.206451,6466.881605,1.5150,0.010472,real,real
2018-02-09,5786.312073,1918.454526,6578.561272,1.5250,0.010328,real,real
2018-02-12,5886.623307,2025.841776,6695.300245,1.5350,0.010183,real,real
2018-02-13,5913.701824,2050.504119,6729.858254,1.5700,0.010141,real,real
2018-02-14,6023.036293,2170.574705,6855.862775,1.5500,0.009991,real,real
2018-02-15,6131.215982,2284.021927,6983.136027,1.5600,0.009846,real,real
2018-02-16,6109.325825,2258.513812,6951.952248,1.5700,0.009881,real,real
2018-02-20,6117.473612,2269.788153,6965.856005,1.5730,0.009865,real,real
2018-02-21,6099.038985,2249.353983,6946.050743,1.6080,0.009887,real,real
2018-02-22,6101.376302,2249.776784,6945.210583,1.6050,0.009888,real,real
2018-02-23,6222.964395,2383.799277,7087.229109,1.6050,0.009730,real,real
2018-02-26,6306.429320,2479.489387,7181.211049,1.6080,0.009629,real,real
2018-02-27,6226.348108,2390.704340,7092.287057,1.6350,0.009725,real,real
2018-02-28,6184.904231,2342.647885,7046.774353,1.6180,0.009775,real,real
2018-03-01,6091.170970,2229.905501,6931.723170,1.5900,0.009904,real,real
2018-03-02,6145.761543,2291.209874,6995.358781,1.6050,0.009832,real,real
2018-03-05,6209.140517,2363.083241,7072.902898,1.6250,0.009746,real,real
2018-03-06,6237.780477,2392.959615,7102.822694,1.6430,0.009713,real,real
2018-03-07,6252.551618,2410.857490,7119.259159,1.6500,0.009695,real,real
2018-03-08,6285.973716,2446.794343,7158.452658,1.6350,0.009653,real,real
2018-03-09,6407.561809,2589.271998,7297.525528,1.6350,0.009508,real,real
2018-03-12,6434.577321,2628.027860,7336.299282,1.6430,0.009468,real,real
2018-03-13,6358.231413,2532.619617,7236.417876,1.6900,0.009571,real,real
2018-03-14,6353.241757,2524.022674,7235.153218,1.7180,0.009572,real,real
2018-03-15,6344.209711,2512.748334,7228.831292,1.7330,0.009579,real,real
2018-03-16,6334.266087,2496.119369,7207.338236,1.7380,0.009601,real,real
2018-03-19,6194.342499,2339.406753,7053.562885,1.7280,0.009798,real,real
2018-03-20,6213.327421,2356.600300,7076.778369,1.7580,0.009772,real,real
2018-03-21,6184.029223,2322.495413,7045.965431,1.7100,0.009806,real,real
2018-03-22,6029.560075,2152.817594,6872.053371,1.6830,0.010004,real,real
2018-03-23,5872.402460,1978.912619,6690.964279,1.6880,0.010220,real,real
2018-03-26,6094.139650,2201.579226,6939.589581,1.7050,0.009926,real,real
2018-03-27,5892.027996,1990.468996,6715.024006,1.7330,0.010191,real,real
2018-03-28,5829.740798,1921.837099,6637.775334,1.6950,0.010286,real,real
2018-03-29,5938.308204,2028.237476,6759.348122,1.6700,0.010137,real,real
2018-04-02,5766.605028,1848.131766,6564.330146,1.6830,0.010379,real,real
2018-04-03,5827.954215,1910.139958,6638.198470,1.7130,0.010286,real,real
2018-04-04,5919.296406,2000.474426,6742.885168,1.6680,0.010157,real,real
2018-04-05,5950.679024,2031.901746,6781.294880,1.6750,0.010111,real,real
2018-04-06,5804.836581,1880.263076,6611.607397,1.6800,0.010319,real,real
2018-04-09,5840.144394,1917.890791,6658.040409,1.6750,0.010261,real,real
2018-04-10,5969.655134,2044.585422,6804.934863,1.6950,0.010083,real,real
2018-04-11,5940.392624,2010.198667,6765.680237,1.6930,0.010130,real,real
2018-04-12,6006.099664,2080.663039,6847.147372,1.7050,0.010033,real,real
2018-04-13,5980.906862,2049.799791,6811.688756,1.7180,0.010075,real,real
2018-04-16,6023.171994,2095.037746,6863.609645,1.7130,0.010014,real,real
2018-04-17,6150.570997,2229.060239,7011.351052,1.7550,0.009845,real,real
2018-04-18,6165.765984,2244.562245,7025.703752,1.7700,0.009829,real,real
2018-04-19,6113.142636,2183.540078,6961.119995,1.7830,0.009901,real,real
2018-04-20,6016.467572,2078.830734,6850.947455,1.7650,0.010028,real,real
2018-04-23,5999.368365,2062.483636,6833.638229,1.7830,0.010049,real,real
2018-04-24,5873.268655,1930.997437,6688.854706,1.8230,0.010223,real,real
2018-04-25,5877.681140,1938.607506,6696.874615,1.8150,0.010213,real,real
2018-04-26,6000.135428,2058.818686,6837.860771,1.7850,0.010044,real,real
2018-04-27,6006.181172,2063.610595,6842.082631,1.7700,0.010039,real,real
2018-04-30,5960.360937,2019.640533,6793.538007,1.7630,0.010096,real,real
2018-05-01,6029.289554,2085.313504,6871.207095,1.8100,0.010005,real,real
2018-05-02,5995.470486,2048.954699,6830.685099,1.7850,0.010052,real,real
2018-05-03,5994.568162,2049.094954,6829.841538,1.7880,0.010053,real,real
2018-05-04,6107.936211,2164.374141,6959.431520,1.7930,0.009903,real,real
2018-05-07,6155.533777,2215.812660,7017.261388,1.7930,0.009838,real,real
2018-05-08,6149.767806,2208.484628,7010.083001,1.8350,0.009846,real,real
2018-05-09,6219.905395,2282.471658,7086.488788,1.8450,0.009761,real,real
2018-05-10,6283.374690,2353.499594,7159.937372,1.8450,0.009682,real,real
2018-05-11,6273.458383,2346.453258,7153.181445,1.8600,0.009689,real,real
2018-05-14,6284.114876,2356.882167,7165.424573,1.8550,0.009676,real,real
2018-05-15,6215.691614,2280.639862,7086.064971,1.8750,0.009762,real,real
2018-05-16,6253.075036,2322.636346,7132.919767,1.8650,0.009711,real,real
2018-05-17,6227.502888,2296.423565,7105.483093,1.8630,0.009741,real,real
2018-05-18,6195.578788,2259.641280,7068.759141,1.8550,0.009781,real,real
2018-05-21,6231.021862,2299.101301,7108.439619,1.8630,0.009738,real,real
2018-05-22,6220.275488,2287.122124,7099.150302,1.8930,0.009748,real,real
2018-05-23,6274.423711,2344.621123,7159.091777,1.8730,0.009683,real,real
2018-05-24,6270.877861,2342.647885,7156.980847,1.8600,0.009685,real,real
2018-05-25,6281.001684,2348.566752,7164.157199,1.8530,0.009677,real,real
2018-05-29,6249.979908,2318.549445,7132.497988,1.8400,0.009711,real,real
2018-05-30,6294.942759,2368.015235,7183.571244,1.8780,0.009657,real,real
2018-05-31,6287.146560,2362.941798,7178.929643,1.8700,0.009662,real,real
2018-06-01,6391.996728,2472.865852,7291.637603,1.8680,0.009543,real,real
2018-06-04,6445.810985,2536.283379,7357.486704,1.8650,0.009476,real,real
2018-06-05,6466.727002,2562.495821,7380.279734,1.9030,0.009453,real,real
2018-06-06,6505.824750,2604.774512,7423.336477,1.9000,0.009409,real,real
2018-06-07,6454.166730,2544.316418,7362.974581,1.8850,0.009470,real,real
2018-06-08,6453.977277,2542.625556,7363.396359,1.8800,0.009470,real,real
2018-06-11,6468.288004,2562.495821,7383.236259,1.8680,0.009450,real,real
2018-06-12,6505.012748,2603.083310,7422.069103,1.8880,0.009411,real,real
2018-06-13,6501.475270,2600.123707,7421.645967,1.8950,0.009411,real,real
2018-06-14,6568.545046,2679.184512,7496.784384,1.8830,0.009337,real,real
2018-06-15,6547.042607,2652.549439,7470.613050,1.8880,0.009362,real,real
2018-06-18,6543.117851,2646.630063,7466.299496,1.8830,0.009382,real,real
2018-06-19,6522.030445,2622.953915,7445.148756,1.8980,0.009403,real,real
2018-06-20,6569.546942,2677.916111,7498.025269,1.8880,0.009351,real,real
2018-06-21,6512.511108,2608.579377,7432.880493,1.8900,0.009416,real,real
2018-06-22,6494.482262,2582.367105,7416.380185,1.8700,0.009432,real,real
2018-06-25,6350.706175,2417.481364,7249.288577,1.8530,0.009603,real,real
2018-06-26,6377.803197,2444.116437,7278.900705,1.8930,0.009572,real,real
2018-06-27,6288.897015,2346.030628,7179.912432,1.8800,0.009677,real,real
2018-06-28,6344.778069,2403.529118,7241.674827,1.8800,0.009611,real,real
2018-06-29,6353.079181,2414.521930,7261.134380,1.8800,0.009591,real,real
2018-07-02,6404.529684,2468.638017,7309.780883,1.8950,0.009541,real,real
2018-07-03,6329.393189,2383.658513,7225.173838,1.9330,0.009629,real,real
2018-07-05,6407.444172,2471.174650,7314.857170,1.9100,0.009535,real,real
2018-07-06,6503.343361,2582.367105,7428.650482,1.9050,0.009420,real,real
2018-07-09,6565.305846,2654.240132,7495.486445,1.9150,0.009354,real,real
2018-07-10,6571.261269,2660.581461,7500.987230,1.9350,0.009348,real,real
2018-07-11,6536.413429,2621.685683,7462.913042,1.9200,0.009386,real,real
2018-07-12,6646.740542,2751.057540,7591.513437,1.9280,0.009261,real,real
2018-07-13,6655.375620,2759.090410,7597.856417,1.9280,0.009255,real,real
2018-07-16,6639.206053,2740.488207,7579.668315,1.9380,0.009272,real,real
2018-07-17,6680.704123,2791.222398,7625.777354,1.9750,0.009228,real,real
2018-07-18,6668.287922,2773.465796,7611.394088,1.9600,0.009242,real,real
2018-07-19,6634.207145,2732.455337,7573.322615,1.9480,0.009278,real,real
2018-07-20,6632.285302,2728.650133,7571.631424,1.9330,0.009280,real,real
2018-07-23,6651.730197,2752.325942,7595.744129,1.9200,0.009257,real,real
2018-07-24,6682.833483,2787.417703,7627.046762,1.9600,0.009227,real,real
2018-07-25,6775.177130,2903.683085,7733.648784,1.9530,0.009127,real,real
2018-07-26,6677.870703,2776.847861,7616.471733,1.9450,0.009237,real,real
2018-07-27,6584.055934,2661.004431,7513.674551,1.9450,0.009336,real,real
2018-07-30,6490.503315,2546.430421,7407.498381,1.9450,0.009441,real,real
2018-07-31,6525.585547,2597.164273,7464.183131,1.9850,0.009385,real,real
2018-08-01,6562.499743,2632.678496,7492.525846,1.9780,0.009357,real,real
2018-08-02,6652.064163,2737.529112,7594.473359,1.9650,0.009258,real,real
2018-08-03,6673.124693,2762.050353,7617.741145,1.9600,0.009236,real,real
2018-08-06,6712.375765,2812.784036,7662.580772,1.9680,0.009193,real,real
2018-08-07,6733.724440,2840.265218,7690.499671,2.0080,0.009167,real,real
2018-08-08,6739.950385,2847.875118,7699.807327,2.0080,0.009159,real,real
2018-08-09,6737.613508,2845.338994,7695.153499,2.0050,0.009163,real,real
2018-08-10,6684.683070,2778.961693,7636.353065,2.0000,0.009218,real,real
2018-08-13,6678.249609,2770.928485,7627.893038,1.9950,0.009226,real,real
2018-08-14,6719.756490,2822.086155,7675.691907,2.0330,0.009181,real,real
2018-08-15,6636.282754,2719.349031,7581.783322,2.0200,0.009270,real,real
2018-08-16,6653.995259,2744.293581,7606.741618,2.0150,0.009246,real,real
2018-08-17,6656.927810,2743.870102,7608.434843,1.9950,0.009245,real,real
2018-08-20,6651.405484,2738.374374,7601.663292,1.9930,0.009251,real,real
2018-08-21,6674.694507,2766.701497,7629.582191,2.0350,0.009224,real,real
2018-08-22,6699.391207,2798.832298,7659.192956,2.0350,0.009197,real,real
2018-08-23,6689.681977,2784.880730,7648.196149,2.0330,0.009207,real,real
2018-08-24,6754.252300,2862.249995,7719.263484,2.0480,0.009141,real,real
2018-08-27,6820.780595,2948.498918,7797.946607,2.0600,0.009068,real,real
2018-08-28,6830.814538,2961.604206,7809.369947,2.0780,0.009058,real,real
2018-08-29,6911.960650,3065.186761,7899.470980,2.0800,0.008978,real,real
2018-08-30,6896.160736,3047.852111,7885.510854,2.0580,0.008990,real,real
2018-08-31,6906.880234,3056.730073,7895.663429,2.0550,0.008981,real,real
2018-09-04,6877.798364,3020.371606,7861.822648,2.0680,0.009011,real,real
2018-09-05,6788.414145,2900.300342,7760.298951,2.0900,0.009103,real,real
2018-09-06,6725.170431,2821.239706,7690.922807,2.0800,0.009167,real,real
2018-09-07,6704.498059,2793.336401,7661.310003,2.0880,0.009195,real,real
2018-09-10,6720.216904,2817.858150,7687.114574,2.0830,0.009170,real,real
2018-09-11,6774.527703,2880.429568,7746.337464,2.1080,0.009116,real,real
2018-09-12,6756.652622,2855.485866,7723.493495,2.1050,0.009137,real,real
2018-09-13,6823.090596,2940.042908,7805.982816,2.0930,0.009061,real,real
2018-09-14,6808.482031,2917.635331,7783.137485,2.1030,0.009082,real,real
2018-09-17,6708.531638,2794.604972,7671.040794,2.1080,0.009185,real,real
2018-09-18,6762.373211,2860.981763,7734.493022,2.1250,0.007382,real,real
2018-09-19,6758.691661,2854.639926,7728.569101,2.1200,0.007386,real,real
2018-09-20,6829.713509,2944.270913,7814.020383,2.1180,0.007327,real,real
2018-09-21,6795.461344,2897.341247,7771.297798,2.1230,0.007356,real,real
2018-09-24,6811.414583,2922.285966,7792.909032,2.1230,0.009146,real,real
2018-09-25,6824.444081,2934.123362,7803.503081,2.1680,0.009136,real,real
2018-09-26,6824.353761,2931.163250,7809.012693,2.1600,0.009131,real,real
2018-09-27,6884.340210,3012.338567,7875.123281,2.1400,0.009071,real,real
2018-09-28,6882.607819,3007.688271,7873.424617,2.1500,0.009073,real,real
2018-10-01,6898.669442,3025.022242,7889.528278,2.1550,0.009058,real,real
2018-10-02,6883.176177,3007.688271,7871.732069,2.1750,0.009074,real,real
2018-10-03,6891.432790,3016.566232,7880.207037,2.1700,0.009066,real,real
2018-10-04,6758.403076,2844.493053,7728.916171,2.1700,0.009205,real,real
2018-10-05,6676.300449,2737.529112,7634.415324,2.1650,0.009294,real,real
2018-10-08,6634.622179,2688.485614,7587.797571,2.1650,0.009339,real,real
2018-10-09,6651.586125,2709.202329,7612.378239,2.1850,0.009315,real,real
2018-10-10,6356.417954,2357.868363,7277.591218,2.2200,0.009652,real,real
2018-10-11,6283.807787,2262.318847,7187.325822,2.2150,0.009748,real,real
2018-10-12,6458.118801,2453.417878,7387.348769,2.2180,0.009538,real,real
2018-10-15,6378.227042,2360.827966,7297.931006,2.2300,0.009630,real,real
2018-10-16,6565.694004,2564.187362,7510.246662,2.2600,0.009415,real,real
2018-10-17,6567.678851,2572.642863,7513.213376,2.2600,0.009412,real,real
2018-10-18,6421.015153,2394.227847,7339.040505,2.2550,0.009587,real,real
2018-10-19,6413.020689,2384.503944,7332.258766,2.2600,0.009594,real,real
2018-10-22,6443.681625,2420.440458,7369.976376,2.2580,0.009556,real,real
2018-10-23,6423.343218,2393.805216,7342.852134,2.2900,0.009584,real,real
2018-10-24,6126.009557,2068.261400,7006.796387,2.2850,0.009947,real,real
2018-10-25,6331.053763,2280.498589,7249.196887,2.2800,0.009682,real,real
2018-10-26,6183.081519,2103.352144,7062.734023,2.2730,0.009884,real,real
2018-10-29,6058.109713,1990.891796,6917.377943,2.2600,0.010050,real,real
2018-10-30,6144.931475,2067.838430,7031.376374,2.2830,0.009919,real,real
2018-10-31,6286.578202,2207.356990,7196.647063,2.2780,0.009738,real,real
2018-11-01,6378.678204,2303.752276,7291.573760,2.2700,0.009637,real,real
2018-11-02,6284.944944,2200.592861,7178.003224,2.2730,0.009758,real,real
2018-11-05,6259.499245,2179.030715,7160.203618,2.2680,0.009777,real,real
2018-11-06,6306.203739,2225.114101,7214.448026,2.3100,0.009719,real,real
2018-11-07,6499.553426,2429.741730,7440.745546,2.3100,0.009484,real,real
2018-11-08,6459.363902,2388.308979,7393.282197,2.3030,0.009532,real,real
2018-11-09,6351.590434,2266.969143,7268.691756,2.3000,0.009661,real,real
2018-11-12,6162.057558,2067.838430,7048.750124,2.3000,0.009900,real,real
2018-11-13,6163.690816,2066.992829,7054.678794,2.2950,0.009893,real,real
2018-11-14,6108.612954,2014.567436,7000.859562,2.3250,0.009954,real,real
2018-11-15,6217.415193,2122.377486,7123.334319,2.3100,0.009817,real,real
2018-11-16,6196.273595,2099.124817,7098.331872,2.3000,0.009845,real,real
2018-11-19,5994.062809,1897.878745,6867.794152,2.3000,0.010108,real,real
2018-11-20,5889.429410,1792.606005,6744.897617,2.3350,0.010256,real,real
2018-11-21,5933.372741,1832.770354,6796.174633,2.3500,0.010194,real,real
2018-11-23,5889.781440,1792.183036,6747.016702,2.3480,0.010253,real,real
2018-11-26,6026.023037,1915.213055,6902.967507,2.3430,0.010067,real,real
2018-11-27,6046.505957,1935.083999,6926.277405,2.3530,0.010040,real,real
2018-11-28,6238.060249,2118.571943,7149.185752,2.3350,0.009789,real,real
2018-11-29,6219.174460,2099.124817,7125.879255,2.3100,0.009814,real,real
2018-11-30,6270.254871,2143.094032,7177.578726,2.3080,0.009758,real,real
2018-12-03,6372.325811,2253.017915,7303.018840,2.2880,0.009625,real,real
2018-12-04,6131.477691,2005.266334,7022.899367,2.3650,0.009929,real,real
2018-12-06,6170.855213,2034.438380,7072.480438,2.3530,0.009873,real,real
2018-12-07,5967.317816,1835.306649,6838.978719,2.3400,0.010142,real,real
2018-12-10,6029.993612,1892.805478,6910.596880,2.3300,0.010058,real,real
2018-12-11,6049.393568,1913.099562,6933.478885,2.3700,0.010031,real,real
2018-12-12,6103.280081,1961.296781,6994.505036,2.3750,0.009961,real,real
2018-12-13,6106.898628,1961.719751,6996.622758,2.3630,0.009959,real,real
2018-12-14,5950.787409,1813.744842,6826.262874,2.3680,0.010157,real,real
2018-12-17,5818.534011,1696.633520,6671.582153,2.3400,0.010347,real,real
2018-12-18,5857.451118,1724.959625,6713.539286,2.3280,0.008218,real,real
2018-12-19,5723.411137,1600.239082,6548.687656,2.3380,0.008374,real,real
2018-12-20,5633.377050,1535.975784,6453.760959,2.3350,0.008468,real,real
2018-12-21,5455.953285,1387.578329,6253.735297,2.3300,0.008675,real,real
2018-12-24,5323.122277,1284.841799,6098.657247,2.3330,0.011798,real,real
2018-12-26,5651.044616,1518.152870,6479.448710,2.3800,0.011222,real,real
2018-12-27,5674.080741,1539.744186,6504.523149,2.3480,0.011187,real,real
2018-12-28,5671.346894,1533.394039,6501.124468,2.3280,0.011191,real,real
2018-12-31,5711.680931,1568.109468,6555.947548,2.3000,0.011114,real,real
2019-01-02,5739.562639,1590.546555,6582.298869,2.3650,0.011078,real,real
2019-01-03,5546.699801,1436.445534,6367.252179,2.3550,0.011385,real,real
2019-01-04,5795.326056,1620.181425,6639.670281,2.3580,0.011000,real,real
2019-01-07,5854.500502,1671.830921,6718.719490,2.3530,0.010894,real,real
2019-01-08,5911.888366,1720.093604,6779.493661,2.4000,0.010814,real,real
2019-01-09,5955.957704,1760.735703,6834.743273,2.3900,0.010743,real,real
2019-01-10,5974.229755,1777.670108,6854.293159,2.3750,0.010718,real,real
2019-01-11,5956.598319,1756.502101,6829.218719,2.3700,0.010750,real,real
2019-01-14,5902.134195,1710.779613,6768.872442,2.3600,0.010828,real,real
2019-01-15,6018.173087,1805.611402,6901.042675,2.3830,0.010659,real,real
2019-01-16,6017.198507,1808.151427,6899.765794,2.3630,0.010660,real,real
2019-01-17,6062.215550,1850.486932,6954.167777,2.3550,0.010593,real,real
2019-01-18,6121.912973,1901.289641,7023.017545,2.3480,0.010508,real,real
2019-01-22,5997.572971,1796.297581,6882.344501,2.3450,0.010682,real,real
2019-01-23,6008.355472,1797.990988,6891.268414,2.3530,0.010671,real,real
2019-01-24,6047.868254,1829.742744,6935.894096,2.3050,0.010615,real,real
2019-01-25,6124.403615,1894.939323,7018.767157,2.3280,0.010513,real,real
2019-01-28,6042.941603,1825.085663,6932.067520,2.3330,0.010620,real,real
2019-01-29,5984.922377,1773.436168,6866.618472,2.3650,0.010702,real,real
2019-01-30,6142.937376,1906.370030,7041.289868,2.3650,0.010486,real,real
2019-01-31,6232.203959,1990.194421,7146.689721,2.3400,0.010361,real,real
2019-02-01,6203.943345,1964.792983,7116.517259,2.3400,0.010397,real,real
2019-02-04,6280.135489,2036.763697,7204.913517,2.3350,0.010294,real,real
2019-02-05,6337.487224,2090.529740,7268.660514,2.3650,0.010221,real,real
2019-02-06,6314.117133,2074.018813,7246.988152,2.3650,0.010245,real,real
2019-02-07,6230.525760,1989.347464,7149.664586,2.3550,0.010358,real,real
2019-02-08,6237.879609,1999.507903,7163.689235,2.3650,0.010341,real,real
2019-02-11,6234.315695,1994.851163,7156.891873,2.3750,0.010349,real,real
2019-02-12,6329.501573,2081.215749,7262.710785,2.3780,0.010228,real,real
2019-02-13,6330.593349,2085.449181,7267.812880,2.3730,0.010222,real,real
2019-02-14,6336.494580,2093.069595,7276.736115,2.3730,0.010212,real,real
2019-02-15,6366.054927,2118.047895,7307.337148,2.3700,0.010177,real,real
2019-02-19,6376.368203,2130.748529,7321.787653,2.3730,0.010161,real,real
2019-02-20,6372.515264,2129.055122,7320.511449,2.3830,0.010163,real,real
2019-02-21,6347.990393,2104.923951,7293.735630,2.3950,0.010193,real,real
2019-02-22,6398.042031,2150.646269,7347.711761,2.3930,0.010132,real,real
2019-02-25,6420.419919,2174.353792,7374.486218,2.3930,0.010103,real,real
2019-02-26,6427.449054,2181.128097,7382.134607,2.4000,0.010094,real,real
2019-02-27,6421.836408,2174.353792,7377.460402,2.3930,0.010100,real,real
2019-02-28,6404.267975,2160.806539,7360.460887,2.3830,0.010118,real,real
2019-03-01,6453.029573,2203.989002,7411.458754,2.3780,0.010062,real,real
2019-03-04,6452.362083,2204.412141,7412.733601,2.3750,0.010061,real,real
2019-03-05,6457.739896,2209.915840,7418.261551,2.4000,0.010055,real,real
2019-03-06,6417.749076,2171.813936,7376.185559,2.4050,0.010101,real,real
2019-03-07,6340.518908,2092.646456,7285.661390,2.3950,0.010202,real,real
2019-03-08,6330.421960,2080.792609,7274.611600,2.3930,0.010214,real,real
2019-03-11,6464.263677,2210.762459,7425.911298,2.3800,0.010047,real,real
2019-03-12,6497.884039,2246.748155,7466.709728,2.3950,0.010003,real,real
2019-03-13,6548.143635,2295.433638,7522.809013,2.3880,0.009943,real,real
2019-03-14,6535.537982,2285.273368,7510.060563,2.3880,0.009957,real,real
2019-03-15,6593.269062,2342.002914,7579.757289,2.3880,0.009883,real,real
2019-03-18,6610.674478,2363.170752,7597.808193,2.3850,0.011695,real,real
2019-03-19,6631.427918,2386.878614,7623.355350,2.4050,0.010115,real,real
2019-03-20,6659.824233,2414.406436,7653.585544,2.4080,0.010083,real,real
2019-03-21,6761.353692,2526.211977,7773.225349,2.4080,0.009959,real,real
2019-03-22,6610.476214,2361.044369,7602.493945,2.3980,0.010137,real,real
2019-03-25,6602.264981,2346.221931,7588.018989,2.3900,0.010153,real,real
2019-03-26,6633.115369,2378.408359,7623.355350,2.4050,0.010115,real,real
2019-03-27,6594.351586,2331.822802,7574.393702,2.3780,0.010168,real,real
2019-03-28,6605.432366,2346.645410,7591.847599,2.3700,0.010149,real,real
2019-03-29,6658.037651,2399.583659,7649.327005,2.3280,0.010087,real,real
2019-04-01,6747.954100,2494.025379,7750.659849,2.3230,0.009982,real,real
2019-04-02,6767.101599,2521.553200,7780.039689,2.3700,0.009952,real,real
2019-04-03,6808.003994,2565.173897,7824.741442,2.3730,0.009906,real,real
2019-04-04,6804.033417,2561.363096,7821.765215,2.3700,0.009909,real,real
2019-04-05,6838.565356,2599.902046,7862.211826,2.3700,0.009869,real,real
2019-04-08,6857.424269,2620.229879,7882.222882,2.3650,0.009849,real,real
2019-04-09,6829.226660,2591.431621,7854.547814,2.3650,0.009876,real,real
2019-04-10,6868.026571,2633.358572,7896.699876,2.3630,0.009834,real,real
2019-04-11,6853.047913,2613.453709,7877.965701,2.3650,0.009853,real,real
2019-04-12,6883.058981,2645.640137,7912.025862,2.3750,0.009819,real,real
2019-04-15,6883.934429,2647.757870,7913.304101,2.3600,0.009818,real,real
2019-04-16,6907.042810,2673.592115,7940.551956,2.3780,0.009791,real,real
2019-04-17,6930.494410,2700.272470,7968.227025,2.3800,0.009764,real,real
2019-04-18,6938.615322,2708.743065,7978.445481,2.3650,0.009754,real,real
2019-04-22,6960.063568,2731.612110,8001.010300,2.3750,0.009732,real,real
2019-04-23,7047.787214,2835.370874,8102.766961,2.3900,0.009635,real,real
2019-04-24,7024.056281,2807.843731,8077.222519,2.3750,0.009659,real,real
2019-04-25,7053.390607,2839.182863,8110.008514,2.3650,0.009628,real,real
2019-04-26,7062.197514,2849.346525,8117.245313,2.3600,0.009621,real,real
2019-04-29,7073.350109,2864.593120,8132.998507,2.3600,0.009607,real,real
2019-04-30,7021.394251,2798.948980,8069.986401,2.3680,0.009666,real,real
2019-05-01,6994.676576,2766.762890,8044.014751,2.3630,0.009691,real,real
2019-05-02,6969.600970,2732.882717,8009.101525,2.3730,0.009724,real,real
2019-05-03,7079.386600,2861.628260,8136.833233,2.3680,0.009603,real,real
2019-05-06,7032.790491,2810.384096,8087.016482,2.3630,0.009650,real,real
2019-05-07,6893.886863,2646.910743,7929.481794,2.3680,0.009802,real,real
2019-05-08,6873.494264,2623.618388,7909.471414,2.3700,0.009821,real,real
2019-05-09,6842.093582,2582.114747,7866.895539,2.3700,0.009864,real,real
2019-05-10,6845.504171,2589.314227,7876.685424,2.3700,0.009854,real,real
2019-05-13,6608.734571,2321.658461,7603.344975,2.3500,0.010136,real,real
2019-05-14,6678.890223,2394.501573,7686.793993,2.3530,0.010048,real,real
2019-05-15,6770.358863,2494.025379,7795.363636,2.3500,0.009936,real,real
2019-05-16,6839.738641,2571.950406,7873.707844,2.3380,0.009857,real,real
2019-05-17,6770.747021,2491.908154,7793.237082,2.3300,0.009938,real,real
2019-05-20,6656.169999,2366.973751,7661.675407,2.3200,0.010074,real,real
2019-05-21,6723.230524,2438.122439,7741.719632,2.3300,0.009991,real,real
2019-05-22,6695.836105,2406.359659,7707.231582,2.3200,0.010027,real,real
2019-05-23,6594.117194,2292.860373,7589.293836,2.3030,0.010151,real,real
2019-05-24,6587.827805,2289.472542,7585.463864,2.2880,0.010156,real,real
2019-05-28,6567.453270,2264.908394,7556.936413,2.2980,0.010186,real,real
2019-05-29,6511.942310,2208.159005,7494.772617,2.2980,0.010254,real,real
2019-05-30,6537.694658,2234.416560,7526.280368,2.3100,0.010220,real,real
2019-05-31,6431.725838,2126.845638,7406.214030,2.2930,0.010353,real,real
2019-06-03,6296.431505,1990.900785,7243.147319,2.2800,0.010541,real,real
2019-06-04,6466.727002,2152.256404,7447.085811,2.2950,0.010307,real,real
2019-06-05,6515.587732,2199.688919,7502.437306,2.2850,0.010246,real,real
2019-06-06,6565.242842,2250.509604,7562.047339,2.2550,0.010181,real,real
2019-06-07,6692.795169,2378.832177,7708.082612,2.2150,0.010026,real,real
2019-06-10,6769.167955,2465.650430,7797.920795,2.2200,0.009933,real,real
2019-06-11,6779.923581,2474.967813,7808.563068,2.2130,0.009923,real,real
2019-06-12,6742.422962,2433.040523,7763.431387,2.1650,0.009969,real,real
2019-06-13,6777.063285,2472.850080,7809.417494,2.1400,0.009922,real,real
2019-06-14,6748.576650,2440.663821,7776.207002,2.1250,0.009956,real,real
2019-06-17,6791.355949,2485.131645,7823.040739,2.1380,0.009908,real,real
2019-06-18,6889.600826,2592.702566,7936.719269,2.1680,0.007767,real,real
2019-06-19,6918.782268,2623.194401,7966.524965,2.1250,0.007745,real,real
2019-06-20,6982.224247,2695.190724,8040.607919,2.0780,0.007692,real,real
2019-06-21,6973.859690,2682.908481,8028.686726,2.0550,0.007701,real,real
2019-06-24,6968.662518,2682.062032,8028.942783,2.0580,0.009924,real,real
2019-06-25,6850.025041,2544.846064,7891.116909,2.0830,0.010063,real,real
2019-06-26,6882.066337,2577.032831,7927.811657,2.0930,0.010025,real,real
2019-06-27,6909.136043,2604.983962,7958.109771,2.0850,0.009995,real,real
2019-06-28,6921.795888,2615.995260,7968.349957,2.0350,0.009984,real,real
2019-07-01,7009.375461,2720.177673,8075.880437,2.0650,0.009878,real,real
2019-07-02,7037.960787,2753.210889,8107.885356,2.1480,0.009847,real,real
2019-07-03,7090.178354,2814.195066,8168.903357,2.1500,0.009788,real,real
2019-07-05,7075.389149,2795.984797,8152.261774,2.1630,0.009804,real,real
2019-07-08,7025.301382,2737.118014,8095.082571,2.1780,0.009859,real,real
2019-07-09,7062.359650,2778.198346,8135.620195,2.1950,0.009820,real,real
2019-07-10,7131.423526,2860.357993,8216.693394,2.1300,0.009743,real,real
2019-07-11,7125.450039,2852.734695,8210.721935,2.0980,0.009749,real,real
2019-07-12,7167.372394,2900.591028,8258.085440,2.0900,0.009704,real,real
2019-07-15,7188.748386,2925.153819,8284.540001,2.0850,0.009680,real,real
2019-07-16,7152.790706,2883.649499,8241.869035,2.1030,0.009719,real,real
2019-07-17,7118.213387,2840.876100,8201.331412,2.0730,0.009758,real,real
2019-07-18,7132.082205,2853.158004,8210.721935,2.0130,0.009749,real,real
2019-07-19,7069.614366,2784.126711,8150.554283,2.0130,0.009806,real,real
2019-07-22,7132.975717,2849.770852,8215.414474,2.0250,0.009744,real,real
2019-07-23,7177.586539,2904.826495,8269.177337,2.0330,0.009694,real,real
2019-07-24,7228.161594,2966.658478,8327.210285,2.0400,0.009640,real,real
2019-07-25,7155.308224,2881.956940,8248.271104,2.0600,0.009713,real,real
2019-07-26,7233.882625,2967.504418,8333.184464,2.0630,0.009635,real,real
2019-07-29,7208.734763,2939.976766,8304.595204,2.0500,0.009661,real,real
2019-07-30,7175.700823,2900.591028,8268.751482,2.0400,0.009694,real,real
2019-07-31,7082.138511,2778.198346,8154.395120,2.0300,0.009802,real,real
2019-08-01,7039.160948,2739.235069,8113.857497,2.0300,0.009841,real,real
2019-08-02,6941.394108,2613.877696,7994.381378,2.0000,0.009958,real,real
2019-08-05,6691.351363,2339.445760,7711.896956,1.9530,0.010250,real,real
2019-08-06,6786.663690,2435.581905,7819.853968,1.9950,0.010136,real,real
2019-08-07,6814.256813,2471.155994,7862.099759,1.9680,0.010092,real,real
2019-08-08,6970.295776,2634.629178,8033.208791,1.9700,0.009920,real,real
2019-08-09,6899.409189,2556.704320,7957.683915,1.9500,0.009995,real,real
2019-08-12,6823.081784,2471.155994,7866.368486,1.9280,0.010088,real,real
2019-08-13,6973.291332,2633.358572,8038.755080,1.9550,0.009914,real,real
2019-08-14,6758.520273,2397.465925,7798.521884,1.9080,0.010158,real,real
2019-08-15,6753.792327,2387.301924,7789.559932,1.8430,0.010168,real,real
2019-08-16,6861.367088,2497.413210,7914.584379,1.8230,0.010039,real,real
2019-08-19,6965.323745,2614.300836,8040.463248,1.8530,0.009913,real,real
2019-08-20,6915.831653,2560.515460,7978.164973,1.9000,0.009975,real,real
2019-08-21,6977.866394,2625.735783,8048.998663,1.9280,0.009904,real,real
2019-08-22,6954.595436,2600.325186,8022.968604,1.9380,0.009930,real,real
2019-08-23,6735.836177,2362.314975,7769.077516,1.9100,0.010189,real,real
2019-08-26,6835.118639,2458.027302,7886.423008,1.9330,0.010067,real,real
2019-08-27,6827.006539,2443.204355,7869.779390,1.9430,0.010084,real,real
2019-08-28,6846.740460,2467.767824,7897.941438,1.9400,0.010056,real,real
2019-08-29,6949.975434,2579.997013,8018.701235,1.9400,0.009934,real,real
2019-08-30,6939.770102,2561.786575,7999.499777,1.9330,0.009953,real,real
2019-09-03,6866.239548,2487.249039,7921.840198,1.9100,0.010031,real,real
2019-09-04,6965.260741,2591.855100,8036.197240,1.9050,0.009917,real,real
2019-09-05,7094.554711,2735.000111,8183.410232,1.9200,0.009775,real,real
2019-09-06,7085.531476,2727.376983,8175.304068,1.9100,0.009782,real,real
2019-09-09,7067.358557,2710.013332,8158.235276,1.9080,0.009799,real,real
2019-09-10,7051.423824,2687.567426,8134.764411,1.9130,0.009821,real,real
2019-09-11,7117.148927,2759.986890,8211.147109,1.9130,0.009748,real,real
2019-09-12,7144.001864,2794.290882,8245.283336,1.8950,0.009716,real,real
2019-09-13,7121.994510,2764.645836,8215.839649,1.9000,0.009744,real,real
2019-09-16,7085.414280,2726.529686,8179.142867,1.9450,0.009779,real,real
2019-09-17,7118.240704,2762.528272,8218.399527,1.9380,0.009741,real,real
2019-09-18,7118.033187,2760.833678,8214.986584,1.8800,0.009745,real,real
2019-09-19,7129.970909,2773.115921,8228.643791,1.8830,0.009732,real,real
2019-09-20,7059.372907,2685.874020,8141.593693,1.8500,0.009814,real,real
2019-09-23,7054.915481,2688.414384,8145.183227,1.8450,0.011843,real,real
2019-09-24,6956.950376,2582.114747,8037.008873,1.8800,0.010219,real,real
2019-09-25,7041.317624,2664.698042,8127.225369,1.8450,0.010128,real,real
2019-09-26,7012.849494,2638.017687,8097.297423,1.7700,0.010158,real,real
2019-09-27,6931.270285,2542.305360,7996.816962,1.7300,0.010261,real,real
2019-09-30,6992.511087,2610.065878,8072.925946,1.7700,0.010183,real,real
2019-10-01,6933.580286,2546.963458,8007.080927,1.7530,0.010250,real,real
2019-10-02,6813.255358,2416.523830,7869.402440,1.7350,0.010394,real,real
2019-10-03,6892.298985,2496.142943,7955.769948,1.6650,0.010303,real,real
2019-10-04,6996.706803,2601.172313,8072.925946,1.6550,0.010183,real,real
2019-10-07,6970.566297,2577.032831,8048.555154,1.6730,0.010208,real,real
2019-10-08,6861.511602,2459.721726,7927.980098,1.6550,0.010332,real,real
2019-10-09,6939.345816,2534.258414,8005.369359,1.6280,0.010252,real,real
2019-10-10,6984.308666,2589.737875,8067.366752,1.6330,0.010188,real,real
2019-10-11,7077.717214,2686.720638,8171.267625,1.6230,0.010084,real,real
2019-10-14,7076.318789,2689.685160,8170.411841,1.6180,0.010085,real,real
2019-10-15,7167.020366,2791.749670,8274.309998,1.6180,0.009984,real,real
2019-10-16,7146.591638,2770.998527,8253.788190,1.6150,0.010004,real,real
2019-10-17,7166.379751,2790.056093,8275.592315,1.6250,0.009982,real,real
2019-10-18,7099.923712,2710.013332,8196.065634,1.6250,0.010060,real,real
2019-10-21,7164.746492,2781.586177,8268.750805,1.6250,0.009989,real,real
2019-10-22,7105.454850,2717.212981,8202.905782,1.6150,0.010053,real,real
2019-10-23,7118.854442,2729.918195,8218.724862,1.6150,0.010038,real,real
2019-10-24,7188.558933,2808.266532,8298.681471,1.6230,0.009960,real,real
2019-10-25,7244.954153,2872.216418,8364.955065,1.6250,0.009897,real,real
2019-10-28,7318.448138,2959.881459,8447.474268,1.6050,0.009820,real,real
2019-10-29,7261.457244,2891.697463,8382.058496,1.5950,0.009881,real,real
2019-10-30,7293.580049,2932.353807,8422.677620,1.5950,0.009843,real,real
2019-10-31,7294.229916,2934.471711,8426.523888,1.4980,0.009839,real,real
2019-11-01,7364.015475,3014.090823,8503.060761,1.4850,0.009769,real,real
2019-11-04,7408.671677,3067.876538,8555.649979,1.5030,0.009721,real,real
2019-11-05,7408.238139,3071.687000,8560.354069,1.5180,0.009717,real,real
2019-11-06,7395.470789,3052.205616,8541.113895,1.5150,0.009734,real,real
2019-11-07,7416.783777,3083.122116,8569.760207,1.5180,0.009708,real,real
2019-11-08,7449.483311,3119.544011,8603.967073,1.5100,0.009678,real,real
2019-11-11,7436.869286,3106.414980,8592.419439,1.5130,0.009688,real,real
2019-11-12,7456.612019,3131.825407,8617.220159,1.5330,0.009666,real,real
2019-11-13,7453.020348,3127.166631,8619.357578,1.5350,0.009664,real,real
2019-11-14,7451.234206,3126.319334,8612.516750,1.5280,0.009670,real,real
2019-11-15,7503.288756,3185.186456,8675.796460,1.5280,0.009614,real,real
2019-11-18,7514.983715,3201.703319,8682.639327,1.5230,0.009608,real,real
2019-11-19,7524.241342,3214.832350,8695.466562,1.5250,0.009597,real,real
2019-11-20,7474.622361,3158.505762,8643.302523,1.5200,0.009643,real,real
2019-11-21,7458.263341,3133.942632,8624.060992,1.5300,0.009660,real,real
2019-11-22,7464.065000,3142.412887,8629.618823,1.5430,0.009655,real,real
2019-11-25,7554.188967,3251.253228,8731.810848,1.5450,0.009565,real,real
2019-11-26,7566.659359,3270.735290,8748.483669,1.5650,0.009551,real,real
2019-11-27,7619.860318,3336.802062,8809.624602,1.5650,0.009499,real,real
2019-11-29,7582.837738,3292.333560,8769.435411,1.5400,0.009533,real,real
2019-12-02,7497.640423,3186.457402,8679.646805,1.5380,0.009611,real,real
2019-12-03,7448.446167,3114.884896,8611.660966,1.5380,0.009671,real,real
2019-12-04,7486.154302,3161.046635,8655.273293,1.4980,0.009632,real,real
2019-12-05,7496.864988,3177.563158,8672.377405,1.4930,0.009617,real,real
2019-12-06,7577.144464,3275.816358,8765.159891,1.4800,0.009537,real,real
2019-12-09,7545.897106,3235.584341,8725.393836,1.4980,0.009571,real,real
2019-12-10,7538.272297,3228.384013,8718.126471,1.5150,0.009577,real,real
2019-12-11,7581.872851,3277.087304,8764.302750,1.5200,0.009537,real,real
2019-12-12,7639.873571,3352.047979,8829.721917,1.5300,0.009481,real,real
2019-12-13,7658.660229,3382.117861,8858.798162,1.5230,0.009457,real,real
2019-12-16,7733.210302,3479.100115,8947.730979,1.5250,0.009383,real,real
2019-12-17,7738.055885,3483.758552,8952.863640,1.5300,0.009379,real,real
2019-12-18,7742.495247,3491.804481,8959.704469,1.5180,0.009373,real,real
2019-12-19,7797.239143,3562.954356,9015.713422,1.5330,0.009327,real,real
2019-12-20,7830.805754,3605.304615,9052.058384,1.5280,0.009298,real,real
2019-12-23,7846.614039,3631.985988,9075.967328,1.5200,0.011457,real,real
2019-12-24,7849.772172,3636.688519,9080.679568,1.5380,0.009465,real,real
2019-12-26,7920.875087,3731.164159,9160.808695,1.5350,0.009400,real,real
2019-12-27,7914.261867,3720.148962,9153.095782,1.5180,0.009406,real,real
2019-12-30,7858.994552,3646.008108,9093.107437,1.4900,0.009455,real,real
2019-12-31,7880.054641,3666.768578,9110.246869,1.5050,0.009441,real,real
2020-01-02,8005.612430,3848.516816,9262.365673,1.4950,0.009319,real,real
2020-01-03,7934.943052,3743.873952,9177.521590,1.4730,0.009386,real,real
2020-01-06,7984.227186,3815.048588,9236.654148,1.4880,0.009339,real,real
2020-01-07,7982.359975,3810.387776,9235.369116,1.5000,0.009340,real,real
2020-01-08,8041.841070,3898.085720,9304.783977,1.4930,0.009285,real,real
2020-01-09,8111.554374,3996.374533,9383.628068,1.5000,0.009224,real,real
2020-01-10,8090.809744,3963.752585,9359.632188,1.4980,0.009243,real,real
2020-01-13,8184.661083,4102.289019,9467.612970,1.5100,0.009160,real,real
2020-01-14,8151.067155,4054.416066,9430.336153,1.5300,0.009188,real,real
2020-01-15,8153.097383,4056.957620,9434.191252,1.5080,0.009185,real,real
2020-01-16,8233.702012,4170.074469,9524.601996,1.5180,0.009117,real,real
2020-01-17,8277.672660,4232.352486,9571.739334,1.5230,0.009082,real,real
2020-01-21,8271.265634,4230.233905,9567.453625,1.5030,0.009085,real,real
2020-01-22,8291.071811,4259.042680,9592.733183,1.5130,0.009067,real,real
2020-01-23,8316.698152,4298.443000,9623.585515,1.5150,0.009044,real,real
2020-01-24,8248.563034,4187.020746,9542.600604,1.4900,0.009104,real,real
2020-01-27,8077.762182,3928.164758,9345.490713,1.5050,0.009254,real,real
2020-01-28,8202.959569,4110.761649,9489.036748,1.5300,0.009144,real,real
2020-01-29,8212.596983,4125.590364,9504.465288,1.5200,0.009132,real,real
2020-01-30,8243.708639,4172.193727,9538.315577,1.5280,0.009107,real,real
2020-01-31,8113.250636,3967.142113,9387.055953,1.5100,0.009221,real,real
2020-02-03,8234.812294,4149.315696,9528.887023,1.5180,0.009114,real,real
2020-02-04,8422.341377,4432.743292,9746.992803,1.5380,0.008955,real,real
2020-02-05,8452.497840,4484.005432,9779.129485,1.5200,0.008932,real,real
2020-02-06,8523.275602,4593.309784,9863.542957,1.5300,0.008873,real,real
2020-02-07,8482.833180,4533.997984,9821.122614,1.5180,0.008902,real,real
2020-02-10,8587.268315,4697.530017,9939.816304,1.5200,0.008820,real,real
2020-02-11,8588.189143,4700.919545,9941.529230,1.5380,0.008819,real,real
2020-02-12,8674.216525,4838.608002,10038.369894,1.5350,0.008753,real,real
2020-02-13,8658.425864,4819.967134,10025.516171,1.5450,0.008762,real,real
2020-02-14,8683.582538,4852.589420,10054.224967,1.5350,0.008742,real,real
2020-02-18,8689.194743,4861.062050,10058.078708,1.5350,0.008740,real,real
2020-02-19,8769.438972,5001.717407,10154.490802,1.5430,0.008676,real,real
2020-02-20,8687.417412,4859.367796,10060.222239,1.5380,0.008738,real,real
2020-02-21,8523.970850,4581.447630,9866.971524,1.5180,0.008870,real,real
2020-02-24,8192.763489,4053.569110,9486.466680,1.5030,0.009146,real,real
2020-02-25,7971.910999,3725.656729,9228.512664,1.4900,0.009345,real,real
2020-02-26,8007.002043,3776.919211,9276.075857,1.4780,0.009308,real,real
2020-02-27,7612.605602,3212.181580,8811.588150,1.3950,0.009693,real,real
2020-02-28,7635.308202,3262.173793,8818.442564,1.2300,0.009687,real,real
2020-03-02,8010.810483,3707.439507,9273.504432,1.1350,0.009310,real,real
2020-03-03,7755.010579,3358.343687,8976.128030,0.9180,0.009552,real,real
2020-03-04,8075.145972,3765.903671,9350.636278,0.6750,0.009250,real,real
2020-03-05,7824.642814,3435.449740,9066.540132,0.5950,0.009477,real,real
2020-03-06,7697.126174,3255.395078,8913.568945,0.4150,0.009605,real,real
2020-03-09,7171.694119,2594.063567,8294.392371,0.3300,0.010173,real,real
2020-03-10,7554.495615,2997.811055,8746.027712,0.3900,0.009751,real,real
2020-03-11,7224.110391,2612.280959,8365.094978,0.3680,0.010104,real,real
2020-03-12,6554.162062,1896.297271,7598.087343,0.2730,0.010922,real,real
2020-03-13,7214.310841,2408.077488,8241.686333,0.2430,0.010225,real,real
2020-03-16,6334.653805,1578.129144,7254.433465,0.1850,0.011344,real,real
2020-03-17,6743.920960,1835.290198,7804.621710,0.1650,0.010686,real,real
2020-03-18,6474.333748,1665.403269,7567.237727,0.0030,0.009123,real,real
2020-03-19,6576.602954,1703.956295,7612.653988,-0.0280,0.009081,real,real
2020-03-20,6311.112325,1504.412957,7314.422483,-0.0330,0.009370,real,real
2020-03-23,6322.508566,1509.072920,7319.705246,-0.0400,0.011510,real,real
2020-03-24,6815.998456,1845.458100,7886.522171,-0.0330,0.010826,real,real
2020-03-25,6740.013829,1802.668250,7828.123142,-0.0700,0.010892,real,real
2020-03-26,7125.765941,2096.264257,8240.355112,-0.1050,0.010447,real,real
2020-03-27,6847.164746,1878.503866,7956.944952,-0.0580,0.010748,real,real
2020-03-30,7118.438968,2075.928792,8246.368688,0.0130,0.010441,real,real
2020-03-31,7050.304731,2018.311077,8175.944545,0.0300,0.010514,real,real
2020-04-01,6755.055491,1767.928738,7828.553070,0.0630,0.010891,real,real
2020-04-02,6889.835659,1872.572279,7987.434594,0.0650,0.010715,real,real
2020-04-03,6792.790502,1797.160990,7874.069852,0.0580,0.010840,real,real
2020-04-06,7292.271944,2173.370310,8437.024209,0.0600,0.010250,real,real
2020-04-07,7263.081691,2169.133656,8433.590208,0.1280,0.010254,real,real
2020-04-08,7425.707439,2307.670431,8612.654629,0.1850,0.010082,real,real
2020-04-09,7433.819538,2316.143230,8625.107628,0.2100,0.010070,real,real
2020-04-13,7518.827401,2396.638301,8718.286762,0.2000,0.009984,real,real
2020-04-14,7843.140446,2707.604234,9097.456311,0.1650,0.009651,real,real
2020-04-15,7752.727454,2617.788558,8993.107848,0.1150,0.009740,real,real
2020-04-16,7902.395960,2758.018909,9157.144449,0.1100,0.009601,real,real
2020-04-17,7969.691318,2827.076489,9244.743335,0.1030,0.009529,real,real
2020-04-20,7874.134906,2735.565541,9135.244557,0.0700,0.009620,real,real
2020-04-21,7582.224439,2433.073085,8798.157792,0.0980,0.009912,real,real
2020-04-22,7818.308045,2648.291925,9059.238814,0.0930,0.009684,real,real
2020-04-23,7797.428596,2630.921830,9039.917135,0.0930,0.009700,real,real
2020-04-24,7928.355384,2758.018909,9182.479699,0.1000,0.009580,real,real
2020-04-27,7974.428516,2811.824127,9256.339192,0.0930,0.009520,real,real
2020-04-28,7830.002122,2659.730772,9081.997881,0.0850,0.009664,real,real
2020-04-29,8105.355305,2936.379994,9404.055468,0.0900,0.009402,real,real
2020-04-30,8121.371548,2955.868162,9400.188827,0.0900,0.009405,real,real
2020-05-01,7866.618481,2690.657957,9135.244557,0.0930,0.009620,real,real
2020-05-04,7971.225445,2785.557754,9241.736551,0.0900,0.009532,real,real
2020-05-05,8058.308474,2874.524946,9346.514257,0.1100,0.009447,real,real
2020-05-06,8107.250714,2931.295873,9404.055468,0.1080,0.009402,real,real
2020-05-07,8212.840187,3045.684347,9525.148069,0.0950,0.009308,real,real
2020-05-08,8319.738206,3168.545450,9655.690278,0.0950,0.009209,real,real
2020-05-11,8390.634047,3247.345419,9741.999374,0.1050,0.009145,real,real
2020-05-12,8222.378028,3054.156638,9538.030997,0.1230,0.009298,real,real
2020-05-13,8120.983830,2938.498236,9418.653360,0.1150,0.009390,real,real
2020-05-14,8206.108889,3035.939754,9525.576640,0.1050,0.009307,real,real
2020-05-15,8258.641917,3088.049870,9587.413066,0.1030,0.009260,real,real
2020-05-18,8420.419534,3266.833586,9766.044839,0.1050,0.009127,real,real
2020-05-19,8390.291269,3241.837650,9741.569445,0.1180,0.009145,real,real
2020-05-20,8558.556099,3431.637243,9936.092292,0.1180,0.009005,real,real
2020-05-21,8461.981048,3326.146066,9827.880585,0.1100,0.009083,real,real
2020-05-22,8494.464694,3356.225784,9861.805582,0.1100,0.009058,real,real
2020-05-26,8472.800119,3342.245046,9835.180546,0.1180,0.009077,real,real
2020-05-27,8519.783505,3389.271041,9888.857831,0.1350,0.009039,real,real
2020-05-28,8496.918768,3367.664292,9875.974903,0.1380,0.009048,real,real
2020-05-29,8622.179599,3506.624375,10020.687110,0.1280,0.008946,real,real
2020-06-01,8661.303782,3549.838213,10050.742746,0.1280,0.008926,real,real
2020-06-02,8714.017451,3620.588861,10118.161459,0.1450,0.008879,real,real
2020-06-03,8756.770315,3669.733099,10163.678241,0.1480,0.008849,real,real
2020-06-04,8689.068735,3595.169614,10092.396279,0.1400,0.008897,real,real
2020-06-05,8864.777733,3808.269533,10292.501412,0.1450,0.008763,real,real
2020-06-08,8934.373840,3893.001597,10372.371762,0.1530,0.008711,real,real
2020-06-09,8993.611731,3979.851905,10447.516972,0.1650,0.008663,real,real
2020-06-10,9108.287888,4123.473138,10572.906146,0.1650,0.008584,real,real
2020-06-11,8651.911335,3516.368968,10049.025748,0.1530,0.008927,real,real
2020-06-12,8719.856118,3592.628063,10128.897460,0.1500,0.008872,real,real
2020-06-15,8821.917367,3719.302343,10252.136988,0.1550,0.008790,real,real
2020-06-16,8977.550548,3915.878952,10428.195297,0.1600,0.008675,real,real
2020-06-17,9007.426797,3954.009009,10461.259080,0.1650,0.008654,real,real
2020-06-18,9034.107900,3984.512376,10489.599076,0.1400,0.008636,real,real
2020-06-19,9031.030841,3979.004946,10487.882758,0.1430,0.008637,real,real
2020-06-22,9140.834977,4120.506583,10613.659749,0.1400,0.010288,real,real
2020-06-23,9212.560880,4228.116340,10703.990346,0.1400,0.010218,real,real
2020-06-24,9025.671536,3979.004946,10483.321977,0.1350,0.008684,real,real
2020-06-25,9115.118757,4084.496463,10583.117805,0.1300,0.008621,real,real
2020-06-26,8887.309386,3790.899608,10333.197964,0.1330,0.008781,real,real
2020-06-29,8988.188978,3912.066459,10445.898455,0.1250,0.008708,real,real
2020-06-30,9164.764172,4137.029211,10650.653338,0.1350,0.008579,real,real
2020-07-01,9275.208922,4284.886251,10774.968030,0.1300,0.008503,real,real
2020-07-02,9331.730150,4375.973043,10848.096033,0.1330,0.008459,real,real
2020-07-06,9568.292232,4697.530017,11114.794656,0.1280,0.008304,real,real
2020-07-07,9496.061416,4605.172283,11038.223825,0.1400,0.008348,real,real
2020-07-08,9624.814345,4782.261402,11183.615225,0.1350,0.008266,real,real
2020-07-09,9704.119234,4901.733658,11277.819259,0.1230,0.008213,real,real
2020-07-10,9777.875374,5005.530242,11354.820023,0.1200,0.008171,real,real
2020-07-13,9566.623286,4696.259071,11121.245630,0.1250,0.008301,real,real
2020-07-14,9645.404763,4795.818833,11199.959996,0.1330,0.008256,real,real
2020-07-15,9656.377162,4819.544162,11222.759137,0.1250,0.008244,real,real
2020-07-16,9588.504631,4716.170888,11146.189664,0.1030,0.008287,real,real
2020-07-17,9605.432012,4738.200608,11159.098400,0.1050,0.008279,real,real
2020-07-20,9882.319320,5141.524446,11475.692564,0.1050,0.008106,real,real
2020-07-21,9774.934007,4977.144778,11356.104374,0.1100,0.008170,real,real
2020-07-22,9808.933277,5034.761986,11396.112906,0.1000,0.008149,real,real
2020-07-23,9547.114943,4640.335781,11098.445808,0.1030,0.008314,real,real
2020-07-24,9459.174530,4503.071648,10993.058186,0.0980,0.008374,real,real
2020-07-27,9631.743901,4744.980001,11189.206337,0.0930,0.008262,real,real
2020-07-28,9503.722350,4566.619932,11046.827161,0.1030,0.008343,real,real
2020-07-29,9621.457946,4722.102646,11174.152028,0.0900,0.008271,real,real
2020-07-30,9668.856368,4798.784371,11232.655659,0.0850,0.008238,real,real
2020-07-31,9840.631793,5057.640359,11433.107176,0.0830,0.008129,real,real
2020-08-03,9975.258641,5246.168328,11587.531159,0.0780,0.008047,real,real
2020-08-04,10012.668938,5314.377765,11630.549871,0.0900,0.008025,real,real
2020-08-05,10038.746439,5356.742947,11659.368020,0.0950,0.008010,real,real
2020-08-06,10166.551225,5561.794564,11813.796080,0.0880,0.007931,real,real
2020-08-07,10051.333148,5380.044292,11677.434548,0.0880,0.008001,real,real
2020-08-10,10002.409411,5307.599389,11627.536972,0.0880,0.008026,real,real
2020-08-11,9813.742733,5006.376860,11407.299208,0.1000,0.008143,real,real
2020-08-12,10067.872810,5380.892265,11694.209252,0.1000,0.007992,real,real
2020-08-13,10086.506143,5418.597318,11720.881149,0.0900,0.007978,real,real
2020-08-14,10073.945872,5402.921985,11707.113915,0.0880,0.007985,real,real
2020-08-17,10185.942365,5581.282392,11843.044837,0.0850,0.007917,real,real
2020-08-18,10285.612983,5745.238073,11957.033756,0.1000,0.007860,real,real
2020-08-19,10213.074637,5632.968522,11876.592883,0.0950,0.007900,real,real
2020-08-20,10356.011839,5864.708970,12041.348747,0.0880,0.007819,real,real
2020-08-21,10426.492653,5987.147785,12124.799804,0.0880,0.007779,real,real
2020-08-24,10490.566429,6098.147069,12200.505347,0.0850,0.007743,real,real
2020-08-25,10576.864334,6240.495663,12296.426380,0.0950,0.007699,real,real
2020-08-26,10802.563289,6640.006666,12558.822999,0.0930,0.007580,real,real
2020-08-27,10761.254675,6579.847228,12519.679759,0.0950,0.007597,real,real
2020-08-28,10824.137104,6681.524213,12583.343216,0.0950,0.007569,real,real
2020-08-31,10927.769491,6836.160985,12684.431549,0.0950,0.007524,real,real
2020-09-01,11092.136877,7191.187204,12901.227161,0.1000,0.007431,real,real
2020-09-02,11207.345263,7394.119223,13023.392207,0.1000,0.007380,real,real
2020-09-03,10621.583983,6258.712885,12363.101375,0.1000,0.007668,real,real
2020-09-04,10486.921006,6000.704533,12198.352305,0.1030,0.007744,real,real
2020-09-08,9987.150985,5152.539647,11612.051376,0.1080,0.008034,real,real
2020-09-09,10282.742999,5595.263468,11953.165077,0.1050,0.007862,real,real
2020-09-10,10064.624798,5271.587913,11714.860785,0.1030,0.007981,real,real
2020-09-11,10004.422017,5156.352820,11633.557336,0.1030,0.008023,real,real
2020-09-14,10176.187760,5421.986842,11836.165974,0.1000,0.007920,real,real
2020-09-15,10321.561417,5652.457707,12003.919794,0.1000,0.007837,real,real
2020-09-16,10148.973539,5380.892265,11812.502894,0.1000,0.007932,real,real
2020-09-17,9998.601859,5133.051817,11627.966224,0.0850,0.008026,real,real
2020-09-18,9868.694587,4934.779254,11479.565320,0.0830,0.008104,real,real
2020-09-21,9907.710388,4993.243757,11507.094360,0.0800,0.008089,real,real
2020-09-22,10093.724731,5266.080483,11720.881149,0.0880,0.007978,real,real
2020-09-23,9775.168403,4778.448905,11362.987996,0.0880,0.006713,real,real
2020-09-24,9832.140794,4848.352936,11415.899148,0.0930,0.006691,real,real
2020-09-25,10061.926634,5188.127133,11681.305946,0.0900,0.006585,real,real
2020-09-28,10254.410573,5495.703371,11923.914961,0.0880,0.006491,real,real
2020-09-29,10216.964148,5438.084808,11870.145987,0.0850,0.006512,real,real
2020-09-30,10302.783568,5545.694906,11951.444001,0.0850,0.006481,real,real
2020-10-01,10451.793841,5805.398867,12141.142541,0.0830,0.006411,real,real
2020-10-02,10156.274076,5326.663567,11799.598235,0.0850,0.006539,real,real
2020-10-05,10384.895007,5662.625270,12051.239152,0.0850,0.006444,real,real
2020-10-06,10188.377934,5358.437542,11836.165974,0.0880,0.006525,real,real
2020-10-07,10379.599144,5640.170205,12040.915422,0.0880,0.006448,real,real
2020-10-08,10422.685092,5723.208354,12105.010842,0.0880,0.006424,real,real
2020-10-09,10580.509757,5977.826840,12289.975411,0.0930,0.006358,real,real
2020-10-12,10907.386139,6535.363123,12669.372486,0.0900,0.006227,real,real
2020-10-13,10902.928272,6536.211099,12668.940519,0.0930,0.006227,real,real
2020-10-14,10814.672398,6374.794596,12563.126365,0.1000,0.006263,real,real
2020-10-15,10736.359705,6243.037552,12478.816809,0.0950,0.006292,real,real
2020-10-16,10694.491542,6147.290969,12410.422096,0.0900,0.006315,real,real
2020-10-19,10497.947156,5841.832633,12207.816178,0.0900,0.006387,real,real
2020-10-20,10537.189413,5879.538362,12234.060186,0.0950,0.006377,real,real
2020-10-21,10525.937691,5864.284984,12224.594955,0.0900,0.006381,real,real
2020-10-22,10523.718011,5867.252897,12224.161630,0.0850,0.006381,real,real
2020-10-23,10550.481062,5901.569440,12248.249880,0.0830,0.006372,real,real
2020-10-26,10380.798423,5632.545211,12064.577140,0.0800,0.006439,real,real
2020-10-27,10466.005436,5765.575236,12158.777102,0.0900,0.006405,real,real
2020-10-28,10054.374087,5088.991022,11684.748093,0.0900,0.006583,real,real
2020-10-29,10242.039745,5347.846669,11889.071014,0.0830,0.006505,real,real
2020-10-30,9973.336801,4975.873494,11587.531159,0.0830,0.006622,real,real
2020-11-02,10002.039323,4977.569106,11613.341843,0.0830,0.006611,real,real
2020-11-03,10178.128108,5227.950767,11814.221254,0.0900,0.006533,real,real
2020-11-04,10626.681579,5934.612661,12341.595416,0.0830,0.006339,real,real
2020-11-05,10898.326775,6392.589187,12663.352122,0.0850,0.006229,real,real
2020-11-06,10910.308999,6414.195596,12672.814637,0.0830,0.006226,real,real
2020-11-09,10674.838692,6022.734932,12413.862885,0.0880,0.006314,real,real
2020-11-10,10488.870169,5697.788769,12191.469364,0.0900,0.006393,real,real
2020-11-11,10731.270041,6080.776465,12464.191070,0.0900,0.006297,real,real
2020-11-12,10671.906141,5991.806900,12405.689478,0.0850,0.006317,real,real
2020-11-13,10771.793525,6148.985560,12514.515178,0.0830,0.006279,real,real
2020-11-16,10839.955079,6290.486857,12612.164079,0.0750,0.006246,real,real
2020-11-17,10807.571004,6232.447358,12572.162344,0.0800,0.006260,real,real
2020-11-18,10732.876420,6087.978828,12479.244699,0.0750,0.006291,real,real
2020-11-19,10814.734965,6238.800389,12576.890885,0.0600,0.006258,real,real
2020-11-20,10743.461099,6112.128484,12490.857538,0.0580,0.006287,real,real
2020-11-23,10743.009937,6113.397058,12491.290862,0.0700,0.006287,real,real
2020-11-24,10899.896150,6363.355746,12666.792911,0.0800,0.006228,real,real
2020-11-25,10965.233539,6483.253348,12744.650140,0.0800,0.006202,real,real
2020-11-27,11060.871015,6660.340433,12862.083925,0.0730,0.006164,real,real
2020-11-30,11069.993822,6694.659010,12888.325218,0.0750,0.006155,real,real
2020-12-01,11238.737134,6957.749788,13053.502179,0.0800,0.006103,real,real
2020-12-02,11239.711715,6985.711262,13070.279598,0.0750,0.006097,real,real
2020-12-03,11249.384371,7014.098081,13088.772663,0.0750,0.006092,real,real
2020-12-04,11304.742450,7100.099057,13142.111028,0.0750,0.006075,real,real
2020-12-07,11366.090758,7220.419966,13216.527463,0.0700,0.006052,real,real
2020-12-08,11401.506956,7286.509804,13261.267246,0.0680,0.006038,real,real
2020-12-09,11156.905027,6798.455256,12961.019220,0.0700,0.006132,real,real
2020-12-10,11190.381752,6881.915695,13013.067119,0.0700,0.006115,real,real
2020-12-11,11166.623511,6833.619772,12984.244893,0.0650,0.006125,real,real
2020-12-14,11244.945011,6979.358231,13078.450290,0.0600,0.006095,real,real
2020-12-15,11365.594651,7196.268951,13218.252611,0.0700,0.006052,real,real
2020-12-16,11430.778718,7317.011812,13290.946613,0.0750,0.006029,real,real
2020-12-17,11506.483128,7466.988792,13377.839817,0.0800,0.006003,real,real
2020-12-18,11493.958986,7385.646252,13337.403400,0.0800,0.006015,real,real
2020-12-21,11450.719716,7358.108085,13312.453931,0.0780,0.007846,real,real
2020-12-22,11475.352967,7416.148943,13348.654907,0.0780,0.007830,real,real
2020-12-23,11417.225359,7304.303715,13281.424332,0.0750,0.006374,real,real
2020-12-24,11469.442929,7399.201646,13340.033233,0.0750,0.006355,real,real
2020-12-28,11584.805512,7621.198860,13474.487591,0.0800,0.006311,real,real
2020-12-29,11588.983162,7643.654604,13486.552770,0.0900,0.006307,real,real
2020-12-30,11590.670615,7642.382641,13486.983379,0.0700,0.006307,real,real
2020-12-31,11629.398268,7702.119448,13520.163301,0.0650,0.006297,real,real
2021-01-04,11454.690291,7365.311127,13329.258520,0.0680,0.006358,real,real
2021-01-05,11551.888327,7550.025924,13439.153264,0.0780,0.006322,real,real
2021-01-06,11390.345105,7237.787856,13252.983811,0.0780,0.006383,real,real
2021-01-07,11675.678477,7760.583613,13573.598114,0.0800,0.006280,real,real
2021-01-08,11825.130220,8061.380796,13748.126205,0.0800,0.006225,real,real
2021-01-11,11642.220249,7705.083969,13549.469114,0.0800,0.006287,real,real
2021-01-12,11632.835733,7671.616078,13527.921041,0.0800,0.006294,real,real
2021-01-13,11706.411228,7820.743727,13619.277902,0.0800,0.006265,real,real
2021-01-14,11638.791600,7701.694782,13546.453499,0.0750,0.006288,real,real
2021-01-15,11553.286757,7514.438097,13439.153264,0.0750,0.006322,real,real
2021-01-19,11727.083603,7840.231555,13635.221272,0.0730,0.006260,real,real
2021-01-20,11997.699591,8386.751622,13952.392070,0.0750,0.006163,real,real
2021-01-21,12095.637812,8595.192767,14064.007890,0.0730,0.006130,real,real
2021-01-22,12060.817292,8517.238058,14023.495402,0.0700,0.006142,real,real
2021-01-25,12166.289571,8753.640678,14139.417307,0.0700,0.006108,real,real
2021-01-26,12172.515955,8762.961622,14160.105518,0.0680,0.006102,real,real
2021-01-27,11831.852702,8056.297691,13765.365476,0.0600,0.006220,real,real
2021-01-28,11912.051107,8174.923328,13846.810196,0.0550,0.006195,real,real
2021-01-29,11662.874118,7665.685003,13555.498986,0.0480,0.006285,real,real
2021-02-01,11954.794280,8229.150330,13894.220567,0.0480,0.006181,real,real
2021-02-02,12141.773514,8627.390049,14120.887569,0.0500,0.006114,real,real
2021-02-03,12093.273625,8528.255632,14064.870466,0.0400,0.006130,real,real
2021-02-04,12236.309523,8829.898757,14231.207492,0.0300,0.006082,real,real
2021-02-05,12275.172877,8922.257509,14279.470928,0.0230,0.006068,real,real
2021-02-08,12357.338067,9096.802709,14375.140662,0.0200,0.006041,real,real
2021-02-09,12350.174115,9092.566901,14372.120974,0.0330,0.006042,real,real
2021-02-10,12321.470708,9028.172337,14339.371657,0.0350,0.006051,real,real
2021-02-11,12392.826523,9173.910117,14418.232729,0.0350,0.006029,real,real
2021-02-12,12459.012485,9329.816138,14498.816234,0.0350,0.006007,real,real
2021-02-16,12428.396044,9251.862108,14459.605073,0.0350,0.006017,real,real
2021-02-17,12361.570353,9123.070267,14390.222817,0.0350,0.006037,real,real
2021-02-18,12305.445659,9000.211539,14327.303758,0.0230,0.006055,real,real
2021-02-19,12254.257297,8881.586580,14264.819381,0.0230,0.006072,real,real
2021-02-22,11932.091676,8193.563182,13895.080424,0.0250,0.006181,real,real
2021-02-23,11905.896981,8120.693613,13853.709437,0.0230,0.006193,real,real
2021-02-24,12002.879136,8316.424624,13967.903474,0.0280,0.006159,real,real
2021-02-25,11575.285296,7447.923593,13480.949430,0.0330,0.006309,real,real
2021-02-26,11648.491578,7559.770175,13537.401215,0.0350,0.006291,real,real
2021-03-01,11985.518224,8218.982767,13944.634330,0.0280,0.006166,real,real
2021-03-02,11784.300081,7824.980211,13720.981585,0.0350,0.006234,real,real
2021-03-03,11444.466894,7146.278433,13322.795319,0.0350,0.006360,real,real
2021-03-04,11246.560206,6792.947488,13104.741841,0.0280,0.006433,real,real
2021-03-05,11431.094179,7097.133858,13302.109823,0.0280,0.006367,real,real
2021-03-08,11097.749086,6490.455031,12925.471629,0.0350,0.006494,real,real
2021-03-09,11544.769310,7254.735150,13435.268284,0.0350,0.006324,real,real
2021-03-10,11506.492819,7192.881120,13396.915627,0.0300,0.006336,real,real
2021-03-11,11777.938872,7691.951207,13705.468824,0.0280,0.006238,real,real
2021-03-12,11673.620936,7500.458038,13594.286325,0.0250,0.006273,real,real
2021-03-15,11804.683425,7740.249843,13739.508608,0.0150,0.006228,real,real
2021-03-16,11867.611674,7867.345055,13814.923455,0.0080,0.006205,real,real
2021-03-17,11912.817730,7966.482186,13871.807208,0.0080,0.006188,real,real
2021-03-18,11539.941356,7235.248002,13446.905573,0.0030,0.006320,real,real
2021-03-19,11610.187764,7327.605398,13494.309152,0.0050,0.006305,real,real
2021-03-22,11808.265406,7718.218765,13747.368226,0.0050,0.007471,real,real
2021-03-23,11746.257978,7617.387042,13687.392788,0.0100,0.006350,real,real
2021-03-24,11548.730194,7232.704755,13456.552826,0.0150,0.006425,real,real
2021-03-25,11532.154412,7193.728417,13433.255155,0.0150,0.006433,real,real
2021-03-26,11711.365200,7511.472218,13634.756705,0.0150,0.006367,real,real
2021-03-29,11699.292211,7507.235055,13630.871725,0.0080,0.006368,real,real
2021-03-30,11636.842437,7400.474288,13562.266464,0.0130,0.006390,real,real
2021-03-31,11812.714456,7732.622815,13769.808755,0.0130,0.006324,real,real
2021-04-01,12027.538825,8125.778074,14004.533697,0.0080,0.006252,real,real
2021-04-05,12269.939581,8613.833976,14284.130190,0.0150,0.006169,real,real
2021-04-06,12252.163627,8593.498172,14274.207184,0.0150,0.006171,real,real
2021-04-07,12286.668695,8657.046118,14308.726478,0.0100,0.006161,real,real
2021-04-08,12414.626803,8927.340614,14458.018481,0.0050,0.006118,real,real
2021-04-09,12492.722723,9089.177035,14545.605820,0.0030,0.006094,real,real
2021-04-12,12469.524021,9053.591243,14526.621027,0.0100,0.006099,real,real
2021-04-13,12620.338932,9363.709370,14696.196439,0.0150,0.006052,real,real
2021-04-14,12455.592643,9034.950033,14519.721786,0.0150,0.006101,real,real
2021-04-15,12656.161356,9434.036371,14739.773451,0.0100,0.006040,real,real
2021-04-16,12670.345638,9473.858647,14757.031738,0.0080,0.006035,real,real
2021-04-19,12549.217513,9215.428343,14621.981050,0.0150,0.006072,real,real
2021-04-20,12460.455841,9013.766932,14515.404835,0.0150,0.006102,real,real
2021-04-21,12574.013787,9241.695905,14639.669946,0.0130,0.006067,real,real
2021-04-22,12418.101272,8905.310215,14463.198003,0.0150,0.006117,real,real
2021-04-23,12579.689438,9240.848607,14645.284151,0.0150,0.006066,real,real
2021-04-26,12656.134042,9423.867450,14740.637381,0.0080,0.006039,real,real
2021-04-27,12596.689069,9300.159390,14676.775602,0.0100,0.006057,real,real
2021-04-28,12543.758636,9204.413483,14627.157857,0.0080,0.006071,real,real
2021-04-29,12605.640055,9296.770204,14679.796652,0.0080,0.006056,real,real
2021-04-30,12506.889382,9122.223649,14583.579488,0.0030,0.006083,real,real
2021-05-03,12451.811519,8973.095324,14505.912439,0.0050,0.006105,real,real
2021-05-04,12221.674080,8500.291444,14244.870134,0.0100,0.006180,real,real
2021-05-05,12184.408299,8401.157027,14196.972103,0.0080,0.006194,real,real
2021-05-06,12283.989037,8585.024526,14303.980279,0.0080,0.006163,real,real
2021-05-07,12379.544565,8795.158228,14420.048890,0.0080,0.006129,real,real
2021-05-10,12054.212004,8134.251041,14055.873880,0.0050,0.006236,real,real
2021-05-11,12047.164361,8093.581467,14036.461193,0.0100,0.006242,real,real
2021-05-12,11731.676286,7477.579662,13673.159624,0.0100,0.006355,real,real
2021-05-13,11828.694570,7635.180278,13778.871904,0.0080,0.006321,real,real
2021-05-14,12084.927133,8131.708473,14083.061965,0.0050,0.006228,real,real
2021-05-17,12012.551800,7994.442981,13997.630383,0.0050,0.006254,real,real
2021-05-18,11926.623108,7826.674127,13903.135653,0.0100,0.006283,real,real
2021-05-19,11944.877537,7855.483577,13919.099400,0.0050,0.006278,real,real
2021-05-20,12176.034485,8309.646928,14188.346351,0.0030,0.006197,real,real
2021-05-21,12101.728496,8172.380081,14109.815368,0.0030,0.006220,real,real
2021-05-24,12309.271718,8581.636015,14347.129397,0.0030,0.006150,real,real
2021-05-25,12323.691272,8623.152886,14366.979482,0.0100,0.006145,real,real
2021-05-26,12364.304636,8710.427857,14417.026483,0.0050,0.006130,real,real
2021-05-27,12323.798775,8608.749516,14363.093140,0.0050,0.006146,real,real
2021-05-28,12349.659511,8692.632590,14408.398016,0.0080,0.006133,real,real
2021-06-01,12320.857408,8607.902898,14360.504058,0.0100,0.006146,real,real
2021-06-02,12339.986846,8652.810314,14388.550647,0.0150,0.006138,real,real
2021-06-03,12208.148043,8380.820543,14238.828034,0.0150,0.006182,real,real
2021-06-04,12425.689073,8810.409571,14480.456295,0.0150,0.006112,real,real
2021-06-07,12454.671812,8888.364277,14523.602693,0.0180,0.006100,real,real
2021-06-08,12461.863962,8898.531839,14530.508726,0.0200,0.006098,real,real
2021-06-09,12465.545514,8908.700081,14533.954950,0.0200,0.006097,real,real
2021-06-10,12596.751636,9181.535111,14685.408142,0.0200,0.006055,real,real
2021-06-11,12630.994984,9254.405356,14723.808346,0.0180,0.006044,real,real
2021-06-14,12748.207169,9513.684313,14864.902491,0.0150,0.006006,real,real
2021-06-15,12659.968917,9337.441132,14767.820036,0.0200,0.006032,real,real
2021-06-16,12617.198431,9237.458062,14713.886698,0.0280,0.006047,real,real
2021-06-17,12780.338341,9582.318078,14900.716324,0.0280,0.005996,real,real
2021-06-18,12677.266387,9353.541128,14783.786499,0.0280,0.006028,real,real
2021-06-21,12756.355394,9524.701211,14875.664981,0.0300,0.007160,real,real
2021-06-22,12876.535366,9790.759219,15014.333050,0.0380,0.005893,real,real
2021-06-23,12879.982521,9807.703799,15021.677838,0.0400,0.005891,real,real
2021-06-24,12962.743390,9988.183467,15114.557449,0.0430,0.005867,real,real
2021-06-25,12943.992864,9956.831448,15095.976095,0.0430,0.005872,real,real
2021-06-28,13106.231334,10309.315775,15279.567331,0.0400,0.005825,real,real
2021-06-29,13149.334904,10425.398844,15334.860417,0.0400,0.005811,real,real
2021-06-30,13133.138017,10379.642776,15310.668927,0.0400,0.005817,real,real
2021-07-01,13137.875215,10384.726557,15316.719177,0.0400,0.005816,real,real
2021-07-02,13289.086661,10737.210208,15492.535014,0.0380,0.005773,real,real
2021-07-06,13342.080545,10881.254752,15559.491197,0.0400,0.005756,real,real
2021-07-07,13363.898447,10950.735810,15592.320658,0.0430,0.005748,real,real
2021-07-08,13284.132697,10760.936557,15498.149223,0.0430,0.005771,real,real
2021-07-09,13377.929397,10943.110140,15594.913818,0.0430,0.005748,real,real
2021-07-12,13424.669584,11080.375629,15655.826540,0.0430,0.005733,real,real
2021-07-13,13421.647152,11074.443195,15655.826540,0.0450,0.005733,real,real
2021-07-14,13445.017683,11134.604664,15683.903009,0.0450,0.005727,real,real
2021-07-15,13349.596972,10904.133124,15573.744735,0.0380,0.005753,real,real
2021-07-16,13247.354199,10636.380520,15447.610490,0.0380,0.005784,real,real
2021-07-19,13127.985786,10381.338047,15321.034765,0.0400,0.005815,real,real
2021-07-20,13289.610081,10723.652780,15499.014515,0.0450,0.005771,real,real
2021-07-21,13392.853864,10968.529046,15618.671979,0.0450,0.005742,real,real
2021-07-22,13480.866535,11198.999908,15721.916070,0.0430,0.005718,real,real
2021-07-23,13635.723404,11570.970031,15905.505952,0.0450,0.005675,real,real
2021-07-26,13648.500449,11619.270702,15918.032983,0.0400,0.005672,real,real
2021-07-27,13496.025399,11239.670836,15742.653185,0.0450,0.005713,real,real
2021-07-28,13551.184327,11362.534992,15803.124433,0.0450,0.005698,real,real
2021-07-29,13578.489304,11418.455233,15831.207695,0.0400,0.005692,real,real
2021-07-30,13498.669802,11247.296510,15748.699358,0.0400,0.005711,real,real
2021-08-02,13502.026202,11243.906644,15749.995259,0.0380,0.005711,real,real
2021-08-03,13590.273261,11439.636976,15845.461236,0.0450,0.005689,real,real
2021-08-04,13610.097065,11496.406546,15868.356821,0.0450,0.005683,real,real
2021-08-05,13698.750349,11712.473361,15969.013191,0.0430,0.005660,real,real
2021-08-06,13633.531038,11559.957205,15899.026450,0.0430,0.005676,real,real
2021-08-09,13654.961221,11621.811915,15928.404256,0.0450,0.005669,real,real
2021-08-10,13583.199189,11448.111302,15846.759853,0.0500,0.005688,real,real
2021-08-11,13559.900916,11386.256593,15819.544598,0.0450,0.005695,real,real
2021-08-12,13615.141793,11504.879517,15876.565548,0.0430,0.005681,real,real
2021-08-13,13658.181921,11620.114610,15932.289240,0.0450,0.005668,real,real
2021-08-16,13661.872279,11640.453803,15939.203419,0.0580,0.005667,real,real
2021-08-17,13537.406271,11334.568770,15798.806124,0.0630,0.005699,real,real
2021-08-18,13406.650427,11004.964846,15646.749806,0.0550,0.005735,real,real
2021-08-19,13475.245520,11161.718165,15722.348037,0.0430,0.005717,real,real
2021-08-20,13618.380990,11506.576822,15885.202161,0.0430,0.005679,real,real
2021-08-23,13817.117743,12019.200268,16122.794659,0.0400,0.005625,real,real
2021-08-24,13857.595416,12137.827261,16172.038849,0.0480,0.005614,real,real
2021-08-25,13867.737740,12151.385368,16190.613414,0.0450,0.005610,real,real
2021-08-26,13786.167343,11945.486115,16087.805363,0.0430,0.005633,real,real
2021-08-27,13925.513766,12294.581935,16244.178628,0.0430,0.005598,real,real
2021-08-30,14080.839410,12702.141919,16426.475324,0.0380,0.005558,real,real
2021-08-31,14060.464882,12666.555451,16413.085721,0.0400,0.005561,real,real
2021-09-01,14086.686891,12736.035151,16440.298257,0.0400,0.005555,real,real
2021-09-02,14080.081603,12718.237170,16432.522859,0.0400,0.005557,real,real
2021-09-03,14123.943865,12832.627000,16483.065665,0.0400,0.005546,real,real
2021-09-07,14144.606549,12885.162121,16506.393221,0.0350,0.005541,real,real
2021-09-08,14095.059821,12752.979734,16448.936231,0.0400,0.005553,real,real
2021-09-09,14041.101047,12616.561540,16392.349963,0.0380,0.005565,real,real
2021-09-10,13932.551709,12332.709616,16267.938151,0.0380,0.005593,real,real
2021-09-13,13926.912187,12304.749497,16256.708379,0.0380,0.005595,real,real
2021-09-14,13880.352646,12198.835352,16210.486596,0.0350,0.005606,real,real
2021-09-15,13989.199823,12469.127810,16331.007993,0.0350,0.005579,real,real
2021-09-16,14000.370489,12493.701456,16342.240481,0.0300,0.005576,real,real
2021-09-17,13835.750200,12052.250950,16148.709935,0.0280,0.005619,real,real
2021-09-20,13545.852335,11310.846490,15815.027964,0.0250,0.006832,real,real
2021-09-21,13559.909723,11325.250539,15834.488198,0.0200,0.006826,real,real
2021-09-22,13694.121538,11656.554478,15982.387852,0.0250,0.006781,real,real
2021-09-23,13820.510272,11980.228679,16129.856905,0.0250,0.006738,real,real
2021-09-24,13832.330358,12014.119200,16144.992035,0.0250,0.006733,real,real
2021-09-27,13719.666804,11724.335518,16016.117924,0.0250,0.006771,real,real
2021-09-28,13327.588733,10746.533187,15562.904817,0.0300,0.006910,real,real
2021-09-29,13311.879145,10675.357533,15537.386187,0.0300,0.006918,real,real
2021-09-30,13254.789561,10555.038663,15480.301394,0.0280,0.006936,real,real
2021-10-01,13347.052140,10747.380484,15576.308010,0.0280,0.006906,real,real
2021-10-04,13058.534198,10086.471266,15249.373138,0.0280,0.007011,real,real
2021-10-05,13240.830860,10474.542741,15455.221524,0.0350,0.006944,real,real
2021-10-06,13324.385665,10681.288612,15554.254620,0.0400,0.006913,real,real
2021-10-07,13442.030496,10970.223641,15696.963885,0.0400,0.006868,real,real
2021-10-08,13373.111134,10801.608165,15618.690994,0.0400,0.006893,real,real
2021-10-11,13276.544897,10561.817035,15498.901767,0.0400,0.006930,real,real
2021-10-12,13229.966849,10454.206937,15444.844816,0.0400,0.006948,real,real
2021-10-13,13331.468552,10699.081168,15568.523104,0.0450,0.006908,real,real
2021-10-14,13582.152349,11289.662033,15855.244329,0.0400,0.006820,real,real
2021-10-15,13667.421921,11498.951831,15955.141359,0.0380,0.006789,real,real
2021-10-18,13806.352428,11843.809129,16115.588421,0.0430,0.006742,real,real
2021-10-19,13905.454691,12103.935384,16237.538841,0.0500,0.006706,real,real
2021-10-20,13885.594758,12065.804989,16216.348027,0.0500,0.006712,real,real
2021-10-21,13976.621045,12281.871804,16315.383842,0.0500,0.006684,real,real
2021-10-22,13855.240911,11970.907734,16178.292855,0.0500,0.006723,real,real
2021-10-25,13998.818736,12330.169761,16343.920806,0.0500,0.006675,real,real
2021-10-26,14039.693810,12445.404854,16395.385955,0.0500,0.006661,real,real
2021-10-27,14074.793671,12543.694009,16433.443843,0.0500,0.006650,real,real
2021-10-28,14237.004829,12955.491156,16615.938865,0.0480,0.006599,real,real
2021-10-29,14302.251454,13146.981611,16697.674281,0.0480,0.006576,real,real
2021-11-01,14351.708292,13276.624143,16754.757717,0.0400,0.006561,real,real
2021-11-02,14412.353419,13453.712587,16824.820524,0.0450,0.006542,real,real
2021-11-03,14567.561878,13880.763791,17003.426489,0.0450,0.006494,real,real
2021-11-04,14749.596830,14398.471015,17221.383519,0.0350,0.006437,real,real
2021-11-05,14761.453045,14451.854112,17237.815912,0.0400,0.006433,real,real
2021-11-08,14740.384143,14392.537902,17214.465263,0.0350,0.006439,real,real
2021-11-09,14635.633552,14095.977206,17095.967860,0.0400,0.006470,real,real
2021-11-10,14424.155883,13478.283519,16844.710005,0.0450,0.006536,real,real
2021-11-11,14466.474332,13587.586854,16891.414018,0.0400,0.006524,real,real
2021-11-12,14617.541262,14018.873863,17069.157402,0.0430,0.006477,real,real
2021-11-15,14607.823661,14014.636700,17065.265631,0.0380,0.006478,real,real
2021-11-16,14716.688460,14304.420382,17186.789518,0.0400,0.006446,real,real
2021-11-17,14715.155214,14321.363607,17195.867605,0.0450,0.006444,real,real
2021-11-18,14872.971948,14759.428992,17374.040246,0.0450,0.006398,real,real
2021-11-19,14954.514147,15009.387684,17470.912148,0.0450,0.006374,real,real
2021-11-22,14780.943766,14489.135175,17268.086174,0.0400,0.006425,real,real
2021-11-23,14713.936554,14291.708893,17189.378601,0.0450,0.006446,real,real
2021-11-24,14769.059353,14423.891279,17244.735526,0.0500,0.006431,real,real
2021-11-26,14460.257639,13628.258462,16917.796582,0.0430,0.006517,real,real
2021-11-29,14797.419976,14474.729095,17284.957322,0.0380,0.006421,real,real
2021-11-30,14559.819870,13852.796890,17031.103592,0.0480,0.006487,real,real
2021-12-01,14326.839769,13141.901899,16741.353167,0.0500,0.006564,real,real
2021-12-02,14428.838455,13389.318023,16862.010405,0.0430,0.006532,real,real
2021-12-03,14177.343090,12716.549358,16568.804243,0.0430,0.006612,real,real
2021-12-06,14298.362827,13013.953962,16701.568773,0.0430,0.006575,real,real
2021-12-07,14731.026949,14187.489339,17204.517807,0.0580,0.006442,real,real
2021-12-08,14792.998239,14384.916980,17281.494797,0.0600,0.006422,real,real
2021-12-09,14572.136938,13763.831393,17027.207743,0.0530,0.006488,real,real
2021-12-10,14736.729914,14190.031908,17212.301355,0.0500,0.006440,real,real
2021-12-13,14511.662756,13579.963215,16963.638018,0.0430,0.006505,real,real
2021-12-14,14360.388753,13175.793776,16788.061252,0.0480,0.006552,real,real
2021-12-15,14698.479852,14047.680604,17170.785015,0.0450,0.006450,real,real
2021-12-16,14314.406383,12975.826281,16729.247233,0.0350,0.006568,real,real
2021-12-17,14258.028786,12777.552022,16645.781238,0.0300,0.006591,real,real
2021-12-20,14101.186634,12395.410943,16484.309946,0.0380,0.007931,real,real
2021-12-21,14424.796496,13224.090378,16853.236590,0.0650,0.006360,real,real
2021-12-22,14599.720372,13696.043571,17058.485925,0.0650,0.006308,real,real
2021-12-23,14715.281224,14021.416435,17187.088360,0.0580,0.006275,real,real
2021-12-27,14949.244722,14691.642528,17471.144432,0.0430,0.006206,real,real
2021-12-28,14878.105681,14518.789889,17390.172430,0.0500,0.006225,real,real
2021-12-29,14880.225790,14495.913551,17387.572482,0.0450,0.006226,real,real
2021-12-30,14824.362797,14360.340620,17335.614234,0.0250,0.006239,real,real
2021-12-31,14725.991912,14093.437348,17227.354983,0.0330,0.006265,real,real
2022-01-03,14889.934574,14500.150714,17393.201630,0.0530,0.006225,real,real
2022-01-04,14689.583510,13936.682674,17167.599602,0.0800,0.006280,real,real
2022-01-05,14231.248104,12654.694649,16640.194198,0.0850,0.006416,real,real
2022-01-06,14225.455259,12619.950730,16628.503931,0.0900,0.006419,real,real
2022-01-07,14069.199969,12207.306961,16448.369786,0.0880,0.006467,real,real
2022-01-10,14089.266977,12252.217090,16459.194756,0.0900,0.006464,real,real
2022-01-11,14296.522051,12791.112843,16706.445376,0.1180,0.006398,real,real
2022-01-12,14351.545279,12936.849268,16772.696554,0.1150,0.006381,real,real
2022-01-13,13982.062309,11998.019880,16353.106207,0.1100,0.006493,real,real
2022-01-14,14086.704513,12179.345487,16454.865583,0.1180,0.006466,real,real
2022-01-18,13725.026118,11301.526904,16045.233561,0.1300,0.006580,real,real
2022-01-19,13578.019635,10908.370287,15869.003414,0.1650,0.006631,real,real
2022-01-20,13396.309836,10486.404222,15662.887429,0.1680,0.006691,real,real
2022-01-21,13028.108093,9603.499820,15228.580330,0.1580,0.006825,real,real
2022-01-24,13092.335200,9742.459903,15298.291317,0.1550,0.006803,real,real
2022-01-25,12767.083705,9023.934494,14943.656250,0.1850,0.006917,real,real
2022-01-26,12788.414317,9006.989235,14920.271644,0.1780,0.006925,real,real
2022-01-27,12635.335657,8737.540682,14770.013829,0.1850,0.006975,real,real
2022-01-28,13042.734721,9552.661329,15233.340113,0.1730,0.006824,real,real
2022-01-31,13471.734913,10477.931251,15720.477540,0.1730,0.006674,real,real
2022-02-01,13552.610070,10677.898746,15827.434101,0.2030,0.006643,real,real
2022-02-02,13660.943518,10930.400006,15956.035173,0.1850,0.006605,real,real
2022-02-03,13084.692764,9615.362657,15309.117650,0.1930,0.006800,real,real
2022-02-04,13259.057091,9947.511859,15502.239321,0.2230,0.006740,real,real
2022-02-07,13147.981419,9722.124099,15377.532736,0.2030,0.006779,real,real
2022-02-08,13306.592089,10052.578031,15550.301720,0.2750,0.006725,real,real
2022-02-09,13586.248934,10676.204155,15879.827032,0.2700,0.006627,real,real
2022-02-10,13269.244359,9967.845629,15520.424027,0.3700,0.006735,real,real
2022-02-11,12861.574770,9029.016920,15028.090777,0.3380,0.006890,real,real
2022-02-14,12874.884042,9054.439219,15046.714243,0.3600,0.006884,real,real
2022-02-15,13192.709875,9710.262622,15420.836709,0.4000,0.006765,real,real
2022-02-16,13177.207362,9708.568027,15416.938145,0.3730,0.006766,real,real
2022-02-17,12787.494362,8847.693348,14958.378432,0.3450,0.006912,real,real
2022-02-18,12641.137317,8547.741425,14787.773360,0.3180,0.006969,real,real
2022-02-22,12515.705534,8283.378686,14639.250202,0.3300,0.007020,real,real
2022-02-23,12189.875992,7649.585004,14264.259728,0.3400,0.007151,real,real
2022-02-24,12609.673188,8398.613779,14743.602738,0.2830,0.006984,real,real
2022-02-25,12803.212774,8796.852819,14972.236680,0.2980,0.006908,real,real
2022-02-28,12847.110280,8890.056837,15016.833835,0.2880,0.006893,real,real
2022-03-01,12637.934240,8479.956995,14786.903991,0.3130,0.006969,real,real
2022-03-02,12852.416719,8884.975770,15035.021261,0.3250,0.006887,real,real
2022-03-03,12664.299890,8513.849551,14820.248281,0.3350,0.006958,real,real
2022-03-04,12486.199384,8149.502384,14605.473949,0.3050,0.007031,real,real
2022-03-07,12018.389580,7239.483127,14066.806168,0.3050,0.007224,real,real
2022-03-08,11971.676717,7139.500061,14001.421635,0.3600,0.007248,real,real
2022-03-09,12399.910295,7903.781535,14505.446514,0.3700,0.007066,real,real
2022-03-10,12263.478800,7649.585004,14344.369154,0.3600,0.007123,real,real
2022-03-11,12002.553983,7175.087208,14046.889516,0.3650,0.007231,real,real
2022-03-14,11772.289659,6754.819128,13777.125016,0.3780,0.007334,real,real
2022-03-15,12143.974687,7380.138484,14209.266850,0.4480,0.007171,real,real
2022-03-16,12593.539752,8208.814526,14736.243007,0.4330,0.006986,real,real
2022-03-17,12739.544331,8483.346861,14914.643854,0.3600,0.006927,real,real
2022-03-18,13011.577246,9010.377066,15219.912474,0.3830,0.006828,real,real
2022-03-21,12971.883819,8945.981144,15177.601479,0.4550,0.008087,real,real
2022-03-22,13222.946528,9474.707979,15475.878492,0.5200,0.006863,real,real
2022-03-23,13036.363821,9074.772989,15253.472748,0.4800,0.006934,real,real
2022-03-24,13323.429590,9662.813317,15592.508114,0.4830,0.006827,real,real
2022-03-25,13313.160372,9647.560615,15579.501573,0.5200,0.006831,real,real
2022-03-28,13523.483699,10086.471266,15820.555238,0.5080,0.006757,real,real
2022-03-29,13750.796965,10603.335261,16092.820523,0.5550,0.006677,real,real
2022-03-30,13599.413690,10284.744166,15915.064911,0.5250,0.006729,real,real
2022-03-31,13389.118561,9859.390267,15717.800164,0.4930,0.006788,real,real
2022-04-01,13409.619107,9817.024068,15687.887156,0.5000,0.006798,real,real
2022-04-04,13678.845481,10430.481946,16010.878631,0.5380,0.006701,real,real
2022-04-05,13373.011563,9740.766667,15655.370122,0.6680,0.006808,real,real
2022-04-06,13082.688974,9100.194609,15315.473538,0.6630,0.006914,real,real
2022-04-07,13112.393392,9159.505391,15351.889136,0.6600,0.006903,real,real
2022-04-08,12927.823299,8784.991341,15137.281882,0.6680,0.006972,real,real
2022-04-11,12623.695332,8161.365221,14779.177498,0.6800,0.007093,real,real
2022-04-12,12578.606470,8056.297691,14716.746099,0.7380,0.007114,real,real
2022-04-13,12828.595026,8539.269816,15015.889758,0.7400,0.007012,real,real
2022-04-14,12536.169951,7964.788271,14672.518421,0.7480,0.007130,real,real
2022-04-18,12552.005558,7986.817311,14683.793021,0.7550,0.007126,real,real
2022-04-19,12822.251448,8500.291444,15011.987116,0.8330,0.007014,real,real
2022-04-20,12631.202943,8117.305782,14793.047973,0.7950,0.007088,real,real
2022-04-21,12380.284759,7641.110678,14486.962961,0.8000,0.007195,real,real
2022-04-22,12052.217905,7034.433209,14107.612067,0.7800,0.007335,real,real
2022-04-25,12211.342304,7295.406082,14288.830203,0.7980,0.007267,real,real
2022-04-26,11738.967132,6475.203008,13749.502249,0.8330,0.007474,real,real
2022-04-27,11733.237730,6446.393557,13733.025033,0.8080,0.007480,real,real
2022-04-28,12141.718878,7127.638583,14220.766941,0.7850,0.007293,real,real
2022-04-29,11599.188053,6190.503111,13580.850537,0.8080,0.007542,real,real
2022-05-02,11798.646493,6481.979350,13807.596324,0.7650,0.007451,real,real
2022-05-03,11811.324842,6497.234086,13822.336164,0.8950,0.007445,real,real
2022-05-04,12213.589297,7141.195331,14289.696857,0.8330,0.007267,real,real
2022-05-05,11595.353178,6076.963289,13570.009261,0.8030,0.007546,real,real
2022-05-06,11453.670765,5865.133636,13407.433606,0.8150,0.007614,real,real
2022-05-09,10997.266024,5172.028154,12882.838699,0.8000,0.007842,real,real
2022-05-10,11139.960023,5349.965591,13039.350519,0.8780,0.007772,real,real
2022-05-11,10798.610336,4873.771842,12652.623594,0.8830,0.007948,real,real
2022-05-12,10778.705467,4834.795167,12622.711943,0.9050,0.007963,real,real
2022-05-13,11177.442577,5360.132137,13090.511396,0.9430,0.007749,real,real
2022-05-16,11047.670131,5194.058549,12938.771581,0.9800,0.007817,real,real
2022-05-17,11336.882438,5585.518537,13273.898875,1.0380,0.007670,real,real
2022-05-18,10763.194138,4770.398907,12622.281334,1.0030,0.007963,real,real
2022-05-19,10715.660016,4673.805702,12554.645962,1.0000,0.007995,real,real
2022-05-20,10679.558269,4633.134436,12515.627696,0.9780,0.008014,real,real
2022-05-23,10858.813992,4861.909685,12723.729641,0.9930,0.007915,real,real
2022-05-24,10620.203175,4558.569596,12453.196297,1.0430,0.008044,real,real
2022-05-25,10777.288540,4741.590473,12627.482596,1.0450,0.007960,real,real
2022-05-26,11077.636258,5138.134581,12977.355164,1.0280,0.007800,real,real
2022-05-27,11442.743311,5641.442848,13400.928297,1.0250,0.007616,real,real
2022-05-31,11407.263671,5600.771915,13365.377991,1.0300,0.007631,real,real
2022-06-01,11322.680533,5470.284124,13266.528274,1.1030,0.007673,real,real
2022-06-02,11633.557420,5914.278215,13629.839351,1.1130,0.007522,real,real
2022-06-03,11322.382694,5446.559134,13275.201564,1.1350,0.007669,real,real
2022-06-06,11368.942235,5514.344580,13319.421092,1.1600,0.007651,real,real
2022-06-07,11470.047413,5648.220203,13434.309265,1.2250,0.007602,real,real
2022-06-08,11382.928250,5532.985452,13337.631606,1.2330,0.007643,real,real
2022-06-09,11071.311178,5082.211967,12980.389795,1.2380,0.007798,real,real
2022-06-10,10677.031934,4539.929400,12522.563615,1.2880,0.008010,real,real
2022-06-13,10185.716784,3911.219499,11940.313391,1.4980,0.008303,real,real
2022-06-14,10206.804193,3936.638746,11961.986430,1.7430,0.008292,real,real
2022-06-15,10461.330796,4219.642356,12260.700841,1.6950,0.008139,real,real
2022-06-16,10040.668280,3704.473628,11766.024377,1.4830,0.008397,real,real
2022-06-17,10165.567828,3841.739120,11909.096332,1.5100,0.008320,real,real
2022-06-21,10418.912784,4131.521443,12209.553554,1.4880,0.008639,real,real
2022-06-22,10401.723693,4116.270437,12191.747833,1.5450,0.008648,real,real
2022-06-23,10555.091376,4292.512263,12373.316435,1.5600,0.008551,real,real
2022-06-24,10923.392690,4741.590473,12797.269919,1.5980,0.008334,real,real
2022-06-27,10835.317452,4629.744908,12703.447589,1.6330,0.008381,real,real
2022-06-28,10501.033030,4207.780198,12316.415025,1.7380,0.008581,real,real
2022-06-29,10519.521855,4216.253507,12327.704568,1.7050,0.008575,real,real
2022-06-30,10380.076744,4067.125520,12174.807407,1.6000,0.008658,real,real
2022-07-01,10454.031143,4133.216376,12255.165421,1.6030,0.008614,real,real
2022-07-05,10629.281046,4346.740619,12464.970784,1.6300,0.008503,real,real
2022-07-06,10694.870446,4429.777413,12544.895469,1.8400,0.008461,real,real
2022-07-07,10926.280297,4704.307714,12813.346410,1.8530,0.008326,real,real
2022-07-08,10941.295528,4726.338450,12829.414751,1.8430,0.008318,real,real
2022-07-11,10701.809702,4424.693632,12555.325155,1.9530,0.008456,real,real
2022-07-12,10597.780788,4295.901111,12433.699389,2.1130,0.008519,real,real
2022-07-13,10582.928579,4268.787273,12408.066654,2.3230,0.008532,real,real
2022-07-14,10618.904326,4312.848067,12452.374475,2.2730,0.008509,real,real
2022-07-15,10813.102148,4539.929400,12678.250894,2.2400,0.008393,real,real
2022-07-18,10717.347469,4434.861194,12570.962891,2.2600,0.008448,real,real
2022-07-19,11052.939556,4822.933351,12957.555333,2.4500,0.008255,real,real
2022-07-20,11224.615419,5065.266029,13163.019295,2.3780,0.008158,real,real
2022-07-21,11386.790447,5280.485208,13351.976156,2.3600,0.008071,real,real
2022-07-22,11185.626056,5004.259296,13117.843467,2.3550,0.008179,real,real
2022-07-25,11124.214306,4929.695135,13043.129548,2.3930,0.008214,real,real
2022-07-26,10906.294363,4631.439503,12786.848384,2.4750,0.008339,real,real
2022-07-27,11370.602375,5209.309896,13327.216863,2.3830,0.008082,real,real
2022-07-28,11475.633184,5358.437542,13457.530865,2.3080,0.008023,real,real
2022-07-29,11683.257471,5653.305343,13702.955812,2.2980,0.007915,real,real
2022-08-01,11676.770252,5644.831017,13694.700899,2.2650,0.007919,real,real
2022-08-02,11641.416622,5592.297593,13653.869192,2.4630,0.007936,real,real
2022-08-03,11958.727851,6039.680871,14025.697345,2.4280,0.007779,real,real
2022-08-04,12010.864347,6126.108543,14091.289708,2.3780,0.007752,real,real
2022-08-05,11917.609564,5980.368729,13976.177401,2.4100,0.007800,real,real
2022-08-08,11873.819561,5919.361997,13931.002931,2.4600,0.007818,real,real
2022-08-09,11737.577518,5716.005991,13773.321538,2.5700,0.007885,real,real
2022-08-10,12071.572916,6185.420005,14157.751434,2.5350,0.007725,real,real
2022-08-11,11993.675255,6092.215991,14077.387990,2.4900,0.007758,real,real
2022-08-12,12240.803519,6436.225995,14351.485736,2.5000,0.007648,real,real
2022-08-15,12332.217525,6590.438101,14467.466054,2.5130,0.007603,real,real
2022-08-16,12303.370486,6548.071898,14433.581126,2.5980,0.007616,real,real
2022-08-17,12155.073970,6320.990223,14268.950234,2.5680,0.007681,real,real
2022-08-18,12186.772486,6363.355746,14303.265766,2.5650,0.007667,real,real
2022-08-19,11949.380339,5990.537650,14024.396009,2.5800,0.007780,real,real
2022-08-22,11631.437312,5519.428699,13655.173239,2.6480,0.007936,real,real
2022-08-23,11623.541981,5500.787152,13643.878266,2.7030,0.007941,real,real
2022-08-24,11656.089070,5543.153014,13683.408642,2.7130,0.007924,real,real
2022-08-25,11859.761288,5834.629591,13925.358841,2.7300,0.007821,real,real
2022-08-26,11373.941144,5124.578849,13354.580181,2.7550,0.008069,real,real
2022-08-29,11264.895700,4966.976536,13222.964852,2.7980,0.008130,real,real
2022-08-30,11137.108545,4800.903290,13075.710424,2.8730,0.008199,real,real
2022-08-31,11073.341406,4712.782040,12999.692454,2.8600,0.008235,real,real
2022-09-01,11075.678289,4717.864804,13005.341979,2.8630,0.008232,real,real
2022-09-02,10916.707213,4521.287512,12821.598603,2.8200,0.008322,real,real
2022-09-06,10838.086989,4417.915597,12729.506856,2.8450,0.008368,real,real
2022-09-07,11061.935477,4678.888808,12986.660105,2.9330,0.008241,real,real
2022-09-08,11117.699774,4755.147901,13053.989843,2.9500,0.008209,real,real
2022-09-09,11358.710031,5056.792723,13339.379847,2.9680,0.008076,real,real
2022-09-12,11495.348600,5241.507854,13497.923817,2.9950,0.008005,real,real
2022-09-13,10858.218323,4378.938922,12757.747689,3.1530,0.008353,real,real
2022-09-14,10949.154730,4477.227735,12858.952847,3.1280,0.008303,real,real
2022-09-15,10762.454828,4251.840993,12644.803368,3.0950,0.008410,real,real
2022-09-16,10702.801906,4168.804203,12567.486781,3.0700,0.008450,real,real
2022-09-19,10785.716097,4268.787273,12665.354381,3.0350,0.010194,real,real
2022-09-20,10693.923187,4167.108928,12564.395096,3.2430,0.008826,real,real
2022-09-21,10501.051537,3938.333338,12339.416565,3.1900,0.008951,real,real
2022-09-22,10378.209530,3792.594541,12187.544992,3.1300,0.009038,real,real
2022-09-23,10206.397967,3611.268255,11989.114749,3.1080,0.009154,real,real
2022-09-26,10154.848333,3562.124017,11939.503793,3.1650,0.009184,real,real
2022-09-27,10170.765004,3565.513545,11944.293461,3.2500,0.009181,real,real
2022-09-28,10371.153081,3773.953669,12181.890032,3.2300,0.009041,real,real
2022-09-29,10074.243702,3455.362235,11830.714770,3.2180,0.009250,real,real
2022-09-30,9899.589476,3274.035949,11630.105677,3.1800,0.009375,real,real
2022-10-03,10132.849794,3501.117285,11902.949639,3.1500,0.009206,real,real
2022-10-04,10451.198163,3826.487097,12277.187569,3.3150,0.008986,real,real
2022-10-05,10442.752099,3826.487097,12270.665959,3.2930,0.008990,real,real
2022-10-06,10363.636654,3729.893554,12174.057579,3.2880,0.009045,real,real
2022-10-07,9961.173056,3304.539994,11710.174357,3.2930,0.009324,real,real
2022-10-10,9859.661661,3201.166381,11593.118199,3.2850,0.009398,real,real
2022-10-11,9737.288438,3074.069472,11433.848855,3.3400,0.009501,real,real
2022-10-12,9732.118585,3067.290079,11429.932629,3.5330,0.009504,real,real
2022-10-13,9955.858686,3272.341695,11697.992353,3.5830,0.009332,real,real
2022-10-14,9647.696701,2977.474572,11346.379694,3.6280,0.009559,real,real
2022-10-17,9981.981123,3270.646762,11721.055025,3.6880,0.009318,real,real
2022-10-18,10058.868073,3351.989638,11813.741744,3.8330,0.009260,real,real
2022-10-19,10018.840686,3311.318370,11770.661905,3.8930,0.009287,real,real
2022-10-20,9967.706085,3255.395078,11710.609039,3.8900,0.009324,real,real
2022-10-21,10205.576717,3485.864923,11985.194450,3.8850,0.009156,real,real
2022-10-24,10313.792095,3604.490558,12117.047498,3.9130,0.009078,real,real
2022-10-25,10530.106525,3821.402974,12367.700872,3.9650,0.008935,real,real
2022-10-26,10291.812054,3568.902731,12094.420870,3.9300,0.009092,real,real
2022-10-27,10098.470736,3372.324425,11874.229292,3.9300,0.009223,real,real
2022-10-28,10418.416678,3677.360127,12237.589273,3.9700,0.009009,real,real
2022-10-31,10291.514215,3550.261523,12095.291597,3.9750,0.009091,real,real
2022-11-01,10186.285148,3440.109873,11971.708395,4.0500,0.009164,real,real
2022-11-02,9841.046826,3084.237034,11561.348279,4.0250,0.009419,real,real
2022-11-03,9646.379345,2906.300276,11335.503103,4.0250,0.009567,real,real
2022-11-04,9796.553642,3041.871172,11517.833757,4.0130,0.009447,real,real
2022-11-07,9904.805150,3138.465732,11644.462454,3.9830,0.009366,real,real
2022-11-08,9979.246839,3206.250841,11729.323518,4.0900,0.009312,real,real
2022-11-09,9742.883016,2982.558693,11458.652976,4.0930,0.009485,real,real
2022-11-10,10472.330507,3634.992907,12304.169178,4.0550,0.008971,real,real
2022-11-11,10662.765712,3841.739120,12530.886443,4.0630,0.008845,real,real
2022-11-14,10558.033618,3740.060775,12421.229409,4.0680,0.008905,real,real
2022-11-15,10711.618066,3890.883357,12593.115439,4.1300,0.008811,real,real
2022-11-16,10556.363787,3733.282061,12421.229409,4.1250,0.008905,real,real
2022-11-17,10536.305596,3704.473628,12393.811755,4.1130,0.008920,real,real
2022-11-18,10536.449228,3701.083083,12394.247799,4.1350,0.008920,real,real
2022-11-21,10424.949716,3589.237859,12266.745660,4.0980,0.008992,real,real
2022-11-22,10579.598618,3740.060775,12443.418639,4.1980,0.008893,real,real
2022-11-23,10682.355119,3851.907361,12568.314038,4.2000,0.008824,real,real
2022-11-25,10607.742476,3772.259078,12485.631825,4.1750,0.008870,real,real
2022-11-28,10455.899232,3606.184473,12302.429087,4.1830,0.008972,real,real
2022-11-29,10379.833541,3519.758495,12209.304966,4.2530,0.009025,real,real
2022-11-30,10855.005555,3992.561360,12765.876269,4.2530,0.008719,real,real
2022-12-01,10865.680114,4014.592435,12781.541170,4.1930,0.008710,real,real
2022-12-02,10822.702554,3967.142113,12730.623447,4.2080,0.008737,real,real
2022-12-05,10635.506546,3767.175297,12516.962990,4.1580,0.008852,real,real
2022-12-06,10421.557188,3528.231464,12257.605083,4.2200,0.008997,real,real
2022-12-07,10374.364964,3485.864923,12207.562159,4.1830,0.009026,real,real
2022-12-08,10500.789827,3609.574001,12352.035967,4.1500,0.008944,real,real
2022-12-09,10433.864564,3540.093621,12273.274057,4.1730,0.008988,real,real
2022-12-12,10562.996397,3668.885463,12427.320413,4.1680,0.008902,real,real
2022-12-13,10678.285848,3784.122253,12560.913552,4.2480,0.008828,real,real
2022-12-14,10594.108052,3694.305048,12467.789435,4.2200,0.008879,real,real
2022-12-15,10237.058468,3328.264308,12049.166257,4.2130,0.009118,real,real
2022-12-16,10145.472632,3229.975154,11934.282157,4.1630,0.009187,real,real
2022-12-19,10001.885991,3096.098852,11766.563657,4.1630,0.011735,real,real
2022-12-20,9990.904787,3082.542440,11757.402703,4.2300,0.009921,real,real
2022-12-21,10138.398551,3216.418064,11927.958874,4.2050,0.009808,real,real
2022-12-22,9885.982365,2987.818514,11636.138269,4.2080,0.010003,real,real
2022-12-23,9912.429964,2996.335238,11662.308926,4.1930,0.009985,real,real
2022-12-27,9765.404983,2868.577247,11497.425373,4.1950,0.010100,real,real
2022-12-28,9636.219390,2752.744842,11345.626469,4.3380,0.010208,real,real
2022-12-29,9881.389674,2946.935251,11622.179501,4.2950,0.010013,real,real
2022-12-30,9871.202415,2946.935251,11615.204189,4.2600,0.010018,real,real
2023-01-03,9801.615117,2880.502154,11536.685429,4.2550,0.010072,real,real
2023-01-04,9848.680447,2924.791225,11591.645712,4.4000,0.010034,real,real
2023-01-05,9692.055069,2786.813605,11410.184422,4.4980,0.010162,real,real
2023-01-06,9961.966992,3004.852302,11725.123388,4.4930,0.009943,real,real
2023-01-09,10023.415755,3067.879930,11801.024538,4.4830,0.009892,real,real
2023-01-10,10111.238965,3149.643742,11900.912060,4.5650,0.009825,real,real
2023-01-11,10288.761425,3306.359071,12106.802553,4.5550,0.009692,real,real
2023-01-12,10340.275814,3357.462471,12172.230552,4.4750,0.009651,real,real
2023-01-13,10414.149148,3423.896246,12255.983170,4.4880,0.009599,real,real
2023-01-17,10428.324614,3442.633787,12280.845699,4.4930,0.009583,real,real
2023-01-18,10295.772939,3314.876813,12121.197366,4.5300,0.009683,real,real
2023-01-19,10192.348510,3210.967618,12002.113140,4.5250,0.009759,real,real
2023-01-20,10484.124155,3473.295894,12330.572119,4.5380,0.009553,real,real
2023-01-23,10712.871980,3701.555575,12604.508222,4.5350,0.009389,real,real
2023-01-24,10689.501449,3679.411210,12578.770889,4.5730,0.009404,real,real
2023-01-25,10660.672917,3652.156268,12550.854710,4.5450,0.009420,real,real
2023-01-26,10874.334137,3863.382500,12795.563786,4.5430,0.009278,real,real
2023-01-27,10978.208843,3974.105009,12922.936882,4.5480,0.009207,real,real
2023-01-30,10748.829220,3735.624848,12661.651423,4.5350,0.009355,real,real
2023-01-31,10919.855654,3902.560653,12851.400221,4.5700,0.009247,real,real
2023-02-01,11155.515412,4154.668116,13126.207050,4.5200,0.009095,real,real
2023-02-02,11552.573885,4583.933213,13597.303302,4.5100,0.008849,real,real
2023-02-03,11345.238621,4347.156130,13355.650591,4.5230,0.008973,real,real
2023-02-06,11247.020184,4236.432605,13242.673666,4.5330,0.009033,real,real
2023-02-07,11485.016816,4498.760880,13517.041735,4.5700,0.008890,real,real
2023-02-08,11274.875010,4256.873896,13276.695791,4.5850,0.009014,real,real
2023-02-09,11171.820678,4142.744225,13159.359807,4.6130,0.009077,real,real
2023-02-10,11103.018510,4057.572909,13072.990936,4.6350,0.009124,real,real
2023-02-13,11281.127832,4250.060924,13282.367051,4.6450,0.009011,real,real
2023-02-14,11361.055720,4342.045550,13380.511763,4.6600,0.008960,real,real
2023-02-15,11448.581101,4439.141436,13483.018252,4.6430,0.008907,real,real
2023-02-16,11227.142629,4185.329882,13230.021664,4.6650,0.009039,real,real
2023-02-17,11151.076053,4095.047651,13136.676124,4.6800,0.009089,real,real
2023-02-21,10882.292026,3807.168524,12825.661535,4.6880,0.009261,real,real
2023-02-22,10887.678653,3810.575010,12835.259887,4.6950,0.009256,real,real
2023-02-23,10990.426339,3905.967480,12947.367444,4.6900,0.009193,real,real
2023-02-24,10800.496932,3708.369226,12730.569112,4.7030,0.009315,real,real
2023-02-27,10880.027410,3788.430303,12821.735801,4.6650,0.009263,real,real
2023-02-28,10865.888073,3769.693104,12805.162138,4.7100,0.009273,real,real
2023-03-01,10772.452645,3677.708136,12702.218251,4.7250,0.009332,real,real
2023-03-02,10868.369463,3766.285938,12807.342346,4.7230,0.009272,real,real
2023-03-03,11090.286410,3996.248356,13072.118852,4.7180,0.009124,real,real
2023-03-06,11100.817337,4013.283162,13086.945631,4.7280,0.009116,real,real
2023-03-07,10965.188595,3863.382500,12926.425214,4.8450,0.009205,real,real
2023-03-08,11022.179492,3916.187955,12990.983844,4.8830,0.009169,real,real
2023-03-09,10824.164417,3710.071963,12765.899361,4.8480,0.009295,real,real
2023-03-10,10674.739996,3556.763118,12586.626435,4.8030,0.009399,real,real
2023-03-13,10758.556511,3633.417709,12679.969255,4.6580,0.009345,real,real
2023-03-14,11008.157348,3880.415950,12971.355173,4.6800,0.009180,real,real
2023-03-15,11054.654322,3936.629588,13039.400782,4.5580,0.009142,real,real
2023-03-16,11352.483647,4248.356495,13383.129373,4.5300,0.008959,real,real
2023-03-17,11296.981936,4185.329882,13319.878867,4.2930,0.008992,real,real
2023-03-20,11335.538643,4229.619291,13367.149325,4.4650,0.010520,real,real
2023-03-21,11496.901228,4408.478987,13558.064976,4.6050,0.009002,real,real
2023-03-22,11339.635228,4228.576285,13373.702177,4.5630,0.009099,real,real
2023-03-23,11485.883894,4379.351716,13532.292327,4.5030,0.009015,real,real
2023-03-24,11520.009165,4423.899247,13582.096175,4.5030,0.008990,real,real
2023-03-27,11435.209262,4333.091949,13489.037259,4.5830,0.009038,real,real
2023-03-28,11378.814043,4261.130055,13417.387855,4.6280,0.009075,real,real
2023-03-29,11591.275100,4494.146540,13662.042595,4.6300,0.008949,real,real
2023-03-30,11696.945646,4615.796734,13791.358181,4.6650,0.008884,real,real
2023-03-31,11893.841623,4841.960220,14020.720221,4.5850,0.008771,real,real
2023-04-03,11864.064947,4807.692521,13986.643760,4.5700,0.008787,real,real
2023-04-04,11820.510216,4759.718491,13939.461600,4.7280,0.008810,real,real
2023-04-05,11700.609576,4607.229131,13801.844917,4.7050,0.008878,real,real
2023-04-06,11786.690706,4699.750355,13894.897045,4.7100,0.008832,real,real
2023-04-10,11776.432064,4689.470523,13887.033349,4.8380,0.008836,real,real
2023-04-11,11697.857661,4598.662204,13797.911033,4.8800,0.008880,real,real
2023-04-12,11593.367895,4477.013368,13676.023098,4.8600,0.008942,real,real
2023-04-13,11828.910459,4734.018395,13943.830166,4.8550,0.008808,real,real
2023-04-14,11801.957948,4706.603691,13917.616043,4.9030,0.008821,real,real
2023-04-17,11809.348366,4711.744795,13929.409546,4.9230,0.008815,real,real
2023-04-18,11813.029918,4715.171294,13930.282988,5.0300,0.008815,real,real
2023-04-19,11810.250689,4704.891121,13923.734208,4.9950,0.008818,real,real
2023-04-20,11717.555455,4595.236046,13817.570946,4.9450,0.008870,real,real
2023-04-21,11730.899972,4603.802970,13831.986136,4.9500,0.008863,real,real
2023-04-24,11702.919136,4576.388607,13803.154403,4.8730,0.008878,real,real
2023-04-25,11482.166213,4317.671351,13542.776348,4.9530,0.009010,real,real
2023-04-26,11555.588385,4389.632569,13624.909769,4.9850,0.008968,real,real
2023-04-27,11874.604681,4744.298906,13995.382255,5.0000,0.008783,real,real
2023-04-28,11952.168374,4840.246971,14091.930866,4.9230,0.008737,real,real
2023-05-01,11939.066186,4826.538943,14075.766077,4.8650,0.008744,real,real
2023-05-02,11832.763841,4698.037446,13953.006059,5.0400,0.008804,real,real
2023-05-03,11757.464764,4605.515540,13861.695383,5.0950,0.008849,real,real
2023-05-04,11714.397323,4554.115690,13812.764978,5.0550,0.008873,real,real
2023-05-05,11964.024589,4833.392617,14106.347409,5.0800,0.008730,real,real
2023-05-08,11993.358919,4872.800403,14141.298669,5.0830,0.008713,real,real
2023-05-09,11911.672203,4778.564909,14051.737597,5.1230,0.008756,real,real
2023-05-10,12044.060865,4932.768536,14204.645622,5.0650,0.008683,real,real
2023-05-11,12081.913507,4973.888554,14250.954341,5.0150,0.008662,real,real
2023-05-12,12037.157738,4922.487683,14199.839654,5.0280,0.008686,real,real
2023-05-15,12103.325193,4997.875738,14276.729709,5.0000,0.008650,real,real
2023-05-16,12114.604237,5016.723177,14292.893136,5.0580,0.008642,real,real
2023-05-17,12261.908550,5196.626558,14465.898476,5.0880,0.008563,real,real
2023-05-18,12483.302961,5475.903486,14734.578981,5.1250,0.008443,real,real
2023-05-19,12455.213730,5438.209629,14701.375967,5.0850,0.008457,real,real
2023-05-22,12496.946192,5494.750925,14750.741055,5.0950,0.008436,real,real
2023-05-23,12337.054295,5282.293432,14563.759288,5.1530,0.008518,real,real
2023-05-24,12275.642545,5196.626558,14489.052157,5.1850,0.008552,real,real
2023-05-25,12577.063532,5571.851212,14841.612970,5.1630,0.008396,real,real
2023-05-26,12901.791617,5993.338681,15220.822589,5.1150,0.008237,real,real
2023-05-30,12952.845145,6077.293660,15289.848953,5.1430,0.008209,real,real
2023-05-31,12861.800351,5953.930216,15202.908202,5.2480,0.008244,real,real
2023-06-01,13030.913759,6169.814546,15378.536583,5.2030,0.008173,real,real
2023-06-02,13125.774922,6308.596216,15493.868950,5.2150,0.008127,real,real
2023-06-05,13134.672147,6322.303568,15504.791726,5.1430,0.008123,real,real
2023-06-06,13136.106697,6315.450570,15502.171401,5.1580,0.008124,real,real
2023-06-07,12906.194848,5993.338681,15239.171664,5.1530,0.008230,real,real
2023-06-08,13069.740984,6198.944196,15428.340431,5.1000,0.008153,real,real
2023-06-09,13109.281080,6274.329196,15487.318813,5.0950,0.008130,real,real
2023-06-12,13340.221262,6594.729535,15749.006354,5.0950,0.008028,real,real
2023-06-13,13445.386895,6742.077788,15870.023561,5.1000,0.007982,real,real
2023-06-14,13539.987232,6886.000224,15985.361359,5.0800,0.007939,real,real
2023-06-15,13702.216012,7127.583632,16175.838255,5.0550,0.007869,real,real
2023-06-16,13610.575540,6990.514874,16074.043559,5.0650,0.007906,real,real
2023-06-20,13598.150969,6956.247175,16051.036584,5.0750,0.009296,real,real
2023-06-21,13415.249823,6677.461394,15832.295762,5.1350,0.007941,real,real
2023-06-22,13573.039234,6899.184543,16019.098223,5.1350,0.007872,real,real
2023-06-23,13436.932900,6694.649513,15860.293446,5.1380,0.007930,real,real
2023-06-26,13254.247634,6429.957083,15647.678945,5.1550,0.008011,real,real
2023-06-27,13486.046089,6747.930854,15916.726216,5.1800,0.007909,real,real
2023-06-28,13502.883581,6789.181797,15947.791135,5.1700,0.007898,real,real
2023-06-29,13480.668277,6742.775840,15915.852775,5.1750,0.007910,real,real
2023-06-30,13696.557983,7046.998847,16161.277721,5.1530,0.007820,real,real
2023-07-03,13723.158904,7095.125174,16199.339682,5.1450,0.007806,real,real
2023-07-05,13718.728351,7089.970163,16198.900922,5.1930,0.007806,real,real
2023-07-06,13615.565641,6923.247367,16075.533708,5.2130,0.007851,real,real
2023-07-07,13568.102892,6852.776552,16022.160023,5.2130,0.007870,real,real
2023-07-10,13576.034352,6857.933597,16027.408824,5.2250,0.007869,real,real
2023-07-11,13642.282872,6955.904593,16106.597270,5.2430,0.007840,real,real
2023-07-12,13812.073899,7213.722319,16310.019579,5.2300,0.007767,real,real
2023-07-13,14050.964047,7572.946354,16586.945484,5.2230,0.007671,real,real
2023-07-14,14045.206447,7566.073007,16583.443567,5.2150,0.007672,real,real
2023-07-17,14178.462179,7775.763727,16738.307667,5.2330,0.007619,real,real
2023-07-18,14294.022155,7961.391619,16875.241079,5.2480,0.007574,real,real
2023-07-19,14280.487302,7961.391619,16871.303118,5.2450,0.007575,real,real
2023-07-20,13955.416443,7402.787565,16482.387834,5.2430,0.007707,real,real
2023-07-21,13918.944599,7337.472440,16432.950748,5.2480,0.007724,real,real
2023-07-24,13939.111177,7366.692309,16459.201549,5.2500,0.007715,real,real
2023-07-25,14041.435015,7514.507968,16570.756245,5.2650,0.007676,real,real
2023-07-26,13985.346450,7437.163127,16515.634319,5.2680,0.007695,real,real
2023-07-27,13954.369612,7373.567014,16476.262872,5.2680,0.007709,real,real
2023-07-28,14212.434135,7772.326373,16776.372347,5.2550,0.007607,real,real
2023-07-31,14217.911519,7787.794122,16785.123065,5.2480,0.007604,real,real
2023-08-01,14182.729718,7727.636042,16746.187663,5.2600,0.007617,real,real
2023-08-02,13869.380248,7222.314684,16378.707699,5.2600,0.007743,real,real
2023-08-03,13853.860112,7170.751678,16352.458256,5.2580,0.007752,real,real
2023-08-04,13782.919330,7071.062350,16275.898290,5.2530,0.007779,real,real
2023-08-07,13902.864914,7246.378862,16413.701067,5.2600,0.007730,real,real
2023-08-08,13781.231877,7060.750291,16274.147329,5.2750,0.007780,real,real
2023-08-09,13626.627911,6825.276374,16095.220792,5.2800,0.007844,real,real
2023-08-10,13651.107840,6856.214582,16124.968074,5.2680,0.007833,real,real
2023-08-11,13560.181124,6718.713016,16022.160023,5.2650,0.007870,real,real
2023-08-14,13720.361169,6942.153146,16201.961365,5.2700,0.007805,real,real
2023-08-15,13568.825455,6729.025755,16030.035942,5.2800,0.007868,real,real
2023-08-16,13423.388357,6505.583588,15860.293446,5.2850,0.007930,real,real
2023-08-17,13278.420917,6285.578775,15687.051749,5.2780,0.007996,real,real
2023-08-18,13259.499437,6256.360940,15667.367381,5.2780,0.008003,real,real
2023-08-21,13477.726910,6558.864929,15919.789374,5.2800,0.007908,real,real
2023-08-22,13452.705055,6529.647091,15897.040491,5.2950,0.007917,real,real
2023-08-23,13668.450254,6837.308803,16147.715600,5.2950,0.007825,real,real
2023-08-24,13369.222508,6386.987122,15802.547118,5.3030,0.007952,real,real
2023-08-25,13482.364537,6538.240135,15925.039532,5.3150,0.007906,real,real
2023-08-28,13582.188478,6684.337454,16044.910264,5.3230,0.007862,real,real
2023-08-29,13874.622360,7110.593598,16395.327547,5.3200,0.007737,real,real
2023-08-30,13952.113803,7229.191423,16486.761835,5.3150,0.007705,real,real
2023-08-31,13986.980143,7294.504513,16536.197559,5.2980,0.007688,real,real
2023-09-01,13977.767456,7268.721995,16518.694761,5.2680,0.007694,real,real
2023-09-05,13993.449730,7287.630488,16539.695403,5.2780,0.007687,real,real
2023-09-06,13870.012055,7095.125174,16394.018061,5.3000,0.007737,real,real
2023-09-07,13768.120872,6940.434131,16276.773089,5.2830,0.007779,real,real
2023-09-08,13787.711164,6961.060283,16299.520615,5.2930,0.007771,real,real
2023-09-11,13951.608890,7198.252536,16491.573234,5.2930,0.007703,real,real
2023-09-12,13796.292044,6967.935664,16308.708735,5.3050,0.007767,real,real
2023-09-13,13849.339679,7036.686788,16370.829065,5.3050,0.007745,real,real
2023-09-14,13962.454395,7201.689886,16504.697958,5.2950,0.007699,real,real
2023-09-15,13717.483253,6832.151079,16222.087208,5.2980,0.007798,real,real
2023-09-18,13738.209380,6847.620183,16238.997748,5.3000,0.009247,real,real
2023-09-19,13707.404372,6806.369919,16204.387442,5.3100,0.007859,real,real
2023-09-20,13507.710660,6511.251455,15970.876896,5.3150,0.007944,real,real
2023-09-21,13258.958395,6140.411513,15678.215449,5.3050,0.008055,real,real
2023-09-22,13265.147775,6145.586199,15680.406527,5.3050,0.008055,real,real
2023-09-25,13326.326012,6226.653314,15754.886805,5.3130,0.008026,real,real
2023-09-26,13125.044428,5948.956332,15518.306304,5.3250,0.008118,real,real
2023-09-27,13156.021266,5985.176410,15554.670287,5.3300,0.008104,real,real
2023-09-28,13266.654583,6130.062823,15684.791394,5.3080,0.008053,real,real
2023-09-29,13277.907188,6143.861756,15696.177384,5.3000,0.008049,real,real
2023-10-02,13388.288495,6290.473288,15827.176005,5.3150,0.007998,real,real
2023-10-03,13142.901446,5957.580583,15549.413336,5.3400,0.008106,real,real
2023-10-04,13332.957738,6199.056807,15761.018555,5.3350,0.008024,real,real
2023-10-05,13285.107279,6133.512388,15714.582146,5.3250,0.008041,real,real
2023-10-06,13510.706654,6442.257471,15977.883450,5.3480,0.007942,real,real
2023-10-09,13577.397528,6537.124199,16059.371639,5.3480,0.007912,real,real
2023-10-10,13653.525787,6644.064058,16148.310573,5.3230,0.007879,real,real
2023-10-11,13752.420976,6785.500228,16263.532907,5.3350,0.007838,real,real
2023-10-12,13700.970029,6706.156879,16207.015917,5.3350,0.007858,real,real
2023-10-13,13530.449393,6452.606164,16003.294766,5.3280,0.007932,real,real
2023-10-16,13690.711387,6669.936122,16184.235795,5.3280,0.007866,real,real
2023-10-17,13644.944907,6606.118179,16131.223438,5.3400,0.007885,real,real
2023-10-18,13452.975580,6326.693365,15919.615498,5.3300,0.007964,real,real
2023-10-19,13339.165616,6157.660689,15770.657662,5.3100,0.008020,real,real
2023-10-20,13138.624216,5879.962352,15535.394797,5.3000,0.008111,real,real
2023-10-23,13178.299137,5931.707160,15582.271323,5.2930,0.008093,real,real
2023-10-24,13305.536443,6099.015394,15733.856278,5.3080,0.008034,real,real
2023-10-25,12976.891543,5652.283363,15348.758058,5.3150,0.008185,real,real
2023-10-26,12731.396981,5322.840894,15056.100688,5.3000,0.008306,real,real
2023-10-27,12795.326250,5398.732310,15128.388531,5.3050,0.008276,real,real
2023-10-30,12935.267468,5572.941028,15298.812939,5.3130,0.008206,real,real
2023-10-31,13002.283486,5654.007464,15371.978301,5.3200,0.008176,real,real
2023-11-01,13232.493183,5945.505413,15638.788309,5.3000,0.008071,real,real
2023-11-02,13462.260516,6261.150304,15922.681376,5.2700,0.007962,real,real
2023-11-03,13624.624996,6481.929147,16109.756875,5.2530,0.007893,real,real
2023-11-06,13674.649325,6556.096459,16175.471488,5.2600,0.007869,real,real
2023-11-07,13801.958004,6740.654549,16328.374083,5.2730,0.007814,real,real
2023-11-08,13817.496646,6752.727680,16338.887985,5.2680,0.007811,real,real
2023-11-09,13704.399562,6592.318571,16213.150387,5.2630,0.007856,real,real
2023-11-10,14012.290146,7032.152494,16577.658201,5.2500,0.007727,real,real
2023-11-13,13970.485426,6968.333196,16525.960764,5.2600,0.007745,real,real
2023-11-14,14267.963160,7406.439963,16881.702918,5.2530,0.007624,real,real
2023-11-15,14272.213068,7427.138703,16894.411975,5.2550,0.007620,real,real
2023-11-16,14286.641428,7439.212514,16908.870631,5.2430,0.007615,real,real
2023-11-17,14290.990907,7444.386517,16912.814022,5.2330,0.007613,real,real
2023-11-20,14461.592617,7710.011043,17118.723532,5.2380,0.007546,real,real
2023-11-21,14377.280005,7570.299316,17019.270696,5.2550,0.007578,real,real
2023-11-22,14438.430045,7658.266235,17088.932779,5.2650,0.007556,real,real
2023-11-24,14420.943124,7620.321039,17064.836379,5.2530,0.007563,real,real
2023-11-27,14402.870216,7597.897181,17049.940326,5.2580,0.007568,real,real
2023-11-28,14446.587086,7658.266235,17094.628489,5.2600,0.007554,real,real
2023-11-29,14425.986968,7630.668370,17077.980118,5.2400,0.007559,real,real
2023-11-30,14390.138115,7566.850431,17035.045626,5.2380,0.007573,real,real
2023-12-01,14434.992581,7630.668370,17083.674470,5.2150,0.007557,real,real
2023-12-04,14292.506531,7413.339091,16925.080242,5.2230,0.007609,real,real
2023-12-05,14326.830953,7466.810376,16967.574617,5.2430,0.007595,real,real
2023-12-06,14245.928483,7333.997777,16869.442129,5.2430,0.007628,real,real
2023-12-07,14457.469595,7641.017738,17105.141038,5.2330,0.007550,real,real
2023-12-08,14513.594297,7732.434902,17181.372277,5.2330,0.007526,real,real
2023-12-11,14637.248747,7929.065447,17328.140397,5.2330,0.007479,real,real
2023-12-12,14756.824234,8120.524017,17466.145573,5.2480,0.007436,real,real
2023-12-13,14944.615027,8406.844566,17688.266060,5.2230,0.007367,real,real
2023-12-14,14922.472856,8393.046313,17672.933963,5.2150,0.007372,real,real
2023-12-15,14999.729019,8493.087043,17758.364187,5.2250,0.007346,real,real
2023-12-18,15095.692531,8670.743970,17870.216367,5.2250,0.009308,real,real
2023-12-19,15169.727120,8800.107009,17961.528400,5.2380,0.007670,real,real
2023-12-20,14937.207871,8409.102896,17694.624664,5.2300,0.007756,real,real
2023-12-21,15120.605124,8688.020280,17900.512442,5.2100,0.007689,real,real
2023-12-22,15138.642779,8722.667874,17927.287576,5.2080,0.007681,real,real
2023-12-26,15229.832089,8882.050593,18037.034261,5.2030,0.007646,real,real
2023-12-27,15255.403792,8928.824911,18073.751420,5.2350,0.008163,real,real
2023-12-28,15247.887365,8906.303365,18064.966744,5.2180,0.008166,real,real
2023-12-29,15182.431907,8783.301498,17986.787581,5.1800,0.008193,real,real
2024-01-02,14927.985484,8338.074449,17682.411417,5.2130,0.008299,real,real
2024-01-03,14769.673528,8071.283789,17495.304680,5.2350,0.008367,real,real
2024-01-04,14691.640176,7936.156554,17405.265451,5.2280,0.008400,real,real
2024-01-05,14713.269502,7965.606397,17425.908839,5.2200,0.008392,real,real
2024-01-08,15023.568334,8445.483070,17786.065744,5.2200,0.008263,real,real
2024-01-09,15049.582393,8500.919622,17821.203103,5.2300,0.008250,real,real
2024-01-10,15152.764493,8668.963902,17941.986665,5.2250,0.008208,real,real
2024-01-11,15177.893851,8710.541147,17979.320537,5.2180,0.008195,real,real
2024-01-12,15188.739356,8720.935966,17988.545329,5.1980,0.008192,real,real
2024-01-16,15186.746141,8715.739574,17986.787581,5.2030,0.008193,real,real
2024-01-17,15101.538252,8565.019093,17885.327046,5.2150,0.008228,real,real
2024-01-18,15323.518642,8932.288719,18139.195719,5.2000,0.008141,real,real
2024-01-19,15622.829221,9448.546246,18498.915227,5.1980,0.008021,real,real
2024-01-22,15637.610056,9486.659682,18523.070035,5.2000,0.008013,real,real
2024-01-23,15704.228673,9599.266050,18599.935640,5.2100,0.007988,real,real
2024-01-24,15790.030471,9756.914831,18703.145773,5.2100,0.007955,real,real
2024-01-25,15805.992078,9784.633445,18725.989742,5.1950,0.007948,real,real
2024-01-26,15719.386652,9604.463122,18614.428253,5.2000,0.007984,real,real
2024-01-29,15877.527654,9886.845674,18805.049140,5.2000,0.007923,real,real
2024-01-30,15769.647127,9689.351552,18679.869837,5.2030,0.007963,real,real
2024-01-31,15463.334725,9119.390732,18314.003636,5.1880,0.008082,real,real
2024-02-01,15650.540424,9441.617270,18529.659565,5.2000,0.008011,real,real
2024-02-02,15919.450452,9916.296192,18842.821766,5.2100,0.007911,real,real
2024-02-05,15892.659195,9866.056711,18818.225479,5.2280,0.007919,real,real
2024-02-06,15856.287806,9808.887575,18780.451495,5.2230,0.007931,real,real
2024-02-07,16020.817331,10101.664946,18973.706287,5.2230,0.007871,real,real
2024-02-08,16046.172269,10143.242191,19008.842283,5.2180,0.007860,real,real
2024-02-09,16207.904951,10441.215278,19195.951740,5.2200,0.007803,real,real
2024-02-12,16135.944652,10318.216805,19120.845247,5.2280,0.007825,real,real
2024-02-13,15881.272648,9829.677213,18822.613065,5.2330,0.007918,real,real
2024-02-14,16068.243950,10141.509607,19027.730638,5.2180,0.007854,real,real
2024-02-15,16102.613309,10226.397361,19084.388899,5.2180,0.007836,real,real
2024-02-16,15958.475944,9945.748069,18911.340088,5.2230,0.007890,real,real
2024-02-20,15832.258155,9715.338262,18768.594145,5.2130,0.007935,real,real
2024-02-21,15771.631535,9594.068979,18693.487651,5.2350,0.007959,real,real
2024-02-22,16246.063364,10423.891483,19240.749936,5.2330,0.007789,real,real
2024-02-23,16185.526625,10328.609589,19184.091675,5.2400,0.007806,real,real
2024-02-26,16181.665312,10314.750279,19173.988006,5.2500,0.007809,real,real
2024-02-27,16215.701586,10378.848391,19220.107911,5.2450,0.007795,real,real
2024-02-28,16128.581547,10210.806826,19117.769862,5.2400,0.007826,real,real
2024-02-29,16281.389682,10456.808528,19281.599306,5.2230,0.007777,real,real
2024-03-01,16515.146106,10936.684522,19571.918896,5.2150,0.007691,real,real
2024-03-04,16446.181800,10806.753000,19502.084295,5.2230,0.007711,real,real
2024-03-05,16149.668072,10228.129945,19152.026986,5.2250,0.007816,real,real
2024-03-06,16257.677252,10416.962507,19272.374513,5.2300,0.007780,real,real
2024-03-07,16510.706737,10881.247290,19564.893326,5.2280,0.007693,real,real
2024-03-08,16258.470313,10404.834425,19282.475467,5.2280,0.007777,real,real
2024-03-11,16198.231403,10283.566497,19210.885833,5.2400,0.007798,real,real
2024-03-12,16439.530692,10720.133342,19486.272688,5.2400,0.007716,real,real
2024-03-13,16303.605870,10470.665800,19336.498460,5.2380,0.007760,real,real
2024-03-14,16255.187055,10385.778046,19287.747360,5.2380,0.007775,real,real
2024-03-15,16068.802615,10006.381697,19058.473618,5.2380,0.007844,real,real
2024-03-18,16228.297111,10288.764248,19240.245976,5.2380,0.009107,real,real
2024-03-19,16270.877261,10359.792692,19288.180685,5.2380,0.009089,real,real
2024-03-20,16458.479486,10727.518190,19516.875755,5.2280,0.007942,real,real
2024-03-21,16530.910329,10866.611915,19609.232390,5.2280,0.007914,real,real
2024-03-22,16548.107343,10889.214186,19631.664765,5.2200,0.007908,real,real
2024-03-25,16491.821395,10777.940156,19560.416089,5.2180,0.007929,real,real
2024-03-26,16431.797491,10677.098258,19497.085436,5.2180,0.007948,real,real
2024-03-27,16495.231537,10770.984726,19563.494190,5.2150,0.007928,real,real
2024-03-28,16471.635426,10703.178586,19527.431769,5.2030,0.007939,real,real
2024-04-01,16506.383697,10769.245356,19568.771518,5.2180,0.007927,real,real
2024-04-02,16351.707473,10480.628491,19399.890237,5.2130,0.007978,real,real
2024-04-03,16386.365854,10550.174676,19443.429209,5.2100,0.007965,real,real
2024-04-04,16132.442860,10052.919257,19146.126162,5.2030,0.008057,real,real
2024-04-05,16339.690004,10407.606964,19371.743128,5.2150,0.007987,real,real
2024-04-08,16332.226444,10414.560363,19377.461930,5.2230,0.007985,real,real
2024-04-09,16395.128264,10522.357016,19449.148012,5.2200,0.007963,real,real
2024-04-10,16252.344384,10245.909612,19279.386497,5.2430,0.008015,real,real
2024-04-11,16519.721166,10727.518190,19587.245558,5.2380,0.007921,real,real
2024-04-12,16244.972464,10209.398510,19274.986688,5.2300,0.008017,real,real
2024-04-15,15977.289037,9696.494216,18957.894680,5.2380,0.008117,real,real
2024-04-16,15983.451979,9698.232227,18959.652428,5.2330,0.008117,real,real
2024-04-17,15784.903794,9338.330487,18728.320733,5.2400,0.008192,real,real
2024-04-18,15695.295318,9171.419106,18621.449750,5.2430,0.008228,real,real
2024-04-19,15373.472472,8602.878136,18236.184446,5.2450,0.008360,real,real
2024-04-22,15529.791204,8853.244532,18419.584153,5.2450,0.008296,real,real
2024-04-23,15764.918736,9247.921400,18694.456178,5.2450,0.008204,real,real
2024-04-24,15814.844367,9338.330487,18757.788189,5.2550,0.008183,real,real
2024-04-25,15727.949910,9188.806668,18667.192023,5.2450,0.008213,real,real
2024-04-26,15987.639319,9611.301193,18955.255334,5.2380,0.008118,real,real
2024-04-29,16045.766928,9726.051921,19032.220102,5.2430,0.008094,real,real
2024-04-30,15737.144090,9169.681095,18673.345512,5.2450,0.008211,real,real
2024-05-01,15626.935497,8971.473996,18538.327424,5.2500,0.008256,real,real
2024-05-02,15828.143064,9303.557397,18774.939163,5.2380,0.008177,real,real
2024-05-03,16143.290124,9858.190212,19152.283720,5.2350,0.008055,real,real
2024-05-06,16326.253838,10181.580850,19362.065990,5.2400,0.007990,real,real
2024-05-07,16324.339929,10181.580850,19365.146810,5.2430,0.007989,real,real
2024-05-08,16318.529462,10162.454597,19353.710562,5.2450,0.007992,real,real
2024-05-09,16344.201621,10218.091273,19395.931903,5.2400,0.007979,real,real
2024-05-10,16387.259371,10287.637457,19441.671456,5.2430,0.007965,real,real
2024-05-13,16421.033060,10355.445631,19486.529422,5.2400,0.007952,real,real
2024-05-14,16533.065682,10548.437344,19611.873088,5.2350,0.007913,real,real
2024-05-15,16780.194821,11035.261307,19918.414517,5.2400,0.007822,real,real
2024-05-16,16745.284421,10967.453813,19877.949573,5.2430,0.007834,real,real
2024-05-17,16734.699742,10943.112175,19868.273793,5.2400,0.007837,real,real
2024-05-20,16850.160137,11169.136254,20006.811456,5.2400,0.007797,real,real
2024-05-21,16885.902372,11226.512296,20045.951977,5.2400,0.007785,real,real
2024-05-22,16878.140982,11219.558899,20041.995000,5.2450,0.007787,real,real
2024-05-23,16804.323159,11052.646835,19951.834878,5.2450,0.007813,real,real
2024-05-24,16971.216004,11362.130677,20140.507835,5.2450,0.007758,real,real
2024-05-28,17026.338802,11485.572816,20216.593726,5.2480,0.007737,real,real
2024-05-29,16906.609992,11245.639228,20074.099082,5.2500,0.007777,real,real
2024-05-30,16727.868873,10883.997443,19859.039488,5.2480,0.007840,real,real
2024-05-31,16726.055410,10871.826624,19822.094118,5.2450,0.007851,real,real
2024-06-03,16784.093138,10977.885265,19928.524984,5.2430,0.007820,real,real
2024-06-04,16832.700529,11059.602269,19983.060087,5.2400,0.007804,real,real
2024-06-05,17175.773799,11727.248485,20385.915124,5.2400,0.007689,real,real
2024-06-06,17163.266395,11713.337617,20378.878685,5.2330,0.007691,real,real
2024-06-07,17145.003159,11669.869726,20360.846119,5.2380,0.007696,real,real
2024-06-10,17211.523080,11793.317289,20443.086853,5.2330,0.007673,real,real
2024-06-11,17333.796731,12036.728255,20583.384984,5.2450,0.007634,real,real
2024-06-12,17563.889226,12511.382757,20852.978328,5.2430,0.007562,real,real
2024-06-13,17664.715062,12711.325832,20966.008232,5.2400,0.007532,real,real
2024-06-14,17739.500410,12895.622745,21074.636964,5.2400,0.007503,real,real
2024-06-17,17958.719203,13363.323848,21332.799490,5.2430,0.007436,real,real
2024-06-18,17964.231840,13370.278602,21339.394450,5.2350,0.007435,real,real
2024-06-20,17822.965335,13055.580730,21174.910263,5.2250,0.006430,real,real
2024-06-21,17776.160831,12935.615972,21118.177294,5.2150,0.006442,real,real
2024-06-24,17572.406663,12497.470537,20877.755279,5.2100,0.008108,real,real
2024-06-25,17776.793513,12914.748994,21116.503761,5.2230,0.008039,real,real
2024-06-26,17821.837431,12995.556292,21160.113373,5.2300,0.008027,real,real
2024-06-27,17856.106342,13089.805013,21214.734054,5.2230,0.008011,real,real
2024-06-28,17760.315534,12883.858275,21104.608380,5.2130,0.008042,real,real
2024-07-01,17877.032487,13095.042108,21228.388546,5.2180,0.008007,real,real
2024-07-02,18057.199350,13496.461394,21451.281950,5.2280,0.007945,real,real
2024-07-03,18214.871577,13828.071285,21630.122914,5.2300,0.007896,real,real
2024-07-05,18400.154541,14246.942584,21855.657022,5.2250,0.007835,real,real
2024-07-08,18443.076591,14341.188592,21907.632927,5.2180,0.007821,real,real
2024-07-09,18455.240336,14372.604378,21926.574255,5.2250,0.007816,real,real
2024-07-10,18655.882191,14822.892819,22155.193259,5.2250,0.007756,real,real
2024-07-11,18237.184701,13849.012885,21669.328636,5.1980,0.007885,real,real
2024-07-12,18345.581591,14074.157781,21796.629739,5.1980,0.007851,real,real
2024-07-15,18395.561859,14178.876623,21855.215547,5.1930,0.007835,real,real
2024-07-16,18406.153585,14189.348103,21863.584560,5.1930,0.007833,real,real
2024-07-17,17865.230024,12941.455467,21221.782716,5.1950,0.008009,real,real
2024-07-18,17780.365794,12747.726357,21121.350484,5.1930,0.008038,real,real
2024-07-19,17615.718192,12402.154045,20934.136429,5.1930,0.008092,real,real
2024-07-22,17886.640825,12943.198905,21246.009522,5.1900,0.008002,real,real
2024-07-23,17824.805227,12803.576045,21171.125804,5.1730,0.008023,real,real
2024-07-24,17173.373474,11423.037012,20411.710865,5.1700,0.008248,real,real
2024-07-25,16991.275079,11042.559323,20186.616875,5.1600,0.008317,real,real
2024-07-26,17165.495775,11358.460643,20393.651129,5.1550,0.008253,real,real
2024-07-29,17197.826089,11424.781806,20434.614604,5.1470,0.008241,real,real
2024-07-30,16960.315864,10958.784791,20154.019698,5.1350,0.008327,real,real
2024-07-31,17471.175485,11916.957513,20750.452823,5.1350,0.008146,real,real
2024-08-01,17045.243536,11058.265859,20247.846101,5.1150,0.008298,real,real
2024-08-02,16639.612114,10251.935664,19767.264245,5.0300,0.008451,real,real
2024-08-05,16147.223696,9358.337278,19177.879782,5.0600,0.008650,real,real
2024-08-06,16312.132123,9592.208181,19361.125990,5.0800,0.008587,real,real
2024-08-07,16122.147205,9283.289429,19151.451033,5.0800,0.008659,real,real
2024-08-08,16615.222942,10133.253721,19737.313202,5.0830,0.008461,real,real
2024-08-09,16704.804988,10271.133147,19840.387495,5.0750,0.008427,real,real
2024-08-12,16730.908927,10340.945932,19883.112795,5.0730,0.008414,real,real
2024-08-13,17149.948316,11093.173950,20376.468913,5.0530,0.008258,real,real
2024-08-14,17164.611073,11112.370074,20383.080173,5.0630,0.008256,real,real
2024-08-15,17586.420875,11948.371944,20898.018316,5.0800,0.008102,real,real
2024-08-16,17602.995782,11979.789089,20924.888544,5.0750,0.008094,real,real
2024-08-19,17835.768809,12444.038597,21199.757854,5.0630,0.008015,real,real
2024-08-20,17793.657443,12367.244598,21155.268012,5.0330,0.008028,real,real
2024-08-21,17888.419034,12536.542524,21253.937060,5.0050,0.008000,real,real
2024-08-22,17587.945306,11934.410881,20916.958285,5.0250,0.008097,real,real
2024-08-23,17794.603827,12309.651472,21143.812744,5.0000,0.008031,real,real
2024-08-26,17610.142112,11948.371944,20938.544393,4.9980,0.008090,real,real
2024-08-27,17668.865398,12049.599840,21001.093970,4.9680,0.008072,real,real
2024-08-28,17460.663065,11641.198665,20762.785606,4.9550,0.008142,real,real
2024-08-29,17437.807138,11580.113241,20732.393088,4.9650,0.008151,real,real
2024-08-30,17662.658396,11974.551994,20979.509225,4.9680,0.008078,real,real
2024-09-03,17106.916996,10881.990117,20342.552742,4.9700,0.008269,real,real
2024-09-04,17073.224380,10789.489579,20289.693883,4.9480,0.008285,real,real
2024-09-05,17081.281849,10824.396312,20308.633852,4.9320,0.008279,real,real
2024-09-06,16621.981561,9946.505145,19764.622185,4.9080,0.008452,real,real
2024-09-09,16838.059844,10316.510676,20018.788342,4.8950,0.008370,real,real
2024-09-10,16989.976221,10594.014996,20203.795018,4.8350,0.008312,real,real
2024-09-11,17358.268728,11269.446982,20642.529092,4.8750,0.008178,real,real
2024-09-12,17525.892942,11602.803700,20845.159460,4.8400,0.008118,real,real
2024-09-13,17608.473166,11754.642834,20938.544393,4.7630,0.008090,real,real
2024-09-16,17525.884136,11597.566606,20846.039695,4.7450,0.008117,real,real
2024-09-17,17534.311693,11604.547139,20857.049411,4.7350,0.008114,real,real
2024-09-18,17454.988289,11452.708005,20766.750733,4.6150,0.007004,real,real
2024-09-19,17901.945080,12318.380872,21291.822430,4.5930,0.006880,real,real
2024-09-20,17858.326897,12239.839366,21251.297715,4.5450,0.006890,real,real
2024-09-23,17913.106046,12330.595786,21307.627250,4.5030,0.008285,real,real
2024-09-24,17996.697855,12505.125379,21410.405416,4.4950,0.008255,real,real
2024-09-25,18021.754964,12548.901252,21430.256858,4.4870,0.008249,real,real
2024-09-26,18150.723774,12815.043384,21591.260863,4.4680,0.008203,real,real
2024-09-27,18054.247417,12594.424637,21471.278745,4.4820,0.008237,real,real
2024-09-30,18101.231682,12692.477714,21529.507299,4.4980,0.008220,real,real
2024-10-01,17841.914129,12154.940078,21229.547249,4.4820,0.008308,real,real
2024-10-02,17868.342336,12200.464821,21259.545835,4.4730,0.008299,real,real
2024-10-03,17859.995844,12172.449072,21243.664950,4.4650,0.008304,real,real
2024-10-04,18078.069109,12601.428235,21496.423820,4.5050,0.008230,real,real
2024-10-07,17866.673389,12186.457624,21266.161172,4.5250,0.008297,real,real
2024-10-08,18143.721960,12715.238727,21583.763933,4.5280,0.008205,real,real
2024-10-09,18289.068303,13021.650865,21753.593369,4.5350,0.008156,real,real
2024-10-10,18264.615688,12976.126125,21728.891126,4.5300,0.008163,real,real
2024-10-11,18291.875720,13009.395248,21762.854839,4.5150,0.008154,real,real
2024-10-14,18442.636004,13342.071551,21945.480267,4.5180,0.008103,real,real
2024-10-15,18190.688603,12809.790006,21652.135554,4.5150,0.008185,real,real
2024-10-16,18203.520275,12802.785053,21654.784402,4.5030,0.008184,real,real
2024-10-17,18218.290534,12841.303484,21669.780980,4.5150,0.008180,real,real
2024-10-18,18338.858226,13068.925825,21811.820565,4.5130,0.008140,real,real
2024-10-21,18372.633674,13140.713378,21853.728117,4.5180,0.008128,real,real
2024-10-22,18398.792249,13179.234519,21877.546048,4.5000,0.008121,real,real
2024-10-23,18106.890594,12569.913403,21542.296499,4.5050,0.008217,real,real
2024-10-24,18256.593464,12869.320584,21716.982160,4.4870,0.008167,real,real
2024-10-25,18364.105661,13086.433464,21849.314718,4.5100,0.008129,real,real
2024-10-28,18363.249158,13098.690437,21852.842448,4.4820,0.008128,real,real
2024-10-29,18543.334956,13461.132710,22062.816251,4.4800,0.008070,real,real
2024-10-30,18396.300284,13161.724170,21896.074424,4.4630,0.008116,real,real
2024-10-31,17947.593482,12160.194814,21343.356862,4.4320,0.008275,real,real
2024-11-01,18076.373725,12419.333346,21501.273254,4.4000,0.008229,real,real
2024-11-04,18013.625237,12303.769916,21438.636741,4.4180,0.008247,real,real
2024-11-05,18251.713518,12771.267507,21712.128649,4.4230,0.008168,real,real
2024-11-06,18751.482663,13807.814852,22301.898894,4.4300,0.008005,real,real
2024-11-07,19040.442951,14453.910960,22653.026609,4.4200,0.007912,real,real
2024-11-08,19054.527661,14488.927594,22679.494755,4.4230,0.007905,real,real
2024-11-11,19044.972191,14462.664780,22666.257288,4.4150,0.007908,real,real
2024-11-12,19012.668305,14383.872273,22625.236758,4.4230,0.007919,real,real
2024-11-13,18981.421835,14320.838540,22596.123841,4.3900,0.007927,real,real
2024-11-14,18855.556512,14017.928203,22439.084963,4.3830,0.007968,real,real
2024-11-15,18402.103704,13004.139157,21904.455664,4.3930,0.008114,real,real
2024-11-18,18532.993480,13266.780846,22056.639669,4.4030,0.008072,real,real
2024-11-19,18664.191670,13532.922973,22208.383561,4.4080,0.008030,real,real
2024-11-20,18648.409825,13517.162845,22195.592999,4.4100,0.008034,real,real
2024-11-21,18714.892741,13650.233911,22275.434826,4.4130,0.008012,real,real
2024-11-22,18746.881165,13701.012027,22311.163084,4.4150,0.008002,real,real
2024-11-25,18772.741892,13764.043047,22346.452579,4.4050,0.007993,real,real
2024-11-26,18879.224882,13977.656840,22466.434701,4.3950,0.007961,real,real
2024-11-27,18718.241200,13639.728515,22289.548454,4.3850,0.008008,real,real
2024-11-29,18885.964111,13988.162236,22485.401836,4.3730,0.007956,real,real
2024-12-02,19097.315770,14441.655343,22730.220945,4.3800,0.007892,real,real
2024-12-03,19155.714779,14569.471677,22799.919705,4.3570,0.007874,real,real
2024-12-04,19393.061115,15101.753222,23081.792854,4.3450,0.007802,real,real
2024-12-05,19332.480306,14977.435976,23017.829197,4.3300,0.007818,real,real
2024-12-06,19510.264475,15362.640617,23223.825641,4.2950,0.007767,real,real
2024-12-09,19346.556201,15003.701500,23042.972910,4.2930,0.007812,real,real
2024-12-10,19281.010862,14840.864468,22964.452792,4.2850,0.007832,real,real
2024-12-11,19638.151210,15634.034767,23375.570891,4.2550,0.007729,real,real
2024-12-12,19503.965833,15324.120831,23224.714026,4.2230,0.007766,real,real
2024-12-13,19652.831590,15653.293982,23402.483227,4.2180,0.007723,real,real
2024-12-16,19938.335915,16334.406721,23739.493240,4.2280,0.007641,real,real
2024-12-17,19852.091762,16115.540909,23634.946456,4.2400,0.007666,real,real
2024-12-18,19137.668309,14373.366878,22782.272916,4.2320,0.006314,real,real
2024-12-19,19048.509236,14170.258484,22680.816464,4.2200,0.006333,real,real
2024-12-20,19209.700867,14537.954131,22878.877224,4.2150,0.006296,real,real
2024-12-23,19402.815720,14942.884714,23101.782856,4.2150,0.007858,real,real
2024-12-24,19668.532371,15536.662784,23415.031989,4.2000,0.007780,real,real
2024-12-26,19642.058343,15503.285119,23399.128011,4.2150,0.007784,real,real
2024-12-27,19375.610314,14872.615377,23088.084894,4.1780,0.007448,real,real
2024-12-30,19126.632468,14275.320583,22781.012335,4.1820,0.007522,real,real
2024-12-31,18959.774877,13901.134195,22587.494017,4.2080,0.007569,real,real
2025-01-02,18926.794249,13813.296165,22543.312529,4.2080,0.007580,real,real
2025-01-03,19243.095652,14475.590637,22912.236452,4.1930,0.007490,real,real
2025-01-06,19453.643675,14969.235716,23175.562206,4.1900,0.007428,real,real
2025-01-07,19104.930884,14162.889918,22762.013957,4.2030,0.007526,real,real
2025-01-08,19112.087789,14173.429230,22765.991312,4.2050,0.007525,real,real
2025-01-10,18811.261595,13497.081435,22408.995369,4.2130,0.007613,real,real
2025-01-13,18754.542099,13356.541403,22336.980560,4.2180,0.007631,real,real
2025-01-14,18729.899157,13309.109056,22315.769369,4.2130,0.007637,real,real
2025-01-15,19163.410967,14208.562543,22829.173897,4.2050,0.007510,real,real
2025-01-16,19031.130693,13918.701529,22669.233510,4.1950,0.007549,real,real
2025-01-17,19346.862856,14605.588639,23051.851318,4.1930,0.007457,real,real
2025-01-21,19459.968755,14848.018666,23187.051432,4.1970,0.007425,real,real
2025-01-22,19718.475625,15424.233474,23483.519072,4.2150,0.007356,real,real
2025-01-23,19761.723711,15519.096805,23533.442456,4.2130,0.007345,real,real
2025-01-24,19647.200883,15239.775106,23400.453797,4.2050,0.007375,real,real
2025-01-27,19063.640777,13902.889840,22719.159609,4.1880,0.007537,real,real
2025-01-28,19366.604701,14519.508972,23054.943003,4.1900,0.007456,real,real
2025-01-29,19320.064551,14429.913939,23011.648542,4.1880,0.007466,real,real
2025-01-30,19407.281517,14610.858296,23109.729410,4.1820,0.007443,real,real
2025-01-31,19380.150129,14531.803936,23076.152836,4.1880,0.007451,real,real
2025-02-03,19217.307174,14180.457252,22891.472171,4.1900,0.007495,real,real
2025-02-04,19460.338843,14695.182314,23172.470521,4.2130,0.007428,real,real
2025-02-05,19542.667057,14886.668701,23277.625859,4.2100,0.007404,real,real
2025-02-06,19647.255510,15109.775748,23399.128011,4.2130,0.007376,real,real
2025-02-07,19392.114731,14533.562299,23103.988872,4.2280,0.007444,real,real
2025-02-10,19631.609365,15044.774709,23383.664151,4.2280,0.007379,real,real
2025-02-11,19574.572648,14937.613700,23327.994794,4.2250,0.007392,real,real
2025-02-12,19597.798671,14967.478712,23341.690041,4.2280,0.007389,real,real
2025-02-13,19878.828384,15598.151168,23677.480223,4.2130,0.007313,real,real
2025-02-14,19954.604167,15780.851173,23776.889593,4.2130,0.007290,real,real
2025-02-18,19999.648094,15879.229874,23830.787615,4.2130,0.007278,real,real
2025-02-19,20009.564837,15880.985522,23837.421972,4.2180,0.007277,real,real
2025-02-20,19912.529815,15687.746201,23736.241264,4.2050,0.007299,real,real
2025-02-21,19502.892564,14705.722989,23243.606453,4.1970,0.007412,real,real
2025-02-24,19266.483805,14176.943241,22969.231595,4.1900,0.007476,real,real
2025-02-25,19027.521398,13635.867174,22679.837067,4.1820,0.007546,real,real
2025-02-26,19068.730441,13723.703845,22734.620754,4.1930,0.007533,real,real
2025-02-27,18543.604597,12585.330273,22103.251311,4.1950,0.007691,real,real
2025-02-28,18844.494242,13161.542364,22452.295265,4.1930,0.007602,real,real
2025-03-03,18430.481075,12311.278231,21960.983520,4.1930,0.007728,real,real
2025-03-04,18364.565639,12176.009213,21894.709249,4.1950,0.007745,real,real
2025-03-05,18613.545244,12650.328596,22180.129138,4.2050,0.007671,real,real
2025-03-06,18093.960226,11601.552768,21569.968171,4.1970,0.007832,real,real
2025-03-07,18228.170273,11842.225790,21728.582772,4.1970,0.007789,real,real
2025-03-10,17533.002268,10507.099566,20886.462532,4.1850,0.008022,real,real
2025-03-11,17484.287374,10384.127547,20836.535071,4.1950,0.008037,real,real
2025-03-12,17681.949089,10738.990956,21071.587387,4.1970,0.007970,real,real
2025-03-13,17347.602985,10152.236836,20692.500019,4.1880,0.008079,real,real
2025-03-14,17779.960452,10872.502970,21192.646707,4.1880,0.007935,real,real
2025-03-17,17877.050110,11083.313015,21330.054194,4.1880,0.007897,real,real
2025-03-18,17580.293187,10524.666900,20966.432044,4.1950,0.006792,real,real
2025-03-19,17808.852436,10933.989995,21246.992992,4.1900,0.006729,real,real
2025-03-20,17755.569529,10821.557292,21174.976826,4.1820,0.006745,real,real
2025-03-21,17824.472143,10923.449324,21244.784256,4.1850,0.006729,real,real
2025-03-24,18209.293737,11617.363098,21710.987604,4.1820,0.008094,real,real
2025-03-25,18306.186012,11824.658456,21834.880517,4.1820,0.008059,real,real
2025-03-26,17971.568497,11167.108574,21433.105394,4.1900,0.008173,real,real
2025-03-27,17864.759480,10976.818852,21310.978384,4.1880,0.008208,real,real
2025-03-28,17398.060843,10102.901634,20749.906751,4.1880,0.008376,real,real
2025-03-31,17395.397933,10095.854619,20749.023801,4.1930,0.008376,real,real
2025-04-01,17537.938609,10328.428459,20916.281812,4.2000,0.008325,real,real
2025-04-02,17669.099795,10559.241226,21068.939891,4.2030,0.008280,real,real
2025-04-03,16712.358419,8862.503743,19941.043865,4.1850,0.008635,real,real
2025-04-04,15698.352995,7239.767369,18702.526350,4.1550,0.009074,real,real
2025-04-07,15728.112048,7267.958137,18747.661423,4.1500,0.009057,real,real
2025-04-08,15421.070037,6853.905377,18410.042852,4.1780,0.009186,real,real
2025-04-09,17275.038200,9269.509492,20619.815529,4.2280,0.008416,real,real
2025-04-10,16551.834715,8129.541048,19742.809229,4.1970,0.008701,real,real
2025-04-11,16864.472188,8559.452303,20106.531895,4.2130,0.008580,real,real
2025-04-14,16960.090283,8739.168792,20242.820076,4.1950,0.008536,real,real
2025-04-15,16990.959618,8772.646178,20265.386934,4.2000,0.008529,real,real
2025-04-16,16474.298336,7979.777758,19654.313128,4.2080,0.008732,real,real
2025-04-17,16474.703678,7956.872928,19650.773175,4.2050,0.008733,real,real
2025-04-21,16068.848435,7375.435953,19164.482024,4.2100,0.008904,real,real
2025-04-22,16491.234533,7939.253361,19667.588630,4.2130,0.008727,real,real
2025-04-23,16867.367736,8466.069875,20113.613161,4.2080,0.008578,real,real
2025-04-24,17337.605168,9186.698262,20679.553248,4.1970,0.008398,real,real
2025-04-25,17534.456209,9489.751058,20910.087572,4.1930,0.008327,real,real
2025-04-28,17529.699620,9482.702689,20903.447784,4.1930,0.008329,real,real
2025-04-29,17635.867148,9667.705796,21041.504580,4.1900,0.008288,real,real
2025-04-30,17659.391002,9669.468227,21038.850297,4.1900,0.008289,real,real
2025-05-01,17854.014431,10002.472867,21313.632671,4.1850,0.008207,real,real
2025-05-02,18139.057020,10471.145413,21630.008809,4.2080,0.008117,real,real
2025-05-05,18017.541176,10289.667172,21501.690278,4.2080,0.008153,real,real
2025-05-06,17858.200012,9997.186250,21301.687028,4.2100,0.008211,real,real
2025-05-07,17927.337023,10113.473511,21385.313318,4.2150,0.008187,real,real
2025-05-08,18103.822343,10414.763876,21606.117527,4.2150,0.008123,real,real
2025-05-09,18101.917240,10390.097973,21591.954998,4.2150,0.008127,real,real
2025-05-12,18829.822670,11648.114072,22471.616939,4.2800,0.007888,real,real
2025-05-13,19127.182326,12181.978960,22814.103969,4.2850,0.007799,real,real
2025-05-14,19236.825208,12396.933229,22950.828186,4.2850,0.007765,real,real
2025-05-15,19251.812233,12435.697233,22976.050688,4.2580,0.007758,real,real
2025-05-16,19334.933498,12588.982671,23076.049601,4.2370,0.007733,real,real
2025-05-19,19352.178101,12622.460737,23098.174984,4.2400,0.007728,real,real
2025-05-20,19280.279484,12490.314980,23021.184408,4.2480,0.007747,real,real
2025-05-21,19021.303830,11970.548195,22701.265599,4.2350,0.007828,real,real
2025-05-22,19050.278629,12032.215671,22743.747746,4.2320,0.007817,real,real
2025-05-23,18872.691852,11685.114287,22533.121919,4.2300,0.007871,real,real
2025-05-27,19323.249113,12499.125785,23063.221004,4.2030,0.007737,real,real
2025-05-28,19235.885871,12338.789260,22961.005210,4.2250,0.007762,real,real
2025-05-29,19277.193609,12398.695663,23006.138930,4.2300,0.007751,real,real
2025-05-30,19256.477173,12333.504680,22969.856453,4.2320,0.007760,real,real
2025-06-02,19392.511258,12617.174798,23151.276988,4.2320,0.007715,real,real
2025-06-03,19546.655255,12911.418148,23332.249260,4.2350,0.007670,real,real
2025-06-04,19600.198987,13015.373136,23397.296907,4.2400,0.007655,real,real
2025-06-05,19442.752351,12712.318981,23221.184943,4.2320,0.007698,real,real
2025-06-06,19636.173850,13075.276822,23448.179315,4.2320,0.007642,real,real
2025-06-09,19668.729754,13133.419435,23482.695888,4.2400,0.007634,real,real
2025-06-10,19798.710159,13387.137708,23638.010975,4.2500,0.007597,real,real
2025-06-11,19725.514452,13249.706014,23558.360682,4.2500,0.007616,real,real
2025-06-12,19772.904059,13336.042110,23613.668707,4.2580,0.007603,real,real
2025-06-13,19518.195051,12832.130426,23317.206497,4.2400,0.007674,real,real
2025-06-16,19794.785404,13355.423432,23641.545493,4.2480,0.007596,real,real
2025-06-17,19597.636533,12960.751316,23411.016604,4.2180,0.007651,real,real
2025-06-18,19598.186382,12943.131069,23407.028384,4.2230,0.007652,real,real
2025-06-20,19514.000654,12765.177011,23311.457809,4.1950,0.007675,real,real
2025-06-23,19721.480434,13161.610204,23551.153087,4.1580,0.008736,real,real
2025-06-24,20023.027431,13760.666071,23911.299127,4.1820,0.007222,real,real
2025-06-25,20065.635779,13866.326505,23972.426476,4.1880,0.007209,real,real
2025-06-26,20254.716614,14246.200436,24196.576388,4.1930,0.007161,real,real
2025-06-27,20333.137695,14385.782594,24279.416172,4.1970,0.007143,real,real
2025-06-30,20463.803658,14664.945552,24436.676464,4.1900,0.007110,real,real
2025-07-01,20282.545896,14292.138986,24230.685449,4.2250,0.007154,real,real
2025-07-02,20430.310177,14576.602810,24399.464848,4.2230,0.007118,real,real
2025-07-03,20633.405224,14984.747557,24639.556773,4.2400,0.007068,real,real
2025-07-07,20469.723388,14650.812179,24453.955128,4.2450,0.007107,real,real
2025-07-08,20484.773864,14670.246414,24467.682970,4.2500,0.007104,real,real
2025-07-09,20631.545950,14974.145832,24640.890709,4.2450,0.007068,real,real
2025-07-10,20599.377765,14905.241394,24605.450432,4.2400,0.007075,real,real
2025-07-11,20555.470559,14792.160841,24550.079922,4.2370,0.007087,real,real
2025-07-14,20623.173020,14949.412089,24639.116656,4.2280,0.007068,real,real
2025-07-15,20649.303388,14988.281919,24661.706611,4.2320,0.007064,real,real
2025-07-16,20670.400488,15030.687466,24686.956279,4.2250,0.007058,real,real
2025-07-17,20826.574713,15380.526792,24886.744908,4.2350,0.007018,real,real
2025-07-18,20812.516441,15327.519517,24862.823736,4.2300,0.007023,real,real
2025-07-21,20915.913556,15560.743925,24991.729090,4.2230,0.006997,real,real
2025-07-22,20810.810490,15318.684293,24862.380904,4.2300,0.007023,real,real
2025-07-23,20899.987194,15520.107592,24975.784362,4.2400,0.007000,real,real
2025-07-24,20951.833783,15622.585065,25028.940701,4.2450,0.006989,real,real
2025-07-25,20999.098264,15710.927811,25089.187820,4.2450,0.006977,real,real
2025-07-28,21074.911061,15864.644697,25167.599267,4.2350,0.006962,real,real
2025-07-29,21031.627730,15792.203187,25128.613602,4.2300,0.006970,real,real
2025-07-30,21065.112396,15846.975607,25162.279826,4.2320,0.006963,real,real
2025-07-31,20950.254716,15585.481740,25028.940701,4.2350,0.006989,real,real
2025-08-01,20539.870234,14650.812179,24535.901093,4.1820,0.007090,real,real
2025-08-04,20923.627366,15452.966944,24988.626539,4.1530,0.006997,real,real
2025-08-05,20770.188309,15131.398439,24818.969618,4.1500,0.007032,real,real
2025-08-06,21037.707839,15696.791724,25131.270600,4.1330,0.006969,real,real
2025-08-07,21104.922133,15855.810831,25216.321835,4.1380,0.006952,real,real
2025-08-08,21305.003556,16283.392531,25451.545307,4.1330,0.006906,real,real
2025-08-11,21228.632094,16140.274655,25376.239130,4.1430,0.006921,real,real
2025-08-12,21510.669873,16735.706614,25695.185339,4.1300,0.006860,real,real
2025-08-13,21519.548592,16760.444428,25708.032947,4.1100,0.006857,real,real
2025-08-14,21504.570374,16714.505875,25688.097280,4.1120,0.006861,real,real
2025-08-15,21395.958469,16477.745750,25575.139374,4.1120,0.006883,real,real
2025-08-18,21397.482908,16456.543656,25564.948764,4.1230,0.006885,real,real
2025-08-19,21100.627281,15785.135821,25218.095888,4.1100,0.006952,real,real
2025-08-20,20978.633846,15497.138994,25068.369203,4.1150,0.006981,real,real
2025-08-21,20882.094047,15281.580967,24952.308743,4.1280,0.007005,real,real
2025-08-22,21202.905299,15968.888675,25337.256184,4.0880,0.006929,real,real
2025-08-25,21137.478038,15829.307872,25264.169608,4.0930,0.006943,real,real
2025-08-26,21227.421356,16013.060725,25365.605688,4.0880,0.006923,real,real
2025-08-27,21264.020094,16085.502235,25404.591353,4.0600,0.006916,real,real
2025-08-28,21388.179457,16378.801280,25563.622983,4.0720,0.006885,real,real
2025-08-29,21128.283848,15788.670183,25267.709560,4.0430,0.006942,real,real
2025-09-02,20961.976115,15385.824941,25055.961708,4.0320,0.006984,real,real
2025-09-03,21127.760429,15744.499488,25253.090614,4.0180,0.006945,real,real
2025-09-04,21324.620285,16170.311974,25481.668868,3.9980,0.006901,real,real
2025-09-05,21342.152142,16223.317890,25518.434928,3.9100,0.006894,real,real
2025-09-08,21441.282603,16454.775797,25642.914660,3.9280,0.006870,real,real
2025-09-09,21511.212675,16589.058448,25715.566553,3.9430,0.006856,real,real
2025-09-10,21519.756551,16606.726183,25723.983110,3.9300,0.006854,real,real
2025-09-11,21649.051406,16885.890500,25873.709795,3.9280,0.006826,real,real
2025-09-12,21738.948905,17096.147665,25987.996206,3.9280,0.006805,real,real
2025-09-15,21920.848166,17532.563230,26210.372066,3.9000,0.006764,real,real
2025-09-16,21903.226419,17484.856821,26188.224948,3.8900,0.006768,real,real
2025-09-17,21857.604446,17373.544122,26135.954273,3.8680,0.006778,real,real
2025-09-18,22066.222697,17841.763510,26371.620577,3.8800,0.006735,real,real
2025-09-19,22220.844294,18195.135840,26550.139607,3.8780,0.006703,real,real
2025-09-22,22342.495829,18502.569616,26707.318393,3.8480,0.007834,real,real
2025-09-23,22179.265155,18129.761695,26529.918678,3.8450,0.006741,real,real
2025-09-24,22110.147526,17934.867127,26436.785049,3.8580,0.006758,real,real
2025-09-25,22014.266846,17694.343348,26322.808354,3.8830,0.006778,real,real
2025-09-26,22110.399545,17906.569174,26431.017346,3.8600,0.006759,real,real
2025-09-29,22207.399322,18145.323735,26553.424183,3.8630,0.006737,real,real
2025-09-30,22269.335367,18286.806714,26626.157577,3.8450,0.006724,real,real
2025-10-01,22378.398442,18545.014510,26753.883850,3.8450,0.006701,real,real
2025-10-02,22461.322325,18771.389991,26863.872326,3.8480,0.006682,real,real
2025-10-03,22364.556935,18516.719272,26750.781295,3.8580,0.006702,real,real
2025-10-06,22538.742385,18930.561057,26951.683800,3.8600,0.006667,real,real
2025-10-07,22413.923902,18624.600722,26809.767833,3.8430,0.006691,real,real
2025-10-08,22681.362367,19255.973265,27117.107991,3.8430,0.006638,real,real
2025-10-09,22646.677548,19179.925488,27084.289396,3.8530,0.006644,real,real
2025-10-10,21855.845619,17167.315177,26144.077418,3.8530,0.006811,real,real
2025-10-13,22332.732409,18256.742262,26698.890972,3.8530,0.006711,real,real
2025-10-14,22178.498531,17885.346725,26521.051135,3.8530,0.006742,real,real
2025-10-15,22328.319488,18251.435972,26708.204062,3.8580,0.006709,real,real
2025-10-16,22248.807507,18048.053509,26609.305445,3.8530,0.006727,real,real
2025-10-17,22393.819007,18391.152448,26784.042727,3.8320,0.006696,real,real
2025-10-20,22685.332942,19080.887402,27121.541762,3.7980,0.006637,real,real
2025-10-21,22672.800869,19059.664954,27114.445553,3.7850,0.006639,real,real
2025-10-22,22448.915376,18499.035254,26853.228019,3.7880,0.006684,real,real
2025-10-23,22645.983183,18962.394727,27078.969960,3.7880,0.006645,real,real
2025-10-24,22881.264037,19553.088879,27368.124050,3.7630,0.006596,real,real
2025-10-27,23299.392287,20591.229063,27855.531796,3.7180,0.006515,real,real
2025-10-28,23471.374796,21061.662681,28069.735610,3.7200,0.006481,real,real
2025-10-29,23568.554334,21330.483056,28196.133386,3.7300,0.006461,real,real
2025-10-30,23221.124539,20354.241002,27765.055170,3.7570,0.006530,real,real
2025-10-31,23332.399353,20642.515964,27898.991983,3.7180,0.006508,real,real
2025-11-03,23435.993843,20925.483281,28032.485963,3.7830,0.006487,real,real
2025-11-04,22951.229354,19645.055530,27463.480000,3.7930,0.006580,real,real
2025-11-05,23117.554718,20027.059577,27642.208216,3.7880,0.006550,real,real
2025-11-06,22675.425006,18904.030964,27127.306751,3.7630,0.006636,real,real
2025-11-07,22612.056171,18707.722652,27041.714878,3.7570,0.006651,real,real
2025-11-10,23110.075296,19933.327781,27639.988615,3.7830,0.006550,real,real
2025-11-11,23039.468481,19768.851781,27566.369551,3.7830,0.006563,real,real
2025-11-12,23024.886798,19728.176104,27544.638100,3.7780,0.006566,real,real
2025-11-13,22552.187358,18509.646478,26982.288229,3.7930,0.006661,real,real
2025-11-14,22565.523058,18523.792065,27002.683028,3.7880,0.006658,real,real
2025-11-17,22377.550746,18048.053509,26772.067199,3.7720,0.006698,real,real
2025-11-18,22109.722802,17395.458517,26446.098140,3.7720,0.006756,real,real
2025-11-19,22233.720026,17694.343348,26603.983290,3.7720,0.006728,real,real
2025-11-20,21704.833325,16429.831756,25974.219459,3.7750,0.006842,real,real
2025-11-21,21871.934120,16794.150427,26169.356975,3.7400,0.006806,real,real
2025-11-24,22444.259243,18067.509454,26838.592773,3.7300,0.006686,real,real
2025-11-25,22574.653805,18396.457383,27004.019680,3.7320,0.006658,real,real
2025-11-26,22771.883741,18877.503584,27242.617378,3.7530,0.006617,real,real
2025-11-28,22950.499735,19291.344011,27463.480000,3.6970,0.006580,real,real
2025-12-01,22867.448968,19118.024648,27371.229320,3.6930,0.006595,real,real
2025-12-02,23059.652691,19560.164386,27585.438569,3.6720,0.006559,real,real
2025-12-03,23105.382158,19698.111648,27652.852528,3.6350,0.006548,real,real
2025-12-04,23082.968586,19634.442950,27627.127422,3.6120,0.006553,real,real
2025-12-05,23182.541393,19860.818431,27739.778332,3.6030,0.006534,real,real
2025-12-08,23124.701048,19737.018111,27686.556787,3.6180,0.006543,real,real
2025-12-09,23161.461916,19811.296675,27720.706599,3.6320,0.006537,real,real
2025-12-10,23258.687274,20037.672156,27834.240462,3.5930,0.006519,real,real
2025-12-11,23177.703739,19846.668776,27744.214818,3.5680,0.006533,real,real
2025-12-12,22735.602233,18682.963127,27213.789722,3.5250,0.006622,real,real
2025-12-15,22618.786584,18399.995814,27077.193191,3.5380,0.006645,real,real
2025-12-16,22678.042096,18509.646478,27130.854853,3.5450,0.006636,real,real
2025-12-17,22240.117365,17473.274157,26627.928911,3.5430,0.006723,real,real
2025-12-18,22575.564936,18219.602299,27013.772887,3.5220,0.006656,real,real
2025-12-19,22870.453778,18930.561057,27365.907169,3.5220,0.006596,real,real
2025-12-22,22974.689765,19188.768850,27497.086458,3.5280,0.007862,real,real
2025-12-23,23088.500605,19457.586511,27625.864121,3.5470,0.006493,real,real
2025-12-24,23150.147627,19612.048263,27706.685345,3.5550,0.006480,real,real
2025-12-26,23139.536510,19594.334398,27704.911292,3.5430,0.006480,real,real
2025-12-29,23032.313344,19303.838419,27570.800608,3.5380,0.006502,real,real
2025-12-30,22975.466963,19165.674076,27506.853251,3.5400,0.006512,real,real
2025-12-31,22783.532882,18676.791227,27279.492113,3.5470,0.006550,real,real
2026-01-02,22744.119671,18545.713242,27226.648200,3.5330,0.006559,real,real
2026-01-05,22920.208455,18988.542216,27442.908609,3.5150,0.006523,real,real
2026-01-06,23135.313925,19488.053923,27684.038340,3.5200,0.006483,real,real
2026-01-07,23148.117399,19544.736664,27710.684430,3.5150,0.006479,real,real
2026-01-08,23015.655604,19197.557944,27553.038356,3.5070,0.006505,real,real
2026-01-09,23249.501909,19753.751037,27827.472984,3.5130,0.006460,real,real
2026-01-12,23268.811984,19799.806271,27850.562822,3.5330,0.006457,real,real
2026-01-13,23227.565928,19697.071014,27809.265185,3.5600,0.006463,real,real
2026-01-14,22978.515824,19070.025177,27512.183552,3.5600,0.006511,real,real
2026-01-15,23051.722107,19264.869543,27611.212575,3.5650,0.006495,real,real
2026-01-16,23035.651238,19179.844083,27588.120022,3.5570,0.006499,real,real
2026-01-20,22546.872104,17971.804929,27001.952215,3.5720,0.006597,real,real
2026-01-21,22852.768589,18680.333727,27366.974859,3.5880,0.006535,real,real
2026-01-22,23025.806744,19094.822687,27565.915854,3.5880,0.006503,real,real
2026-01-23,23104.418151,19264.869543,27652.953048,3.5820,0.006488,real,real
2026-01-26,23201.634703,19512.854151,27774.629071,3.5750,0.006469,real,real
2026-01-27,23406.037406,20030.079723,28026.413979,3.5700,0.006429,real,real
2026-01-28,23480.974318,20214.296587,28119.221596,3.5820,0.006414,real,real
2026-01-29,23356.013087,19852.946508,27950.920346,3.5800,0.006441,real,real
2026-01-30,23056.522747,19130.249059,27615.206229,3.5720,0.006495,real,real
2026-02-02,23224.552312,19519.937795,27804.825983,3.5780,0.006464,real,real
2026-02-03,22863.631716,18605.937124,27377.632751,3.5900,0.006534,real,real
2026-02-04,22459.951208,17628.170071,26899.369655,3.5950,0.006614,real,real
2026-02-05,22150.859586,16877.129898,26512.145562,3.5780,0.006682,real,real
2026-02-06,22626.456333,17922.209909,27072.558379,3.5900,0.006585,real,real
2026-02-09,22800.037290,18329.612507,27279.937665,3.5930,0.006550,real,real
2026-02-10,22673.260837,18074.541545,27153.376883,3.5900,0.006571,real,real
2026-02-11,22739.689127,18209.163384,27226.205363,3.6000,0.006559,real,real
2026-02-12,22276.210305,17096.773133,26672.454073,3.5980,0.006653,real,real
2026-02-13,22316.924125,17171.169735,26729.291640,3.5930,0.006643,real,real
2026-02-17,22288.834018,17128.657001,26701.759881,3.5930,0.006648,real,real
2026-02-18,22466.834953,17497.092086,26901.149143,3.6030,0.006614,real,real
2026-02-19,22375.222679,17298.705216,26798.121031,3.5950,0.006632,real,real
2026-02-20,22569.474252,17734.449187,27035.254397,3.5950,0.006591,real,real
2026-02-23,22295.456929,17089.688130,26706.644635,3.5880,0.006647,real,real
2026-02-24,22537.369509,17635.255074,26993.513924,3.5880,0.006598,real,real
2026-02-25,22854.987384,18375.666386,27384.737106,3.5880,0.006532,real,real
2026-02-26,22589.099788,17730.905328,27054.350580,3.5880,0.006588,real,real
2026-02-27,22522.030010,17543.147320,26967.758933,3.5780,0.006602,real,real
2026-03-02,22551.410159,17606.915061,27003.283431,3.5900,0.006596,real,real
2026-03-03,22305.509381,17040.091751,26714.194542,3.5950,0.006646,real,real
2026-03-04,22642.617092,17805.300572,27121.403207,3.5950,0.006576,real,real
2026-03-05,22576.504272,17642.340074,27039.696314,3.5880,0.006590,real,real
2026-03-06,22235.975835,16841.703526,26632.930486,3.5700,0.006660,real,real
2026-03-09,22528.536610,17497.092086,26988.629170,3.5930,0.006599,real,real
2026-03-10,22518.810195,17500.634586,26989.074722,3.5950,0.006599,real,real
2026-03-11,22526.515198,17482.920725,26985.518469,3.6000,0.006599,real,real
2026-03-12,22137.226047,16590.177774,26522.357902,3.6050,0.006680,real,real
2026-03-13,21999.306250,16271.339071,26365.157380,3.6030,0.006708,real,real
2026-03-16,22247.092741,16813.362154,26660.907792,3.6050,0.006655,real,real
2026-03-17,22359.955437,17061.348116,26791.019392,3.6050,0.006633,real,real
2026-03-18,22039.332753,16331.562953,26417.561176,3.6100,0.006698,real,real
2026-03-19,21976.341061,16186.314962,26334.074804,3.6120,0.006713,real,real
2026-03-20,21563.862900,15261.688142,25847.376136,3.6180,0.006802,real,real
2026-03-23,21825.933243,15789.539867,26144.077418,3.6120,0.008000,real,real
2026-03-24,21657.974186,15452.988654,25965.335616,3.6200,0.006815,real,real
2026-03-25,21802.825306,15751.773084,26136.073813,3.6200,0.006784,real,real
2026-03-26,21283.095772,14630.448562,25512.259707,3.6200,0.006901,real,real
2026-03-27,20873.241757,13761.066313,25013.835457,3.6070,0.006998,real,real
2026-03-30,20711.375143,13445.250471,24822.645410,3.5980,0.007037,real,real
2026-03-31,21421.331030,14790.131126,25662.988882,3.6000,0.006872,real,real
2026-04-01,21673.801851,15340.146888,25980.008898,3.6050,0.006813,real,real
2026-04-02,21696.846355,15375.632958,26009.798293,3.6070,0.006807,real,real
2026-04-06,21829.163633,15648.866872,26166.308756,3.6230,0.006778,real,real
2026-04-07,21838.366629,15666.609230,26170.310560,3.6150,0.006778,real,real
2026-04-08,22470.715648,17032.780170,26948.407374,3.6000,0.006640,real,real
2026-04-09,22632.159298,17373.435580,27130.705428,3.5880,0.006608,real,real
2026-04-10,22663.063878,17447.952935,27169.832368,3.5930,0.006602,real,real
2026-04-13,22904.327913,17976.679770,27450.836148,3.6030,0.006555,real,real
2026-04-14,23317.844099,18952.516155,27949.260398,3.6120,0.006473,real,real
2026-04-15,23645.008629,19747.379690,28340.535200,3.6120,0.006412,real,real
2026-04-16,23760.884942,20024.162893,28477.033926,3.6100,0.006391,real,real
2026-04-17,24067.160330,20790.637571,28849.630927,3.6000,0.006334,real,real
2026-04-20,23993.088729,20609.664721,28758.037710,3.5980,0.006348,real,real
2026-04-21,23893.048898,20368.366234,28648.660507,3.5980,0.006364,real,real
2026-04-22,24306.140360,21365.492903,29127.969554,3.5950,0.006292,real,real
2026-04-23,24166.597437,21014.192349,28963.901034,3.5950,0.006317,real,real
2026-04-24,24636.743229,22199.390437,29517.907705,3.5930,0.006236,real,real
2026-04-27,24638.556692,22227.777935,29533.469371,3.5900,0.006233,real,real
2026-04-28,24388.910919,21553.564325,29236.458373,3.5900,0.006276,real,real
2026-04-29,24531.451595,21950.996091,29415.197459,3.5900,0.006250,real,real
2026-04-30,24770.692450,22547.143064,29689.531567,3.5850,0.006211,real,real
2026-05-01,25003.708689,23171.680252,29974.539866,3.5750,0.006171,real,real
2026-05-04,24950.887510,23033.287973,29918.071781,3.5900,0.006179,real,real
2026-05-05,25278.647718,23913.312649,30306.230448,3.6000,0.006126,real,real
2026-05-06,25805.703334,25396.585580,30935.823122,3.6000,0.006042,real,real
2026-05-07,25773.922868,25314.968298,30898.918502,3.5980,0.006046,real,real
2026-05-08,26379.418947,27067.927222,31623.215103,3.5950,0.005954,real,real
2026-05-11,26456.720939,27309.224351,31714.808320,3.6000,0.005942,real,real
2026-05-12,26225.853005,26599.524670,31445.809949,3.6030,0.005976,real,real
2026-05-13,26498.479830,27408.582632,31777.948798,3.6000,0.005934,real,real
2026-05-14,26691.000774,28015.374749,32003.815709,3.5880,0.005907,real,real
2026-05-15,26280.351937,26734.367663,31520.953120,3.5880,0.005967,real,real
2026-05-18,26162.300881,26372.421964,31385.340059,3.5680,0.005984,real,real
2026-05-19,26003.916667,25879.179845,31191.930411,3.5750,0.006008,real,real
2026-05-20,26436.002743,27149.541787,31708.586915,3.5570,0.005943,real,real
2026-05-21,26489.754434,27305.675069,31769.054089,3.5820,0.005936,real,real
2026-05-22,26601.977392,27621.490911,31903.776046,3.5850,0.005919,real,real
2026-05-26,27070.896593,29079.921561,32470.233682,3.5820,0.005851,real,real
2026-05-27,27045.857116,28980.565993,32433.329063,3.5850,0.005855,real,real
2026-05-28,27271.727016,29693.812246,32706.772070,3.5900,0.005823,real,real
2026-05-29,27370.341113,30006.081517,32827.266298,3.5880,0.005809,real,real
2026-06-01,27533.372645,30531.259066,33024.237633,3.6200,0.005786,real,real
2026-06-02,27665.779804,30949.982475,33176.298025,3.6180,0.005769,real,real
2026-06-03,27585.148735,30715.778487,33089.597712,3.6230,0.005779,real,real
2026-06-04,27437.682292,30240.282794,32929.530996,3.6200,0.005797,real,real
2026-06-05,26129.122869,25921.763129,31348.880991,3.6250,0.005988,real,real
2026-06-08,26541.178067,27064.377936,31838.415968,3.6280,0.005927,real,real
2026-06-09,26243.628074,26159.510975,31472.043091,3.6350,0.005973,real,real
2026-06-10,25723.465010,24580.429046,30843.341517,3.6350,0.006054,real,real
2026-06-11,26569.980161,26972.118223,31885.100965,3.6230,0.005921,real,real
2026-06-12,26741.213669,27507.938203,32072.734755,3.6180,0.005898,real,real
2026-06-15,27560.496977,30016.723947,33080.260171,3.6180,0.005780,real,real
2026-06-16,27040.948972,28363.128735,32451.555881,3.6300,0.005853,real,real
2026-06-17,26772.794992,27515.036772,32124.755488,3.6470,0.005892,real,real
2026-06-18,27436.219536,29406.385258,32929.976544,3.6580,0.005797,real,real
2026-06-22,27382.883762,29303.480408,32847.318786,3.6800,0.006912,real,real
2026-06-23,26480.731199,26415.005249,31765.688008,3.6900,0.006251,real,real
2026-06-24,26365.947546,26070.363673,31630.816625,3.6900,0.006270,real,real
2026-06-25,26564.693105,26657.211412,31887.203745,3.6800,0.006235,real,real
2026-06-26,26274.072677,25547.533321,31448.320246,3.6630,0.006294,real,real
2026-06-29,26866.456876,27453.906573,32229.943431,3.6800,0.006190,real,real
2026-06-30,27319.061996,28808.995493,32778.326385,3.7320,0.006120,real,real
2026-07-01,26897.479534,27549.935363,32278.459528,3.7000,0.006184,real,real
2026-07-02,26464.436508,26088.145374,31718.948680,3.6680,0.006258,real,real
2026-07-06,26797.085469,27180.041764,32173.858408,3.6900,0.006197,real,real
2026-07-07,26323.501327,25689.800509,31577.847742,3.7250,0.006277,real,real
2026-07-08,26395.273060,25864.076388,31667.316444,3.7230,0.006265,real,real
2026-07-09,26823.460809,27151.587784,32194.334713,3.6820,0.006195,real,real
2026-07-10,26911.897328,27396.998613,32293.594661,3.6950,0.006182,real,real
2026-07-13,26405.685025,25835.622408,31680.669374,3.7280,0.006263,real,real
2026-07-14,26696.404139,26682.107964,32034.536954,3.7000,0.006216,real,real
2026-07-15,26620.889181,26475.823393,31947.738836,3.6880,0.006227,real,real
2026-07-16,26190.634191,25159.855303,31422.502770,3.6970,0.006298,real,real
2026-07-17,25799.829425,24018.165809,30950.235592,3.7070,0.006363,real,real
2026-07-20,25810.269587,24060.846780,30982.728176,3.7050,0.006359,real,real
2026-07-21,26307.404020,25383.927007,31557.371437,3.7300,0.006279,real,real
2026-07-22,26165.666971,24996.248989,31396.239747,3.7450,0.006301,real,real
2026-07-23,25675.444481,23580.697396,30800.231796,3.8000,0.006385,real,real
2026-07-24,25380.862285,22762.663106,30456.155459,3.8050,0.006434,real,real
2026-07-27,25300.439183,22549.263683,30362.236681,3.7970,0.006448,real,real
2026-07-28,25051.325636,21894.837062,30067.124708,3.7600,0.006492,real,real
2026-07-29,24536.261052,20539.746787,29454.644976,3.6580,0.006585,real,real
2026-07-30,25361.019983,22513.696208,30425.887911,3.6750,0.006439,real,real
2026-07-31,25512.474632,22983.177383,30623.519420,3.6820,0.006410,real,real
2026-08-03,25965.983835,24171.102558,31161.220031,3.7000,0.006334,real,real
2026-08-04,26828.929386,26610.975727,32219.703921,3.7300,0.006191,real,real
2026-08-05,26607.525274,25906.754645,31928.153635,3.7250,0.006230,real,real
2026-08-06,26504.246246,25618.665558,31810.199585,3.7320,0.006245,real,real
2026-08-07,26819.130712,26486.492957,32183.206818,3.7100,0.006196,real,real
2026-08-10,26728.447199,26248.196978,32087.060290,3.7180,0.006209,real,real
2026-08-11,26641.535119,25985.001734,31979.343034,3.7300,0.006223,real,real
2026-08-12,26837.446823,26532.728638,32213.028814,3.7070,0.006192,real,real
2026-08-13,27145.951583,27439.679585,32585.590495,3.7050,0.006144,real,real
2026-08-14,27111.339012,27311.639388,32541.078918,3.6970,0.006150,real,real
2026-08-17,27065.537288,27172.929626,32487.664483,3.7030,0.006157,real,real
2026-08-18,26610.387336,25796.498864,31937.502045,3.7050,0.006229,real,real
2026-08-19,26551.789175,25629.335123,31873.850815,3.7000,0.006237,real,real
2026-08-20,26359.721161,25067.383940,31644.615108,3.7030,0.006268,real,real
2026-08-21,26446.072817,25312.792056,31756.339598,3.7100,0.006253,real,real
2026-08-24,26188.297317,24544.553588,31439.417387,3.7030,0.006296,real,real
2026-08-25,26356.175310,24992.691562,31635.266697,3.7050,0.006269,real,real
2026-08-26,26369.970988,25063.826513,31664.200308,3.6900,0.006265,real,real
2026-08-27,26746.276904,26070.363673,32097.742636,3.6780,0.006207,real,real
