date,close,adjclose
1970-01-02,7.920000076,7.920000076
1970-01-05,7.909999847,7.909999847
1970-01-06,7.929999828,7.929999828
1970-01-07,7.900000095,7.900000095
1970-01-08,7.909999847,7.909999847
1970-01-09,7.889999866,7.889999866
1970-01-12,7.800000191,7.800000191
1970-01-13,7.820000172,7.820000172
1970-01-14,7.869999886,7.869999886
1970-01-15,7.840000153,7.840000153
1970-01-16,7.800000191,7.800000191
1970-01-19,7.789999962,7.789999962
1970-01-20,7.820000172,7.820000172
1970-01-21,7.829999924,7.829999924
1970-01-22,7.869999886,7.869999886
1970-01-23,7.860000134,7.860000134
1970-01-26,7.880000114,7.880000114
1970-01-27,7.909999847,7.909999847
1970-01-28,7.909999847,7.909999847
1970-01-29,7.909999847,7.909999847
1970-01-30,7.860000134,7.860000134
1970-02-02,7.71999979,7.71999979
1970-02-03,7.699999809,7.699999809
1970-02-04,7.659999847,7.659999847
1970-02-05,7.559999943,7.559999943
1970-02-06,7.420000076,7.420000076
1970-02-09,7.300000191,7.300000191
1970-02-10,7.28000021,7.28000021
1970-02-11,7.25,7.25
1970-02-13,6.949999809,6.949999809
1970-02-16,6.829999924,6.829999924
1970-02-17,6.769999981,6.769999981
1970-02-18,6.769999981,6.769999981
1970-02-19,6.789999962,6.789999962
1970-02-20,6.800000191,6.800000191
1970-02-24,6.880000114,6.880000114
1970-02-25,6.889999866,6.889999866
1970-02-26,6.880000114,6.880000114
1970-02-27,6.849999905,6.849999905
1970-03-02,6.869999886,6.869999886
1970-03-03,6.920000076,6.920000076
1970-03-04,6.929999828,6.929999828
1970-03-05,6.880000114,6.880000114
1970-03-06,6.849999905,6.849999905
1970-03-09,6.860000134,6.860000134
1970-03-10,6.710000038,6.710000038
1970-03-11,6.71999979,6.71999979
1970-03-12,6.75,6.75
1970-03-13,6.769999981,6.769999981
1970-03-16,6.820000172,6.820000172
1970-03-17,6.809999943,6.809999943
1970-03-18,6.75,6.75
1970-03-19,6.650000095,6.650000095
1970-03-20,6.519999981,6.519999981
1970-03-23,6.150000095,6.150000095
1970-03-24,6.079999924,6.079999924
1970-03-25,6.150000095,6.150000095
1970-03-26,6.260000229,6.260000229
1970-03-30,6.320000172,6.320000172
1970-03-31,6.380000114,6.380000114
1970-04-01,6.340000153,6.340000153
1970-04-02,6.349999905,6.349999905
1970-04-03,6.360000134,6.360000134
1970-04-06,6.389999866,6.389999866
1970-04-07,6.440000057,6.440000057
1970-04-08,6.429999828,6.429999828
1970-04-09,6.380000114,6.380000114
1970-04-10,6.360000134,6.360000134
1970-04-13,6.340000153,6.340000153
1970-04-14,6.320000172,6.320000172
1970-04-15,6.380000114,6.380000114
1970-04-16,6.400000095,6.400000095
1970-04-17,6.400000095,6.400000095
1970-04-20,6.480000019,6.480000019
1970-04-21,6.539999962,6.539999962
1970-04-22,6.739999771,6.739999771
1970-04-23,6.579999924,6.579999924
1970-04-24,6.599999905,6.599999905
1970-04-27,6.650000095,6.650000095
1970-04-28,6.960000038,6.960000038
1970-04-29,6.909999847,6.909999847
1970-04-30,6.929999828,6.929999828
1970-05-01,6.840000153,6.840000153
1970-05-04,6.909999847,6.909999847
1970-05-05,7.090000153,7.090000153
1970-05-06,6.909999847,6.909999847
1970-05-07,6.639999866,6.639999866
1970-05-08,6.559999943,6.559999943
1970-05-11,6.739999771,6.739999771
1970-05-12,6.920000076,6.920000076
1970-05-13,6.820000172,6.820000172
1970-05-14,6.760000229,6.760000229
1970-05-15,6.760000229,6.760000229
1970-05-18,6.679999828,6.679999828
1970-05-19,6.71999979,6.71999979
1970-05-20,6.670000076,6.670000076
1970-05-21,6.710000038,6.710000038
1970-05-22,6.860000134,6.860000134
1970-05-25,7.010000229,7.010000229
1970-05-26,7.079999924,7.079999924
1970-05-27,7.039999962,7.039999962
1970-05-28,6.949999809,6.949999809
1970-05-29,6.929999828,6.929999828
1970-06-01,6.849999905,6.849999905
1970-06-02,6.820000172,6.820000172
1970-06-03,6.809999943,6.809999943
1970-06-04,6.809999943,6.809999943
1970-06-05,6.800000191,6.800000191
1970-06-08,6.75,6.75
1970-06-09,6.769999981,6.769999981
1970-06-10,6.760000229,6.760000229
1970-06-11,6.739999771,6.739999771
1970-06-12,6.789999962,6.789999962
1970-06-15,6.710000038,6.710000038
1970-06-16,6.710000038,6.710000038
1970-06-17,6.71999979,6.71999979
1970-06-18,6.730000019,6.730000019
1970-06-19,6.699999809,6.699999809
1970-06-22,6.539999962,6.539999962
1970-06-23,6.599999905,6.599999905
1970-06-24,6.619999886,6.619999886
1970-06-25,6.409999847,6.409999847
1970-06-26,6.380000114,6.380000114
1970-06-29,6.369999886,6.369999886
1970-06-30,6.489999771,6.489999771
1970-07-01,6.480000019,6.480000019
1970-07-02,6.480000019,6.480000019
1970-07-06,6.579999924,6.579999924
1970-07-07,6.710000038,6.710000038
1970-07-08,6.670000076,6.670000076
1970-07-09,6.610000134,6.610000134
1970-07-10,6.519999981,6.519999981
1970-07-13,6.5,6.5
1970-07-14,6.510000229,6.510000229
1970-07-15,6.489999771,6.489999771
1970-07-16,6.380000114,6.380000114
1970-07-17,6.400000095,6.400000095
1970-07-20,6.369999886,6.369999886
1970-07-21,6.380000114,6.380000114
1970-07-22,6.349999905,6.349999905
1970-07-23,6.28000021,6.28000021
1970-07-24,6.320000172,6.320000172
1970-07-27,6.340000153,6.340000153
1970-07-28,6.380000114,6.380000114
1970-07-29,6.380000114,6.380000114
1970-07-30,6.389999866,6.389999866
1970-07-31,6.380000114,6.380000114
1970-08-03,6.400000095,6.400000095
1970-08-04,6.460000038,6.460000038
1970-08-05,6.5,6.5
1970-08-06,6.489999771,6.489999771
1970-08-07,6.46999979,6.46999979
1970-08-10,6.480000019,6.480000019
1970-08-11,6.539999962,6.539999962
1970-08-12,6.550000191,6.550000191
1970-08-13,6.53000021,6.53000021
1970-08-14,6.539999962,6.539999962
1970-08-17,6.53000021,6.53000021
1970-08-18,6.46999979,6.46999979
1970-08-19,6.409999847,6.409999847
1970-08-20,6.380000114,6.380000114
1970-08-21,6.289999962,6.289999962
1970-08-24,6.230000019,6.230000019
1970-08-25,6.230000019,6.230000019
1970-08-26,6.25,6.25
1970-08-27,6.269999981,6.269999981
1970-08-28,6.28000021,6.28000021
1970-08-31,6.329999924,6.329999924
1970-09-01,6.389999866,6.389999866
1970-09-02,6.400000095,6.400000095
1970-09-03,6.389999866,6.389999866
1970-09-04,6.320000172,6.320000172
1970-09-08,6.380000114,6.380000114
1970-09-09,6.400000095,6.400000095
1970-09-10,6.409999847,6.409999847
1970-09-11,6.389999866,6.389999866
1970-09-14,6.329999924,6.329999924
1970-09-15,6.320000172,6.320000172
1970-09-16,6.199999809,6.199999809
1970-09-17,6.150000095,6.150000095
1970-09-18,6.079999924,6.079999924
1970-09-21,5.960000038,5.960000038
1970-09-22,5.739999771,5.739999771
1970-09-23,5.710000038,5.710000038
1970-09-24,5.760000229,5.760000229
1970-09-25,5.820000172,5.820000172
1970-09-28,5.809999943,5.809999943
1970-09-29,5.820000172,5.820000172
1970-09-30,5.840000153,5.840000153
1970-10-01,5.860000134,5.860000134
1970-10-02,5.860000134,5.860000134
1970-10-05,5.900000095,5.900000095
1970-10-06,6.050000191,6.050000191
1970-10-07,6.059999943,6.059999943
1970-10-08,6.070000172,6.070000172
1970-10-09,6.050000191,6.050000191
1970-10-13,6.010000229,6.010000229
1970-10-14,5.960000038,5.960000038
1970-10-15,5.909999847,5.909999847
1970-10-16,5.929999828,5.929999828
1970-10-19,5.940000057,5.940000057
1970-10-20,5.860000134,5.860000134
1970-10-21,5.820000172,5.820000172
1970-10-22,5.78000021,5.78000021
1970-10-23,5.760000229,5.760000229
1970-10-26,5.800000191,5.800000191
1970-10-27,5.849999905,5.849999905
1970-10-28,5.880000114,5.880000114
1970-10-29,5.849999905,5.849999905
1970-10-30,5.840000153,5.840000153
1970-11-02,5.690000057,5.690000057
1970-11-04,5.559999943,5.559999943
1970-11-05,5.489999771,5.489999771
1970-11-06,5.5,5.5
1970-11-09,5.489999771,5.489999771
1970-11-10,5.480000019,5.480000019
1970-11-12,5.489999771,5.489999771
1970-11-13,5.440000057,5.440000057
1970-11-16,5.300000191,5.300000191
1970-11-17,5.21999979,5.21999979
1970-11-18,5.239999771,5.239999771
1970-11-19,5.170000076,5.170000076
1970-11-20,5.019999981,5.019999981
1970-11-23,4.800000191,4.800000191
1970-11-24,4.929999828,4.929999828
1970-11-25,5.059999943,5.059999943
1970-11-27,5.159999847,5.159999847
1970-11-30,5.039999962,5.039999962
1970-12-01,4.980000019,4.980000019
1970-12-02,4.96999979,4.96999979
1970-12-03,4.940000057,4.940000057
1970-12-04,4.909999847,4.909999847
1970-12-07,4.920000076,4.920000076
1970-12-08,4.960000038,4.960000038
1970-12-09,4.960000038,4.960000038
1970-12-10,4.900000095,4.900000095
1970-12-11,4.860000134,4.860000134
1970-12-14,4.800000191,4.800000191
1970-12-15,4.78000021,4.78000021
1970-12-16,4.760000229,4.760000229
1970-12-17,4.739999771,4.739999771
1970-12-18,4.75,4.75
1970-12-21,4.800000191,4.800000191
1970-12-22,4.809999943,4.809999943
1970-12-23,4.860000134,4.860000134
1970-12-24,4.829999924,4.829999924
1970-12-28,4.840000153,4.840000153
1970-12-29,4.929999828,4.929999828
1970-12-30,4.889999866,4.889999866
1970-12-31,4.849999905,4.849999905
1971-01-04,4.889999866,4.889999866
1971-01-05,4.889999866,4.889999866
1971-01-06,4.840000153,4.840000153
1971-01-07,4.809999943,4.809999943
1971-01-08,4.75,4.75
1971-01-11,4.659999847,4.659999847
1971-01-12,4.630000114,4.630000114
1971-01-13,4.559999943,4.559999943
1971-01-14,4.380000114,4.380000114
1971-01-15,4.320000172,4.320000172
1971-01-18,4.260000229,4.260000229
1971-01-19,4.25,4.25
1971-01-20,4.179999828,4.179999828
1971-01-21,4.119999886,4.119999886
1971-01-22,4.179999828,4.179999828
1971-01-25,4.179999828,4.179999828
1971-01-26,4.25,4.25
1971-01-27,4.21999979,4.21999979
1971-01-28,4.179999828,4.179999828
1971-01-29,4.150000095,4.150000095
1971-02-01,4.119999886,4.119999886
1971-02-02,4.099999905,4.099999905
1971-02-03,4.090000153,4.090000153
1971-02-04,4.03000021,4.03000021
1971-02-05,3.960000038,3.960000038
1971-02-08,3.819999933,3.819999933
1971-02-09,3.640000105,3.640000105
1971-02-10,3.700000048,3.700000048
1971-02-11,3.640000105,3.640000105
1971-02-16,3.630000114,3.630000114
1971-02-17,3.599999905,3.599999905
1971-02-18,3.519999981,3.519999981
1971-02-19,3.49000001,3.49000001
1971-02-22,3.480000019,3.480000019
1971-02-23,3.480000019,3.480000019
1971-02-24,3.410000086,3.410000086
1971-02-25,3.400000095,3.400000095
1971-02-26,3.400000095,3.400000095
1971-03-01,3.359999895,3.359999895
1971-03-02,3.359999895,3.359999895
1971-03-03,3.339999914,3.339999914
1971-03-04,3.339999914,3.339999914
1971-03-05,3.329999924,3.329999924
1971-03-08,3.319999933,3.319999933
1971-03-09,3.319999933,3.319999933
1971-03-10,3.299999952,3.299999952
1971-03-11,3.220000029,3.220000029
1971-03-12,3.24000001,3.24000001
1971-03-15,3.299999952,3.299999952
1971-03-16,3.339999914,3.339999914
1971-03-17,3.519999981,3.519999981
1971-03-18,3.450000048,3.450000048
1971-03-19,3.349999905,3.349999905
1971-03-22,3.299999952,3.299999952
1971-03-23,3.359999895,3.359999895
1971-03-24,3.390000105,3.390000105
1971-03-25,3.390000105,3.390000105
1971-03-26,3.430000067,3.430000067
1971-03-29,3.480000019,3.480000019
1971-03-30,3.599999905,3.599999905
1971-03-31,3.640000105,3.640000105
1971-04-01,3.650000095,3.650000095
1971-04-02,3.670000076,3.670000076
1971-04-05,3.690000057,3.690000057
1971-04-06,3.730000019,3.730000019
1971-04-07,3.819999933,3.819999933
1971-04-08,3.900000095,3.900000095
1971-04-12,4.03000021,4.03000021
1971-04-13,4.039999962,4.039999962
1971-04-14,4,4
1971-04-15,3.900000095,3.900000095
1971-04-16,3.819999933,3.819999933
1971-04-19,3.799999952,3.799999952
1971-04-20,3.819999933,3.819999933
1971-04-21,3.859999895,3.859999895
1971-04-22,3.789999962,3.789999962
1971-04-23,3.799999952,3.799999952
1971-04-26,3.819999933,3.819999933
1971-04-27,3.960000038,3.960000038
1971-04-28,4.039999962,4.039999962
1971-04-29,4.019999981,4.019999981
1971-04-30,3.930000067,3.930000067
1971-05-03,3.839999914,3.839999914
1971-05-04,3.880000114,3.880000114
1971-05-05,3.920000076,3.920000076
1971-05-06,3.819999933,3.819999933
1971-05-07,3.779999971,3.779999971
1971-05-10,3.829999924,3.829999924
1971-05-11,3.859999895,3.859999895
1971-05-12,3.940000057,3.940000057
1971-05-13,4.059999943,4.059999943
1971-05-14,4.119999886,4.119999886
1971-05-17,4.300000191,4.300000191
1971-05-18,4.429999828,4.429999828
1971-05-19,4.380000114,4.380000114
1971-05-20,4.369999886,4.369999886
1971-05-21,4.380000114,4.380000114
1971-05-24,4.409999847,4.409999847
1971-05-25,4.449999809,4.449999809
1971-05-26,4.400000095,4.400000095
1971-05-27,4.349999905,4.349999905
1971-05-28,4.340000153,4.340000153
1971-06-01,4.360000134,4.360000134
1971-06-02,4.260000229,4.260000229
1971-06-03,4.239999771,4.239999771
1971-06-04,4.320000172,4.320000172
1971-06-07,4.440000057,4.440000057
1971-06-08,4.559999943,4.559999943
1971-06-09,4.599999905,4.599999905
1971-06-10,4.619999886,4.619999886
1971-06-11,4.710000038,4.710000038
1971-06-14,4.929999828,4.929999828
1971-06-15,5.019999981,5.019999981
1971-06-16,4.96999979,4.96999979
1971-06-17,4.900000095,4.900000095
1971-06-18,4.929999828,4.929999828
1971-06-21,4.889999866,4.889999866
1971-06-22,4.960000038,4.960000038
1971-06-23,4.820000172,4.820000172
1971-06-24,4.800000191,4.800000191
1971-06-25,4.880000114,4.880000114
1971-06-28,4.960000038,4.960000038
1971-06-29,5.190000057,5.190000057
1971-06-30,5.21999979,5.21999979
1971-07-01,5.210000038,5.210000038
1971-07-02,5.360000134,5.360000134
1971-07-06,5.480000019,5.480000019
1971-07-07,5.420000076,5.420000076
1971-07-08,5.409999847,5.409999847
1971-07-09,5.360000134,5.360000134
1971-07-12,5.320000172,5.320000172
1971-07-13,5.329999924,5.329999924
1971-07-14,5.349999905,5.349999905
1971-07-15,5.389999866,5.389999866
1971-07-16,5.5,5.5
1971-07-19,5.53000021,5.53000021
1971-07-20,5.5,5.5
1971-07-21,5.440000057,5.440000057
1971-07-22,5.340000153,5.340000153
1971-07-23,5.46999979,5.46999979
1971-07-26,5.460000038,5.460000038
1971-07-27,5.460000038,5.460000038
1971-07-28,5.429999828,5.429999828
1971-07-29,5.340000153,5.340000153
1971-07-30,5.309999943,5.309999943
1971-08-02,5.239999771,5.239999771
1971-08-03,5.320000172,5.320000172
1971-08-04,5.329999924,5.329999924
1971-08-05,5.300000191,5.300000191
1971-08-06,5.28000021,5.28000021
1971-08-09,5.320000172,5.320000172
1971-08-10,5.369999886,5.369999886
1971-08-11,5.21999979,5.21999979
1971-08-12,5.210000038,5.210000038
1971-08-13,5.150000095,5.150000095
1971-08-16,4.829999924,4.829999924
1971-08-17,4.769999981,4.769999981
1971-08-18,4.78000021,4.78000021
1971-08-19,4.539999962,4.539999962
1971-08-20,4.650000095,4.650000095
1971-08-23,4.75,4.75
1971-08-24,4.599999905,4.599999905
1971-08-25,4.730000019,4.730000019
1971-08-26,4.679999828,4.679999828
1971-08-27,4.630000114,4.630000114
1971-08-30,4.440000057,4.440000057
1971-08-31,4.440000057,4.440000057
1971-09-01,4.5,4.5
1971-09-02,4.53000021,4.53000021
1971-09-03,4.539999962,4.539999962
1971-09-07,4.579999924,4.579999924
1971-09-08,4.599999905,4.599999905
1971-09-09,4.650000095,4.650000095
1971-09-10,4.679999828,4.679999828
1971-09-13,4.760000229,4.760000229
1971-09-14,4.869999886,4.869999886
1971-09-15,4.849999905,4.849999905
1971-09-16,4.820000172,4.820000172
1971-09-17,4.71999979,4.71999979
1971-09-20,4.71999979,4.71999979
1971-09-21,4.78000021,4.78000021
1971-09-22,4.769999981,4.769999981
1971-09-23,4.75,4.75
1971-09-24,4.730000019,4.730000019
1971-09-27,4.71999979,4.71999979
1971-09-28,4.670000076,4.670000076
1971-09-29,4.670000076,4.670000076
1971-09-30,4.599999905,4.599999905
1971-10-01,4.550000191,4.550000191
1971-10-04,4.460000038,4.460000038
1971-10-05,4.570000172,4.570000172
1971-10-06,4.539999962,4.539999962
1971-10-07,4.559999943,4.559999943
1971-10-08,4.53000021,4.53000021
1971-10-12,4.460000038,4.460000038
1971-10-13,4.440000057,4.440000057
1971-10-14,4.429999828,4.429999828
1971-10-15,4.440000057,4.440000057
1971-10-18,4.449999809,4.449999809
1971-10-19,4.5,4.5
1971-10-20,4.460000038,4.460000038
1971-10-21,4.480000019,4.480000019
1971-10-22,4.460000038,4.460000038
1971-10-26,4.380000114,4.380000114
1971-10-27,4.369999886,4.369999886
1971-10-28,4.360000134,4.360000134
1971-10-29,4.309999943,4.309999943
1971-11-01,4.260000229,4.260000229
1971-11-03,4.159999847,4.159999847
1971-11-04,4.139999866,4.139999866
1971-11-05,4.150000095,4.150000095
1971-11-08,4.179999828,4.179999828
1971-11-09,4.170000076,4.170000076
1971-11-10,4.190000057,4.190000057
1971-11-11,4.179999828,4.179999828
1971-11-12,4.170000076,4.170000076
1971-11-15,4.159999847,4.159999847
1971-11-16,4.099999905,4.099999905
1971-11-17,4.139999866,4.139999866
1971-11-18,4.139999866,4.139999866
1971-11-19,4.170000076,4.170000076
1971-11-22,4.239999771,4.239999771
1971-11-23,4.320000172,4.320000172
1971-11-24,4.400000095,4.400000095
1971-11-26,4.400000095,4.400000095
1971-11-29,4.340000153,4.340000153
1971-11-30,4.340000153,4.340000153
1971-12-01,4.309999943,4.309999943
1971-12-02,4.28000021,4.28000021
1971-12-03,4.150000095,4.150000095
1971-12-06,4.099999905,4.099999905
1971-12-07,4.130000114,4.130000114
1971-12-08,4.099999905,4.099999905
1971-12-09,4.110000134,4.110000134
1971-12-10,4.090000153,4.090000153
1971-12-13,3.960000038,3.960000038
1971-12-14,4.059999943,4.059999943
1971-12-15,4.119999886,4.119999886
1971-12-16,4.059999943,4.059999943
1971-12-17,4,4
1971-12-20,4.119999886,4.119999886
1971-12-21,4.079999924,4.079999924
1971-12-22,4.039999962,4.039999962
1971-12-23,3.829999924,3.829999924
1971-12-27,3.779999971,3.779999971
1971-12-28,3.75,3.75
1971-12-29,3.75999999,3.75999999
1971-12-30,3.700000048,3.700000048
1971-12-31,3.680000067,3.680000067
1972-01-03,3.690000057,3.690000057
1972-01-04,3.720000029,3.720000029
1972-01-05,3.690000057,3.690000057
1972-01-06,3.549999952,3.549999952
1972-01-07,3.329999924,3.329999924
1972-01-10,3.019999981,3.019999981
1972-01-11,3.220000029,3.220000029
1972-01-12,3.230000019,3.230000019
1972-01-13,3.200000048,3.200000048
1972-01-14,3.190000057,3.190000057
1972-01-17,3.24000001,3.24000001
1972-01-18,3.25999999,3.25999999
1972-01-19,3.299999952,3.299999952
1972-01-20,3.349999905,3.349999905
1972-01-21,3.430000067,3.430000067
1972-01-24,3.519999981,3.519999981
1972-01-25,3.519999981,3.519999981
1972-01-26,3.460000038,3.460000038
1972-01-27,3.440000057,3.440000057
1972-01-28,3.359999895,3.359999895
1972-01-31,3.349999905,3.349999905
1972-02-01,3.430000067,3.430000067
1972-02-02,3.400000095,3.400000095
1972-02-03,3.369999886,3.369999886
1972-02-04,3.24000001,3.24000001
1972-02-07,3.099999905,3.099999905
1972-02-08,3.190000057,3.190000057
1972-02-09,3.160000086,3.160000086
1972-02-10,3.059999943,3.059999943
1972-02-11,2.99000001,2.99000001
1972-02-14,3,3
1972-02-15,3.059999943,3.059999943
1972-02-16,3.059999943,3.059999943
1972-02-17,3.039999962,3.039999962
1972-02-18,3.099999905,3.099999905
1972-02-22,3.170000076,3.170000076
1972-02-23,3.180000067,3.180000067
1972-02-24,3.200000048,3.200000048
1972-02-25,3.359999895,3.359999895
1972-02-28,3.369999886,3.369999886
1972-02-29,3.460000038,3.460000038
1972-03-01,3.470000029,3.470000029
1972-03-02,3.480000019,3.480000019
1972-03-03,3.49000001,3.49000001
1972-03-06,3.5,3.5
1972-03-07,3.559999943,3.559999943
1972-03-08,3.559999943,3.559999943
1972-03-09,3.589999914,3.589999914
1972-03-10,3.640000105,3.640000105
1972-03-13,3.75,3.75
1972-03-14,3.890000105,3.890000105
1972-03-15,3.940000057,3.940000057
1972-03-16,3.900000095,3.900000095
1972-03-17,3.880000114,3.880000114
1972-03-20,3.869999886,3.869999886
1972-03-21,3.869999886,3.869999886
1972-03-22,3.769999981,3.769999981
1972-03-23,3.779999971,3.779999971
1972-03-24,3.799999952,3.799999952
1972-03-27,3.769999981,3.769999981
1972-03-28,3.839999914,3.839999914
1972-03-29,3.869999886,3.869999886
1972-03-30,3.829999924,3.829999924
1972-04-03,3.789999962,3.789999962
1972-04-04,3.839999914,3.839999914
1972-04-05,3.819999933,3.819999933
1972-04-06,3.799999952,3.799999952
1972-04-07,3.799999952,3.799999952
1972-04-10,3.75,3.75
1972-04-11,3.819999933,3.819999933
1972-04-12,3.819999933,3.819999933
1972-04-13,3.859999895,3.859999895
1972-04-14,3.839999914,3.839999914
1972-04-17,3.849999905,3.849999905
1972-04-18,3.680000067,3.680000067
1972-04-19,3.640000105,3.640000105
1972-04-20,3.569999933,3.569999933
1972-04-21,3.470000029,3.470000029
1972-04-24,3.460000038,3.460000038
1972-04-25,3.549999952,3.549999952
1972-04-26,3.579999924,3.579999924
1972-04-27,3.539999962,3.539999962
1972-04-28,3.630000114,3.630000114
1972-05-01,3.619999886,3.619999886
1972-05-02,3.650000095,3.650000095
1972-05-03,3.599999905,3.599999905
1972-05-04,3.539999962,3.539999962
1972-05-05,3.420000076,3.420000076
1972-05-08,3.440000057,3.440000057
1972-05-09,3.650000095,3.650000095
1972-05-10,3.619999886,3.619999886
1972-05-11,3.619999886,3.619999886
1972-05-12,3.599999905,3.599999905
1972-05-15,3.650000095,3.650000095
1972-05-16,3.75999999,3.75999999
1972-05-17,3.779999971,3.779999971
1972-05-18,3.789999962,3.789999962
1972-05-19,3.799999952,3.799999952
1972-05-22,3.789999962,3.789999962
1972-05-23,3.839999914,3.839999914
1972-05-24,3.839999914,3.839999914
1972-05-25,3.75999999,3.75999999
1972-05-26,3.75,3.75
1972-05-30,3.799999952,3.799999952
1972-05-31,3.809999943,3.809999943
1972-06-01,3.829999924,3.829999924
1972-06-02,3.859999895,3.859999895
1972-06-05,3.829999924,3.829999924
1972-06-06,3.890000105,3.890000105
1972-06-07,3.880000114,3.880000114
1972-06-08,3.859999895,3.859999895
1972-06-09,3.859999895,3.859999895
1972-06-12,3.819999933,3.819999933
1972-06-13,3.839999914,3.839999914
1972-06-14,3.859999895,3.859999895
1972-06-15,3.900000095,3.900000095
1972-06-16,3.950000048,3.950000048
1972-06-19,3.920000076,3.920000076
1972-06-20,3.950000048,3.950000048
1972-06-21,3.970000029,3.970000029
1972-06-22,4.019999981,4.019999981
1972-06-23,4,4
1972-06-26,3.980000019,3.980000019
1972-06-27,3.99000001,3.99000001
1972-06-28,3.869999886,3.869999886
1972-06-29,3.960000038,3.960000038
1972-06-30,4.059999943,4.059999943
1972-07-03,4.139999866,4.139999866
1972-07-05,4.079999924,4.079999924
1972-07-06,4.019999981,4.019999981
1972-07-07,4.019999981,4.019999981
1972-07-10,4.039999962,4.039999962
1972-07-11,4.130000114,4.130000114
1972-07-12,4.070000172,4.070000172
1972-07-13,4.039999962,4.039999962
1972-07-14,3.950000048,3.950000048
1972-07-17,3.920000076,3.920000076
1972-07-18,3.970000029,3.970000029
1972-07-19,3.910000086,3.910000086
1972-07-20,3.910000086,3.910000086
1972-07-21,3.940000057,3.940000057
1972-07-24,3.970000029,3.970000029
1972-07-25,4.03000021,4.03000021
1972-07-26,3.960000038,3.960000038
1972-07-27,3.910000086,3.910000086
1972-07-28,3.849999905,3.849999905
1972-07-31,3.799999952,3.799999952
1972-08-01,3.789999962,3.789999962
1972-08-02,3.769999981,3.769999981
1972-08-03,3.789999962,3.789999962
1972-08-04,3.819999933,3.819999933
1972-08-07,3.849999905,3.849999905
1972-08-08,3.880000114,3.880000114
1972-08-09,3.859999895,3.859999895
1972-08-10,3.859999895,3.859999895
1972-08-11,3.839999914,3.839999914
1972-08-14,3.869999886,3.869999886
1972-08-15,3.930000067,3.930000067
1972-08-16,3.910000086,3.910000086
1972-08-17,3.880000114,3.880000114
1972-08-18,3.920000076,3.920000076
1972-08-21,3.970000029,3.970000029
1972-08-22,4.119999886,4.119999886
1972-08-23,4.179999828,4.179999828
1972-08-24,4.139999866,4.139999866
1972-08-25,4.230000019,4.230000019
1972-08-28,4.260000229,4.260000229
1972-08-29,4.449999809,4.449999809
1972-08-30,4.550000191,4.550000191
1972-08-31,4.550000191,4.550000191
1972-09-01,4.539999962,4.539999962
1972-09-05,4.679999828,4.679999828
1972-09-06,4.710000038,4.710000038
1972-09-07,4.699999809,4.699999809
1972-09-08,4.730000019,4.730000019
1972-09-11,4.739999771,4.739999771
1972-09-12,4.71999979,4.71999979
1972-09-13,4.710000038,4.710000038
1972-09-14,4.699999809,4.699999809
1972-09-15,4.679999828,4.679999828
1972-09-18,4.650000095,4.650000095
1972-09-19,4.639999866,4.639999866
1972-09-20,4.630000114,4.630000114
1972-09-21,4.659999847,4.659999847
1972-09-22,4.699999809,4.699999809
1972-09-25,4.670000076,4.670000076
1972-09-26,4.630000114,4.630000114
1972-09-27,4.610000134,4.610000134
1972-09-28,4.559999943,4.559999943
1972-09-29,4.550000191,4.550000191
1972-10-02,4.510000229,4.510000229
1972-10-03,4.670000076,4.670000076
1972-10-04,4.690000057,4.690000057
1972-10-05,4.730000019,4.730000019
1972-10-06,4.710000038,4.710000038
1972-10-10,4.739999771,4.739999771
1972-10-11,4.760000229,4.760000229
1972-10-12,4.809999943,4.809999943
1972-10-13,4.840000153,4.840000153
1972-10-16,4.800000191,4.800000191
1972-10-17,4.820000172,4.820000172
1972-10-18,4.789999962,4.789999962
1972-10-19,4.75,4.75
1972-10-20,4.739999771,4.739999771
1972-10-24,4.739999771,4.739999771
1972-10-25,4.739999771,4.739999771
1972-10-26,4.71999979,4.71999979
1972-10-27,4.71999979,4.71999979
1972-10-30,4.739999771,4.739999771
1972-10-31,4.760000229,4.760000229
1972-11-01,4.75,4.75
1972-11-02,4.71999979,4.71999979
1972-11-03,4.710000038,4.710000038
1972-11-06,4.659999847,4.659999847
1972-11-08,4.75,4.75
1972-11-09,4.71999979,4.71999979
1972-11-10,4.71999979,4.71999979
1972-11-13,4.739999771,4.739999771
1972-11-14,4.78000021,4.78000021
1972-11-15,4.739999771,4.739999771
1972-11-16,4.760000229,4.760000229
1972-11-17,4.760000229,4.760000229
1972-11-20,4.760000229,4.760000229
1972-11-21,4.820000172,4.820000172
1972-11-22,4.840000153,4.840000153
1972-11-24,4.849999905,4.849999905
1972-11-27,4.880000114,4.880000114
1972-11-28,4.880000114,4.880000114
1972-11-29,4.869999886,4.869999886
1972-11-30,4.880000114,4.880000114
1972-12-01,4.900000095,4.900000095
1972-12-04,4.920000076,4.920000076
1972-12-05,5,5
1972-12-06,5,5
1972-12-07,5.03000021,5.03000021
1972-12-08,5.059999943,5.059999943
1972-12-11,5.099999905,5.099999905
1972-12-12,5.050000191,5.050000191
1972-12-13,5,5
1972-12-14,5.019999981,5.019999981
1972-12-15,5.070000172,5.070000172
1972-12-18,5.170000076,5.170000076
1972-12-19,5.190000057,5.190000057
1972-12-20,5.150000095,5.150000095
1972-12-21,5.119999886,5.119999886
1972-12-22,5.119999886,5.119999886
1972-12-26,5.150000095,5.150000095
1972-12-27,5.110000134,5.110000134
1972-12-29,5.139999866,5.139999866
1973-01-02,5.21999979,5.21999979
1973-01-03,5.159999847,5.159999847
1973-01-04,5.119999886,5.119999886
1973-01-05,5.130000114,5.130000114
1973-01-08,5.130000114,5.130000114
1973-01-09,5.170000076,5.170000076
1973-01-10,5.190000057,5.190000057
1973-01-11,5.230000019,5.230000019
1973-01-12,5.239999771,5.239999771
1973-01-15,5.269999981,5.269999981
1973-01-16,5.360000134,5.360000134
1973-01-17,5.360000134,5.360000134
1973-01-18,5.460000038,5.460000038
1973-01-19,5.559999943,5.559999943
1973-01-22,5.590000153,5.590000153
1973-01-23,5.610000134,5.610000134
1973-01-24,5.670000076,5.670000076
1973-01-26,5.739999771,5.739999771
1973-01-29,5.659999847,5.659999847
1973-01-30,5.690000057,5.690000057
1973-01-31,5.679999828,5.679999828
1973-02-01,5.760000229,5.760000229
1973-02-02,5.730000019,5.730000019
1973-02-05,5.690000057,5.690000057
1973-02-06,5.650000095,5.650000095
1973-02-07,5.570000172,5.570000172
1973-02-08,5.440000057,5.440000057
1973-02-09,5.440000057,5.440000057
1973-02-13,5.5,5.5
1973-02-14,5.429999828,5.429999828
1973-02-15,5.369999886,5.369999886
1973-02-16,5.400000095,5.400000095
1973-02-20,5.570000172,5.570000172
1973-02-21,5.619999886,5.619999886
1973-02-22,5.559999943,5.559999943
1973-02-23,5.550000191,5.550000191
1973-02-26,5.760000229,5.760000229
1973-02-27,5.900000095,5.900000095
1973-02-28,5.849999905,5.849999905
1973-03-01,5.789999962,5.789999962
1973-03-02,5.75,5.75
1973-03-05,5.789999962,5.789999962
1973-03-06,5.940000057,5.940000057
1973-03-07,5.869999886,5.869999886
1973-03-08,5.829999924,5.829999924
1973-03-09,5.840000153,5.840000153
1973-03-12,5.880000114,5.880000114
1973-03-13,6,6
1973-03-14,6.059999943,6.059999943
1973-03-15,6.110000134,6.110000134
1973-03-16,6.210000038,6.210000038
1973-03-19,6.21999979,6.21999979
1973-03-20,6.340000153,6.340000153
1973-03-21,6.349999905,6.349999905
1973-03-22,6.309999943,6.309999943
1973-03-23,6.309999943,6.309999943
1973-03-26,6.230000019,6.230000019
1973-03-27,6.260000229,6.260000229
1973-03-28,6.28000021,6.28000021
1973-03-29,6.289999962,6.289999962
1973-03-30,6.400000095,6.400000095
1973-04-02,6.460000038,6.460000038
1973-04-03,6.550000191,6.550000191
1973-04-04,6.510000229,6.510000229
1973-04-05,6.480000019,6.480000019
1973-04-06,6.25,6.25
1973-04-09,6.159999847,6.159999847
1973-04-10,6.210000038,6.210000038
1973-04-11,6.21999979,6.21999979
1973-04-12,6.199999809,6.199999809
1973-04-13,6.210000038,6.210000038
1973-04-16,6.190000057,6.190000057
1973-04-17,6.190000057,6.190000057
1973-04-18,6.110000134,6.110000134
1973-04-19,6.130000114,6.130000114
1973-04-23,6.190000057,6.190000057
1973-04-24,6.28000021,6.28000021
1973-04-25,6.28000021,6.28000021
1973-04-26,6.199999809,6.199999809
1973-04-27,6.210000038,6.210000038
1973-04-30,6.230000019,6.230000019
1973-05-01,6.289999962,6.289999962
1973-05-02,6.260000229,6.260000229
1973-05-03,6.210000038,6.210000038
1973-05-04,6.190000057,6.190000057
1973-05-07,6.130000114,6.130000114
1973-05-08,6.019999981,6.019999981
1973-05-09,5.96999979,5.96999979
1973-05-10,6,6
1973-05-11,6.230000019,6.230000019
1973-05-14,6.170000076,6.170000076
1973-05-15,6.170000076,6.170000076
1973-05-16,6.190000057,6.190000057
1973-05-17,6.28000021,6.28000021
1973-05-18,6.300000191,6.300000191
1973-05-21,6.380000114,6.380000114
1973-05-22,6.599999905,6.599999905
1973-05-23,6.630000114,6.630000114
1973-05-24,6.550000191,6.550000191
1973-05-25,6.639999866,6.639999866
1973-05-29,6.840000153,6.840000153
1973-05-30,6.909999847,6.909999847
1973-05-31,6.920000076,6.920000076
1973-06-01,6.96999979,6.96999979
1973-06-04,7.070000172,7.070000172
1973-06-05,7.130000114,7.130000114
1973-06-06,7.059999943,7.059999943
1973-06-07,7.079999924,7.079999924
1973-06-08,7,7
1973-06-11,7.079999924,7.079999924
1973-06-12,7.139999866,7.139999866
1973-06-13,7.159999847,7.159999847
1973-06-14,7.170000076,7.170000076
1973-06-15,7.179999828,7.179999828
1973-06-18,7.199999809,7.199999809
1973-06-19,7.269999981,7.269999981
1973-06-20,7.289999962,7.289999962
1973-06-21,7.239999771,7.239999771
1973-06-22,7.239999771,7.239999771
1973-06-25,7.199999809,7.199999809
1973-06-26,7.260000229,7.260000229
1973-06-27,7.28000021,7.28000021
1973-06-28,7.349999905,7.349999905
1973-06-29,7.519999981,7.519999981
1973-07-02,7.900000095,7.900000095
1973-07-03,7.980000019,7.980000019
1973-07-05,7.949999809,7.949999809
1973-07-06,7.920000076,7.920000076
1973-07-09,7.920000076,7.920000076
1973-07-10,7.889999866,7.889999866
1973-07-11,7.679999828,7.679999828
1973-07-12,7.630000114,7.630000114
1973-07-13,7.78000021,7.78000021
1973-07-16,7.849999905,7.849999905
1973-07-17,7.960000038,7.960000038
1973-07-18,8.029999733,8.029999733
1973-07-19,8.130000114,8.130000114
1973-07-20,8.170000076,8.170000076
1973-07-23,8.029999733,8.029999733
1973-07-24,8.180000305,8.180000305
1973-07-25,8.170000076,8.170000076
1973-07-26,8.229999542,8.229999542
1973-07-27,8.25,8.25
1973-07-30,8.229999542,8.229999542
1973-07-31,8.319999695,8.319999695
1973-08-01,8.380000114,8.380000114
1973-08-02,8.279999733,8.279999733
1973-08-03,8.270000458,8.270000458
1973-08-06,8.319999695,8.319999695
1973-08-07,8.75,8.75
1973-08-08,8.770000458,8.770000458
1973-08-09,8.81000042,8.81000042
1973-08-10,8.840000153,8.840000153
1973-08-13,8.819999695,8.819999695
1973-08-14,9.050000191,9.050000191
1973-08-15,8.949999809,8.949999809
1973-08-16,8.859999657,8.859999657
1973-08-17,8.720000267,8.720000267
1973-08-20,8.789999962,8.789999962
1973-08-21,8.920000076,8.920000076
1973-08-22,8.779999733,8.779999733
1973-08-23,8.619999886,8.619999886
1973-08-24,8.460000038,8.460000038
1973-08-27,8.529999733,8.529999733
1973-08-28,8.720000267,8.720000267
1973-08-29,8.619999886,8.619999886
1973-08-30,8.569999695,8.569999695
1973-08-31,8.659999847,8.659999847
1973-09-04,8.779999733,8.779999733
1973-09-05,8.760000229,8.760000229
1973-09-06,8.840000153,8.840000153
1973-09-07,8.800000191,8.800000191
1973-09-10,9.029999733,9.029999733
1973-09-11,9.039999962,9.039999962
1973-09-12,9.020000458,9.020000458
1973-09-13,8.859999657,8.859999657
1973-09-14,8.75,8.75
1973-09-17,8.699999809,8.699999809
1973-09-18,8.680000305,8.680000305
1973-09-19,8.550000191,8.550000191
1973-09-20,8.279999733,8.279999733
1973-09-21,7.690000057,7.690000057
1973-09-24,7.380000114,7.380000114
1973-09-25,7.199999809,7.199999809
1973-09-26,7.119999886,7.119999886
1973-09-27,6.960000038,6.960000038
1973-09-28,6.980000019,6.980000019
1973-10-01,7.059999943,7.059999943
1973-10-02,7.639999866,7.639999866
1973-10-03,7.480000019,7.480000019
1973-10-04,7.579999924,7.579999924
1973-10-05,7.360000134,7.360000134
1973-10-09,7.130000114,7.130000114
1973-10-10,7.139999866,7.139999866
1973-10-11,7.150000095,7.150000095
1973-10-12,7.139999866,7.139999866
1973-10-15,7.190000057,7.190000057
1973-10-16,7.28000021,7.28000021
1973-10-17,7.190000057,7.190000057
1973-10-18,7.130000114,7.130000114
1973-10-19,7.03000021,7.03000021
1973-10-23,7.039999962,7.039999962
1973-10-24,7.019999981,7.019999981
1973-10-25,7.050000191,7.050000191
1973-10-26,7.179999828,7.179999828
1973-10-29,7.199999809,7.199999809
1973-10-30,7.21999979,7.21999979
1973-10-31,7.360000134,7.360000134
1973-11-01,7.480000019,7.480000019
1973-11-02,7.659999847,7.659999847
1973-11-05,8,8
1973-11-07,8.199999809,8.199999809
1973-11-08,8.119999886,8.119999886
1973-11-09,8.140000343,8.140000343
1973-11-12,8.510000229,8.510000229
1973-11-13,8.619999886,8.619999886
1973-11-14,8.300000191,8.300000191
1973-11-15,7.53000021,7.53000021
1973-11-16,7.610000134,7.610000134
1973-11-19,7.5,7.5
1973-11-20,7.769999981,7.769999981
1973-11-21,7.78000021,7.78000021
1973-11-23,7.820000172,7.820000172
1973-11-26,7.760000229,7.760000229
1973-11-27,7.579999924,7.579999924
1973-11-28,7.519999981,7.519999981
1973-11-29,7.449999809,7.449999809
1973-11-30,7.300000191,7.300000191
1973-12-03,7.119999886,7.119999886
1973-12-04,7.25,7.25
1973-12-05,7.679999828,7.679999828
1973-12-06,7.639999866,7.639999866
1973-12-07,7.650000095,7.650000095
1973-12-10,7.440000057,7.440000057
1973-12-11,7.519999981,7.519999981
1973-12-12,7.480000019,7.480000019
1973-12-13,7.579999924,7.579999924
1973-12-14,7.53000021,7.53000021
1973-12-17,7.46999979,7.46999979
1973-12-18,7.340000153,7.340000153
1973-12-19,7.300000191,7.300000191
1973-12-20,7.309999943,7.309999943
1973-12-21,7.329999924,7.329999924
1973-12-26,7.570000172,7.570000172
1973-12-27,7.46999979,7.46999979
1973-12-28,7.46999979,7.46999979
1973-12-31,7.460000038,7.460000038
1974-01-02,7.519999981,7.519999981
1974-01-03,7.46999979,7.46999979
1974-01-04,7.489999771,7.489999771
1974-01-07,7.599999905,7.599999905
1974-01-08,7.639999866,7.639999866
1974-01-09,7.670000076,7.670000076
1974-01-10,7.829999924,7.829999924
1974-01-11,7.869999886,7.869999886
1974-01-14,7.960000038,7.960000038
1974-01-15,7.889999866,7.889999866
1974-01-16,7.900000095,7.900000095
1974-01-17,7.860000134,7.860000134
1974-01-18,7.860000134,7.860000134
1974-01-21,7.96999979,7.96999979
1974-01-22,7.960000038,7.960000038
1974-01-23,8.010000229,8.010000229
1974-01-24,8.010000229,8.010000229
1974-01-25,7.980000019,7.980000019
1974-01-28,7.840000153,7.840000153
1974-01-29,7.619999886,7.619999886
1974-01-30,7.510000229,7.510000229
1974-01-31,7.480000019,7.480000019
1974-02-01,7.309999943,7.309999943
1974-02-04,7.130000114,7.130000114
1974-02-05,6.929999828,6.929999828
1974-02-06,6.929999828,6.929999828
1974-02-07,7.110000134,7.110000134
1974-02-08,7.039999962,7.039999962
1974-02-11,7.119999886,7.119999886
1974-02-13,7.039999962,7.039999962
1974-02-14,7.03000021,7.03000021
1974-02-15,7.059999943,7.059999943
1974-02-19,7.03000021,7.03000021
1974-02-20,7.039999962,7.039999962
1974-02-21,7.090000153,7.090000153
1974-02-22,7.099999905,7.099999905
1974-02-25,7.150000095,7.150000095
1974-02-26,7.300000191,7.300000191
1974-02-27,7.349999905,7.349999905
1974-02-28,7.460000038,7.460000038
1974-03-01,7.539999962,7.539999962
1974-03-04,7.559999943,7.559999943
1974-03-05,7.730000019,7.730000019
1974-03-06,7.710000038,7.710000038
1974-03-07,7.699999809,7.699999809
1974-03-08,7.840000153,7.840000153
1974-03-11,7.869999886,7.869999886
1974-03-12,7.829999924,7.829999924
1974-03-13,7.829999924,7.829999924
1974-03-14,7.71999979,7.71999979
1974-03-15,7.840000153,7.840000153
1974-03-18,7.949999809,7.949999809
1974-03-19,8.06000042,8.06000042
1974-03-20,8.100000381,8.100000381
1974-03-21,8.109999657,8.109999657
1974-03-22,8.069999695,8.069999695
1974-03-25,8.119999886,8.119999886
1974-03-26,8.329999924,8.329999924
1974-03-27,8.449999809,8.449999809
1974-03-28,8.550000191,8.550000191
1974-03-29,8.279999733,8.279999733
1974-04-01,8.31000042,8.31000042
1974-04-02,8.43999958,8.43999958
1974-04-03,8.489999771,8.489999771
1974-04-04,8.649999619,8.649999619
1974-04-05,8.649999619,8.649999619
1974-04-08,8.56000042,8.56000042
1974-04-09,8.619999886,8.619999886
1974-04-10,8.520000458,8.520000458
1974-04-11,8.239999771,8.239999771
1974-04-15,7.949999809,7.949999809
1974-04-16,8.180000305,8.180000305
1974-04-17,8.159999847,8.159999847
1974-04-18,8.149999619,8.149999619
1974-04-19,7.809999943,7.809999943
1974-04-22,7.760000229,7.760000229
1974-04-23,8.050000191,8.050000191
1974-04-24,8.020000458,8.020000458
1974-04-25,8.210000038,8.210000038
1974-04-26,8.479999542,8.479999542
1974-04-29,8.880000114,8.880000114
1974-04-30,8.899999619,8.899999619
1974-05-01,8.770000458,8.770000458
1974-05-02,8.699999809,8.699999809
1974-05-03,8.819999695,8.819999695
1974-05-06,8.819999695,8.819999695
1974-05-07,8.859999657,8.859999657
1974-05-08,8.699999809,8.699999809
1974-05-09,8.489999771,8.489999771
1974-05-10,8.149999619,8.149999619
1974-05-13,8.029999733,8.029999733
1974-05-14,8.130000114,8.130000114
1974-05-15,7.960000038,7.960000038
1974-05-16,7.940000057,7.940000057
1974-05-17,7.929999828,7.929999828
1974-05-20,7.940000057,7.940000057
1974-05-21,8.210000038,8.210000038
1974-05-22,8.140000343,8.140000343
1974-05-23,7.539999962,7.539999962
1974-05-24,7.679999828,7.679999828
1974-05-28,8.020000458,8.020000458
1974-05-29,8.130000114,8.130000114
1974-05-30,7.929999828,7.929999828
1974-05-31,8.079999924,8.079999924
1974-06-03,8.090000153,8.090000153
1974-06-04,8.109999657,8.109999657
1974-06-05,7.949999809,7.949999809
1974-06-06,7.929999828,7.929999828
1974-06-07,8.149999619,8.149999619
1974-06-10,8.140000343,8.140000343
1974-06-11,8.130000114,8.130000114
1974-06-12,8.199999809,8.199999809
1974-06-13,8.359999657,8.359999657
1974-06-14,8.31000042,8.31000042
1974-06-17,8.170000076,8.170000076
1974-06-18,8.130000114,8.130000114
1974-06-19,7.989999771,7.989999771
1974-06-20,7.820000172,7.820000172
1974-06-21,7.300000191,7.300000191
1974-06-24,7.460000038,7.460000038
1974-06-25,7.630000114,7.630000114
1974-06-26,7.300000191,7.300000191
1974-06-27,7.53000021,7.53000021
1974-06-28,7.340000153,7.340000153
1974-07-01,7.28000021,7.28000021
1974-07-02,7.340000153,7.340000153
1974-07-03,7.75,7.75
1974-07-05,7.739999771,7.739999771
1974-07-08,7.619999886,7.619999886
1974-07-09,7.559999943,7.559999943
1974-07-10,7.389999866,7.389999866
1974-07-11,7.320000172,7.320000172
1974-07-12,7.360000134,7.360000134
1974-07-15,7.619999886,7.619999886
1974-07-16,7.53000021,7.53000021
1974-07-17,7.71999979,7.71999979
1974-07-18,7.920000076,7.920000076
1974-07-19,7.820000172,7.820000172
1974-07-22,7.559999943,7.559999943
1974-07-23,7.449999809,7.449999809
1974-07-24,7.420000076,7.420000076
1974-07-25,7.300000191,7.300000191
1974-07-26,7.400000095,7.400000095
1974-07-29,7.420000076,7.420000076
1974-07-30,7.840000153,7.840000153
1974-07-31,7.670000076,7.670000076
1974-08-01,7.940000057,7.940000057
1974-08-02,8.329999924,8.329999924
1974-08-05,8.329999924,8.329999924
1974-08-06,8.649999619,8.649999619
1974-08-07,8.840000153,8.840000153
1974-08-08,9.020000458,9.020000458
1974-08-09,8.930000305,8.930000305
1974-08-12,8.75,8.75
1974-08-13,8.729999542,8.729999542
1974-08-14,8.760000229,8.760000229
1974-08-15,8.760000229,8.760000229
1974-08-16,8.739999771,8.739999771
1974-08-19,8.840000153,8.840000153
1974-08-20,9.050000191,9.050000191
1974-08-21,9.31000042,9.31000042
1974-08-22,9.489999771,9.489999771
1974-08-23,9.739999771,9.739999771
1974-08-26,9.609999657,9.609999657
1974-08-27,9.720000267,9.720000267
1974-08-28,9.590000153,9.590000153
1974-08-29,9.020000458,9.020000458
1974-08-30,8.930000305,8.930000305
1974-09-03,9.409999847,9.409999847
1974-09-04,9.359999657,9.359999657
1974-09-05,9.329999924,9.329999924
1974-09-06,9.260000229,9.260000229
1974-09-09,9.149999619,9.149999619
1974-09-10,9.069999695,9.069999695
1974-09-11,9.06000042,9.06000042
1974-09-12,9.25,9.25
1974-09-13,8.960000038,8.960000038
1974-09-16,8.109999657,8.109999657
1974-09-17,8.090000153,8.090000153
1974-09-18,7.829999924,7.829999924
1974-09-19,7.119999886,7.119999886
1974-09-20,7.070000172,7.070000172
1974-09-23,6.929999828,6.929999828
1974-09-24,6.989999771,6.989999771
1974-09-25,7.070000172,7.070000172
1974-09-26,6.889999866,6.889999866
1974-09-27,6.170000076,6.170000076
1974-09-30,6.119999886,6.119999886
1974-10-01,6.690000057,6.690000057
1974-10-02,6.789999962,6.789999962
1974-10-03,7.059999943,7.059999943
1974-10-04,6.519999981,6.519999981
1974-10-07,6.519999981,6.519999981
1974-10-08,6.909999847,6.909999847
1974-10-09,7.340000153,7.340000153
1974-10-10,7.800000191,7.800000191
1974-10-11,7.630000114,7.630000114
1974-10-15,7.739999771,7.739999771
1974-10-16,7.71999979,7.71999979
1974-10-17,7.820000172,7.820000172
1974-10-18,7.630000114,7.630000114
1974-10-21,7.590000153,7.590000153
1974-10-22,7.429999828,7.429999828
1974-10-23,7.550000191,7.550000191
1974-10-24,7.630000114,7.630000114
1974-10-25,7.820000172,7.820000172
1974-10-28,8.140000343,8.140000343
1974-10-29,8.029999733,8.029999733
1974-10-30,7.980000019,7.980000019
1974-10-31,7.800000191,7.800000191
1974-11-01,7.78000021,7.78000021
1974-11-04,7.820000172,7.820000172
1974-11-06,7.619999886,7.619999886
1974-11-07,7.619999886,7.619999886
1974-11-08,7.579999924,7.579999924
1974-11-12,7.349999905,7.349999905
1974-11-13,7.179999828,7.179999828
1974-11-14,7.170000076,7.170000076
1974-11-15,7.320000172,7.320000172
1974-11-18,7.519999981,7.519999981
1974-11-19,7.460000038,7.460000038
1974-11-20,7.409999847,7.409999847
1974-11-21,7.510000229,7.510000229
1974-11-22,7.400000095,7.400000095
1974-11-25,7.309999943,7.309999943
1974-11-26,7.420000076,7.420000076
1974-11-27,7.599999905,7.599999905
1974-11-29,7.46999979,7.46999979
1974-12-02,7.309999943,7.309999943
1974-12-03,7.53000021,7.53000021
1974-12-04,7.46999979,7.46999979
1974-12-05,7.480000019,7.480000019
1974-12-06,7.420000076,7.420000076
1974-12-09,7.239999771,7.239999771
1974-12-10,7.150000095,7.150000095
1974-12-11,7.119999886,7.119999886
1974-12-12,7.380000114,7.380000114
1974-12-13,7.309999943,7.309999943
1974-12-16,7.139999866,7.139999866
1974-12-17,6.769999981,6.769999981
1974-12-18,6.809999943,6.809999943
1974-12-19,6.889999866,6.889999866
1974-12-20,6.96999979,6.96999979
1974-12-23,7.130000114,7.130000114
1974-12-24,6.980000019,6.980000019
1974-12-26,6.949999809,6.949999809
1974-12-27,6.960000038,6.960000038
1974-12-30,7.110000134,7.110000134
1974-12-31,7.059999943,7.059999943
1975-01-02,6.900000095,6.900000095
1975-01-03,6.760000229,6.760000229
1975-01-06,6.699999809,6.699999809
1975-01-07,6.510000229,6.510000229
1975-01-08,6.539999962,6.539999962
1975-01-09,6.550000191,6.550000191
1975-01-10,6.639999866,6.639999866
1975-01-13,6.739999771,6.739999771
1975-01-14,6.550000191,6.550000191
1975-01-15,6.650000095,6.650000095
1975-01-16,6.489999771,6.489999771
1975-01-17,6.289999962,6.289999962
1975-01-20,6.420000076,6.420000076
1975-01-21,6.239999771,6.239999771
1975-01-22,6.170000076,6.170000076
1975-01-23,5.590000153,5.590000153
1975-01-24,5.489999771,5.489999771
1975-01-27,5.570000172,5.570000172
1975-01-28,5.659999847,5.659999847
1975-01-29,5.769999981,5.769999981
1975-01-30,5.730000019,5.730000019
1975-01-31,5.679999828,5.679999828
1975-02-03,5.659999847,5.659999847
1975-02-04,5.599999905,5.599999905
1975-02-05,5.449999809,5.449999809
1975-02-06,5.599999905,5.599999905
1975-02-07,5.739999771,5.739999771
1975-02-10,5.829999924,5.829999924
1975-02-11,5.699999809,5.699999809
1975-02-13,5.619999886,5.619999886
1975-02-14,5.449999809,5.449999809
1975-02-18,5.320000172,5.320000172
1975-02-19,5.300000191,5.300000191
1975-02-20,5.230000019,5.230000019
1975-02-21,5.159999847,5.159999847
1975-02-24,5.320000172,5.320000172
1975-02-25,5.440000057,5.440000057
1975-02-26,5.619999886,5.619999886
1975-02-27,5.559999943,5.559999943
1975-02-28,5.400000095,5.400000095
1975-03-03,5.590000153,5.590000153
1975-03-04,5.619999886,5.619999886
1975-03-05,5.53000021,5.53000021
1975-03-06,5.53000021,5.53000021
1975-03-07,5.579999924,5.579999924
1975-03-10,5.639999866,5.639999866
1975-03-11,5.480000019,5.480000019
1975-03-12,5.409999847,5.409999847
1975-03-13,5.400000095,5.400000095
1975-03-14,5.380000114,5.380000114
1975-03-17,5.409999847,5.409999847
1975-03-18,5.420000076,5.420000076
1975-03-19,5.489999771,5.489999771
1975-03-20,5.349999905,5.349999905
1975-03-21,5.400000095,5.400000095
1975-03-24,5.550000191,5.550000191
1975-03-25,5.539999962,5.539999962
1975-03-26,5.519999981,5.519999981
1975-03-27,5.489999771,5.489999771
1975-03-31,5.53000021,5.53000021
1975-04-01,5.639999866,5.639999866
1975-04-02,5.639999866,5.639999866
1975-04-03,5.599999905,5.599999905
1975-04-04,5.679999828,5.679999828
1975-04-07,6.010000229,6.010000229
1975-04-08,5.699999809,5.699999809
1975-04-09,5.699999809,5.699999809
1975-04-10,5.710000038,5.710000038
1975-04-11,5.559999943,5.559999943
1975-04-14,5.53000021,5.53000021
1975-04-15,5.480000019,5.480000019
1975-04-16,5.340000153,5.340000153
1975-04-17,5.400000095,5.400000095
1975-04-18,5.440000057,5.440000057
1975-04-21,5.550000191,5.550000191
1975-04-22,5.75,5.75
1975-04-23,5.690000057,5.690000057
1975-04-24,5.670000076,5.670000076
1975-04-25,5.630000114,5.630000114
1975-04-28,5.619999886,5.619999886
1975-04-29,5.599999905,5.599999905
1975-04-30,5.5,5.5
1975-05-01,5.5,5.5
1975-05-02,5.309999943,5.309999943
1975-05-05,5.340000153,5.340000153
1975-05-06,5.440000057,5.440000057
1975-05-07,5.46999979,5.46999979
1975-05-08,5.429999828,5.429999828
1975-05-09,5.380000114,5.380000114
1975-05-12,5.159999847,5.159999847
1975-05-13,5,5
1975-05-14,4.940000057,4.940000057
1975-05-15,5.050000191,5.050000191
1975-05-16,5.059999943,5.059999943
1975-05-19,5.110000134,5.110000134
1975-05-20,5.110000134,5.110000134
1975-05-21,5.159999847,5.159999847
1975-05-22,5.199999809,5.199999809
1975-05-23,5.210000038,5.210000038
1975-05-27,5.269999981,5.269999981
1975-05-28,5.210000038,5.210000038
1975-05-29,5.21999979,5.21999979
1975-05-30,5.199999809,5.199999809
1975-06-02,5.25,5.25
1975-06-03,5.239999771,5.239999771
1975-06-04,5.239999771,5.239999771
1975-06-05,5.21999979,5.21999979
1975-06-06,5.210000038,5.210000038
1975-06-09,5.119999886,5.119999886
1975-06-10,5.079999924,5.079999924
1975-06-11,4.949999809,4.949999809
1975-06-12,4.889999866,4.889999866
1975-06-13,4.940000057,4.940000057
1975-06-16,4.880000114,4.880000114
1975-06-17,5.03000021,5.03000021
1975-06-18,5.360000134,5.360000134
1975-06-19,5.21999979,5.21999979
1975-06-20,5.699999809,5.699999809
1975-06-23,5.650000095,5.650000095
1975-06-24,5.75,5.75
1975-06-25,5.820000172,5.820000172
1975-06-26,6,6
1975-06-27,5.78000021,5.78000021
1975-06-30,5.860000134,5.860000134
1975-07-01,6.019999981,6.019999981
1975-07-02,6.019999981,6.019999981
1975-07-03,6,6
1975-07-07,6.059999943,6.059999943
1975-07-08,6.059999943,6.059999943
1975-07-09,6.099999905,6.099999905
1975-07-10,6.039999962,6.039999962
1975-07-11,6.019999981,6.019999981
1975-07-14,6.03000021,6.03000021
1975-07-15,6.050000191,6.050000191
1975-07-16,6.070000172,6.070000172
1975-07-17,6.03000021,6.03000021
1975-07-18,6.050000191,6.050000191
1975-07-21,6.199999809,6.199999809
1975-07-22,6.340000153,6.340000153
1975-07-23,6.340000153,6.340000153
1975-07-24,6.190000057,6.190000057
1975-07-25,6.269999981,6.269999981
1975-07-28,6.300000191,6.300000191
1975-07-29,6.300000191,6.300000191
1975-07-30,6.199999809,6.199999809
1975-07-31,6.25,6.25
1975-08-01,6.349999905,6.349999905
1975-08-04,6.400000095,6.400000095
1975-08-05,6.449999809,6.449999809
1975-08-06,6.409999847,6.409999847
1975-08-07,6.440000057,6.440000057
1975-08-08,6.409999847,6.409999847
1975-08-11,6.369999886,6.369999886
1975-08-12,6.400000095,6.400000095
1975-08-13,6.449999809,6.449999809
1975-08-14,6.449999809,6.449999809
1975-08-15,6.420000076,6.420000076
1975-08-18,6.420000076,6.420000076
1975-08-19,6.46999979,6.46999979
1975-08-20,6.460000038,6.460000038
1975-08-21,6.480000019,6.480000019
1975-08-22,6.460000038,6.460000038
1975-08-25,6.53000021,6.53000021
1975-08-26,6.579999924,6.579999924
1975-08-27,6.550000191,6.550000191
1975-08-28,6.420000076,6.420000076
1975-08-29,6.360000134,6.360000134
1975-09-02,6.420000076,6.420000076
1975-09-03,6.389999866,6.389999866
1975-09-04,6.329999924,6.329999924
1975-09-05,6.389999866,6.389999866
1975-09-08,6.409999847,6.409999847
1975-09-09,6.409999847,6.409999847
1975-09-10,6.420000076,6.420000076
1975-09-11,6.460000038,6.460000038
1975-09-12,6.449999809,6.449999809
1975-09-15,6.5,6.5
1975-09-16,6.539999962,6.539999962
1975-09-17,6.449999809,6.449999809
1975-09-18,6.380000114,6.380000114
1975-09-19,6.360000134,6.360000134
1975-09-22,6.340000153,6.340000153
1975-09-23,6.360000134,6.360000134
1975-09-24,6.349999905,6.349999905
1975-09-25,6.400000095,6.400000095
1975-09-26,6.429999828,6.429999828
1975-09-29,6.429999828,6.429999828
1975-09-30,6.579999924,6.579999924
1975-10-01,6.53000021,6.53000021
1975-10-02,6.480000019,6.480000019
1975-10-03,6.289999962,6.289999962
1975-10-06,6.239999771,6.239999771
1975-10-07,6.329999924,6.329999924
1975-10-08,6.269999981,6.269999981
1975-10-09,6.21999979,6.21999979
1975-10-10,6.090000153,6.090000153
1975-10-14,6.090000153,6.090000153
1975-10-15,6.099999905,6.099999905
1975-10-16,5.96999979,5.96999979
1975-10-17,5.889999866,5.889999866
1975-10-20,5.900000095,5.900000095
1975-10-21,5.659999847,5.659999847
1975-10-22,5.730000019,5.730000019
1975-10-23,5.71999979,5.71999979
1975-10-24,5.659999847,5.659999847
1975-10-27,5.71999979,5.71999979
1975-10-28,5.630000114,5.630000114
1975-10-29,5.559999943,5.559999943
1975-10-30,5.460000038,5.460000038
1975-10-31,5.510000229,5.510000229
1975-11-03,5.570000172,5.570000172
1975-11-05,5.53000021,5.53000021
1975-11-06,5.510000229,5.510000229
1975-11-07,5.380000114,5.380000114
1975-11-10,5.300000191,5.300000191
1975-11-12,5.360000134,5.360000134
1975-11-13,5.369999886,5.369999886
1975-11-14,5.449999809,5.449999809
1975-11-17,5.449999809,5.449999809
1975-11-18,5.46999979,5.46999979
1975-11-19,5.46999979,5.46999979
1975-11-20,5.460000038,5.460000038
1975-11-21,5.599999905,5.599999905
1975-11-24,5.519999981,5.519999981
1975-11-25,5.559999943,5.559999943
1975-11-26,5.550000191,5.550000191
1975-11-28,5.539999962,5.539999962
1975-12-01,5.550000191,5.550000191
1975-12-02,5.570000172,5.570000172
1975-12-03,5.559999943,5.559999943
1975-12-04,5.610000134,5.610000134
1975-12-05,5.579999924,5.579999924
1975-12-08,5.579999924,5.579999924
1975-12-09,5.679999828,5.679999828
1975-12-10,5.639999866,5.639999866
1975-12-11,5.559999943,5.559999943
1975-12-12,5.559999943,5.559999943
1975-12-15,5.510000229,5.510000229
1975-12-16,5.510000229,5.510000229
1975-12-17,5.449999809,5.449999809
1975-12-18,5.440000057,5.440000057
1975-12-19,5.28000021,5.28000021
1975-12-22,5.340000153,5.340000153
1975-12-23,5.329999924,5.329999924
1975-12-24,5.269999981,5.269999981
1975-12-26,5.170000076,5.170000076
1975-12-29,5.179999828,5.179999828
1975-12-30,5.179999828,5.179999828
1975-12-31,5.199999809,5.199999809
1976-01-02,5.199999809,5.199999809
1976-01-05,5.230000019,5.230000019
1976-01-06,5.150000095,5.150000095
1976-01-07,5.079999924,5.079999924
1976-01-08,5,5
1976-01-09,4.869999886,4.869999886
1976-01-12,4.829999924,4.829999924
1976-01-13,4.829999924,4.829999924
1976-01-14,4.849999905,4.849999905
1976-01-15,4.840000153,4.840000153
1976-01-16,4.869999886,4.869999886
1976-01-19,4.789999962,4.789999962
1976-01-20,4.829999924,4.829999924
1976-01-21,4.789999962,4.789999962
1976-01-22,4.789999962,4.789999962
1976-01-23,4.679999828,4.679999828
1976-01-26,4.739999771,4.739999771
1976-01-27,4.75,4.75
1976-01-28,4.710000038,4.710000038
1976-01-29,4.679999828,4.679999828
1976-01-30,4.730000019,4.730000019
1976-02-02,4.800000191,4.800000191
1976-02-03,4.909999847,4.909999847
1976-02-04,4.960000038,4.960000038
1976-02-05,4.920000076,4.920000076
1976-02-06,4.900000095,4.900000095
1976-02-09,4.840000153,4.840000153
1976-02-10,4.869999886,4.869999886
1976-02-11,4.829999924,4.829999924
1976-02-13,4.849999905,4.849999905
1976-02-17,4.880000114,4.880000114
1976-02-18,4.920000076,4.920000076
1976-02-19,4.880000114,4.880000114
1976-02-20,4.809999943,4.809999943
1976-02-23,4.840000153,4.840000153
1976-02-24,4.900000095,4.900000095
1976-02-25,4.869999886,4.869999886
1976-02-26,4.880000114,4.880000114
1976-02-27,5,5
1976-03-01,5.199999809,5.199999809
1976-03-02,5.25,5.25
1976-03-03,5.199999809,5.199999809
1976-03-04,5.21999979,5.21999979
1976-03-05,5.130000114,5.130000114
1976-03-08,5.070000172,5.070000172
1976-03-09,5,5
1976-03-10,4.96999979,4.96999979
1976-03-11,4.989999771,4.989999771
1976-03-12,4.900000095,4.900000095
1976-03-15,4.940000057,4.940000057
1976-03-16,5.010000229,5.010000229
1976-03-17,5,5
1976-03-18,4.980000019,4.980000019
1976-03-19,4.960000038,4.960000038
1976-03-22,4.860000134,4.860000134
1976-03-23,4.889999866,4.889999866
1976-03-24,4.860000134,4.860000134
1976-03-25,4.849999905,4.849999905
1976-03-26,4.880000114,4.880000114
1976-03-29,4.900000095,4.900000095
1976-03-30,4.989999771,4.989999771
1976-03-31,4.96999979,4.96999979
1976-04-01,5.010000229,5.010000229
1976-04-02,4.960000038,4.960000038
1976-04-05,4.909999847,4.909999847
1976-04-06,4.900000095,4.900000095
1976-04-07,4.929999828,4.929999828
1976-04-08,4.900000095,4.900000095
1976-04-09,4.889999866,4.889999866
1976-04-12,4.840000153,4.840000153
1976-04-13,4.78000021,4.78000021
1976-04-14,4.789999962,4.789999962
1976-04-15,4.78000021,4.78000021
1976-04-19,4.769999981,4.769999981
1976-04-20,4.730000019,4.730000019
1976-04-21,4.690000057,4.690000057
1976-04-22,4.78000021,4.78000021
1976-04-23,4.920000076,4.920000076
1976-04-26,4.900000095,4.900000095
1976-04-27,4.889999866,4.889999866
1976-04-28,4.849999905,4.849999905
1976-04-29,4.860000134,4.860000134
1976-04-30,4.909999847,4.909999847
1976-05-03,4.880000114,4.880000114
1976-05-04,4.869999886,4.869999886
1976-05-05,4.860000134,4.860000134
1976-05-06,4.920000076,4.920000076
1976-05-07,5,5
1976-05-10,5.059999943,5.059999943
1976-05-11,5.079999924,5.079999924
1976-05-12,5.139999866,5.139999866
1976-05-13,5.099999905,5.099999905
1976-05-14,5.159999847,5.159999847
1976-05-17,5.21999979,5.21999979
1976-05-18,5.28000021,5.28000021
1976-05-19,5.309999943,5.309999943
1976-05-20,5.389999866,5.389999866
1976-05-21,5.440000057,5.440000057
1976-05-24,5.449999809,5.449999809
1976-05-25,5.460000038,5.460000038
1976-05-26,5.460000038,5.460000038
1976-05-27,5.489999771,5.489999771
1976-05-28,5.489999771,5.489999771
1976-06-01,5.550000191,5.550000191
1976-06-02,5.570000172,5.570000172
1976-06-03,5.519999981,5.519999981
1976-06-04,5.460000038,5.460000038
1976-06-07,5.449999809,5.449999809
1976-06-08,5.449999809,5.449999809
1976-06-09,5.440000057,5.440000057
1976-06-10,5.429999828,5.429999828
1976-06-11,5.420000076,5.420000076
1976-06-14,5.400000095,5.400000095
1976-06-15,5.369999886,5.369999886
1976-06-16,5.400000095,5.400000095
1976-06-17,5.380000114,5.380000114
1976-06-18,5.349999905,5.349999905
1976-06-21,5.360000134,5.360000134
1976-06-22,5.380000114,5.380000114
1976-06-23,5.329999924,5.329999924
1976-06-24,5.309999943,5.309999943
1976-06-25,5.309999943,5.309999943
1976-06-28,5.349999905,5.349999905
1976-06-29,5.369999886,5.369999886
1976-06-30,5.369999886,5.369999886
1976-07-01,5.360000134,5.360000134
1976-07-02,5.349999905,5.349999905
1976-07-06,5.389999866,5.389999866
1976-07-07,5.400000095,5.400000095
1976-07-08,5.329999924,5.329999924
1976-07-09,5.25,5.25
1976-07-12,5.159999847,5.159999847
1976-07-13,5.150000095,5.150000095
1976-07-14,5.150000095,5.150000095
1976-07-15,5.110000134,5.110000134
1976-07-16,5.199999809,5.199999809
1976-07-19,5.230000019,5.230000019
1976-07-20,5.239999771,5.239999771
1976-07-21,5.230000019,5.230000019
1976-07-22,5.230000019,5.230000019
1976-07-23,5.210000038,5.210000038
1976-07-26,5.190000057,5.190000057
1976-07-27,5.150000095,5.150000095
1976-07-28,5.170000076,5.170000076
1976-07-29,5.159999847,5.159999847
1976-07-30,5.170000076,5.170000076
1976-08-02,5.110000134,5.110000134
1976-08-03,5.139999866,5.139999866
1976-08-04,5.190000057,5.190000057
1976-08-05,5.190000057,5.190000057
1976-08-06,5.179999828,5.179999828
1976-08-09,5.179999828,5.179999828
1976-08-10,5.179999828,5.179999828
1976-08-11,5.170000076,5.170000076
1976-08-12,5.159999847,5.159999847
1976-08-13,5.159999847,5.159999847
1976-08-16,5.139999866,5.139999866
1976-08-17,5.150000095,5.150000095
1976-08-18,5.150000095,5.150000095
1976-08-19,5.150000095,5.150000095
1976-08-20,5.170000076,5.170000076
1976-08-23,5.139999866,5.139999866
1976-08-24,5.110000134,5.110000134
1976-08-25,5.099999905,5.099999905
1976-08-26,5.079999924,5.079999924
1976-08-27,5.130000114,5.130000114
1976-08-30,5.070000172,5.070000172
1976-08-31,5.090000153,5.090000153
1976-09-01,5.090000153,5.090000153
1976-09-02,5.099999905,5.099999905
1976-09-03,5.090000153,5.090000153
1976-09-07,5.090000153,5.090000153
1976-09-08,5.099999905,5.099999905
1976-09-09,5.119999886,5.119999886
1976-09-10,5.110000134,5.110000134
1976-09-13,5.119999886,5.119999886
1976-09-14,5.119999886,5.119999886
1976-09-15,5.110000134,5.110000134
1976-09-16,5.099999905,5.099999905
1976-09-17,5.059999943,5.059999943
1976-09-20,5.059999943,5.059999943
1976-09-21,5.03000021,5.03000021
1976-09-22,5.03000021,5.03000021
1976-09-23,5.039999962,5.039999962
1976-09-24,5.110000134,5.110000134
1976-09-27,5.079999924,5.079999924
1976-09-28,5.059999943,5.059999943
1976-09-29,5.070000172,5.070000172
1976-09-30,5.059999943,5.059999943
1976-10-01,5.039999962,5.039999962
1976-10-04,5.079999924,5.079999924
1976-10-05,5.099999905,5.099999905
1976-10-06,5.070000172,5.070000172
1976-10-07,5.03000021,5.03000021
1976-10-08,4.920000076,4.920000076
1976-10-12,4.889999866,4.889999866
1976-10-13,4.900000095,4.900000095
1976-10-14,4.849999905,4.849999905
1976-10-15,4.789999962,4.789999962
1976-10-18,4.789999962,4.789999962
1976-10-19,4.840000153,4.840000153
1976-10-20,4.840000153,4.840000153
1976-10-21,4.849999905,4.849999905
1976-10-22,4.889999866,4.889999866
1976-10-25,4.940000057,4.940000057
1976-10-26,4.900000095,4.900000095
1976-10-27,4.880000114,4.880000114
1976-10-28,4.880000114,4.880000114
1976-10-29,4.889999866,4.889999866
1976-11-01,4.840000153,4.840000153
1976-11-03,4.849999905,4.849999905
1976-11-04,4.789999962,4.789999962
1976-11-05,4.840000153,4.840000153
1976-11-08,4.889999866,4.889999866
1976-11-09,4.929999828,4.929999828
1976-11-10,4.920000076,4.920000076
1976-11-12,4.920000076,4.920000076
1976-11-15,4.900000095,4.900000095
1976-11-16,4.829999924,4.829999924
1976-11-17,4.809999943,4.809999943
1976-11-18,4.809999943,4.809999943
1976-11-19,4.670000076,4.670000076
1976-11-22,4.610000134,4.610000134
1976-11-23,4.639999866,4.639999866
1976-11-24,4.630000114,4.630000114
1976-11-26,4.510000229,4.510000229
1976-11-29,4.489999771,4.489999771
1976-11-30,4.420000076,4.420000076
1976-12-01,4.409999847,4.409999847
1976-12-02,4.400000095,4.400000095
1976-12-03,4.380000114,4.380000114
1976-12-06,4.380000114,4.380000114
1976-12-07,4.400000095,4.400000095
1976-12-08,4.440000057,4.440000057
1976-12-09,4.440000057,4.440000057
1976-12-10,4.369999886,4.369999886
1976-12-13,4.380000114,4.380000114
1976-12-14,4.340000153,4.340000153
1976-12-15,4.329999924,4.329999924
1976-12-16,4.329999924,4.329999924
1976-12-17,4.25,4.25
1976-12-20,4.239999771,4.239999771
1976-12-21,4.269999981,4.269999981
1976-12-22,4.28000021,4.28000021
1976-12-23,4.28000021,4.28000021
1976-12-27,4.300000191,4.300000191
1976-12-28,4.349999905,4.349999905
1976-12-29,4.369999886,4.369999886
1976-12-30,4.340000153,4.340000153
1976-12-31,4.340000153,4.340000153
1977-01-03,4.389999866,4.389999866
1977-01-04,4.489999771,4.489999771
1977-01-05,4.46999979,4.46999979
1977-01-06,4.5,4.5
1977-01-07,4.619999886,4.619999886
1977-01-10,4.610000134,4.610000134
1977-01-11,4.599999905,4.599999905
1977-01-12,4.570000172,4.570000172
1977-01-13,4.519999981,4.519999981
1977-01-14,4.610000134,4.610000134
1977-01-17,4.650000095,4.650000095
1977-01-18,4.690000057,4.690000057
1977-01-19,4.630000114,4.630000114
1977-01-20,4.630000114,4.630000114
1977-01-21,4.650000095,4.650000095
1977-01-24,4.710000038,4.710000038
1977-01-25,4.699999809,4.699999809
1977-01-26,4.710000038,4.710000038
1977-01-27,4.769999981,4.769999981
1977-01-28,4.730000019,4.730000019
1977-01-31,4.71999979,4.71999979
1977-02-01,4.739999771,4.739999771
1977-02-02,4.760000229,4.760000229
1977-02-03,4.730000019,4.730000019
1977-02-04,4.619999886,4.619999886
1977-02-07,4.619999886,4.619999886
1977-02-08,4.630000114,4.630000114
1977-02-09,4.619999886,4.619999886
1977-02-10,4.630000114,4.630000114
1977-02-11,4.610000134,4.610000134
1977-02-14,4.630000114,4.630000114
1977-02-15,4.630000114,4.630000114
1977-02-16,4.619999886,4.619999886
1977-02-17,4.610000134,4.610000134
1977-02-18,4.659999847,4.659999847
1977-02-22,4.690000057,4.690000057
1977-02-23,4.699999809,4.699999809
1977-02-24,4.730000019,4.730000019
1977-02-25,4.710000038,4.710000038
1977-02-28,4.699999809,4.699999809
1977-03-01,4.699999809,4.699999809
1977-03-02,4.639999866,4.639999866
1977-03-03,4.610000134,4.610000134
1977-03-04,4.630000114,4.630000114
1977-03-07,4.650000095,4.650000095
1977-03-08,4.659999847,4.659999847
1977-03-09,4.630000114,4.630000114
1977-03-10,4.619999886,4.619999886
1977-03-11,4.590000153,4.590000153
1977-03-14,4.570000172,4.570000172
1977-03-15,4.570000172,4.570000172
1977-03-16,4.619999886,4.619999886
1977-03-17,4.619999886,4.619999886
1977-03-18,4.590000153,4.590000153
1977-03-21,4.559999943,4.559999943
1977-03-22,4.559999943,4.559999943
1977-03-23,4.539999962,4.539999962
1977-03-24,4.590000153,4.590000153
1977-03-25,4.619999886,4.619999886
1977-03-28,4.590000153,4.590000153
1977-03-29,4.590000153,4.590000153
1977-03-30,4.570000172,4.570000172
1977-03-31,4.539999962,4.539999962
1977-04-01,4.539999962,4.539999962
1977-04-04,4.550000191,4.550000191
1977-04-05,4.599999905,4.599999905
1977-04-06,4.579999924,4.579999924
1977-04-07,4.579999924,4.579999924
1977-04-11,4.559999943,4.559999943
1977-04-12,4.590000153,4.590000153
1977-04-13,4.570000172,4.570000172
1977-04-14,4.519999981,4.519999981
1977-04-15,4.519999981,4.519999981
1977-04-18,4.510000229,4.510000229
1977-04-19,4.519999981,4.519999981
1977-04-20,4.5,4.5
1977-04-21,4.480000019,4.480000019
1977-04-22,4.53000021,4.53000021
1977-04-25,4.53000021,4.53000021
1977-04-26,4.5,4.5
1977-04-27,4.449999809,4.449999809
1977-04-28,4.389999866,4.389999866
1977-04-29,4.690000057,4.690000057
1977-05-02,4.75,4.75
1977-05-03,4.75,4.75
1977-05-04,4.690000057,4.690000057
1977-05-05,4.739999771,4.739999771
1977-05-06,4.800000191,4.800000191
1977-05-09,4.809999943,4.809999943
1977-05-10,4.940000057,4.940000057
1977-05-11,5.039999962,5.039999962
1977-05-12,5,5
1977-05-13,4.989999771,4.989999771
1977-05-16,4.989999771,4.989999771
1977-05-17,5,5
1977-05-18,4.980000019,4.980000019
1977-05-19,5.090000153,5.090000153
1977-05-20,5.170000076,5.170000076
1977-05-23,5.130000114,5.130000114
1977-05-24,5.099999905,5.099999905
1977-05-25,5.059999943,5.059999943
1977-05-26,5.03000021,5.03000021
1977-05-27,4.989999771,4.989999771
1977-05-31,5.03000021,5.03000021
1977-06-01,5.039999962,5.039999962
1977-06-02,5.039999962,5.039999962
1977-06-03,5.019999981,5.019999981
1977-06-06,5.039999962,5.039999962
1977-06-07,5.050000191,5.050000191
1977-06-08,5.059999943,5.059999943
1977-06-09,5.079999924,5.079999924
1977-06-10,5.059999943,5.059999943
1977-06-13,5.03000021,5.03000021
1977-06-14,5.010000229,5.010000229
1977-06-15,5.019999981,5.019999981
1977-06-16,5.019999981,5.019999981
1977-06-17,4.989999771,4.989999771
1977-06-20,5.010000229,5.010000229
1977-06-21,5.03000021,5.03000021
1977-06-22,5.019999981,5.019999981
1977-06-23,5.019999981,5.019999981
1977-06-24,4.980000019,4.980000019
1977-06-27,4.929999828,4.929999828
1977-06-28,4.960000038,4.960000038
1977-06-29,4.96999979,4.96999979
1977-06-30,4.980000019,4.980000019
1977-07-01,5.019999981,5.019999981
1977-07-05,5.119999886,5.119999886
1977-07-06,5.119999886,5.119999886
1977-07-07,5.110000134,5.110000134
1977-07-08,5.130000114,5.130000114
1977-07-11,5.139999866,5.139999866
1977-07-12,5.159999847,5.159999847
1977-07-13,5.159999847,5.159999847
1977-07-15,5.179999828,5.179999828
1977-07-18,5.179999828,5.179999828
1977-07-19,5.21999979,5.21999979
1977-07-20,5.230000019,5.230000019
1977-07-21,5.230000019,5.230000019
1977-07-22,5.170000076,5.170000076
1977-07-25,5.159999847,5.159999847
1977-07-26,5.159999847,5.159999847
1977-07-27,5.25,5.25
1977-07-28,5.389999866,5.389999866
1977-07-29,5.400000095,5.400000095
1977-08-01,5.349999905,5.349999905
1977-08-02,5.400000095,5.400000095
1977-08-03,5.329999924,5.329999924
1977-08-04,5.349999905,5.349999905
1977-08-05,5.340000153,5.340000153
1977-08-08,5.320000172,5.320000172
1977-08-09,5.53000021,5.53000021
1977-08-10,5.460000038,5.460000038
1977-08-11,5.519999981,5.519999981
1977-08-12,5.510000229,5.510000229
1977-08-15,5.539999962,5.539999962
1977-08-16,5.670000076,5.670000076
1977-08-17,5.599999905,5.599999905
1977-08-18,5.53000021,5.53000021
1977-08-19,5.480000019,5.480000019
1977-08-22,5.46999979,5.46999979
1977-08-23,5.550000191,5.550000191
1977-08-24,5.550000191,5.550000191
1977-08-25,5.53000021,5.53000021
1977-08-26,5.539999962,5.539999962
1977-08-29,5.570000172,5.570000172
1977-08-30,5.590000153,5.590000153
1977-08-31,5.559999943,5.559999943
1977-09-01,5.559999943,5.559999943
1977-09-02,5.53000021,5.53000021
1977-09-06,5.579999924,5.579999924
1977-09-07,5.599999905,5.599999905
1977-09-08,5.610000134,5.610000134
1977-09-09,5.800000191,5.800000191
1977-09-12,5.820000172,5.820000172
1977-09-13,5.900000095,5.900000095
1977-09-14,5.869999886,5.869999886
1977-09-15,5.869999886,5.869999886
1977-09-16,5.860000134,5.860000134
1977-09-19,5.860000134,5.860000134
1977-09-20,5.869999886,5.869999886
1977-09-21,5.869999886,5.869999886
1977-09-22,5.960000038,5.960000038
1977-09-23,5.949999809,5.949999809
1977-09-26,5.96999979,5.96999979
1977-09-27,5.920000076,5.920000076
1977-09-28,5.860000134,5.860000134
1977-09-29,5.829999924,5.829999924
1977-09-30,5.889999866,5.889999866
1977-10-03,5.949999809,5.949999809
1977-10-04,6.099999905,6.099999905
1977-10-05,6.130000114,6.130000114
1977-10-06,6.130000114,6.130000114
1977-10-07,6.119999886,6.119999886
1977-10-11,6.269999981,6.269999981
1977-10-12,6.360000134,6.360000134
1977-10-13,6.360000134,6.360000134
1977-10-14,6.289999962,6.289999962
1977-10-17,6.28000021,6.28000021
1977-10-18,6.28000021,6.28000021
1977-10-19,6.139999866,6.139999866
1977-10-20,6.090000153,6.090000153
1977-10-21,6.079999924,6.079999924
1977-10-24,6.130000114,6.130000114
1977-10-25,6.150000095,6.150000095
1977-10-26,6.099999905,6.099999905
1977-10-27,6.050000191,6.050000191
1977-10-28,6.010000229,6.010000229
1977-10-31,6.179999828,6.179999828
1977-11-01,6.21999979,6.21999979
1977-11-02,6.21999979,6.21999979
1977-11-03,6.199999809,6.199999809
1977-11-04,6.170000076,6.170000076
1977-11-07,6.159999847,6.159999847
1977-11-09,6.150000095,6.150000095
1977-11-10,6.130000114,6.130000114
1977-11-14,6.090000153,6.090000153
1977-11-15,6.099999905,6.099999905
1977-11-16,6.090000153,6.090000153
1977-11-17,6.050000191,6.050000191
1977-11-18,6.039999962,6.039999962
1977-11-21,6.070000172,6.070000172
1977-11-22,6.079999924,6.079999924
1977-11-23,6.050000191,6.050000191
1977-11-25,6.039999962,6.039999962
1977-11-28,6.039999962,6.039999962
1977-11-29,6.050000191,6.050000191
1977-11-30,6.039999962,6.039999962
1977-12-01,6.03000021,6.03000021
1977-12-02,6.019999981,6.019999981
1977-12-05,6.010000229,6.010000229
1977-12-06,6.070000172,6.070000172
1977-12-07,6.099999905,6.099999905
1977-12-08,6.079999924,6.079999924
1977-12-09,6.070000172,6.070000172
1977-12-12,6.070000172,6.070000172
1977-12-13,6.050000191,6.050000191
1977-12-14,6.050000191,6.050000191
1977-12-15,6.010000229,6.010000229
1977-12-16,5.989999771,5.989999771
1977-12-19,5.949999809,5.949999809
1977-12-20,6.010000229,6.010000229
1977-12-21,6,6
1977-12-22,6.110000134,6.110000134
1977-12-23,6.099999905,6.099999905
1977-12-27,6.159999847,6.159999847
1977-12-28,6.190000057,6.190000057
1977-12-29,6.170000076,6.170000076
1977-12-30,6.130000114,6.130000114
1978-01-03,6.179999828,6.179999828
1978-01-04,6.159999847,6.159999847
1978-01-05,6.199999809,6.199999809
1978-01-06,6.25,6.25
1978-01-09,6.639999866,6.639999866
1978-01-10,6.650000095,6.650000095
1978-01-11,6.679999828,6.679999828
1978-01-12,6.559999943,6.559999943
1978-01-13,6.480000019,6.480000019
1978-01-16,6.460000038,6.460000038
1978-01-17,6.5,6.5
1978-01-18,6.5,6.5
1978-01-19,6.480000019,6.480000019
1978-01-20,6.480000019,6.480000019
1978-01-23,6.429999828,6.429999828
1978-01-24,6.440000057,6.440000057
1978-01-25,6.460000038,6.460000038
1978-01-26,6.429999828,6.429999828
1978-01-27,6.420000076,6.420000076
1978-01-30,6.429999828,6.429999828
1978-01-31,6.420000076,6.420000076
1978-02-01,6.409999847,6.409999847
1978-02-02,6.420000076,6.420000076
1978-02-03,6.420000076,6.420000076
1978-02-06,6.449999809,6.449999809
1978-02-07,6.460000038,6.460000038
1978-02-08,6.440000057,6.440000057
1978-02-09,6.429999828,6.429999828
1978-02-10,6.440000057,6.440000057
1978-02-14,6.46999979,6.46999979
1978-02-15,6.5,6.5
1978-02-16,6.510000229,6.510000229
1978-02-17,6.449999809,6.449999809
1978-02-21,6.5,6.5
1978-02-22,6.46999979,6.46999979
1978-02-23,6.429999828,6.429999828
1978-02-24,6.400000095,6.400000095
1978-02-27,6.400000095,6.400000095
1978-02-28,6.420000076,6.420000076
1978-03-01,6.420000076,6.420000076
1978-03-02,6.389999866,6.389999866
1978-03-03,6.340000153,6.340000153
1978-03-06,6.320000172,6.320000172
1978-03-07,6.320000172,6.320000172
1978-03-08,6.289999962,6.289999962
1978-03-09,6.25,6.25
1978-03-10,6.28000021,6.28000021
1978-03-13,6.269999981,6.269999981
1978-03-14,6.300000191,6.300000191
1978-03-15,6.269999981,6.269999981
1978-03-16,6.25,6.25
1978-03-17,6.239999771,6.239999771
1978-03-20,6.159999847,6.159999847
1978-03-21,6.21999979,6.21999979
1978-03-22,6.21999979,6.21999979
1978-03-23,6.239999771,6.239999771
1978-03-27,6.28000021,6.28000021
1978-03-28,6.28000021,6.28000021
1978-03-29,6.28000021,6.28000021
1978-03-30,6.369999886,6.369999886
1978-03-31,6.46999979,6.46999979
1978-04-03,6.309999943,6.309999943
1978-04-04,6.389999866,6.389999866
1978-04-05,6.420000076,6.420000076
1978-04-06,6.409999847,6.409999847
1978-04-07,6.340000153,6.340000153
1978-04-10,6.340000153,6.340000153
1978-04-11,6.349999905,6.349999905
1978-04-12,6.329999924,6.329999924
1978-04-13,6.289999962,6.289999962
1978-04-14,6.139999866,6.139999866
1978-04-17,6.099999905,6.099999905
1978-04-18,6.150000095,6.150000095
1978-04-19,6.320000172,6.320000172
1978-04-20,6.300000191,6.300000191
1978-04-21,6.25,6.25
1978-04-24,6.090000153,6.090000153
1978-04-25,6.21999979,6.21999979
1978-04-26,6.25,6.25
1978-04-27,6.369999886,6.369999886
1978-04-28,6.349999905,6.349999905
1978-05-01,6.309999943,6.309999943
1978-05-02,6.460000038,6.460000038
1978-05-03,6.389999866,6.389999866
1978-05-04,6.329999924,6.329999924
1978-05-05,6.429999828,6.429999828
1978-05-08,6.360000134,6.360000134
1978-05-09,6.449999809,6.449999809
1978-05-10,6.389999866,6.389999866
1978-05-11,6.320000172,6.320000172
1978-05-12,6.329999924,6.329999924
1978-05-15,6.25,6.25
1978-05-16,6.340000153,6.340000153
1978-05-17,6.28000021,6.28000021
1978-05-18,6.349999905,6.349999905
1978-05-19,6.389999866,6.389999866
1978-05-22,6.420000076,6.420000076
1978-05-23,6.480000019,6.480000019
1978-05-24,6.510000229,6.510000229
1978-05-25,6.5,6.5
1978-05-26,6.630000114,6.630000114
1978-05-31,6.650000095,6.650000095
1978-06-01,6.610000134,6.610000134
1978-06-02,6.590000153,6.590000153
1978-06-05,6.590000153,6.590000153
1978-06-06,6.610000134,6.610000134
1978-06-07,6.639999866,6.639999866
1978-06-08,6.630000114,6.630000114
1978-06-09,6.650000095,6.650000095
1978-06-12,6.619999886,6.619999886
1978-06-13,6.630000114,6.630000114
1978-06-14,6.630000114,6.630000114
1978-06-15,6.659999847,6.659999847
1978-06-16,6.71999979,6.71999979
1978-06-19,6.690000057,6.690000057
1978-06-20,6.739999771,6.739999771
1978-06-21,6.840000153,6.840000153
1978-06-22,6.809999943,6.809999943
1978-06-23,6.860000134,6.860000134
1978-06-26,6.880000114,6.880000114
1978-06-27,6.940000057,6.940000057
1978-06-28,6.880000114,6.880000114
1978-06-29,6.920000076,6.920000076
1978-06-30,7.010000229,7.010000229
1978-07-03,6.949999809,6.949999809
1978-07-05,7.070000172,7.070000172
1978-07-06,7.059999943,7.059999943
1978-07-07,7.130000114,7.130000114
1978-07-10,7.159999847,7.159999847
1978-07-11,7.199999809,7.199999809
1978-07-12,7.190000057,7.190000057
1978-07-13,7.179999828,7.179999828
1978-07-14,7.070000172,7.070000172
1978-07-17,6.989999771,6.989999771
1978-07-18,7.090000153,7.090000153
1978-07-19,7.059999943,7.059999943
1978-07-20,7.070000172,7.070000172
1978-07-21,7.019999981,7.019999981
1978-07-24,6.829999924,6.829999924
1978-07-25,6.920000076,6.920000076
1978-07-26,6.900000095,6.900000095
1978-07-27,6.760000229,6.760000229
1978-07-28,6.739999771,6.739999771
1978-07-31,6.760000229,6.760000229
1978-08-01,6.880000114,6.880000114
1978-08-02,6.760000229,6.760000229
1978-08-03,6.800000191,6.800000191
1978-08-04,6.78000021,6.78000021
1978-08-07,6.760000229,6.760000229
1978-08-08,6.71999979,6.71999979
1978-08-09,6.739999771,6.739999771
1978-08-10,6.849999905,6.849999905
1978-08-11,6.860000134,6.860000134
1978-08-14,6.880000114,6.880000114
1978-08-15,6.989999771,6.989999771
1978-08-16,7.239999771,7.239999771
1978-08-17,7.190000057,7.190000057
1978-08-18,7.300000191,7.300000191
1978-08-21,7.260000229,7.260000229
1978-08-22,7.28000021,7.28000021
1978-08-23,7.21999979,7.21999979
1978-08-24,7.239999771,7.239999771
1978-08-25,7.239999771,7.239999771
1978-08-28,7.329999924,7.329999924
1978-08-29,7.449999809,7.449999809
1978-08-30,7.480000019,7.480000019
1978-08-31,7.539999962,7.539999962
1978-09-01,7.699999809,7.699999809
1978-09-05,7.570000172,7.570000172
1978-09-06,7.579999924,7.579999924
1978-09-07,7.590000153,7.590000153
1978-09-08,7.670000076,7.670000076
1978-09-11,7.710000038,7.710000038
1978-09-12,7.75,7.75
1978-09-13,7.760000229,7.760000229
1978-09-14,7.769999981,7.769999981
1978-09-15,7.880000114,7.880000114
1978-09-18,7.900000095,7.900000095
1978-09-19,7.949999809,7.949999809
1978-09-20,8.079999924,8.079999924
1978-09-21,8.039999962,8.039999962
1978-09-22,8.149999619,8.149999619
1978-09-25,8.090000153,8.090000153
1978-09-26,8.010000229,8.010000229
1978-09-27,7.889999866,7.889999866
1978-09-28,7.829999924,7.829999924
1978-09-29,7.980000019,7.980000019
1978-10-02,7.980000019,7.980000019
1978-10-03,8.159999847,8.159999847
1978-10-04,8.180000305,8.180000305
1978-10-05,8.18999958,8.18999958
1978-10-06,8.18999958,8.18999958
1978-10-10,8.210000038,8.210000038
1978-10-11,8.090000153,8.090000153
1978-10-12,7.78000021,7.78000021
1978-10-13,7.820000172,7.820000172
1978-10-16,7.880000114,7.880000114
1978-10-17,8.149999619,8.149999619
1978-10-18,7.940000057,7.940000057
1978-10-19,7.75,7.75
1978-10-20,7.75,7.75
1978-10-23,7.519999981,7.519999981
1978-10-24,7.769999981,7.769999981
1978-10-25,7.539999962,7.539999962
1978-10-26,7.760000229,7.760000229
1978-10-27,7.929999828,7.929999828
1978-10-30,8.470000267,8.470000267
1978-10-31,8.75,8.75
1978-11-01,8.850000381,8.850000381
1978-11-02,8.760000229,8.760000229
1978-11-03,8.800000191,8.800000191
1978-11-06,8.840000153,8.840000153
1978-11-08,8.989999771,8.989999771
1978-11-09,8.819999695,8.819999695
1978-11-10,8.510000229,8.510000229
1978-11-13,8.229999542,8.229999542
1978-11-14,8.300000191,8.300000191
1978-11-15,8.020000458,8.020000458
1978-11-16,8.170000076,8.170000076
1978-11-17,7.980000019,7.980000019
1978-11-20,8.210000038,8.210000038
1978-11-21,8.829999924,8.829999924
1978-11-22,8.630000114,8.630000114
1978-11-24,8.859999657,8.859999657
1978-11-27,8.960000038,8.960000038
1978-11-28,9.119999886,9.119999886
1978-11-29,8.979999542,8.979999542
1978-11-30,9.010000229,9.010000229
1978-12-01,8.850000381,8.850000381
1978-12-04,8.949999809,8.949999809
1978-12-05,8.949999809,8.949999809
1978-12-06,8.890000343,8.890000343
1978-12-07,8.899999619,8.899999619
1978-12-08,8.949999809,8.949999809
1978-12-11,8.930000305,8.930000305
1978-12-12,8.859999657,8.859999657
1978-12-13,8.880000114,8.880000114
1978-12-14,8.899999619,8.899999619
1978-12-15,9.079999924,9.079999924
1978-12-18,9.260000229,9.260000229
1978-12-19,9.210000038,9.210000038
1978-12-20,9.25,9.25
1978-12-21,9.289999962,9.289999962
1978-12-22,9.369999886,9.369999886
1978-12-26,9.359999657,9.359999657
1978-12-27,9.18999958,9.18999958
1978-12-28,9.199999809,9.199999809
1978-12-29,9.260000229,9.260000229
1979-01-02,9.409999847,9.409999847
1979-01-03,9.31000042,9.31000042
1979-01-04,9.31000042,9.31000042
1979-01-05,9.340000153,9.340000153
1979-01-08,9.359999657,9.359999657
1979-01-09,9.270000458,9.270000458
1979-01-10,9.25,9.25
1979-01-11,9.279999733,9.279999733
1979-01-12,9.350000381,9.350000381
1979-01-15,9.43999958,9.43999958
1979-01-16,9.43999958,9.43999958
1979-01-17,9.43999958,9.43999958
1979-01-18,9.460000038,9.460000038
1979-01-19,9.399999619,9.399999619
1979-01-22,9.340000153,9.340000153
1979-01-23,9.359999657,9.359999657
1979-01-24,9.350000381,9.350000381
1979-01-25,9.329999924,9.329999924
1979-01-26,9.340000153,9.340000153
1979-01-29,9.350000381,9.350000381
1979-01-30,9.270000458,9.270000458
1979-01-31,9.289999962,9.289999962
1979-02-01,9.25,9.25
1979-02-02,9.25,9.25
1979-02-05,9.180000305,9.180000305
1979-02-06,9.210000038,9.210000038
1979-02-07,9.25,9.25
1979-02-08,9.239999771,9.239999771
1979-02-09,9.31000042,9.31000042
1979-02-13,9.289999962,9.289999962
1979-02-14,9.270000458,9.270000458
1979-02-15,9.260000229,9.260000229
1979-02-16,9.289999962,9.289999962
1979-02-20,9.380000114,9.380000114
1979-02-21,9.420000076,9.420000076
1979-02-22,9.409999847,9.409999847
1979-02-23,9.43999958,9.43999958
1979-02-26,9.460000038,9.460000038
1979-02-27,9.470000267,9.470000267
1979-02-28,9.449999809,9.449999809
1979-03-01,9.399999619,9.399999619
1979-03-02,9.409999847,9.409999847
1979-03-05,9.399999619,9.399999619
1979-03-06,9.420000076,9.420000076
1979-03-07,9.420000076,9.420000076
1979-03-08,9.420000076,9.420000076
1979-03-09,9.520000458,9.520000458
1979-03-12,9.510000229,9.510000229
1979-03-13,9.510000229,9.510000229
1979-03-14,9.520000458,9.520000458
1979-03-15,9.489999771,9.489999771
1979-03-16,9.520000458,9.520000458
1979-03-19,9.5,9.5
1979-03-20,9.520000458,9.520000458
1979-03-21,9.56000042,9.56000042
1979-03-22,9.56000042,9.56000042
1979-03-23,9.550000191,9.550000191
1979-03-26,9.539999962,9.539999962
1979-03-27,9.489999771,9.489999771
1979-03-28,9.430000305,9.430000305
1979-03-29,9.390000343,9.390000343
1979-03-30,9.43999958,9.43999958
1979-04-02,9.539999962,9.539999962
1979-04-03,9.520000458,9.520000458
1979-04-04,9.489999771,9.489999771
1979-04-05,9.489999771,9.489999771
1979-04-06,9.600000381,9.600000381
1979-04-09,9.619999886,9.619999886
1979-04-10,9.75,9.75
1979-04-11,9.720000267,9.720000267
1979-04-12,9.68999958,9.68999958
1979-04-16,9.659999847,9.659999847
1979-04-17,9.5,9.5
1979-04-18,9.289999962,9.289999962
1979-04-19,9.300000191,9.300000191
1979-04-20,9.31000042,9.31000042
1979-04-23,9.199999809,9.199999809
1979-04-24,9.100000381,9.100000381
1979-04-25,9.069999695,9.069999695
1979-04-26,9.140000343,9.140000343
1979-04-27,9.659999847,9.659999847
1979-04-30,9.56000042,9.56000042
1979-05-01,9.5,9.5
1979-05-02,9.550000191,9.550000191
1979-05-03,9.609999657,9.609999657
1979-05-04,9.680000305,9.680000305
1979-05-07,9.659999847,9.659999847
1979-05-08,9.659999847,9.659999847
1979-05-09,9.640000343,9.640000343
1979-05-10,9.640000343,9.640000343
1979-05-11,9.56000042,9.56000042
1979-05-14,9.550000191,9.550000191
1979-05-15,9.600000381,9.600000381
1979-05-16,9.569999695,9.569999695
1979-05-17,9.569999695,9.569999695
1979-05-18,9.720000267,9.720000267
1979-05-21,9.770000458,9.770000458
1979-05-22,9.699999809,9.699999809
1979-05-23,9.670000076,9.670000076
1979-05-24,9.529999733,9.529999733
1979-05-25,9.539999962,9.539999962
1979-05-29,9.550000191,9.550000191
1979-05-31,9.569999695,9.569999695
1979-06-01,9.520000458,9.520000458
1979-06-04,9.539999962,9.539999962
1979-06-05,9.43999958,9.43999958
1979-06-06,9.350000381,9.350000381
1979-06-07,9.289999962,9.289999962
1979-06-08,9.180000305,9.180000305
1979-06-11,9.06000042,9.06000042
1979-06-12,8.880000114,8.880000114
1979-06-13,8.869999886,8.869999886
1979-06-14,8.899999619,8.899999619
1979-06-15,9.149999619,9.149999619
1979-06-18,8.949999809,8.949999809
1979-06-19,8.970000267,8.970000267
1979-06-20,8.93999958,8.93999958
1979-06-21,8.960000038,8.960000038
1979-06-22,8.989999771,8.989999771
1979-06-25,8.75,8.75
1979-06-26,8.760000229,8.760000229
1979-06-27,8.81000042,8.81000042
1979-06-28,8.899999619,8.899999619
1979-06-29,8.949999809,8.949999809
1979-07-02,8.930000305,8.930000305
1979-07-03,9.06000042,9.06000042
1979-07-05,9.18999958,9.18999958
1979-07-06,9.199999809,9.199999809
1979-07-09,9.260000229,9.260000229
1979-07-10,9.319999695,9.319999695
1979-07-11,9.270000458,9.270000458
1979-07-12,9.260000229,9.260000229
1979-07-13,9.300000191,9.300000191
1979-07-16,9.359999657,9.359999657
1979-07-17,9.279999733,9.279999733
1979-07-18,9.25,9.25
1979-07-19,9.260000229,9.260000229
1979-07-20,9.420000076,9.420000076
1979-07-23,9.43999958,9.43999958
1979-07-24,9.380000114,9.380000114
1979-07-25,9.220000267,9.220000267
1979-07-26,9.130000114,9.130000114
1979-07-27,9.229999542,9.229999542
1979-07-30,9.090000153,9.090000153
1979-07-31,9.180000305,9.180000305
1979-08-01,9.159999847,9.159999847
1979-08-02,9.329999924,9.329999924
1979-08-03,9.380000114,9.380000114
1979-08-06,9.340000153,9.340000153
1979-08-07,9.399999619,9.399999619
1979-08-08,9.399999619,9.399999619
1979-08-09,9.399999619,9.399999619
1979-08-10,9.460000038,9.460000038
1979-08-13,9.470000267,9.470000267
1979-08-14,9.489999771,9.489999771
1979-08-15,9.550000191,9.550000191
1979-08-16,9.520000458,9.520000458
1979-08-17,9.579999924,9.579999924
1979-08-20,9.5,9.5
1979-08-21,9.539999962,9.539999962
1979-08-22,9.56000042,9.56000042
1979-08-23,9.529999733,9.529999733
1979-08-24,9.640000343,9.640000343
1979-08-27,9.649999619,9.649999619
1979-08-28,9.739999771,9.739999771
1979-08-29,9.770000458,9.770000458
1979-08-30,9.75,9.75
1979-08-31,9.81000042,9.81000042
1979-09-04,10.02000046,10.02000046
1979-09-05,10.06999969,10.06999969
1979-09-06,10.27000046,10.27000046
1979-09-07,10.42000008,10.42000008
1979-09-10,10.55000019,10.55000019
1979-09-11,10.44999981,10.44999981
1979-09-12,10.44999981,10.44999981
1979-09-13,10.5,10.5
1979-09-14,10.28999996,10.28999996
1979-09-17,10.36999989,10.36999989
1979-09-18,10.39999962,10.39999962
1979-09-19,10.19999981,10.19999981
1979-09-20,10.21000004,10.21000004
1979-09-21,10.10000038,10.10000038
1979-09-24,10.02999973,10.02999973
1979-09-25,10.06000042,10.06000042
1979-09-26,10.22000027,10.22000027
1979-09-27,10.27999973,10.27999973
1979-09-28,10.11999989,10.11999989
1979-10-01,10.14999962,10.14999962
1979-10-02,10.36999989,10.36999989
1979-10-03,10.39000034,10.39000034
1979-10-04,10.56000042,10.56000042
1979-10-05,10.69999981,10.69999981
1979-10-09,11.81999969,11.81999969
1979-10-10,11.73999977,11.73999977
1979-10-11,11.56999969,11.56999969
1979-10-12,11.35000038,11.35000038
1979-10-15,11.60000038,11.60000038
1979-10-16,11.84000015,11.84000015
1979-10-17,11.68999958,11.68999958
1979-10-18,12.05000019,12.05000019
1979-10-19,12.36999989,12.36999989
1979-10-22,12.84000015,12.84000015
1979-10-23,13.01000023,13.01000023
1979-10-24,12.72000027,12.72000027
1979-10-25,12.52999973,12.52999973
1979-10-26,11.90999985,11.90999985
1979-10-29,12.02000046,12.02000046
1979-10-30,12.07999992,12.07999992
1979-10-31,12.11999989,12.11999989
1979-11-01,12.06000042,12.06000042
1979-11-02,12.05000019,12.05000019
1979-11-05,12.06000042,12.06000042
1979-11-07,12.47999954,12.47999954
1979-11-08,12.43999958,12.43999958
1979-11-09,12,12
1979-11-13,12.06000042,12.06000042
1979-11-14,11.93999958,11.93999958
1979-11-15,11.69999981,11.69999981
1979-11-16,11.90999985,11.90999985
1979-11-19,11.98999977,11.98999977
1979-11-20,11.92000008,11.92000008
1979-11-21,11.81000042,11.81000042
1979-11-23,11.34000015,11.34000015
1979-11-26,11.05000019,11.05000019
1979-11-27,11.09000015,11.09000015
1979-11-28,11.39999962,11.39999962
1979-11-29,11.27000046,11.27000046
1979-11-30,11.48999977,11.48999977
1979-12-03,11.82999992,11.82999992
1979-12-04,11.68000031,11.68000031
1979-12-05,11.64000034,11.64000034
1979-12-06,11.64999962,11.64999962
1979-12-07,11.93000031,11.93000031
1979-12-10,12.09000015,12.09000015
1979-12-11,12.28999996,12.28999996
1979-12-12,12.60000038,12.60000038
1979-12-13,12.42000008,12.42000008
1979-12-14,12.30000019,12.30000019
1979-12-17,12.23999977,12.23999977
1979-12-18,12.17000008,12.17000008
1979-12-19,11.90999985,11.90999985
1979-12-20,11.89999962,11.89999962
1979-12-21,12.07999992,12.07999992
1979-12-24,12.05000019,12.05000019
1979-12-26,12,12
1979-12-27,11.97000027,11.97000027
1979-12-28,11.92000008,11.92000008
1979-12-31,12.03999996,12.03999996
1980-01-02,12.17000008,12.17000008
1980-01-03,12.10000038,12.10000038
1980-01-04,12.10000038,12.10000038
1980-01-07,11.85999966,11.85999966
1980-01-08,11.77999973,11.77999973
1980-01-09,11.76000023,11.76000023
1980-01-10,11.44999981,11.44999981
1980-01-11,11.76000023,11.76000023
1980-01-14,11.84000015,11.84000015
1980-01-15,11.86999989,11.86999989
1980-01-16,11.81999969,11.81999969
1980-01-17,11.93999958,11.93999958
1980-01-18,12.06999969,12.06999969
1980-01-21,12.22999954,12.22999954
1980-01-22,12.15999985,12.15999985
1980-01-23,12.02000046,12.02000046
1980-01-24,12.17000008,12.17000008
1980-01-25,12.28999996,12.28999996
1980-01-28,12.18000031,12.18000031
1980-01-29,12.26000023,12.26000023
1980-01-30,12.13000011,12.13000011
1980-01-31,12,12
1980-02-01,12.17000008,12.17000008
1980-02-04,11.97999954,11.97999954
1980-02-05,12.22000027,12.22000027
1980-02-06,12.06000042,12.06000042
1980-02-07,11.92000008,11.92000008
1980-02-08,12.06999969,12.06999969
1980-02-11,12.22000027,12.22000027
1980-02-13,12.18000031,12.18000031
1980-02-14,12.22999954,12.22999954
1980-02-15,12.80000019,12.80000019
1980-02-19,13.39999962,13.39999962
1980-02-20,13.30000019,13.30000019
1980-02-21,13.42000008,13.42000008
1980-02-22,13.38000011,13.38000011
1980-02-25,13.64999962,13.64999962
1980-02-26,13.85000038,13.85000038
1980-02-27,13.84000015,13.84000015
1980-02-28,13.56999969,13.56999969
1980-02-29,14.01000023,14.01000023
1980-03-03,15,15
1980-03-04,15.14999962,15.14999962
1980-03-05,15.36999989,15.36999989
1980-03-06,15.69999981,15.69999981
1980-03-07,15.63000011,15.63000011
1980-03-10,15.26000023,15.26000023
1980-03-11,15.38000011,15.38000011
1980-03-12,15.60000038,15.60000038
1980-03-13,15.11999989,15.11999989
1980-03-14,15.25,15.25
1980-03-17,14.67000008,14.67000008
1980-03-18,14.61999989,14.61999989
1980-03-19,14.32999992,14.32999992
1980-03-20,15.02000046,15.02000046
1980-03-21,15.14999962,15.14999962
1980-03-24,15.93000031,15.93000031
1980-03-25,16,16
1980-03-26,15.93000031,15.93000031
1980-03-27,15.11999989,15.11999989
1980-03-28,14.75,14.75
1980-03-31,14.23999977,14.23999977
1980-04-01,15.02999973,15.02999973
1980-04-02,14.88000011,14.88000011
1980-04-03,14.97000027,14.97000027
1980-04-07,14.40999985,14.40999985
1980-04-08,14.47999954,14.47999954
1980-04-09,14.31000042,14.31000042
1980-04-10,14.30000019,14.30000019
1980-04-11,13.98999977,13.98999977
1980-04-14,13.84000015,13.84000015
1980-04-15,13.81999969,13.81999969
1980-04-16,13.5,13.5
1980-04-17,13.5,13.5
1980-04-18,13.19999981,13.19999981
1980-04-21,12.93000031,12.93000031
1980-04-22,12.25,12.25
1980-04-23,12.01000023,12.01000023
1980-04-24,11.90999985,11.90999985
1980-04-25,11.81000042,11.81000042
1980-04-28,11,11
1980-04-29,10.73999977,10.73999977
1980-04-30,10.39000034,10.39000034
1980-05-01,10.35999966,10.35999966
1980-05-02,9.850000381,9.850000381
1980-05-05,9.659999847,9.659999847
1980-05-06,9.5,9.5
1980-05-07,8.979999542,8.979999542
1980-05-08,8.75,8.75
1980-05-09,8.81000042,8.81000042
1980-05-12,8.600000381,8.600000381
1980-05-13,8.279999733,8.279999733
1980-05-14,8.140000343,8.140000343
1980-05-15,8.609999657,8.609999657
1980-05-16,9.039999962,9.039999962
1980-05-19,8.890000343,8.890000343
1980-05-20,8.289999962,8.289999962
1980-05-21,8.06000042,8.06000042
1980-05-22,7.949999809,7.949999809
1980-05-23,7.539999962,7.539999962
1980-05-27,7.519999981,7.519999981
1980-05-28,7.659999847,7.659999847
1980-05-29,7.880000114,7.880000114
1980-05-30,7.75,7.75
1980-06-02,7.900000095,7.900000095
1980-06-03,7.610000134,7.610000134
1980-06-04,7.409999847,7.409999847
1980-06-05,7.360000134,7.360000134
1980-06-06,7.289999962,7.289999962
1980-06-09,6.869999886,6.869999886
1980-06-10,6.639999866,6.639999866
1980-06-11,6.300000191,6.300000191
1980-06-12,6.199999809,6.199999809
1980-06-13,6.179999828,6.179999828
1980-06-16,6.369999886,6.369999886
1980-06-17,6.739999771,6.739999771
1980-06-18,6.96999979,6.96999979
1980-06-19,6.980000019,6.980000019
1980-06-20,6.739999771,6.739999771
1980-06-23,7.139999866,7.139999866
1980-06-24,7.300000191,7.300000191
1980-06-25,7.420000076,7.420000076
1980-06-26,7.559999943,7.559999943
1980-06-27,7.699999809,7.699999809
1980-06-30,7.880000114,7.880000114
1980-07-01,8.039999962,8.039999962
1980-07-02,7.940000057,7.940000057
1980-07-03,7.809999943,7.809999943
1980-07-07,8.239999771,8.239999771
1980-07-08,8.06000042,8.06000042
1980-07-09,7.96999979,7.96999979
1980-07-10,7.960000038,7.960000038
1980-07-11,8.170000076,8.170000076
1980-07-14,8.180000305,8.180000305
1980-07-15,8.050000191,8.050000191
1980-07-16,7.760000229,7.760000229
1980-07-17,7.960000038,7.960000038
1980-07-18,7.960000038,7.960000038
1980-07-21,7.860000134,7.860000134
1980-07-22,7.880000114,7.880000114
1980-07-23,7.829999924,7.829999924
1980-07-24,8.010000229,8.010000229
1980-07-25,8.050000191,8.050000191
1980-07-28,8.210000038,8.210000038
1980-07-29,8.300000191,8.300000191
1980-07-30,8.380000114,8.380000114
1980-07-31,8.619999886,8.619999886
1980-08-01,8.699999809,8.699999809
1980-08-04,8.640000343,8.640000343
1980-08-05,8.720000267,8.720000267
1980-08-06,8.550000191,8.550000191
1980-08-07,8.380000114,8.380000114
1980-08-08,8.619999886,8.619999886
1980-08-11,8.829999924,8.829999924
1980-08-12,8.640000343,8.640000343
1980-08-13,8.550000191,8.550000191
1980-08-14,8.449999809,8.449999809
1980-08-15,8.539999962,8.539999962
1980-08-18,9.109999657,9.109999657
1980-08-19,9.380000114,9.380000114
1980-08-20,9.31000042,9.31000042
1980-08-21,9.699999809,9.699999809
1980-08-22,9.539999962,9.539999962
1980-08-25,9.779999733,9.779999733
1980-08-26,9.93999958,9.93999958
1980-08-27,10.06999969,10.06999969
1980-08-28,10.31999969,10.31999969
1980-08-29,9.960000038,9.960000038
1980-09-02,9.869999886,9.869999886
1980-09-03,9.739999771,9.739999771
1980-09-04,9.75,9.75
1980-09-05,9.770000458,9.770000458
1980-09-08,10.10000038,10.10000038
1980-09-09,10.03999996,10.03999996
1980-09-10,9.93999958,9.93999958
1980-09-11,10.14000034,10.14000034
1980-09-12,10.22000027,10.22000027
1980-09-15,10.47000027,10.47000027
1980-09-16,10.28999996,10.28999996
1980-09-17,10.34000015,10.34000015
1980-09-18,10.14999962,10.14999962
1980-09-19,10.02999973,10.02999973
1980-09-22,10.56000042,10.56000042
1980-09-23,10.32999992,10.32999992
1980-09-24,10.15999985,10.15999985
1980-09-25,10.35999966,10.35999966
1980-09-26,10.81999969,10.81999969
1980-09-29,11.18000031,11.18000031
1980-09-30,11.43999958,11.43999958
1980-10-01,11.44999981,11.44999981
1980-10-02,11.52999973,11.52999973
1980-10-03,11.32999992,11.32999992
1980-10-06,11.14000034,11.14000034
1980-10-07,11.30000019,11.30000019
1980-10-08,11.38000011,11.38000011
1980-10-09,11.14000034,11.14000034
1980-10-10,11.25,11.25
1980-10-14,11.18000031,11.18000031
1980-10-15,10.90999985,10.90999985
1980-10-16,10.97999954,10.97999954
1980-10-17,11.19999981,11.19999981
1980-10-20,11.31000042,11.31000042
1980-10-21,11.64000034,11.64000034
1980-10-22,11.81000042,11.81000042
1980-10-23,11.78999996,11.78999996
1980-10-24,11.73999977,11.73999977
1980-10-27,12.31000042,12.31000042
1980-10-28,12.48999977,12.48999977
1980-10-29,12.52000046,12.52000046
1980-10-30,12.53999996,12.53999996
1980-10-31,12.71000004,12.71000004
1980-11-03,13.17000008,13.17000008
1980-11-05,13.39999962,13.39999962
1980-11-06,13.5,13.5
1980-11-07,13.03999996,13.03999996
1980-11-10,13.47999954,13.47999954
1980-11-12,13.18000031,13.18000031
1980-11-13,13.09000015,13.09000015
1980-11-14,13.39000034,13.39000034
1980-11-17,14.18999958,14.18999958
1980-11-18,13.68999958,13.68999958
1980-11-19,13.72000027,13.72000027
1980-11-20,13.96000004,13.96000004
1980-11-21,14.31999969,14.31999969
1980-11-24,14.40999985,14.40999985
1980-11-25,14.15999985,14.15999985
1980-11-26,14.19999981,14.19999981
1980-11-28,14.47999954,14.47999954
1980-12-01,14.71000004,14.71000004
1980-12-02,14.81999969,14.81999969
1980-12-03,14.65999985,14.65999985
1980-12-04,14.85999966,14.85999966
1980-12-05,15.84000015,15.84000015
1980-12-08,16.53000069,16.53000069
1980-12-09,16.71999931,16.71999931
1980-12-10,16.87999916,16.87999916
1980-12-11,17.13999939,17.13999939
1980-12-12,16.54999924,16.54999924
1980-12-15,16.77000046,16.77000046
1980-12-16,16.70000076,16.70000076
1980-12-17,16.46999931,16.46999931
1980-12-18,16.20000076,16.20000076
1980-12-19,14.93000031,14.93000031
1980-12-22,14.84000015,14.84000015
1980-12-23,14.48999977,14.48999977
1980-12-24,14.71000004,14.71000004
1980-12-26,14.44999981,14.44999981
1980-12-29,14.18000031,14.18000031
1980-12-30,14.11999989,14.11999989
1980-12-31,14.30000019,14.30000019
1981-01-02,14.64999962,14.64999962
1981-01-05,13.52000046,13.52000046
1981-01-06,13.57999992,13.57999992
1981-01-07,14.5,14.5
1981-01-08,14.76000023,14.76000023
1981-01-09,15.19999981,15.19999981
1981-01-12,15.22000027,15.22000027
1981-01-13,15.23999977,15.23999977
1981-01-14,15.07999992,15.07999992
1981-01-15,15.25,15.25
1981-01-16,15.14999962,15.14999962
1981-01-19,15.78999996,15.78999996
1981-01-20,15.31999969,15.31999969
1981-01-21,15.71000004,15.71000004
1981-01-22,15.72000027,15.72000027
1981-01-23,15.69999981,15.69999981
1981-01-26,15.35000038,15.35000038
1981-01-27,15.19999981,15.19999981
1981-01-28,15.06000042,15.06000042
1981-01-29,14.86999989,14.86999989
1981-01-30,14.59000015,14.59000015
1981-02-02,14.89999962,14.89999962
1981-02-03,14.85000038,14.85000038
1981-02-04,14.67000008,14.67000008
1981-02-05,14.73999977,14.73999977
1981-02-06,15.31999969,15.31999969
1981-02-09,15.52000046,15.52000046
1981-02-10,15.46000004,15.46000004
1981-02-11,15.53999996,15.53999996
1981-02-13,15.51000023,15.51000023
1981-02-17,15.14000034,15.14000034
1981-02-18,15.02000046,15.02000046
1981-02-19,14.47999954,14.47999954
1981-02-20,14.09000015,14.09000015
1981-02-23,14.22999954,14.22999954
1981-02-24,14.14999962,14.14999962
1981-02-25,14.19999981,14.19999981
1981-02-26,14.14000034,14.14000034
1981-02-27,14.22000027,14.22000027
1981-03-02,14.52000046,14.52000046
1981-03-03,14.39000034,14.39000034
1981-03-04,14.48999977,14.48999977
1981-03-05,14.51000023,14.51000023
1981-03-06,14.28999996,14.28999996
1981-03-09,14.15999985,14.15999985
1981-03-10,13.98999977,13.98999977
1981-03-11,13.92000008,13.92000008
1981-03-12,13.65999985,13.65999985
1981-03-13,13.21000004,13.21000004
1981-03-16,13.02000046,13.02000046
1981-03-17,12.94999981,12.94999981
1981-03-18,12.44999981,12.44999981
1981-03-19,12.35999966,12.35999966
1981-03-20,12.35999966,12.35999966
1981-03-23,12.82999992,12.82999992
1981-03-24,12.84000015,12.84000015
1981-03-25,12.82999992,12.82999992
1981-03-26,12.97000027,12.97000027
1981-03-27,13.07999992,13.07999992
1981-03-30,12.60000038,12.60000038
1981-03-31,12.46000004,12.46000004
1981-04-01,12.36999989,12.36999989
1981-04-02,12.57999992,12.57999992
1981-04-03,12.97000027,12.97000027
1981-04-06,14,14
1981-04-07,13.63000011,13.63000011
1981-04-08,13.65999985,13.65999985
1981-04-09,13.48999977,13.48999977
1981-04-10,13.59000015,13.59000015
1981-04-13,13.77999973,13.77999973
1981-04-14,13.36999989,13.36999989
1981-04-15,13.68000031,13.68000031
1981-04-16,13.78999996,13.78999996
1981-04-20,13.75,13.75
1981-04-21,13.65999985,13.65999985
1981-04-22,13.57999992,13.57999992
1981-04-23,13.64000034,13.64000034
1981-04-24,14.05000019,14.05000019
1981-04-27,14.27999973,14.27999973
1981-04-28,14.39000034,14.39000034
1981-04-29,14.42000008,14.42000008
1981-04-30,14.85999966,14.85999966
1981-05-01,14.67000008,14.67000008
1981-05-04,16.01000023,16.01000023
1981-05-05,16.61000061,16.61000061
1981-05-06,16.52000046,16.52000046
1981-05-07,16.57999992,16.57999992
1981-05-08,16.47999954,16.47999954
1981-05-11,16.59000015,16.59000015
1981-05-12,16.94000053,16.94000053
1981-05-13,17.01000023,17.01000023
1981-05-14,16.67000008,16.67000008
1981-05-15,16.54999924,16.54999924
1981-05-18,16.20000076,16.20000076
1981-05-19,16.55999947,16.55999947
1981-05-20,16.60000038,16.60000038
1981-05-21,17,17
1981-05-22,16.68000031,16.68000031
1981-05-26,15.93000031,15.93000031
1981-05-27,16.01000023,16.01000023
1981-05-28,15.38000011,15.38000011
1981-05-29,15.10000038,15.10000038
1981-06-01,15.5,15.5
1981-06-02,15.68999958,15.68999958
1981-06-03,15.64000034,15.64000034
1981-06-04,15.81000042,15.81000042
1981-06-05,15.82999992,15.82999992
1981-06-08,15.18000031,15.18000031
1981-06-09,15.01000023,15.01000023
1981-06-10,14.68999958,14.68999958
1981-06-11,14.56000042,14.56000042
1981-06-12,14.52999973,14.52999973
1981-06-15,13.72000027,13.72000027
1981-06-16,13.72999954,13.72999954
1981-06-17,14.23999977,14.23999977
1981-06-18,15,15
1981-06-19,14.86999989,14.86999989
1981-06-22,14.35999966,14.35999966
1981-06-23,14.5,14.5
1981-06-24,14.69999981,14.69999981
1981-06-25,14.23999977,14.23999977
1981-06-26,14.13000011,14.13000011
1981-06-29,13.93999958,13.93999958
1981-06-30,14.27999973,14.27999973
1981-07-01,14.64999962,14.64999962
1981-07-02,14.47999954,14.47999954
1981-07-06,14.35000038,14.35000038
1981-07-07,14.89000034,14.89000034
1981-07-08,14.97999954,14.97999954
1981-07-09,15.13000011,15.13000011
1981-07-10,14.75,14.75
1981-07-13,14.60000038,14.60000038
1981-07-14,14.77999973,14.77999973
1981-07-15,14.44999981,14.44999981
1981-07-16,14.52000046,14.52000046
1981-07-17,14.43000031,14.43000031
1981-07-20,15.5,15.5
1981-07-21,15.72000027,15.72000027
1981-07-22,15.68000031,15.68000031
1981-07-23,15.5,15.5
1981-07-24,15.07999992,15.07999992
1981-07-27,15.10999966,15.10999966
1981-07-28,15.30000019,15.30000019
1981-07-29,15.18000031,15.18000031
1981-07-30,14.86999989,14.86999989
1981-07-31,14.86999989,14.86999989
1981-08-03,15.5,15.5
1981-08-04,15.47999954,15.47999954
1981-08-05,15.35000038,15.35000038
1981-08-06,15.35999966,15.35999966
1981-08-07,15.43999958,15.43999958
1981-08-10,15.22000027,15.22000027
1981-08-11,14.85000038,14.85000038
1981-08-12,15.27999973,15.27999973
1981-08-13,15.42000008,15.42000008
1981-08-14,15.5,15.5
1981-08-17,15.73999977,15.73999977
1981-08-18,15.72000027,15.72000027
1981-08-19,15.67000008,15.67000008
1981-08-20,15.61999989,15.61999989
1981-08-21,15.39999962,15.39999962
1981-08-24,15.85000038,15.85000038
1981-08-25,15.77999973,15.77999973
1981-08-26,15.82999992,15.82999992
1981-08-27,15.72000027,15.72000027
1981-08-28,15.38000011,15.38000011
1981-08-31,15.52000046,15.52000046
1981-09-01,15.59000015,15.59000015
1981-09-02,15.65999985,15.65999985
1981-09-03,15.63000011,15.63000011
1981-09-04,15.56000042,15.56000042
1981-09-08,15.64999962,15.64999962
1981-09-09,15.35999966,15.35999966
1981-09-10,15.01000023,15.01000023
1981-09-11,14.52000046,14.52000046
1981-09-14,14.44999981,14.44999981
1981-09-15,14.28999996,14.28999996
1981-09-16,14.34000015,14.34000015
1981-09-17,14.31999969,14.31999969
1981-09-18,14.34000015,14.34000015
1981-09-21,14.27000046,14.27000046
1981-09-22,14.47999954,14.47999954
1981-09-23,14.19999981,14.19999981
1981-09-24,14.21000004,14.21000004
1981-09-25,14.30000019,14.30000019
1981-09-28,14.11999989,14.11999989
1981-09-29,14.15999985,14.15999985
1981-09-30,14.34000015,14.34000015
1981-10-01,14.56999969,14.56999969
1981-10-02,14.64999962,14.64999962
1981-10-05,14.27000046,14.27000046
1981-10-06,13.89999962,13.89999962
1981-10-07,13.85000038,13.85000038
1981-10-08,13.69999981,13.69999981
1981-10-09,13.32999992,13.32999992
1981-10-13,13.5,13.5
1981-10-14,13.23999977,13.23999977
1981-10-15,13.35999966,13.35999966
1981-10-16,13.52000046,13.52000046
1981-10-19,13.52000046,13.52000046
1981-10-20,13.46000004,13.46000004
1981-10-21,13.28999996,13.28999996
1981-10-22,13.31999969,13.31999969
1981-10-23,13.23999977,13.23999977
1981-10-26,13.31999969,13.31999969
1981-10-27,13.35999966,13.35999966
1981-10-28,13.22000027,13.22000027
1981-10-29,13.03999996,13.03999996
1981-10-30,12.75,12.75
1981-11-02,12.68999958,12.68999958
1981-11-04,12.30000019,12.30000019
1981-11-05,12.18000031,12.18000031
1981-11-06,11.68000031,11.68000031
1981-11-09,11.18999958,11.18999958
1981-11-10,11.14999962,11.14999962
1981-11-12,10.60000038,10.60000038
1981-11-13,10.77999973,10.77999973
1981-11-16,10.63000011,10.63000011
1981-11-17,10.63000011,10.63000011
1981-11-18,10.06999969,10.06999969
1981-11-19,10.11999989,10.11999989
1981-11-20,10.10999966,10.10999966
1981-11-23,10.48999977,10.48999977
1981-11-24,10.17000008,10.17000008
1981-11-25,10.10000038,10.10000038
1981-11-27,10.17000008,10.17000008
1981-11-30,10.36999989,10.36999989
1981-12-01,10.48999977,10.48999977
1981-12-02,10.61999989,10.61999989
1981-12-03,10.52000046,10.52000046
1981-12-04,9.93999958,9.93999958
1981-12-07,10.22000027,10.22000027
1981-12-08,10.26000023,10.26000023
1981-12-09,10.38000011,10.38000011
1981-12-10,10.68000031,10.68000031
1981-12-11,10.81999969,10.81999969
1981-12-14,10.94999981,10.94999981
1981-12-15,10.89000034,10.89000034
1981-12-16,10.86999989,10.86999989
1981-12-17,11.14000034,11.14000034
1981-12-18,10.86999989,10.86999989
1981-12-21,11.10000038,11.10000038
1981-12-22,11.02999973,11.02999973
1981-12-23,11.31999969,11.31999969
1981-12-24,11.10000038,11.10000038
1981-12-28,11.27000046,11.27000046
1981-12-29,11.69999981,11.69999981
1981-12-30,11.35999966,11.35999966
1981-12-31,11.07999992,11.07999992
1982-01-04,11.39000034,11.39000034
1982-01-05,11.72000027,11.72000027
1982-01-06,11.64000034,11.64000034
1982-01-07,11.65999985,11.65999985
1982-01-08,11.52000046,11.52000046
1982-01-11,11.97000027,11.97000027
1982-01-12,11.96000004,11.96000004
1982-01-13,12.14000034,12.14000034
1982-01-14,12.06000042,12.06000042
1982-01-15,12.21000004,12.21000004
1982-01-18,12.25,12.25
1982-01-19,12.56000042,12.56000042
1982-01-20,12.72000027,12.72000027
1982-01-21,12.77000046,12.77000046
1982-01-22,13.02000046,13.02000046
1982-01-25,13.31999969,13.31999969
1982-01-26,13.02000046,13.02000046
1982-01-27,12.80000019,12.80000019
1982-01-28,12.27999973,12.27999973
1982-01-29,12.52000046,12.52000046
1982-02-01,13.68000031,13.68000031
1982-02-02,13.60999966,13.60999966
1982-02-03,13.77000046,13.77000046
1982-02-04,13.68999958,13.68999958
1982-02-05,13.63000011,13.63000011
1982-02-08,13.96000004,13.96000004
1982-02-09,14.18000031,14.18000031
1982-02-10,14.14999962,14.14999962
1982-02-11,14.18999958,14.18999958
1982-02-16,14.56999969,14.56999969
1982-02-17,14.47000027,14.47000027
1982-02-18,13.69999981,13.69999981
1982-02-19,13.48999977,13.48999977
1982-02-22,12.55000019,12.55000019
1982-02-23,12.35000038,12.35000038
1982-02-24,12,12
1982-02-25,12.22999954,12.22999954
1982-02-26,12.43999958,12.43999958
1982-03-01,12.27000046,12.27000046
1982-03-02,12.36999989,12.36999989
1982-03-03,12.27999973,12.27999973
1982-03-04,12.18000031,12.18000031
1982-03-05,12.18999958,12.18999958
1982-03-08,12.11999989,12.11999989
1982-03-09,12.35999966,12.35999966
1982-03-10,12.40999985,12.40999985
1982-03-11,12.64000034,12.64000034
1982-03-12,12.81000042,12.81000042
1982-03-15,12.89000034,12.89000034
1982-03-16,12.72999954,12.72999954
1982-03-17,12.76000023,12.76000023
1982-03-18,12.82999992,12.82999992
1982-03-19,13.03999996,13.03999996
1982-03-22,12.64999962,12.64999962
1982-03-23,12.52999973,12.52999973
1982-03-24,12.68000031,12.68000031
1982-03-25,12.75,12.75
1982-03-26,13,13
1982-03-29,13.40999985,13.40999985
1982-03-30,13.43000031,13.43000031
1982-03-31,13.26000023,13.26000023
1982-04-01,13.23999977,13.23999977
1982-04-02,13.26000023,13.26000023
1982-04-05,13.05000019,13.05000019
1982-04-06,13.13000011,13.13000011
1982-04-07,13.18000031,13.18000031
1982-04-08,13.02999973,13.02999973
1982-04-12,12.81000042,12.81000042
1982-04-13,12.72999954,12.72999954
1982-04-14,12.81000042,12.81000042
1982-04-15,12.85999966,12.85999966
1982-04-16,12.64000034,12.64000034
1982-04-19,12.47999954,12.47999954
1982-04-20,12.46000004,12.46000004
1982-04-21,12.18999958,12.18999958
1982-04-22,12.42000008,12.42000008
1982-04-23,12.39000034,12.39000034
1982-04-26,12.43999958,12.43999958
1982-04-27,12.43000031,12.43000031
1982-04-28,12.43999958,12.43999958
1982-04-29,12.43999958,12.43999958
1982-04-30,12.34000015,12.34000015
1982-05-03,12.73999977,12.73999977
1982-05-04,12.72999954,12.72999954
1982-05-05,12.61999989,12.61999989
1982-05-06,12.34000015,12.34000015
1982-05-07,12.25,12.25
1982-05-10,12.32999992,12.32999992
1982-05-11,12.30000019,12.30000019
1982-05-12,12.39999962,12.39999962
1982-05-13,12.5,12.5
1982-05-14,12.35999966,12.35999966
1982-05-17,12.31999969,12.31999969
1982-05-18,12.22999954,12.22999954
1982-05-19,11.93999958,11.93999958
1982-05-20,11.5,11.5
1982-05-21,11.51000023,11.51000023
1982-05-24,11.5,11.5
1982-05-25,11.56999969,11.56999969
1982-05-26,11.55000019,11.55000019
1982-05-27,11.56999969,11.56999969
1982-05-28,11.5,11.5
1982-06-01,12.01000023,12.01000023
1982-06-02,12.06000042,12.06000042
1982-06-03,12.06999969,12.06999969
1982-06-04,12.22000027,12.22000027
1982-06-07,12.09000015,12.09000015
1982-06-08,12.17000008,12.17000008
1982-06-09,12.07999992,12.07999992
1982-06-10,11.97999954,11.97999954
1982-06-11,11.98999977,11.98999977
1982-06-14,12.34000015,12.34000015
1982-06-15,12.35999966,12.35999966
1982-06-16,12.31000042,12.31000042
1982-06-17,12.56000042,12.56000042
1982-06-18,12.72999954,12.72999954
1982-06-21,12.56000042,12.56000042
1982-06-22,12.77999973,12.77999973
1982-06-23,12.86999989,12.86999989
1982-06-24,12.98999977,12.98999977
1982-06-25,13.18999958,13.18999958
1982-06-28,13.10999966,13.10999966
1982-06-29,13.02000046,13.02000046
1982-06-30,12.76000023,12.76000023
1982-07-01,12.55000019,12.55000019
1982-07-02,12.59000015,12.59000015
1982-07-06,12.61999989,12.61999989
1982-07-07,12.57999992,12.57999992
1982-07-08,11.94999981,11.94999981
1982-07-09,11.77000046,11.77000046
1982-07-12,11.72999954,11.72999954
1982-07-13,11.94999981,11.94999981
1982-07-14,12,12
1982-07-15,11.64000034,11.64000034
1982-07-16,11.21000004,11.21000004
1982-07-19,11.06000042,11.06000042
1982-07-20,10.65999985,10.65999985
1982-07-21,10.75,10.75
1982-07-22,10.40999985,10.40999985
1982-07-23,10.32999992,10.32999992
1982-07-26,10.44999981,10.44999981
1982-07-27,10.65999985,10.65999985
1982-07-28,10.72000027,10.72000027
1982-07-29,10.52999973,10.52999973
1982-07-30,10.17000008,10.17000008
1982-08-02,9.359999657,9.359999657
1982-08-03,9.800000191,9.800000191
1982-08-04,9.729999542,9.729999542
1982-08-05,9.800000191,9.800000191
1982-08-06,10.31000042,10.31000042
1982-08-09,9.859999657,9.859999657
1982-08-10,10.02000046,10.02000046
1982-08-11,9.970000267,9.970000267
1982-08-12,9.380000114,9.380000114
1982-08-13,9.25,9.25
1982-08-16,8.670000076,8.670000076
1982-08-17,8.050000191,8.050000191
1982-08-18,8.06000042,8.06000042
1982-08-19,7.519999981,7.519999981
1982-08-20,7.079999924,7.079999924
1982-08-23,7.5,7.5
1982-08-24,7.610000134,7.610000134
1982-08-25,7.420000076,7.420000076
1982-08-26,7.139999866,7.139999866
1982-08-27,7.840000153,7.840000153
1982-08-30,8.159999847,8.159999847
1982-08-31,8.420000076,8.420000076
1982-09-01,8.420000076,8.420000076
1982-09-02,8.359999657,8.359999657
1982-09-03,8.170000076,8.170000076
1982-09-07,8.390000343,8.390000343
1982-09-08,8.300000191,8.300000191
1982-09-09,8.279999733,8.279999733
1982-09-10,8.369999886,8.369999886
1982-09-13,8.119999886,8.119999886
1982-09-14,7.889999866,7.889999866
1982-09-15,8.140000343,8.140000343
1982-09-16,8.029999733,8.029999733
1982-09-17,7.960000038,7.960000038
1982-09-20,7.78000021,7.78000021
1982-09-21,7.630000114,7.630000114
1982-09-22,7.349999905,7.349999905
1982-09-23,7.28000021,7.28000021
1982-09-24,7.599999905,7.599999905
1982-09-27,7.579999924,7.579999924
1982-09-28,7.480000019,7.480000019
1982-09-29,7.579999924,7.579999924
1982-09-30,7.619999886,7.619999886
1982-10-01,7.349999905,7.349999905
1982-10-04,7.940000057,7.940000057
1982-10-05,8.140000343,8.140000343
1982-10-06,8.050000191,8.050000191
1982-10-07,7.760000229,7.760000229
1982-10-08,7.75,7.75
1982-10-12,7.380000114,7.380000114
1982-10-13,7.420000076,7.420000076
1982-10-14,7.539999962,7.539999962
1982-10-15,7.559999943,7.559999943
1982-10-18,7.429999828,7.429999828
1982-10-19,7.480000019,7.480000019
1982-10-20,7.559999943,7.559999943
1982-10-21,7.570000172,7.570000172
1982-10-22,7.639999866,7.639999866
1982-10-25,7.869999886,7.869999886
1982-10-26,7.960000038,7.960000038
1982-10-27,8,8
1982-10-28,7.909999847,7.909999847
1982-10-29,7.900000095,7.900000095
1982-11-01,7.809999943,7.809999943
1982-11-03,7.789999962,7.789999962
1982-11-04,7.730000019,7.730000019
1982-11-05,7.78000021,7.78000021
1982-11-08,7.920000076,7.920000076
1982-11-09,8,8
1982-11-10,8.079999924,8.079999924
1982-11-12,8.279999733,8.279999733
1982-11-15,8.430000305,8.430000305
1982-11-16,8.399999619,8.399999619
1982-11-17,8.359999657,8.359999657
1982-11-18,8.270000458,8.270000458
1982-11-19,8.100000381,8.100000381
1982-11-22,7.960000038,7.960000038
1982-11-23,7.949999809,7.949999809
1982-11-24,7.929999828,7.929999828
1982-11-26,7.929999828,7.929999828
1982-11-29,8.260000229,8.260000229
1982-11-30,8.279999733,8.279999733
1982-12-01,8.279999733,8.279999733
1982-12-02,8.039999962,8.039999962
1982-12-03,7.840000153,7.840000153
1982-12-06,7.880000114,7.880000114
1982-12-07,7.929999828,7.929999828
1982-12-08,7.96999979,7.96999979
1982-12-09,7.960000038,7.960000038
1982-12-10,8.039999962,8.039999962
1982-12-13,8,8
1982-12-14,7.679999828,7.679999828
1982-12-15,7.630000114,7.630000114
1982-12-16,7.829999924,7.829999924
1982-12-17,7.869999886,7.869999886
1982-12-20,7.880000114,7.880000114
1982-12-21,7.900000095,7.900000095
1982-12-22,7.920000076,7.920000076
1982-12-23,7.920000076,7.920000076
1982-12-27,7.909999847,7.909999847
1982-12-28,8.050000191,8.050000191
1982-12-29,8.140000343,8.140000343
1982-12-30,8.020000458,8.020000458
1982-12-31,7.920000076,7.920000076
1983-01-03,7.920000076,7.920000076
1983-01-04,8,8
1983-01-05,7.980000019,7.980000019
1983-01-06,7.940000057,7.940000057
1983-01-07,7.760000229,7.760000229
1983-01-10,7.71999979,7.71999979
1983-01-11,7.690000057,7.690000057
1983-01-12,7.679999828,7.679999828
1983-01-13,7.659999847,7.659999847
1983-01-14,7.550000191,7.550000191
1983-01-17,7.599999905,7.599999905
1983-01-18,7.639999866,7.639999866
1983-01-19,7.679999828,7.679999828
1983-01-20,7.78000021,7.78000021
1983-01-21,8.029999733,8.029999733
1983-01-24,8.100000381,8.100000381
1983-01-25,8.050000191,8.050000191
1983-01-26,8.079999924,8.079999924
1983-01-27,8.020000458,8.020000458
1983-01-28,8,8
1983-01-31,8.100000381,8.100000381
1983-02-01,8.159999847,8.159999847
1983-02-02,8.159999847,8.159999847
1983-02-03,8.149999619,8.149999619
1983-02-04,8.25,8.25
1983-02-07,8.229999542,8.229999542
1983-02-08,8.289999962,8.289999962
1983-02-09,8.279999733,8.279999733
1983-02-10,8.170000076,8.170000076
1983-02-11,8.140000343,8.140000343
1983-02-14,8.239999771,8.239999771
1983-02-15,8.25,8.25
1983-02-16,8.199999809,8.199999809
1983-02-17,8.100000381,8.100000381
1983-02-18,7.989999771,7.989999771
1983-02-22,7.909999847,7.909999847
1983-02-23,7.960000038,7.960000038
1983-02-24,7.929999828,7.929999828
1983-02-25,7.820000172,7.820000172
1983-02-28,7.929999828,7.929999828
1983-03-01,7.960000038,7.960000038
1983-03-02,8,8
1983-03-03,7.949999809,7.949999809
1983-03-04,8.010000229,8.010000229
1983-03-07,8.180000305,8.180000305
1983-03-08,8.300000191,8.300000191
1983-03-09,8.260000229,8.260000229
1983-03-10,8.239999771,8.239999771
1983-03-11,8.270000458,8.270000458
1983-03-14,8.229999542,8.229999542
1983-03-15,8.25,8.25
1983-03-16,8.300000191,8.300000191
1983-03-17,8.340000153,8.340000153
1983-03-18,8.43999958,8.43999958
1983-03-21,8.5,8.5
1983-03-22,8.609999657,8.609999657
1983-03-23,8.470000267,8.470000267
1983-03-24,8.510000229,8.510000229
1983-03-25,8.649999619,8.649999619
1983-03-28,8.649999619,8.649999619
1983-03-29,8.630000114,8.630000114
1983-03-30,8.630000114,8.630000114
1983-03-31,8.640000343,8.640000343
1983-04-04,8.640000343,8.640000343
1983-04-05,8.510000229,8.510000229
1983-04-06,8.399999619,8.399999619
1983-04-07,8.359999657,8.359999657
1983-04-08,8.329999924,8.329999924
1983-04-11,8.170000076,8.170000076
1983-04-12,8.199999809,8.199999809
1983-04-13,8.180000305,8.180000305
1983-04-14,8.119999886,8.119999886
1983-04-15,8.140000343,8.140000343
1983-04-18,8.069999695,8.069999695
1983-04-19,8.159999847,8.159999847
1983-04-20,8.100000381,8.100000381
1983-04-21,8.140000343,8.140000343
1983-04-22,8.149999619,8.149999619
1983-04-25,8.149999619,8.149999619
1983-04-26,8.140000343,8.140000343
1983-04-27,8.100000381,8.100000381
1983-04-28,8.100000381,8.100000381
1983-04-29,8.079999924,8.079999924
1983-05-02,8.050000191,8.050000191
1983-05-03,8.039999962,8.039999962
1983-05-04,8.010000229,8.010000229
1983-05-05,8.06000042,8.06000042
1983-05-06,7.980000019,7.980000019
1983-05-09,8.130000114,8.130000114
1983-05-10,8,8
1983-05-11,7.960000038,7.960000038
1983-05-12,8.050000191,8.050000191
1983-05-13,8.020000458,8.020000458
1983-05-16,8.149999619,8.149999619
1983-05-17,8.130000114,8.130000114
1983-05-18,8.109999657,8.109999657
1983-05-19,8.140000343,8.140000343
1983-05-20,8.180000305,8.180000305
1983-05-23,8.420000076,8.420000076
1983-05-24,8.470000267,8.470000267
1983-05-25,8.489999771,8.489999771
1983-05-26,8.529999733,8.529999733
1983-05-27,8.479999542,8.479999542
1983-05-31,8.630000114,8.630000114
1983-06-01,8.579999924,8.579999924
1983-06-02,8.5,8.5
1983-06-03,8.550000191,8.550000191
1983-06-06,8.640000343,8.640000343
1983-06-07,8.819999695,8.819999695
1983-06-08,8.829999924,8.829999924
1983-06-09,8.739999771,8.739999771
1983-06-10,8.779999733,8.779999733
1983-06-13,8.699999809,8.699999809
1983-06-14,8.729999542,8.729999542
1983-06-15,8.720000267,8.720000267
1983-06-16,8.649999619,8.649999619
1983-06-17,8.68999958,8.68999958
1983-06-20,8.960000038,8.960000038
1983-06-21,8.949999809,8.949999809
1983-06-22,8.970000267,8.970000267
1983-06-23,8.930000305,8.930000305
1983-06-24,9.039999962,9.039999962
1983-06-27,9.029999733,9.029999733
1983-06-28,8.979999542,8.979999542
1983-06-29,8.850000381,8.850000381
1983-06-30,8.789999962,8.789999962
1983-07-01,8.729999542,8.729999542
1983-07-05,9.020000458,9.020000458
1983-07-06,9.020000458,9.020000458
1983-07-07,9.100000381,9.100000381
1983-07-08,9.119999886,9.119999886
1983-07-11,9.039999962,9.039999962
1983-07-12,9.140000343,9.140000343
1983-07-13,9.100000381,9.100000381
1983-07-14,9.079999924,9.079999924
1983-07-15,9.140000343,9.140000343
1983-07-18,9.109999657,9.109999657
1983-07-19,9.140000343,9.140000343
1983-07-20,9.069999695,9.069999695
1983-07-21,9.069999695,9.069999695
1983-07-22,9.090000153,9.090000153
1983-07-25,9.069999695,9.069999695
1983-07-26,9.109999657,9.109999657
1983-07-27,9.069999695,9.069999695
1983-07-28,9.170000076,9.170000076
1983-07-29,9.220000267,9.220000267
1983-08-01,9.270000458,9.270000458
1983-08-02,9.489999771,9.489999771
1983-08-03,9.390000343,9.390000343
1983-08-04,9.430000305,9.430000305
1983-08-05,9.449999809,9.449999809
1983-08-08,9.5,9.5
1983-08-09,9.529999733,9.529999733
1983-08-10,9.56000042,9.56000042
1983-08-11,9.520000458,9.520000458
1983-08-12,9.489999771,9.489999771
1983-08-15,9.399999619,9.399999619
1983-08-16,9.399999619,9.399999619
1983-08-17,9.319999695,9.319999695
1983-08-18,9.300000191,9.300000191
1983-08-19,9.31000042,9.31000042
1983-08-22,9.159999847,9.159999847
1983-08-23,9.18999958,9.18999958
1983-08-24,9.119999886,9.119999886
1983-08-25,9.100000381,9.100000381
1983-08-26,9.159999847,9.159999847
1983-08-29,9.25,9.25
1983-08-30,9.300000191,9.300000191
1983-08-31,9.260000229,9.260000229
1983-09-01,9.220000267,9.220000267
1983-09-02,9.270000458,9.270000458
1983-09-06,9.180000305,9.180000305
1983-09-07,9.100000381,9.100000381
1983-09-08,9.109999657,9.109999657
1983-09-09,9.130000114,9.130000114
1983-09-12,9.050000191,9.050000191
1983-09-13,9.079999924,9.079999924
1983-09-14,9.109999657,9.109999657
1983-09-15,9.100000381,9.100000381
1983-09-16,9.069999695,9.069999695
1983-09-19,8.989999771,8.989999771
1983-09-20,8.970000267,8.970000267
1983-09-21,8.949999809,8.949999809
1983-09-22,8.930000305,8.930000305
1983-09-23,8.880000114,8.880000114
1983-09-26,8.729999542,8.729999542
1983-09-27,8.729999542,8.729999542
1983-09-28,8.779999733,8.779999733
1983-09-29,8.81000042,8.81000042
1983-09-30,8.710000038,8.710000038
1983-10-03,8.739999771,8.739999771
1983-10-04,8.649999619,8.649999619
1983-10-05,8.539999962,8.539999962
1983-10-06,8.56000042,8.56000042
1983-10-07,8.600000381,8.600000381
1983-10-11,8.81000042,8.81000042
1983-10-12,8.779999733,8.779999733
1983-10-13,8.81000042,8.81000042
1983-10-14,8.770000458,8.770000458
1983-10-17,8.550000191,8.550000191
1983-10-18,8.520000458,8.520000458
1983-10-19,8.5,8.5
1983-10-20,8.539999962,8.539999962
1983-10-21,8.539999962,8.539999962
1983-10-24,8.680000305,8.680000305
1983-10-25,8.659999847,8.659999847
1983-10-26,8.659999847,8.659999847
1983-10-27,8.649999619,8.649999619
1983-10-28,8.630000114,8.630000114
1983-10-31,8.510000229,8.510000229
1983-11-01,8.470000267,8.470000267
1983-11-02,8.489999771,8.489999771
1983-11-03,8.640000343,8.640000343
1983-11-04,8.81000042,8.81000042
1983-11-07,8.770000458,8.770000458
1983-11-09,8.779999733,8.779999733
1983-11-10,8.760000229,8.760000229
1983-11-14,8.770000458,8.770000458
1983-11-15,8.779999733,8.779999733
1983-11-16,8.800000191,8.800000191
1983-11-17,8.840000153,8.840000153
1983-11-18,8.850000381,8.850000381
1983-11-21,8.779999733,8.779999733
1983-11-22,8.770000458,8.770000458
1983-11-23,8.81000042,8.81000042
1983-11-25,8.779999733,8.779999733
1983-11-28,8.869999886,8.869999886
1983-11-29,8.869999886,8.869999886
1983-11-30,8.880000114,8.880000114
1983-12-01,8.869999886,8.869999886
1983-12-02,8.930000305,8.930000305
1983-12-05,8.930000305,8.930000305
1983-12-06,8.93999958,8.93999958
1983-12-07,8.949999809,8.949999809
1983-12-08,9.020000458,9.020000458
1983-12-09,9,9
1983-12-12,8.960000038,8.960000038
1983-12-13,9.090000153,9.090000153
1983-12-14,9.119999886,9.119999886
1983-12-15,9.170000076,9.170000076
1983-12-16,9.109999657,9.109999657
1983-12-19,9.090000153,9.090000153
1983-12-20,9.039999962,9.039999962
1983-12-21,9,9
1983-12-22,8.890000343,8.890000343
1983-12-23,8.960000038,8.960000038
1983-12-27,8.920000076,8.920000076
1983-12-28,8.979999542,8.979999542
1983-12-29,8.979999542,8.979999542
1983-12-30,8.970000267,8.970000267
1984-01-03,9,9
1984-01-04,8.979999542,8.979999542
1984-01-05,8.930000305,8.930000305
1984-01-06,8.869999886,8.869999886
1984-01-09,8.899999619,8.899999619
1984-01-10,8.899999619,8.899999619
1984-01-11,8.930000305,8.930000305
1984-01-12,8.920000076,8.920000076
1984-01-13,8.739999771,8.739999771
1984-01-16,8.779999733,8.779999733
1984-01-17,8.829999924,8.829999924
1984-01-18,8.909999847,8.909999847
1984-01-19,8.899999619,8.899999619
1984-01-20,8.970000267,8.970000267
1984-01-23,8.93999958,8.93999958
1984-01-24,8.920000076,8.920000076
1984-01-25,8.930000305,8.930000305
1984-01-26,8.930000305,8.930000305
1984-01-27,8.909999847,8.909999847
1984-01-30,8.890000343,8.890000343
1984-01-31,8.890000343,8.890000343
1984-02-01,8.890000343,8.890000343
1984-02-02,8.909999847,8.909999847
1984-02-03,8.960000038,8.960000038
1984-02-06,9.090000153,9.090000153
1984-02-07,9.06000042,9.06000042
1984-02-08,9.06000042,9.06000042
1984-02-09,9.029999733,9.029999733
1984-02-10,9.06000042,9.06000042
1984-02-14,9.069999695,9.069999695
1984-02-15,9.06000042,9.06000042
1984-02-16,9.069999695,9.069999695
1984-02-17,9.170000076,9.170000076
1984-02-21,9.130000114,9.130000114
1984-02-22,9.130000114,9.130000114
1984-02-23,9.260000229,9.260000229
1984-02-24,9.180000305,9.180000305
1984-02-27,9.18999958,9.18999958
1984-02-28,9.210000038,9.210000038
1984-02-29,9.140000343,9.140000343
1984-03-01,9.18999958,9.18999958
1984-03-02,9.159999847,9.159999847
1984-03-05,9.199999809,9.199999809
1984-03-06,9.229999542,9.229999542
1984-03-07,9.31000042,9.31000042
1984-03-08,9.340000153,9.340000153
1984-03-09,9.350000381,9.350000381
1984-03-12,9.340000153,9.340000153
1984-03-13,9.380000114,9.380000114
1984-03-14,9.460000038,9.460000038
1984-03-15,9.479999542,9.479999542
1984-03-16,9.5,9.5
1984-03-19,9.640000343,9.640000343
1984-03-20,9.800000191,9.800000191
1984-03-21,9.81000042,9.81000042
1984-03-22,9.789999962,9.789999962
1984-03-23,9.770000458,9.770000458
1984-03-26,9.729999542,9.729999542
1984-03-27,9.779999733,9.779999733
1984-03-28,9.710000038,9.710000038
1984-03-29,9.680000305,9.680000305
1984-03-30,9.720000267,9.720000267
1984-04-02,9.680000305,9.680000305
1984-04-03,9.779999733,9.779999733
1984-04-04,9.789999962,9.789999962
1984-04-05,9.789999962,9.789999962
1984-04-06,9.680000305,9.680000305
1984-04-09,9.590000153,9.590000153
1984-04-10,9.630000114,9.630000114
1984-04-11,9.630000114,9.630000114
1984-04-12,9.640000343,9.640000343
1984-04-13,9.739999771,9.739999771
1984-04-16,9.789999962,9.789999962
1984-04-17,9.760000229,9.760000229
1984-04-18,9.75,9.75
1984-04-19,9.729999542,9.729999542
1984-04-23,9.649999619,9.649999619
1984-04-24,9.649999619,9.649999619
1984-04-25,9.630000114,9.630000114
1984-04-26,9.539999962,9.539999962
1984-04-27,9.710000038,9.710000038
1984-04-30,9.720000267,9.720000267
1984-05-01,9.699999809,9.699999809
1984-05-02,9.680000305,9.680000305
1984-05-03,9.670000076,9.670000076
1984-05-04,9.869999886,9.869999886
1984-05-07,9.930000305,9.930000305
1984-05-08,10.03999996,10.03999996
1984-05-09,10,10
1984-05-10,9.859999657,9.859999657
1984-05-11,10.01000023,10.01000023
1984-05-14,9.970000267,9.970000267
1984-05-15,10.10999966,10.10999966
1984-05-16,9.75,9.75
1984-05-17,9.779999733,9.779999733
1984-05-18,9.81000042,9.81000042
1984-05-21,9.699999809,9.699999809
1984-05-22,10.03999996,10.03999996
1984-05-23,9.909999847,9.909999847
1984-05-24,9.710000038,9.710000038
1984-05-25,9.579999924,9.579999924
1984-05-29,9.720000267,9.720000267
1984-05-30,9.760000229,9.760000229
1984-05-31,9.75,9.75
1984-06-01,9.800000191,9.800000191
1984-06-04,9.850000381,9.850000381
1984-06-05,9.75,9.75
1984-06-06,9.760000229,9.760000229
1984-06-07,9.840000153,9.840000153
1984-06-08,9.869999886,9.869999886
1984-06-11,10.02999973,10.02999973
1984-06-12,10.06999969,10.06999969
1984-06-13,9.890000343,9.890000343
1984-06-14,9.880000114,9.880000114
1984-06-15,9.880000114,9.880000114
1984-06-18,9.960000038,9.960000038
1984-06-19,9.909999847,9.909999847
1984-06-20,9.909999847,9.909999847
1984-06-21,9.930000305,9.930000305
1984-06-22,9.840000153,9.840000153
1984-06-25,9.75,9.75
1984-06-26,9.800000191,9.800000191
1984-06-27,9.75,9.75
1984-06-28,9.840000153,9.840000153
1984-06-29,9.920000076,9.920000076
1984-07-02,9.739999771,9.739999771
1984-07-03,9.979999542,9.979999542
1984-07-05,9.960000038,9.960000038
1984-07-06,10,10
1984-07-09,10,10
1984-07-10,10.09000015,10.09000015
1984-07-11,10.10000038,10.10000038
1984-07-12,10.02999973,10.02999973
1984-07-13,9.960000038,9.960000038
1984-07-16,10,10
1984-07-17,10.18000031,10.18000031
1984-07-18,10.10999966,10.10999966
1984-07-19,10.11999989,10.11999989
1984-07-20,10.14999962,10.14999962
1984-07-23,10.21000004,10.21000004
1984-07-24,10.27000046,10.27000046
1984-07-25,10.26000023,10.26000023
1984-07-26,10.23999977,10.23999977
1984-07-27,10.27999973,10.27999973
1984-07-30,10.34000015,10.34000015
1984-07-31,10.39999962,10.39999962
1984-08-01,10.43000031,10.43000031
1984-08-02,10.46000004,10.46000004
1984-08-03,10.46000004,10.46000004
1984-08-06,10.53999996,10.53999996
1984-08-07,10.52999973,10.52999973
1984-08-08,10.47000027,10.47000027
1984-08-09,10.40999985,10.40999985
1984-08-10,10.43000031,10.43000031
1984-08-13,10.44999981,10.44999981
1984-08-14,10.30000019,10.30000019
1984-08-15,10.19999981,10.19999981
1984-08-16,10.26000023,10.26000023
1984-08-17,10.32999992,10.32999992
1984-08-20,10.43999958,10.43999958
1984-08-21,10.42000008,10.42000008
1984-08-22,10.40999985,10.40999985
1984-08-23,10.44999981,10.44999981
1984-08-24,10.47999954,10.47999954
1984-08-27,10.67000008,10.67000008
1984-08-28,10.64999962,10.64999962
1984-08-29,10.65999985,10.65999985
1984-08-30,10.64999962,10.64999962
1984-08-31,10.63000011,10.63000011
1984-09-04,10.67000008,10.67000008
1984-09-05,10.63000011,10.63000011
1984-09-06,10.60000038,10.60000038
1984-09-07,10.72999954,10.72999954
1984-09-10,10.42000008,10.42000008
1984-09-11,10.39000034,10.39000034
1984-09-12,10.39999962,10.39999962
1984-09-13,10.32999992,10.32999992
1984-09-14,10.36999989,10.36999989
1984-09-17,10.38000011,10.38000011
1984-09-18,10.31999969,10.31999969
1984-09-19,10.27000046,10.27000046
1984-09-20,10.23999977,10.23999977
1984-09-21,10.25,10.25
1984-09-24,10.30000019,10.30000019
1984-09-25,10.28999996,10.28999996
1984-09-26,10.22000027,10.22000027
1984-09-27,10.15999985,10.15999985
1984-09-28,10.22000027,10.22000027
1984-10-01,10.22999954,10.22999954
1984-10-02,10.25,10.25
1984-10-03,10.18000031,10.18000031
1984-10-04,10.14999962,10.14999962
1984-10-05,10.14000034,10.14000034
1984-10-09,10.09000015,10.09000015
1984-10-10,10.06999969,10.06999969
1984-10-11,9.960000038,9.960000038
1984-10-12,9.899999619,9.899999619
1984-10-15,9.979999542,9.979999542
1984-10-16,9.949999809,9.949999809
1984-10-17,9.869999886,9.869999886
1984-10-18,9.710000038,9.710000038
1984-10-19,9.56000042,9.56000042
1984-10-22,9.550000191,9.550000191
1984-10-23,9.449999809,9.449999809
1984-10-24,9.159999847,9.159999847
1984-10-25,9.170000076,9.170000076
1984-10-26,9.340000153,9.340000153
1984-10-29,9.289999962,9.289999962
1984-10-30,9.18999958,9.18999958
1984-10-31,9.010000229,9.010000229
1984-11-01,9.010000229,9.010000229
1984-11-02,9,9
1984-11-05,8.670000076,8.670000076
1984-11-07,8.550000191,8.550000191
1984-11-08,8.75,8.75
1984-11-09,8.640000343,8.640000343
1984-11-13,8.710000038,8.710000038
1984-11-14,8.760000229,8.760000229
1984-11-15,8.659999847,8.659999847
1984-11-16,8.590000153,8.590000153
1984-11-19,8.590000153,8.590000153
1984-11-20,8.619999886,8.619999886
1984-11-21,8.539999962,8.539999962
1984-11-23,8.43999958,8.43999958
1984-11-26,8.479999542,8.479999542
1984-11-27,8.380000114,8.380000114
1984-11-28,8.380000114,8.380000114
1984-11-29,8.350000381,8.350000381
1984-11-30,8.43999958,8.43999958
1984-12-03,8.409999847,8.409999847
1984-12-04,8.489999771,8.489999771
1984-12-05,8.470000267,8.470000267
1984-12-06,8.479999542,8.479999542
1984-12-07,8.350000381,8.350000381
1984-12-10,8.340000153,8.340000153
1984-12-11,8.350000381,8.350000381
1984-12-12,8.270000458,8.270000458
1984-12-13,8.289999962,8.289999962
1984-12-14,8.109999657,8.109999657
1984-12-17,7.960000038,7.960000038
1984-12-18,7.809999943,7.809999943
1984-12-19,7.710000038,7.710000038
1984-12-20,7.800000191,7.800000191
1984-12-21,7.769999981,7.769999981
1984-12-24,7.639999866,7.639999866
1984-12-26,7.630000114,7.630000114
1984-12-27,7.670000076,7.670000076
1984-12-28,7.739999771,7.739999771
1984-12-31,7.849999905,7.849999905
1985-01-02,7.829999924,7.829999924
1985-01-03,7.800000191,7.800000191
1985-01-04,7.820000172,7.820000172
1985-01-07,7.78000021,7.78000021
1985-01-08,7.789999962,7.789999962
1985-01-09,7.690000057,7.690000057
1985-01-10,7.739999771,7.739999771
1985-01-11,7.760000229,7.760000229
1985-01-14,7.699999809,7.699999809
1985-01-15,7.730000019,7.730000019
1985-01-16,7.739999771,7.739999771
1985-01-17,7.739999771,7.739999771
1985-01-18,7.739999771,7.739999771
1985-01-22,7.699999809,7.699999809
1985-01-23,7.639999866,7.639999866
1985-01-24,7.619999886,7.619999886
1985-01-25,7.639999866,7.639999866
1985-01-28,7.71999979,7.71999979
1985-01-29,7.820000172,7.820000172
1985-01-30,7.829999924,7.829999924
1985-01-31,8.050000191,8.050000191
1985-02-01,8.18999958,8.18999958
1985-02-04,8.180000305,8.180000305
1985-02-05,8.140000343,8.140000343
1985-02-06,8.119999886,8.119999886
1985-02-07,8.170000076,8.170000076
1985-02-08,8.229999542,8.229999542
1985-02-11,8.210000038,8.210000038
1985-02-13,8.239999771,8.239999771
1985-02-14,8.18999958,8.18999958
1985-02-15,8.18999958,8.18999958
1985-02-19,8.170000076,8.170000076
1985-02-20,8.239999771,8.239999771
1985-02-21,8.430000305,8.430000305
1985-02-22,8.390000343,8.390000343
1985-02-25,8.380000114,8.380000114
1985-02-26,8.350000381,8.350000381
1985-02-27,8.449999809,8.449999809
1985-02-28,8.5,8.5
1985-03-01,8.659999847,8.659999847
1985-03-04,8.699999809,8.699999809
1985-03-05,8.680000305,8.680000305
1985-03-06,8.68999958,8.68999958
1985-03-07,8.800000191,8.800000191
1985-03-08,8.579999924,8.579999924
1985-03-11,8.470000267,8.470000267
1985-03-12,8.539999962,8.539999962
1985-03-13,8.600000381,8.600000381
1985-03-14,8.720000267,8.720000267
1985-03-15,8.409999847,8.409999847
1985-03-18,8.510000229,8.510000229
1985-03-19,8.550000191,8.550000191
1985-03-20,8.529999733,8.529999733
1985-03-21,8.43999958,8.43999958
1985-03-22,8.510000229,8.510000229
1985-03-25,8.420000076,8.420000076
1985-03-26,8.340000153,8.340000153
1985-03-27,8.329999924,8.329999924
1985-03-28,8.18999958,8.18999958
1985-03-29,8.180000305,8.180000305
1985-04-01,8.149999619,8.149999619
1985-04-02,8.220000267,8.220000267
1985-04-03,8.159999847,8.159999847
1985-04-04,8.130000114,8.130000114
1985-04-08,8.119999886,8.119999886
1985-04-09,8.090000153,8.090000153
1985-04-10,8.100000381,8.100000381
1985-04-11,8.039999962,8.039999962
1985-04-12,8.050000191,8.050000191
1985-04-15,8.069999695,8.069999695
1985-04-16,7.929999828,7.929999828
1985-04-17,7.789999962,7.789999962
1985-04-18,7.710000038,7.710000038
1985-04-19,7.789999962,7.789999962
1985-04-22,7.670000076,7.670000076
1985-04-23,7.78000021,7.78000021
1985-04-24,7.75,7.75
1985-04-25,7.829999924,7.829999924
1985-04-26,7.809999943,7.809999943
1985-04-29,7.840000153,7.840000153
1985-04-30,7.849999905,7.849999905
1985-05-01,7.75,7.75
1985-05-02,7.760000229,7.760000229
1985-05-03,7.71999979,7.71999979
1985-05-06,7.730000019,7.730000019
1985-05-07,7.760000229,7.760000229
1985-05-08,7.820000172,7.820000172
1985-05-09,7.739999771,7.739999771
1985-05-10,7.730000019,7.730000019
1985-05-13,7.710000038,7.710000038
1985-05-14,7.599999905,7.599999905
1985-05-15,7.429999828,7.429999828
1985-05-16,7.369999886,7.369999886
1985-05-17,7.400000095,7.400000095
1985-05-20,7.260000229,7.260000229
1985-05-21,7.300000191,7.300000191
1985-05-22,7.289999962,7.289999962
1985-05-23,7.239999771,7.239999771
1985-05-24,7.179999828,7.179999828
1985-05-28,7.199999809,7.199999809
1985-05-29,7.239999771,7.239999771
1985-05-30,7.179999828,7.179999828
1985-05-31,7.139999866,7.139999866
1985-06-03,7.019999981,7.019999981
1985-06-04,6.960000038,6.960000038
1985-06-05,6.920000076,6.920000076
1985-06-06,6.980000019,6.980000019
1985-06-07,7.150000095,7.150000095
1985-06-10,7.230000019,7.230000019
1985-06-11,7.150000095,7.150000095
1985-06-12,7.090000153,7.090000153
1985-06-13,6.96999979,6.96999979
1985-06-14,6.699999809,6.699999809
1985-06-17,6.769999981,6.769999981
1985-06-18,6.659999847,6.659999847
1985-06-19,6.739999771,6.739999771
1985-06-20,6.829999924,6.829999924
1985-06-21,7.039999962,7.039999962
1985-06-24,7.059999943,7.059999943
1985-06-25,7.090000153,7.090000153
1985-06-26,6.989999771,6.989999771
1985-06-27,6.900000095,6.900000095
1985-06-28,6.829999924,6.829999924
1985-07-01,6.869999886,6.869999886
1985-07-02,6.949999809,6.949999809
1985-07-03,7.019999981,7.019999981
1985-07-05,6.769999981,6.769999981
1985-07-08,6.920000076,6.920000076
1985-07-09,6.960000038,6.960000038
1985-07-10,6.940000057,6.940000057
1985-07-11,7.050000191,7.050000191
1985-07-12,7.090000153,7.090000153
1985-07-15,7.039999962,7.039999962
1985-07-16,7,7
1985-07-17,6.989999771,6.989999771
1985-07-18,7.150000095,7.150000095
1985-07-19,7.159999847,7.159999847
1985-07-22,7.239999771,7.239999771
1985-07-23,7.260000229,7.260000229
1985-07-24,7.239999771,7.239999771
1985-07-25,7.170000076,7.170000076
1985-07-26,7.190000057,7.190000057
1985-07-29,7.25,7.25
1985-07-30,7.28000021,7.28000021
1985-07-31,7.28000021,7.28000021
1985-08-01,7.269999981,7.269999981
1985-08-02,7.309999943,7.309999943
1985-08-05,7.269999981,7.269999981
1985-08-06,7.260000229,7.260000229
1985-08-07,7.179999828,7.179999828
1985-08-08,7.170000076,7.170000076
1985-08-09,7.159999847,7.159999847
1985-08-12,7.099999905,7.099999905
1985-08-13,7.139999866,7.139999866
1985-08-14,7.090000153,7.090000153
1985-08-15,7.190000057,7.190000057
1985-08-16,7.110000134,7.110000134
1985-08-19,7.130000114,7.130000114
1985-08-20,7.119999886,7.119999886
1985-08-21,7.039999962,7.039999962
1985-08-22,7.03000021,7.03000021
1985-08-23,7.039999962,7.039999962
1985-08-26,7.070000172,7.070000172
1985-08-27,7.050000191,7.050000191
1985-08-28,7.059999943,7.059999943
1985-08-29,7.039999962,7.039999962
1985-08-30,7.139999866,7.139999866
1985-09-03,7.110000134,7.110000134
1985-09-04,7.050000191,7.050000191
1985-09-05,7.130000114,7.130000114
1985-09-06,7.260000229,7.260000229
1985-09-09,7.25,7.25
1985-09-10,7.230000019,7.230000019
1985-09-11,7.239999771,7.239999771
1985-09-12,7.239999771,7.239999771
1985-09-13,7.210000038,7.210000038
1985-09-16,7.179999828,7.179999828
1985-09-17,7.199999809,7.199999809
1985-09-18,7.110000134,7.110000134
1985-09-19,7.090000153,7.090000153
1985-09-20,7.010000229,7.010000229
1985-09-23,6.889999866,6.889999866
1985-09-24,6.840000153,6.840000153
1985-09-25,6.869999886,6.869999886
1985-09-26,6.940000057,6.940000057
1985-09-30,7.039999962,7.039999962
1985-10-01,7.03000021,7.03000021
1985-10-02,7.019999981,7.019999981
1985-10-03,6.980000019,6.980000019
1985-10-04,6.989999771,6.989999771
1985-10-07,7.079999924,7.079999924
1985-10-08,7.159999847,7.159999847
1985-10-09,7.190000057,7.190000057
1985-10-10,7.21999979,7.21999979
1985-10-11,7.190000057,7.190000057
1985-10-15,7.210000038,7.210000038
1985-10-16,7.210000038,7.210000038
1985-10-17,7.190000057,7.190000057
1985-10-18,7.199999809,7.199999809
1985-10-21,7.210000038,7.210000038
1985-10-22,7.159999847,7.159999847
1985-10-23,7.21999979,7.21999979
1985-10-24,7.25,7.25
1985-10-25,7.239999771,7.239999771
1985-10-28,7.210000038,7.210000038
1985-10-29,7.210000038,7.210000038
1985-10-30,7.190000057,7.190000057
1985-10-31,7.190000057,7.190000057
1985-11-01,7.199999809,7.199999809
1985-11-04,7.230000019,7.230000019
1985-11-05,7.239999771,7.239999771
1985-11-06,7.25,7.25
1985-11-07,7.300000191,7.300000191
1985-11-08,7.230000019,7.230000019
1985-11-12,7.21999979,7.21999979
1985-11-13,7.28000021,7.28000021
1985-11-14,7.320000172,7.320000172
1985-11-15,7.349999905,7.349999905
1985-11-18,7.239999771,7.239999771
1985-11-19,7.210000038,7.210000038
1985-11-20,7.25,7.25
1985-11-21,7.230000019,7.230000019
1985-11-22,7.230000019,7.230000019
1985-11-25,7.190000057,7.190000057
1985-11-26,7.199999809,7.199999809
1985-11-27,7.179999828,7.179999828
1985-11-29,7.159999847,7.159999847
1985-12-02,7.260000229,7.260000229
1985-12-03,7.230000019,7.230000019
1985-12-04,7.21999979,7.21999979
1985-12-05,7.260000229,7.260000229
1985-12-06,7.25,7.25
1985-12-09,7.199999809,7.199999809
1985-12-10,7.170000076,7.170000076
1985-12-11,7.050000191,7.050000191
1985-12-12,7.079999924,7.079999924
1985-12-13,6.980000019,6.980000019
1985-12-16,7.03000021,7.03000021
1985-12-17,7,7
1985-12-18,7.130000114,7.130000114
1985-12-19,7.099999905,7.099999905
1985-12-20,7.050000191,7.050000191
1985-12-23,7.070000172,7.070000172
1985-12-24,7.050000191,7.050000191
1985-12-26,7.010000229,7.010000229
1985-12-27,6.960000038,6.960000038
1985-12-30,6.940000057,6.940000057
1985-12-31,7.050000191,7.050000191
1986-01-02,7.099999905,7.099999905
1986-01-03,7.070000172,7.070000172
1986-01-06,7.059999943,7.059999943
1986-01-07,7.03000021,7.03000021
1986-01-08,7.170000076,7.170000076
1986-01-09,7.179999828,7.179999828
1986-01-10,7.210000038,7.210000038
1986-01-13,7.239999771,7.239999771
1986-01-14,7.239999771,7.239999771
1986-01-15,7.190000057,7.190000057
1986-01-16,7.079999924,7.079999924
1986-01-17,7.110000134,7.110000134
1986-01-21,7.019999981,7.019999981
1986-01-22,7,7
1986-01-23,6.96999979,6.96999979
1986-01-24,6.96999979,6.96999979
1986-01-27,6.949999809,6.949999809
1986-01-28,6.920000076,6.920000076
1986-01-29,7.03000021,7.03000021
1986-01-30,7.039999962,7.039999962
1986-01-31,6.96999979,6.96999979
1986-02-03,7,7
1986-02-04,6.980000019,6.980000019
1986-02-05,7.010000229,7.010000229
1986-02-06,7.099999905,7.099999905
1986-02-07,7.210000038,7.210000038
1986-02-10,7.199999809,7.199999809
1986-02-11,7.110000134,7.110000134
1986-02-12,7.110000134,7.110000134
1986-02-13,7.099999905,7.099999905
1986-02-14,7.019999981,7.019999981
1986-02-18,7.019999981,7.019999981
1986-02-19,7.079999924,7.079999924
1986-02-20,7.110000134,7.110000134
1986-02-21,6.980000019,6.980000019
1986-02-24,7.019999981,7.019999981
1986-02-25,7.050000191,7.050000191
1986-02-26,7.070000172,7.070000172
1986-02-27,7.03000021,7.03000021
1986-02-28,7.019999981,7.019999981
1986-03-03,6.96999979,6.96999979
1986-03-04,6.840000153,6.840000153
1986-03-05,6.849999905,6.849999905
1986-03-06,6.690000057,6.690000057
1986-03-07,6.610000134,6.610000134
1986-03-10,6.610000134,6.610000134
1986-03-11,6.570000172,6.570000172
1986-03-12,6.619999886,6.619999886
1986-03-13,6.590000153,6.590000153
1986-03-14,6.539999962,6.539999962
1986-03-17,6.559999943,6.559999943
1986-03-18,6.539999962,6.539999962
1986-03-19,6.489999771,6.489999771
1986-03-20,6.440000057,6.440000057
1986-03-21,6.409999847,6.409999847
1986-03-24,6.409999847,6.409999847
1986-03-25,6.380000114,6.380000114
1986-03-26,6.409999847,6.409999847
1986-03-27,6.340000153,6.340000153
1986-03-31,6.340000153,6.340000153
1986-04-01,6.329999924,6.329999924
1986-04-02,6.340000153,6.340000153
1986-04-03,6.329999924,6.329999924
1986-04-04,6.230000019,6.230000019
1986-04-07,6.239999771,6.239999771
1986-04-08,6.130000114,6.130000114
1986-04-09,6.010000229,6.010000229
1986-04-10,6.019999981,6.019999981
1986-04-11,5.960000038,5.960000038
1986-04-14,5.909999847,5.909999847
1986-04-15,5.809999943,5.809999943
1986-04-16,5.769999981,5.769999981
1986-04-17,5.840000153,5.840000153
1986-04-18,5.869999886,5.869999886
1986-04-21,5.869999886,5.869999886
1986-04-22,5.949999809,5.949999809
1986-04-23,6.090000153,6.090000153
1986-04-24,6.110000134,6.110000134
1986-04-25,6.139999866,6.139999866
1986-04-28,6.099999905,6.099999905
1986-04-29,6.090000153,6.090000153
1986-04-30,6.099999905,6.099999905
1986-05-01,6.110000134,6.110000134
1986-05-02,6.150000095,6.150000095
1986-05-05,6.059999943,6.059999943
1986-05-06,6.050000191,6.050000191
1986-05-07,6.039999962,6.039999962
1986-05-08,6.039999962,6.039999962
1986-05-09,6.050000191,6.050000191
1986-05-12,6.130000114,6.130000114
1986-05-13,6.090000153,6.090000153
1986-05-14,6.090000153,6.090000153
1986-05-15,6.170000076,6.170000076
1986-05-16,6.210000038,6.210000038
1986-05-19,6.199999809,6.199999809
1986-05-20,6.230000019,6.230000019
1986-05-21,6.199999809,6.199999809
1986-05-22,6.199999809,6.199999809
1986-05-23,6.179999828,6.179999828
1986-05-27,6.159999847,6.159999847
1986-05-28,6.190000057,6.190000057
1986-05-29,6.300000191,6.300000191
1986-05-30,6.300000191,6.300000191
1986-06-02,6.360000134,6.360000134
1986-06-03,6.409999847,6.409999847
1986-06-04,6.519999981,6.519999981
1986-06-05,6.510000229,6.510000229
1986-06-06,6.320000172,6.320000172
1986-06-09,6.360000134,6.360000134
1986-06-10,6.28000021,6.28000021
1986-06-11,6.340000153,6.340000153
1986-06-12,6.28000021,6.28000021
1986-06-13,6.170000076,6.170000076
1986-06-16,6.119999886,6.119999886
1986-06-17,6.090000153,6.090000153
1986-06-18,6.090000153,6.090000153
1986-06-19,6.110000134,6.110000134
1986-06-20,6.099999905,6.099999905
1986-06-23,6.110000134,6.110000134
1986-06-24,6.079999924,6.079999924
1986-06-25,6.079999924,6.079999924
1986-06-26,6.079999924,6.079999924
1986-06-27,6.019999981,6.019999981
1986-06-30,5.960000038,5.960000038
1986-07-01,5.989999771,5.989999771
1986-07-02,6,6
1986-07-03,5.909999847,5.909999847
1986-07-07,5.869999886,5.869999886
1986-07-08,5.940000057,5.940000057
1986-07-09,5.880000114,5.880000114
1986-07-10,5.849999905,5.849999905
1986-07-11,5.75,5.75
1986-07-14,5.769999981,5.769999981
1986-07-15,5.769999981,5.769999981
1986-07-16,5.769999981,5.769999981
1986-07-17,5.75,5.75
1986-07-18,5.710000038,5.710000038
1986-07-21,5.71999979,5.71999979
1986-07-22,5.730000019,5.730000019
1986-07-23,5.809999943,5.809999943
1986-07-24,5.809999943,5.809999943
1986-07-25,5.809999943,5.809999943
1986-07-28,5.889999866,5.889999866
1986-07-29,5.860000134,5.860000134
1986-07-30,5.849999905,5.849999905
1986-07-31,5.789999962,5.789999962
1986-08-01,5.769999981,5.769999981
1986-08-04,5.710000038,5.710000038
1986-08-05,5.710000038,5.710000038
1986-08-06,5.71999979,5.71999979
1986-08-07,5.71999979,5.71999979
1986-08-08,5.699999809,5.699999809
1986-08-11,5.670000076,5.670000076
1986-08-12,5.610000134,5.610000134
1986-08-13,5.570000172,5.570000172
1986-08-14,5.590000153,5.590000153
1986-08-15,5.559999943,5.559999943
1986-08-18,5.610000134,5.610000134
1986-08-19,5.559999943,5.559999943
1986-08-20,5.5,5.5
1986-08-21,5.369999886,5.369999886
1986-08-22,5.360000134,5.360000134
1986-08-25,5.269999981,5.269999981
1986-08-26,5.289999962,5.289999962
1986-08-27,5.320000172,5.320000172
1986-08-28,5.289999962,5.289999962
1986-08-29,5.170000076,5.170000076
1986-09-02,5.190000057,5.190000057
1986-09-03,5.239999771,5.239999771
1986-09-04,5.190000057,5.190000057
1986-09-05,5.230000019,5.230000019
1986-09-08,5.239999771,5.239999771
1986-09-09,5.199999809,5.199999809
1986-09-10,5.159999847,5.159999847
1986-09-11,5.210000038,5.210000038
1986-09-12,5.170000076,5.170000076
1986-09-15,5.170000076,5.170000076
1986-09-16,5.130000114,5.130000114
1986-09-17,5.119999886,5.119999886
1986-09-18,5.230000019,5.230000019
1986-09-19,5.25,5.25
1986-09-22,5.25,5.25
1986-09-23,5.25,5.25
1986-09-24,5.239999771,5.239999771
1986-09-25,5.230000019,5.230000019
1986-09-26,5.239999771,5.239999771
1986-09-29,5.260000229,5.260000229
1986-09-30,5.199999809,5.199999809
1986-10-01,5.190000057,5.190000057
1986-10-02,5.190000057,5.190000057
1986-10-03,5.090000153,5.090000153
1986-10-06,5.050000191,5.050000191
1986-10-07,5.059999943,5.059999943
1986-10-08,5.039999962,5.039999962
1986-10-09,5.059999943,5.059999943
1986-10-10,5.059999943,5.059999943
1986-10-14,5.139999866,5.139999866
1986-10-15,5.179999828,5.179999828
1986-10-16,5.199999809,5.199999809
1986-10-17,5.269999981,5.269999981
1986-10-20,5.309999943,5.309999943
1986-10-21,5.309999943,5.309999943
1986-10-22,5.300000191,5.300000191
1986-10-23,5.260000229,5.260000229
1986-10-24,5.269999981,5.269999981
1986-10-27,5.190000057,5.190000057
1986-10-28,5.199999809,5.199999809
1986-10-29,5.199999809,5.199999809
1986-10-30,5.179999828,5.179999828
1986-10-31,5.199999809,5.199999809
1986-11-03,5.210000038,5.210000038
1986-11-04,5.25,5.25
1986-11-05,5.260000229,5.260000229
1986-11-06,5.260000229,5.260000229
1986-11-07,5.320000172,5.320000172
1986-11-10,5.420000076,5.420000076
1986-11-12,5.400000095,5.400000095
1986-11-13,5.400000095,5.400000095
1986-11-14,5.400000095,5.400000095
1986-11-17,5.400000095,5.400000095
1986-11-18,5.349999905,5.349999905
1986-11-19,5.329999924,5.329999924
1986-11-20,5.380000114,5.380000114
1986-11-21,5.360000134,5.360000134
1986-11-24,5.380000114,5.380000114
1986-11-25,5.389999866,5.389999866
1986-11-26,5.389999866,5.389999866
1986-11-28,5.389999866,5.389999866
1986-12-01,5.420000076,5.420000076
1986-12-02,5.409999847,5.409999847
1986-12-03,5.409999847,5.409999847
1986-12-04,5.400000095,5.400000095
1986-12-05,5.440000057,5.440000057
1986-12-08,5.510000229,5.510000229
1986-12-09,5.480000019,5.480000019
1986-12-10,5.489999771,5.489999771
1986-12-11,5.489999771,5.489999771
1986-12-12,5.489999771,5.489999771
1986-12-15,5.5,5.5
1986-12-16,5.579999924,5.579999924
1986-12-17,5.639999866,5.639999866
1986-12-18,5.599999905,5.599999905
1986-12-19,5.510000229,5.510000229
1986-12-22,5.53000021,5.53000021
1986-12-23,5.550000191,5.550000191
1986-12-24,5.570000172,5.570000172
1986-12-26,5.570000172,5.570000172
1986-12-29,5.670000076,5.670000076
1986-12-30,5.690000057,5.690000057
1986-12-31,5.670000076,5.670000076
1987-01-02,5.550000191,5.550000191
1987-01-05,5.550000191,5.550000191
1987-01-06,5.510000229,5.510000229
1987-01-07,5.429999828,5.429999828
1987-01-08,5.429999828,5.429999828
1987-01-09,5.380000114,5.380000114
1987-01-12,5.369999886,5.369999886
1987-01-13,5.360000134,5.360000134
1987-01-14,5.349999905,5.349999905
1987-01-15,5.360000134,5.360000134
1987-01-16,5.329999924,5.329999924
1987-01-20,5.300000191,5.300000191
1987-01-21,5.309999943,5.309999943
1987-01-22,5.380000114,5.380000114
1987-01-23,5.400000095,5.400000095
1987-01-26,5.489999771,5.489999771
1987-01-27,5.489999771,5.489999771
1987-01-28,5.46999979,5.46999979
1987-01-29,5.480000019,5.480000019
1987-01-30,5.599999905,5.599999905
1987-02-02,5.610000134,5.610000134
1987-02-03,5.590000153,5.590000153
1987-02-04,5.630000114,5.630000114
1987-02-05,5.590000153,5.590000153
1987-02-06,5.659999847,5.659999847
1987-02-09,5.71999979,5.71999979
1987-02-10,5.820000172,5.820000172
1987-02-11,5.860000134,5.860000134
1987-02-12,5.71999979,5.71999979
1987-02-13,5.650000095,5.650000095
1987-02-17,5.71999979,5.71999979
1987-02-18,5.599999905,5.599999905
1987-02-19,5.449999809,5.449999809
1987-02-20,5.429999828,5.429999828
1987-02-23,5.440000057,5.440000057
1987-02-24,5.440000057,5.440000057
1987-02-25,5.449999809,5.449999809
1987-02-26,5.449999809,5.449999809
1987-02-27,5.449999809,5.449999809
1987-03-02,5.480000019,5.480000019
1987-03-03,5.539999962,5.539999962
1987-03-04,5.510000229,5.510000229
1987-03-05,5.519999981,5.519999981
1987-03-06,5.639999866,5.639999866
1987-03-09,5.639999866,5.639999866
1987-03-10,5.679999828,5.679999828
1987-03-11,5.690000057,5.690000057
1987-03-12,5.670000076,5.670000076
1987-03-13,5.619999886,5.619999886
1987-03-16,5.650000095,5.650000095
1987-03-17,5.570000172,5.570000172
1987-03-18,5.519999981,5.519999981
1987-03-19,5.5,5.5
1987-03-20,5.519999981,5.519999981
1987-03-23,5.619999886,5.619999886
1987-03-24,5.610000134,5.610000134
1987-03-25,5.570000172,5.570000172
1987-03-26,5.570000172,5.570000172
1987-03-27,5.630000114,5.630000114
1987-03-30,5.659999847,5.659999847
1987-03-31,5.610000134,5.610000134
1987-04-01,5.539999962,5.539999962
1987-04-02,5.510000229,5.510000229
1987-04-03,5.5,5.5
1987-04-06,5.46999979,5.46999979
1987-04-07,5.510000229,5.510000229
1987-04-08,5.5,5.5
1987-04-09,5.75,5.75
1987-04-10,5.849999905,5.849999905
1987-04-13,6.019999981,6.019999981
1987-04-14,5.920000076,5.920000076
1987-04-15,5.679999828,5.679999828
1987-04-16,5.559999943,5.559999943
1987-04-20,5.539999962,5.539999962
1987-04-21,5.5,5.5
1987-04-22,5.420000076,5.420000076
1987-04-23,5.489999771,5.489999771
1987-04-24,5.760000229,5.760000229
1987-04-27,5.78000021,5.78000021
1987-04-28,5.820000172,5.820000172
1987-04-29,5.710000038,5.710000038
1987-04-30,5.53000021,5.53000021
1987-05-01,5.599999905,5.599999905
1987-05-04,5.670000076,5.670000076
1987-05-05,5.809999943,5.809999943
1987-05-06,5.5,5.5
1987-05-07,5.53000021,5.53000021
1987-05-08,5.53000021,5.53000021
1987-05-11,5.650000095,5.650000095
1987-05-12,5.599999905,5.599999905
1987-05-13,5.53000021,5.53000021
1987-05-14,5.730000019,5.730000019
1987-05-15,5.949999809,5.949999809
1987-05-18,5.869999886,5.869999886
1987-05-19,5.78000021,5.78000021
1987-05-20,5.690000057,5.690000057
1987-05-21,5.53000021,5.53000021
1987-05-22,5.550000191,5.550000191
1987-05-26,5.610000134,5.610000134
1987-05-27,5.760000229,5.760000229
1987-05-28,5.630000114,5.630000114
1987-05-29,5.679999828,5.679999828
1987-06-01,5.699999809,5.699999809
1987-06-02,5.760000229,5.760000229
1987-06-03,5.690000057,5.690000057
1987-06-04,5.659999847,5.659999847
1987-06-05,5.679999828,5.679999828
1987-06-08,5.659999847,5.659999847
1987-06-09,5.510000229,5.510000229
1987-06-10,5.480000019,5.480000019
1987-06-11,5.539999962,5.539999962
1987-06-12,5.550000191,5.550000191
1987-06-15,5.650000095,5.650000095
1987-06-16,5.630000114,5.630000114
1987-06-17,5.650000095,5.650000095
1987-06-18,5.650000095,5.650000095
1987-06-19,5.659999847,5.659999847
1987-06-22,5.659999847,5.659999847
1987-06-23,5.71999979,5.71999979
1987-06-24,5.829999924,5.829999924
1987-06-25,5.840000153,5.840000153
1987-06-26,5.78000021,5.78000021
1987-06-29,5.670000076,5.670000076
1987-06-30,5.730000019,5.730000019
1987-07-01,5.639999866,5.639999866
1987-07-02,5.659999847,5.659999847
1987-07-06,5.670000076,5.670000076
1987-07-07,5.599999905,5.599999905
1987-07-08,5.570000172,5.570000172
1987-07-09,5.610000134,5.610000134
1987-07-10,5.590000153,5.590000153
1987-07-13,5.610000134,5.610000134
1987-07-14,5.550000191,5.550000191
1987-07-15,5.579999924,5.579999924
1987-07-16,5.579999924,5.579999924
1987-07-17,5.559999943,5.559999943
1987-07-20,5.550000191,5.550000191
1987-07-21,5.690000057,5.690000057
1987-07-22,5.659999847,5.659999847
1987-07-23,5.670000076,5.670000076
1987-07-24,5.75,5.75
1987-07-27,5.809999943,5.809999943
1987-07-28,5.860000134,5.860000134
1987-07-29,5.880000114,5.880000114
1987-07-30,6.070000172,6.070000172
1987-07-31,6.070000172,6.070000172
1987-08-03,6.050000191,6.050000191
1987-08-04,5.849999905,5.849999905
1987-08-05,5.849999905,5.849999905
1987-08-06,5.739999771,5.739999771
1987-08-07,5.849999905,5.849999905
1987-08-10,5.909999847,5.909999847
1987-08-11,5.940000057,5.940000057
1987-08-12,5.949999809,5.949999809
1987-08-13,5.960000038,5.960000038
1987-08-14,5.960000038,5.960000038
1987-08-17,5.980000019,5.980000019
1987-08-18,6.019999981,6.019999981
1987-08-19,6.039999962,6.039999962
1987-08-20,6.110000134,6.110000134
1987-08-21,6.099999905,6.099999905
1987-08-24,6.170000076,6.170000076
1987-08-25,6.179999828,6.179999828
1987-08-26,6.25,6.25
1987-08-27,6.289999962,6.289999962
1987-08-28,6.309999943,6.309999943
1987-08-31,6.25,6.25
1987-09-01,6.119999886,6.119999886
1987-09-02,6.090000153,6.090000153
1987-09-03,6.190000057,6.190000057
1987-09-04,6.380000114,6.380000114
1987-09-08,6.440000057,6.440000057
1987-09-09,6.429999828,6.429999828
1987-09-10,6.329999924,6.329999924
1987-09-11,6.349999905,6.349999905
1987-09-14,6.340000153,6.340000153
1987-09-15,6.340000153,6.340000153
1987-09-16,6.340000153,6.340000153
1987-09-17,6.380000114,6.380000114
1987-09-18,6.420000076,6.420000076
1987-09-21,6.510000229,6.510000229
1987-09-22,6.489999771,6.489999771
1987-09-23,6.46999979,6.46999979
1987-09-24,6.409999847,6.409999847
1987-09-25,6.5,6.5
1987-09-28,6.53000021,6.53000021
1987-09-29,6.690000057,6.690000057
1987-09-30,6.610000134,6.610000134
1987-10-01,6.630000114,6.630000114
1987-10-02,6.659999847,6.659999847
1987-10-05,6.679999828,6.679999828
1987-10-06,6.550000191,6.550000191
1987-10-07,6.559999943,6.559999943
1987-10-08,6.690000057,6.690000057
1987-10-09,6.75,6.75
1987-10-13,6.739999771,6.739999771
1987-10-14,7.190000057,7.190000057
1987-10-15,7.070000172,7.070000172
1987-10-16,6.929999828,6.929999828
1987-10-19,6.389999866,6.389999866
1987-10-20,5.860000134,5.860000134
1987-10-21,5.599999905,5.599999905
1987-10-22,5.360000134,5.360000134
1987-10-23,5.289999962,5.289999962
1987-10-26,5.21999979,5.21999979
1987-10-27,5.230000019,5.230000019
1987-10-28,5.099999905,5.099999905
1987-10-29,5.03000021,5.03000021
1987-10-30,5.269999981,5.269999981
1987-11-02,5.619999886,5.619999886
1987-11-03,5.630000114,5.630000114
1987-11-04,5.539999962,5.539999962
1987-11-05,5.579999924,5.579999924
1987-11-06,5.730000019,5.730000019
1987-11-09,5.699999809,5.699999809
1987-11-10,5.670000076,5.670000076
1987-11-12,5.829999924,5.829999924
1987-11-13,5.909999847,5.909999847
1987-11-16,5.869999886,5.869999886
1987-11-17,5.880000114,5.880000114
1987-11-18,5.769999981,5.769999981
1987-11-19,5.659999847,5.659999847
1987-11-20,5.71999979,5.71999979
1987-11-23,5.78000021,5.78000021
1987-11-24,5.769999981,5.769999981
1987-11-25,5.699999809,5.699999809
1987-11-27,5.630000114,5.630000114
1987-11-30,5.210000038,5.210000038
1987-12-01,5.550000191,5.550000191
1987-12-02,5.489999771,5.489999771
1987-12-03,5.360000134,5.360000134
1987-12-04,5.429999828,5.429999828
1987-12-07,5.820000172,5.820000172
1987-12-08,5.860000134,5.860000134
1987-12-09,5.829999924,5.829999924
1987-12-10,5.920000076,5.920000076
1987-12-11,5.860000134,5.860000134
1987-12-14,5.849999905,5.849999905
1987-12-15,5.929999828,5.929999828
1987-12-16,5.940000057,5.940000057
1987-12-17,5.929999828,5.929999828
1987-12-18,5.869999886,5.869999886
1987-12-21,5.869999886,5.869999886
1987-12-22,5.929999828,5.929999828
1987-12-23,5.78000021,5.78000021
1987-12-24,5.739999771,5.739999771
1987-12-28,5.699999809,5.699999809
1987-12-29,5.840000153,5.840000153
1987-12-30,5.710000038,5.710000038
1987-12-31,5.679999828,5.679999828
1988-01-04,5.880000114,5.880000114
1988-01-05,5.929999828,5.929999828
1988-01-06,5.840000153,5.840000153
1988-01-07,5.78000021,5.78000021
1988-01-08,5.869999886,5.869999886
1988-01-11,5.690000057,5.690000057
1988-01-12,5.809999943,5.809999943
1988-01-13,5.789999962,5.789999962
1988-01-14,5.880000114,5.880000114
1988-01-15,5.880000114,5.880000114
1988-01-19,5.960000038,5.960000038
1988-01-20,5.809999943,5.809999943
1988-01-21,5.820000172,5.820000172
1988-01-22,5.809999943,5.809999943
1988-01-25,5.829999924,5.829999924
1988-01-26,5.820000172,5.820000172
1988-01-27,5.739999771,5.739999771
1988-01-28,5.679999828,5.679999828
1988-01-29,5.639999866,5.639999866
1988-02-01,5.659999847,5.659999847
1988-02-02,5.710000038,5.710000038
1988-02-03,5.710000038,5.710000038
1988-02-04,5.650000095,5.650000095
1988-02-05,5.639999866,5.639999866
1988-02-08,5.639999866,5.639999866
1988-02-09,5.599999905,5.599999905
1988-02-10,5.610000134,5.610000134
1988-02-11,5.630000114,5.630000114
1988-02-12,5.75,5.75
1988-02-16,5.75,5.75
1988-02-17,5.739999771,5.739999771
1988-02-18,5.690000057,5.690000057
1988-02-19,5.679999828,5.679999828
1988-02-22,5.659999847,5.659999847
1988-02-23,5.630000114,5.630000114
1988-02-24,5.619999886,5.619999886
1988-02-25,5.630000114,5.630000114
1988-02-26,5.590000153,5.590000153
1988-02-29,5.619999886,5.619999886
1988-03-01,5.619999886,5.619999886
1988-03-02,5.610000134,5.610000134
1988-03-03,5.599999905,5.599999905
1988-03-04,5.710000038,5.710000038
1988-03-07,5.71999979,5.71999979
1988-03-08,5.739999771,5.739999771
1988-03-09,5.730000019,5.730000019
1988-03-10,5.75,5.75
1988-03-11,5.730000019,5.730000019
1988-03-14,5.699999809,5.699999809
1988-03-15,5.610000134,5.610000134
1988-03-16,5.610000134,5.610000134
1988-03-17,5.599999905,5.599999905
1988-03-18,5.659999847,5.659999847
1988-03-21,5.739999771,5.739999771
1988-03-22,5.78000021,5.78000021
1988-03-23,5.829999924,5.829999924
1988-03-24,5.789999962,5.789999962
1988-03-25,5.699999809,5.699999809
1988-03-28,5.739999771,5.739999771
1988-03-29,5.739999771,5.739999771
1988-03-30,5.75,5.75
1988-03-31,5.710000038,5.710000038
1988-04-04,5.849999905,5.849999905
1988-04-05,6,6
1988-04-06,6.050000191,6.050000191
1988-04-07,6.050000191,6.050000191
1988-04-08,6.019999981,6.019999981
1988-04-11,6.039999962,6.039999962
1988-04-12,5.929999828,5.929999828
1988-04-13,5.860000134,5.860000134
1988-04-14,5.739999771,5.739999771
1988-04-15,5.880000114,5.880000114
1988-04-18,5.849999905,5.849999905
1988-04-19,5.809999943,5.809999943
1988-04-20,5.840000153,5.840000153
1988-04-21,5.829999924,5.829999924
1988-04-22,5.829999924,5.829999924
1988-04-25,5.849999905,5.849999905
1988-04-26,5.900000095,5.900000095
1988-04-27,5.869999886,5.869999886
1988-04-28,5.960000038,5.960000038
1988-04-29,5.980000019,5.980000019
1988-05-02,6.079999924,6.079999924
1988-05-03,6.130000114,6.130000114
1988-05-04,6.139999866,6.139999866
1988-05-05,6.179999828,6.179999828
1988-05-06,6.289999962,6.289999962
1988-05-09,6.309999943,6.309999943
1988-05-10,6.340000153,6.340000153
1988-05-11,6.260000229,6.260000229
1988-05-12,6.210000038,6.210000038
1988-05-13,6.179999828,6.179999828
1988-05-16,6.199999809,6.199999809
1988-05-17,6.300000191,6.300000191
1988-05-18,6.210000038,6.210000038
1988-05-19,6.150000095,6.150000095
1988-05-20,6.239999771,6.239999771
1988-05-23,6.25,6.25
1988-05-24,6.309999943,6.309999943
1988-05-25,6.329999924,6.329999924
1988-05-26,6.420000076,6.420000076
1988-05-27,6.440000057,6.440000057
1988-05-31,6.429999828,6.429999828
1988-06-01,6.46999979,6.46999979
1988-06-02,6.440000057,6.440000057
1988-06-03,6.460000038,6.460000038
1988-06-06,6.460000038,6.460000038
1988-06-07,6.429999828,6.429999828
1988-06-08,6.389999866,6.389999866
1988-06-09,6.440000057,6.440000057
1988-06-10,6.449999809,6.449999809
1988-06-13,6.440000057,6.440000057
1988-06-14,6.349999905,6.349999905
1988-06-15,6.340000153,6.340000153
1988-06-16,6.289999962,6.289999962
1988-06-17,6.369999886,6.369999886
1988-06-20,6.369999886,6.369999886
1988-06-21,6.559999943,6.559999943
1988-06-22,6.519999981,6.519999981
1988-06-23,6.519999981,6.519999981
1988-06-24,6.510000229,6.510000229
1988-06-27,6.559999943,6.559999943
1988-06-28,6.599999905,6.599999905
1988-06-29,6.579999924,6.579999924
1988-06-30,6.559999943,6.559999943
1988-07-01,6.550000191,6.550000191
1988-07-05,6.559999943,6.559999943
1988-07-06,6.53000021,6.53000021
1988-07-07,6.550000191,6.550000191
1988-07-08,6.659999847,6.659999847
1988-07-11,6.610000134,6.610000134
1988-07-12,6.730000019,6.730000019
1988-07-13,6.71999979,6.71999979
1988-07-14,6.730000019,6.730000019
1988-07-15,6.71999979,6.71999979
1988-07-18,6.659999847,6.659999847
1988-07-19,6.690000057,6.690000057
1988-07-20,6.710000038,6.710000038
1988-07-21,6.78000021,6.78000021
1988-07-22,6.739999771,6.739999771
1988-07-25,6.800000191,6.800000191
1988-07-26,6.889999866,6.889999866
1988-07-27,7,7
1988-07-28,6.989999771,6.989999771
1988-07-29,6.949999809,6.949999809
1988-08-01,6.909999847,6.909999847
1988-08-02,6.900000095,6.900000095
1988-08-03,6.900000095,6.900000095
1988-08-04,6.840000153,6.840000153
1988-08-05,6.920000076,6.920000076
1988-08-08,6.840000153,6.840000153
1988-08-09,7.059999943,7.059999943
1988-08-10,6.989999771,6.989999771
1988-08-11,7.010000229,7.010000229
1988-08-12,7.010000229,7.010000229
1988-08-15,6.989999771,6.989999771
1988-08-16,7.059999943,7.059999943
1988-08-17,7.03000021,7.03000021
1988-08-18,7.019999981,7.019999981
1988-08-19,7.059999943,7.059999943
1988-08-22,7.059999943,7.059999943
1988-08-23,7.159999847,7.159999847
1988-08-24,7.179999828,7.179999828
1988-08-25,7.25,7.25
1988-08-26,7.329999924,7.329999924
1988-08-29,7.320000172,7.320000172
1988-08-30,7.300000191,7.300000191
1988-08-31,7.300000191,7.300000191
1988-09-01,7.28000021,7.28000021
1988-09-02,7.21999979,7.21999979
1988-09-06,7.260000229,7.260000229
1988-09-07,7.329999924,7.329999924
1988-09-08,7.320000172,7.320000172
1988-09-09,7.28000021,7.28000021
1988-09-12,7.230000019,7.230000019
1988-09-13,7.170000076,7.170000076
1988-09-14,7.159999847,7.159999847
1988-09-15,7.170000076,7.170000076
1988-09-16,7.150000095,7.150000095
1988-09-19,7.130000114,7.130000114
1988-09-20,7.199999809,7.199999809
1988-09-21,7.190000057,7.190000057
1988-09-22,7.199999809,7.199999809
1988-09-23,7.230000019,7.230000019
1988-09-26,7.300000191,7.300000191
1988-09-27,7.329999924,7.329999924
1988-09-28,7.340000153,7.340000153
1988-09-29,7.289999962,7.289999962
1988-09-30,7.25,7.25
1988-10-03,7.239999771,7.239999771
1988-10-04,7.230000019,7.230000019
1988-10-05,7.21999979,7.21999979
1988-10-06,7.300000191,7.300000191
1988-10-07,7.269999981,7.269999981
1988-10-11,7.289999962,7.289999962
1988-10-12,7.28000021,7.28000021
1988-10-13,7.340000153,7.340000153
1988-10-14,7.320000172,7.320000172
1988-10-17,7.329999924,7.329999924
1988-10-18,7.360000134,7.360000134
1988-10-19,7.429999828,7.429999828
1988-10-20,7.449999809,7.449999809
1988-10-21,7.440000057,7.440000057
1988-10-24,7.510000229,7.510000229
1988-10-25,7.440000057,7.440000057
1988-10-26,7.409999847,7.409999847
1988-10-27,7.380000114,7.380000114
1988-10-28,7.369999886,7.369999886
1988-10-31,7.360000134,7.360000134
1988-11-01,7.340000153,7.340000153
1988-11-02,7.369999886,7.369999886
1988-11-03,7.400000095,7.400000095
1988-11-04,7.449999809,7.449999809
1988-11-07,7.480000019,7.480000019
1988-11-08,7.590000153,7.590000153
1988-11-09,7.570000172,7.570000172
1988-11-10,7.639999866,7.639999866
1988-11-14,7.78000021,7.78000021
1988-11-15,7.949999809,7.949999809
1988-11-16,7.940000057,7.940000057
1988-11-17,7.920000076,7.920000076
1988-11-18,7.940000057,7.940000057
1988-11-21,7.989999771,7.989999771
1988-11-22,8,8
1988-11-23,8.010000229,8.010000229
1988-11-25,8.029999733,8.029999733
1988-11-28,7.980000019,7.980000019
1988-11-29,7.989999771,7.989999771
1988-11-30,7.829999924,7.829999924
1988-12-01,7.849999905,7.849999905
1988-12-02,8.069999695,8.069999695
1988-12-05,8.010000229,8.010000229
1988-12-06,7.949999809,7.949999809
1988-12-07,7.989999771,7.989999771
1988-12-08,7.980000019,7.980000019
1988-12-09,7.880000114,7.880000114
1988-12-12,7.900000095,7.900000095
1988-12-13,8.100000381,8.100000381
1988-12-14,8.119999886,8.119999886
1988-12-15,8.18999958,8.18999958
1988-12-16,8.159999847,8.159999847
1988-12-19,8.18999958,8.18999958
1988-12-20,8.180000305,8.180000305
1988-12-21,8.100000381,8.100000381
1988-12-22,8.050000191,8.050000191
1988-12-23,8.050000191,8.050000191
1988-12-27,8.149999619,8.149999619
1988-12-28,8.260000229,8.260000229
1988-12-29,8.130000114,8.130000114
1988-12-30,8.100000381,8.100000381
1989-01-03,8.140000343,8.140000343
1989-01-04,8.25,8.25
1989-01-05,8.270000458,8.270000458
1989-01-06,8.289999962,8.289999962
1989-01-09,8.279999733,8.279999733
1989-01-10,8.300000191,8.300000191
1989-01-11,8.239999771,8.239999771
1989-01-12,8.260000229,8.260000229
1989-01-13,8.210000038,8.210000038
1989-01-17,8.239999771,8.239999771
1989-01-18,8.260000229,8.260000229
1989-01-19,8.229999542,8.229999542
1989-01-20,8.239999771,8.239999771
1989-01-23,8.270000458,8.270000458
1989-01-24,8.210000038,8.210000038
1989-01-25,8.289999962,8.289999962
1989-01-26,8.340000153,8.340000153
1989-01-27,8.329999924,8.329999924
1989-01-30,8.279999733,8.279999733
1989-01-31,8.390000343,8.390000343
1989-02-01,8.369999886,8.369999886
1989-02-02,8.380000114,8.380000114
1989-02-03,8.479999542,8.479999542
1989-02-06,8.529999733,8.529999733
1989-02-07,8.529999733,8.529999733
1989-02-08,8.529999733,8.529999733
1989-02-09,8.479999542,8.479999542
1989-02-10,8.550000191,8.550000191
1989-02-13,8.550000191,8.550000191
1989-02-14,8.56000042,8.56000042
1989-02-15,8.489999771,8.489999771
1989-02-16,8.5,8.5
1989-02-17,8.479999542,8.479999542
1989-02-21,8.470000267,8.470000267
1989-02-22,8.529999733,8.529999733
1989-02-23,8.609999657,8.609999657
1989-02-24,8.649999619,8.649999619
1989-02-27,8.680000305,8.680000305
1989-02-28,8.710000038,8.710000038
1989-03-01,8.659999847,8.659999847
1989-03-02,8.659999847,8.659999847
1989-03-03,8.630000114,8.630000114
1989-03-06,8.569999695,8.569999695
1989-03-07,8.619999886,8.619999886
1989-03-08,8.609999657,8.609999657
1989-03-09,8.659999847,8.659999847
1989-03-10,8.739999771,8.739999771
1989-03-13,8.760000229,8.760000229
1989-03-14,8.699999809,8.699999809
1989-03-15,8.670000076,8.670000076
1989-03-16,8.699999809,8.699999809
1989-03-17,8.850000381,8.850000381
1989-03-20,8.989999771,8.989999771
1989-03-21,9.090000153,9.090000153
1989-03-22,9.010000229,9.010000229
1989-03-23,9.039999962,9.039999962
1989-03-27,9.100000381,9.100000381
1989-03-28,9.069999695,9.069999695
1989-03-29,8.960000038,8.960000038
1989-03-30,8.949999809,8.949999809
1989-03-31,8.899999619,8.899999619
1989-04-03,8.819999695,8.819999695
1989-04-04,8.81000042,8.81000042
1989-04-05,8.819999695,8.819999695
1989-04-06,8.840000153,8.840000153
1989-04-07,8.800000191,8.800000191
1989-04-10,8.729999542,8.729999542
1989-04-11,8.680000305,8.680000305
1989-04-12,8.659999847,8.659999847
1989-04-13,8.770000458,8.770000458
1989-04-14,8.609999657,8.609999657
1989-04-17,8.609999657,8.609999657
1989-04-18,8.430000305,8.430000305
1989-04-19,8.430000305,8.430000305
1989-04-20,8.640000343,8.640000343
1989-04-21,8.640000343,8.640000343
1989-04-24,8.670000076,8.670000076
1989-04-25,8.630000114,8.630000114
1989-04-26,8.529999733,8.529999733
1989-04-27,8.409999847,8.409999847
1989-04-28,8.409999847,8.409999847
1989-05-01,8.619999886,8.619999886
1989-05-02,8.579999924,8.579999924
1989-05-03,8.529999733,8.529999733
1989-05-04,8.529999733,8.529999733
1989-05-05,8.430000305,8.430000305
1989-05-08,8.489999771,8.489999771
1989-05-09,8.5,8.5
1989-05-10,8.520000458,8.520000458
1989-05-11,8.420000076,8.420000076
1989-05-12,8.210000038,8.210000038
1989-05-15,8.239999771,8.239999771
1989-05-16,8.229999542,8.229999542
1989-05-17,8.279999733,8.279999733
1989-05-18,8.380000114,8.380000114
1989-05-19,8.350000381,8.350000381
1989-05-22,8.319999695,8.319999695
1989-05-23,8.279999733,8.279999733
1989-05-24,8.369999886,8.369999886
1989-05-25,8.539999962,8.539999962
1989-05-26,8.520000458,8.520000458
1989-05-30,8.579999924,8.579999924
1989-05-31,8.609999657,8.609999657
1989-06-01,8.609999657,8.609999657
1989-06-02,8.359999657,8.359999657
1989-06-05,8.260000229,8.260000229
1989-06-06,8.159999847,8.159999847
1989-06-07,8.140000343,8.140000343
1989-06-08,8.119999886,8.119999886
1989-06-09,8.220000267,8.220000267
1989-06-12,8.18999958,8.18999958
1989-06-13,8.159999847,8.159999847
1989-06-14,8.119999886,8.119999886
1989-06-15,8.090000153,8.090000153
1989-06-16,8.140000343,8.140000343
1989-06-19,8.149999619,8.149999619
1989-06-20,8.149999619,8.149999619
1989-06-21,8.130000114,8.130000114
1989-06-22,8.149999619,8.149999619
1989-06-23,8.050000191,8.050000191
1989-06-26,8.100000381,8.100000381
1989-06-27,8.050000191,8.050000191
1989-06-28,8.039999962,8.039999962
1989-06-29,7.949999809,7.949999809
1989-06-30,7.989999771,7.989999771
1989-07-03,7.96999979,7.96999979
1989-07-05,7.78000021,7.78000021
1989-07-06,7.769999981,7.769999981
1989-07-07,7.730000019,7.730000019
1989-07-10,7.75,7.75
1989-07-11,7.760000229,7.760000229
1989-07-12,7.730000019,7.730000019
1989-07-13,7.769999981,7.769999981
1989-07-14,7.840000153,7.840000153
1989-07-17,7.920000076,7.920000076
1989-07-18,7.909999847,7.909999847
1989-07-19,7.929999828,7.929999828
1989-07-20,7.96999979,7.96999979
1989-07-21,8.119999886,8.119999886
1989-07-24,8.100000381,8.100000381
1989-07-25,8.029999733,8.029999733
1989-07-26,8.020000458,8.020000458
1989-07-27,7.900000095,7.900000095
1989-07-28,7.860000134,7.860000134
1989-07-31,7.800000191,7.800000191
1989-08-01,7.630000114,7.630000114
1989-08-02,7.630000114,7.630000114
1989-08-03,7.639999866,7.639999866
1989-08-04,7.869999886,7.869999886
1989-08-07,7.949999809,7.949999809
1989-08-08,7.940000057,7.940000057
1989-08-09,7.909999847,7.909999847
1989-08-10,7.860000134,7.860000134
1989-08-11,7.960000038,7.960000038
1989-08-14,8.06000042,8.06000042
1989-08-15,8.029999733,8.029999733
1989-08-16,7.940000057,7.940000057
1989-08-17,7.880000114,7.880000114
1989-08-18,7.860000134,7.860000134
1989-08-21,7.920000076,7.920000076
1989-08-22,8.050000191,8.050000191
1989-08-23,8,8
1989-08-24,7.960000038,7.960000038
1989-08-25,7.960000038,7.960000038
1989-08-28,7.980000019,7.980000019
1989-08-29,7.900000095,7.900000095
1989-08-30,7.869999886,7.869999886
1989-08-31,7.889999866,7.889999866
1989-09-01,7.860000134,7.860000134
1989-09-05,7.880000114,7.880000114
1989-09-06,7.820000172,7.820000172
1989-09-07,7.800000191,7.800000191
1989-09-08,7.78000021,7.78000021
1989-09-11,7.690000057,7.690000057
1989-09-12,7.619999886,7.619999886
1989-09-13,7.590000153,7.590000153
1989-09-14,7.579999924,7.579999924
1989-09-15,7.53000021,7.53000021
1989-09-18,7.610000134,7.610000134
1989-09-19,7.659999847,7.659999847
1989-09-20,7.809999943,7.809999943
1989-09-21,7.829999924,7.829999924
1989-09-22,7.760000229,7.760000229
1989-09-25,7.820000172,7.820000172
1989-09-26,7.760000229,7.760000229
1989-09-27,7.829999924,7.829999924
1989-09-28,7.869999886,7.869999886
1989-09-29,7.909999847,7.909999847
1989-10-02,7.889999866,7.889999866
1989-10-03,7.78000021,7.78000021
1989-10-04,7.78000021,7.78000021
1989-10-05,7.760000229,7.760000229
1989-10-06,7.579999924,7.579999924
1989-10-10,7.630000114,7.630000114
1989-10-11,7.699999809,7.699999809
1989-10-12,7.699999809,7.699999809
1989-10-13,7.610000134,7.610000134
1989-10-16,7.440000057,7.440000057
1989-10-17,7.429999828,7.429999828
1989-10-18,7.5,7.5
1989-10-19,7.570000172,7.570000172
1989-10-20,7.550000191,7.550000191
1989-10-23,7.570000172,7.570000172
1989-10-24,7.5,7.5
1989-10-25,7.559999943,7.559999943
1989-10-26,7.599999905,7.599999905
1989-10-27,7.760000229,7.760000229
1989-10-30,7.75,7.75
1989-10-31,7.769999981,7.769999981
1989-11-01,7.78000021,7.78000021
1989-11-02,7.730000019,7.730000019
1989-11-03,7.840000153,7.840000153
1989-11-06,7.869999886,7.869999886
1989-11-07,7.75,7.75
1989-11-08,7.690000057,7.690000057
1989-11-09,7.699999809,7.699999809
1989-11-10,7.710000038,7.710000038
1989-11-13,7.699999809,7.699999809
1989-11-14,7.659999847,7.659999847
1989-11-15,7.639999866,7.639999866
1989-11-16,7.659999847,7.659999847
1989-11-17,7.679999828,7.679999828
1989-11-20,7.679999828,7.679999828
1989-11-21,7.630000114,7.630000114
1989-11-22,7.590000153,7.590000153
1989-11-24,7.510000229,7.510000229
1989-11-27,7.659999847,7.659999847
1989-11-28,7.710000038,7.710000038
1989-11-29,7.659999847,7.659999847
1989-11-30,7.590000153,7.590000153
1989-12-01,7.53000021,7.53000021
1989-12-04,7.550000191,7.550000191
1989-12-05,7.559999943,7.559999943
1989-12-06,7.639999866,7.639999866
1989-12-07,7.690000057,7.690000057
1989-12-08,7.610000134,7.610000134
1989-12-11,7.639999866,7.639999866
1989-12-12,7.659999847,7.659999847
1989-12-13,7.690000057,7.690000057
1989-12-14,7.619999886,7.619999886
1989-12-15,7.619999886,7.619999886
1989-12-18,7.599999905,7.599999905
1989-12-19,7.670000076,7.670000076
1989-12-20,7.570000172,7.570000172
1989-12-21,7.559999943,7.559999943
1989-12-22,7.590000153,7.590000153
1989-12-26,7.760000229,7.760000229
1989-12-27,7.730000019,7.730000019
1989-12-28,7.679999828,7.679999828
1989-12-29,7.550000191,7.550000191
1990-01-02,7.579999924,7.579999924
1990-01-03,7.630000114,7.630000114
1990-01-04,7.590000153,7.590000153
1990-01-05,7.539999962,7.539999962
1990-01-08,7.539999962,7.539999962
1990-01-09,7.550000191,7.550000191
1990-01-10,7.5,7.5
1990-01-11,7.550000191,7.550000191
1990-01-12,7.5,7.5
1990-01-16,7.630000114,7.630000114
1990-01-17,7.710000038,7.710000038
1990-01-18,7.78000021,7.78000021
1990-01-19,7.739999771,7.739999771
1990-01-22,7.730000019,7.730000019
1990-01-23,7.670000076,7.670000076
1990-01-24,7.670000076,7.670000076
1990-01-25,7.690000057,7.690000057
1990-01-26,7.679999828,7.679999828
1990-01-29,7.739999771,7.739999771
1990-01-30,7.739999771,7.739999771
1990-01-31,7.739999771,7.739999771
1990-02-01,7.760000229,7.760000229
1990-02-02,7.809999943,7.809999943
1990-02-05,7.820000172,7.820000172
1990-02-06,7.820000172,7.820000172
1990-02-07,7.809999943,7.809999943
1990-02-08,7.809999943,7.809999943
1990-02-09,7.760000229,7.760000229
1990-02-12,7.730000019,7.730000019
1990-02-13,7.579999924,7.579999924
1990-02-14,7.610000134,7.610000134
1990-02-15,7.710000038,7.710000038
1990-02-16,7.690000057,7.690000057
1990-02-20,7.800000191,7.800000191
1990-02-21,7.75,7.75
1990-02-22,7.730000019,7.730000019
1990-02-23,7.679999828,7.679999828
1990-02-26,7.710000038,7.710000038
1990-02-27,7.730000019,7.730000019
1990-02-28,7.769999981,7.769999981
1990-03-01,7.809999943,7.809999943
1990-03-02,7.760000229,7.760000229
1990-03-05,7.820000172,7.820000172
1990-03-06,7.900000095,7.900000095
1990-03-07,7.909999847,7.909999847
1990-03-08,7.909999847,7.909999847
1990-03-09,7.989999771,7.989999771
1990-03-12,7.989999771,7.989999771
1990-03-13,7.980000019,7.980000019
1990-03-14,7.949999809,7.949999809
1990-03-15,7.940000057,7.940000057
1990-03-16,7.920000076,7.920000076
1990-03-19,7.940000057,7.940000057
1990-03-20,7.96999979,7.96999979
1990-03-21,7.949999809,7.949999809
1990-03-22,7.900000095,7.900000095
1990-03-23,7.880000114,7.880000114
1990-03-26,7.860000134,7.860000134
1990-03-27,7.900000095,7.900000095
1990-03-28,7.849999905,7.849999905
1990-03-29,7.829999924,7.829999924
1990-03-30,7.800000191,7.800000191
1990-04-02,7.78000021,7.78000021
1990-04-03,7.820000172,7.820000172
1990-04-04,7.75,7.75
1990-04-05,7.760000229,7.760000229
1990-04-06,7.760000229,7.760000229
1990-04-09,7.820000172,7.820000172
1990-04-10,7.78000021,7.78000021
1990-04-11,7.760000229,7.760000229
1990-04-12,7.760000229,7.760000229
1990-04-16,7.739999771,7.739999771
1990-04-17,7.760000229,7.760000229
1990-04-18,7.809999943,7.809999943
1990-04-19,7.789999962,7.789999962
1990-04-20,7.690000057,7.690000057
1990-04-23,7.730000019,7.730000019
1990-04-24,7.760000229,7.760000229
1990-04-25,7.789999962,7.789999962
1990-04-26,7.820000172,7.820000172
1990-04-27,7.789999962,7.789999962
1990-04-30,7.789999962,7.789999962
1990-05-01,7.920000076,7.920000076
1990-05-02,7.900000095,7.900000095
1990-05-03,7.880000114,7.880000114
1990-05-04,7.760000229,7.760000229
1990-05-07,7.820000172,7.820000172
1990-05-08,7.789999962,7.789999962
1990-05-09,7.75,7.75
1990-05-10,7.710000038,7.710000038
1990-05-11,7.619999886,7.619999886
1990-05-14,7.630000114,7.630000114
1990-05-15,7.650000095,7.650000095
1990-05-16,7.670000076,7.670000076
1990-05-17,7.670000076,7.670000076
1990-05-18,7.75,7.75
1990-05-21,7.75,7.75
1990-05-22,7.730000019,7.730000019
1990-05-23,7.650000095,7.650000095
1990-05-24,7.690000057,7.690000057
1990-05-25,7.75,7.75
1990-05-29,7.75,7.75
1990-05-30,7.760000229,7.760000229
1990-05-31,7.75,7.75
1990-06-01,7.679999828,7.679999828
1990-06-04,7.699999809,7.699999809
1990-06-05,7.699999809,7.699999809
1990-06-06,7.699999809,7.699999809
1990-06-07,7.699999809,7.699999809
1990-06-08,7.699999809,7.699999809
1990-06-11,7.730000019,7.730000019
1990-06-12,7.730000019,7.730000019
1990-06-13,7.670000076,7.670000076
1990-06-14,7.659999847,7.659999847
1990-06-15,7.690000057,7.690000057
1990-06-18,7.670000076,7.670000076
1990-06-19,7.739999771,7.739999771
1990-06-20,7.760000229,7.760000229
1990-06-21,7.769999981,7.769999981
1990-06-22,7.78000021,7.78000021
1990-06-25,7.789999962,7.789999962
1990-06-26,7.800000191,7.800000191
1990-06-27,7.78000021,7.78000021
1990-06-28,7.739999771,7.739999771
1990-06-29,7.739999771,7.739999771
1990-07-02,7.739999771,7.739999771
1990-07-03,7.699999809,7.699999809
1990-07-05,7.659999847,7.659999847
1990-07-06,7.75,7.75
1990-07-09,7.800000191,7.800000191
1990-07-10,7.800000191,7.800000191
1990-07-11,7.78000021,7.78000021
1990-07-12,7.679999828,7.679999828
1990-07-13,7.599999905,7.599999905
1990-07-16,7.610000134,7.610000134
1990-07-17,7.610000134,7.610000134
1990-07-18,7.550000191,7.550000191
1990-07-19,7.539999962,7.539999962
1990-07-20,7.539999962,7.539999962
1990-07-23,7.480000019,7.480000019
1990-07-24,7.53000021,7.53000021
1990-07-25,7.559999943,7.559999943
1990-07-26,7.579999924,7.579999924
1990-07-27,7.519999981,7.519999981
1990-07-30,7.5,7.5
1990-07-31,7.489999771,7.489999771
1990-08-01,7.420000076,7.420000076
1990-08-02,7.429999828,7.429999828
1990-08-03,7.289999962,7.289999962
1990-08-06,7.300000191,7.300000191
1990-08-07,7.369999886,7.369999886
1990-08-08,7.380000114,7.380000114
1990-08-09,7.409999847,7.409999847
1990-08-10,7.400000095,7.400000095
1990-08-13,7.420000076,7.420000076
1990-08-14,7.429999828,7.429999828
1990-08-15,7.449999809,7.449999809
1990-08-16,7.480000019,7.480000019
1990-08-17,7.46999979,7.46999979
1990-08-20,7.519999981,7.519999981
1990-08-21,7.570000172,7.570000172
1990-08-22,7.590000153,7.590000153
1990-08-23,7.539999962,7.539999962
1990-08-24,7.489999771,7.489999771
1990-08-27,7.53000021,7.53000021
1990-08-28,7.480000019,7.480000019
1990-08-29,7.46999979,7.46999979
1990-08-30,7.449999809,7.449999809
1990-08-31,7.389999866,7.389999866
1990-09-04,7.389999866,7.389999866
1990-09-05,7.369999886,7.369999886
1990-09-06,7.380000114,7.380000114
1990-09-07,7.389999866,7.389999866
1990-09-10,7.429999828,7.429999828
1990-09-11,7.420000076,7.420000076
1990-09-12,7.369999886,7.369999886
1990-09-13,7.349999905,7.349999905
1990-09-14,7.349999905,7.349999905
1990-09-17,7.369999886,7.369999886
1990-09-18,7.369999886,7.369999886
1990-09-19,7.389999866,7.389999866
1990-09-20,7.389999866,7.389999866
1990-09-21,7.360000134,7.360000134
1990-09-24,7.380000114,7.380000114
1990-09-25,7.349999905,7.349999905
1990-09-26,7.329999924,7.329999924
1990-09-27,7.230000019,7.230000019
1990-09-28,7.139999866,7.139999866
1990-10-01,7.130000114,7.130000114
1990-10-02,7.179999828,7.179999828
1990-10-03,7.150000095,7.150000095
1990-10-04,7.130000114,7.130000114
1990-10-05,7.039999962,7.039999962
1990-10-09,7.170000076,7.170000076
1990-10-10,7.199999809,7.199999809
1990-10-11,7.119999886,7.119999886
1990-10-12,7.139999866,7.139999866
1990-10-15,7.159999847,7.159999847
1990-10-16,7.159999847,7.159999847
1990-10-17,7.199999809,7.199999809
1990-10-18,7.25,7.25
1990-10-19,7.25,7.25
1990-10-22,7.230000019,7.230000019
1990-10-23,7.210000038,7.210000038
1990-10-24,7.21999979,7.21999979
1990-10-25,7.179999828,7.179999828
1990-10-26,7.130000114,7.130000114
1990-10-29,7.150000095,7.150000095
1990-10-30,7.139999866,7.139999866
1990-10-31,7.110000134,7.110000134
1990-11-01,7.050000191,7.050000191
1990-11-02,7.079999924,7.079999924
1990-11-05,7.079999924,7.079999924
1990-11-06,7.079999924,7.079999924
1990-11-07,7.090000153,7.090000153
1990-11-08,7.090000153,7.090000153
1990-11-09,7.050000191,7.050000191
1990-11-13,7.039999962,7.039999962
1990-11-14,7.070000172,7.070000172
1990-11-15,7.090000153,7.090000153
1990-11-16,7.079999924,7.079999924
1990-11-19,7.099999905,7.099999905
1990-11-20,7.090000153,7.090000153
1990-11-21,7.039999962,7.039999962
1990-11-23,7.03000021,7.03000021
1990-11-26,7.03000021,7.03000021
1990-11-27,7.039999962,7.039999962
1990-11-28,7.059999943,7.059999943
1990-11-29,7.03000021,7.03000021
1990-11-30,7.019999981,7.019999981
1990-12-03,7.050000191,7.050000191
1990-12-04,7.010000229,7.010000229
1990-12-05,7,7
1990-12-06,7,7
1990-12-07,6.889999866,6.889999866
1990-12-10,6.860000134,6.860000134
1990-12-11,6.840000153,6.840000153
1990-12-12,6.789999962,6.789999962
1990-12-13,6.829999924,6.829999924
1990-12-14,6.849999905,6.849999905
1990-12-17,6.809999943,6.809999943
1990-12-18,6.730000019,6.730000019
1990-12-19,6.619999886,6.619999886
1990-12-20,6.550000191,6.550000191
1990-12-21,6.590000153,6.590000153
1990-12-24,6.53000021,6.53000021
1990-12-26,6.480000019,6.480000019
1990-12-27,6.46999979,6.46999979
1990-12-28,6.449999809,6.449999809
1990-12-31,6.440000057,6.440000057
1991-01-02,6.460000038,6.460000038
1991-01-03,6.440000057,6.440000057
1991-01-04,6.53000021,6.53000021
1991-01-07,6.510000229,6.510000229
1991-01-08,6.440000057,6.440000057
1991-01-09,6.25,6.25
1991-01-10,6.210000038,6.210000038
1991-01-11,6.159999847,6.159999847
1991-01-14,6.050000191,6.050000191
1991-01-15,6.050000191,6.050000191
1991-01-16,6.039999962,6.039999962
1991-01-17,6.119999886,6.119999886
1991-01-18,6.070000172,6.070000172
1991-01-22,6.050000191,6.050000191
1991-01-23,6.139999866,6.139999866
1991-01-24,6.130000114,6.130000114
1991-01-25,6.170000076,6.170000076
1991-01-28,6.25,6.25
1991-01-29,6.21999979,6.21999979
1991-01-30,6.199999809,6.199999809
1991-01-31,6.190000057,6.190000057
1991-02-01,6,6
1991-02-04,5.980000019,5.980000019
1991-02-05,5.96999979,5.96999979
1991-02-06,5.909999847,5.909999847
1991-02-07,5.940000057,5.940000057
1991-02-08,5.920000076,5.920000076
1991-02-11,5.880000114,5.880000114
1991-02-12,5.849999905,5.849999905
1991-02-13,5.860000134,5.860000134
1991-02-14,5.849999905,5.849999905
1991-02-15,5.909999847,5.909999847
1991-02-19,5.960000038,5.960000038
1991-02-20,5.940000057,5.940000057
1991-02-21,5.920000076,5.920000076
1991-02-22,5.949999809,5.949999809
1991-02-25,5.989999771,5.989999771
1991-02-26,6.039999962,6.039999962
1991-02-27,6.03000021,6.03000021
1991-02-28,6.039999962,6.039999962
1991-03-01,6.090000153,6.090000153
1991-03-04,6.059999943,6.059999943
1991-03-05,6.050000191,6.050000191
1991-03-06,6.079999924,6.079999924
1991-03-07,6.070000172,6.070000172
1991-03-08,5.96999979,5.96999979
1991-03-11,5.889999866,5.889999866
1991-03-12,5.860000134,5.860000134
1991-03-13,5.829999924,5.829999924
1991-03-14,5.760000229,5.760000229
1991-03-15,5.800000191,5.800000191
1991-03-18,5.840000153,5.840000153
1991-03-19,5.889999866,5.889999866
1991-03-20,5.880000114,5.880000114
1991-03-21,5.869999886,5.869999886
1991-03-22,5.869999886,5.869999886
1991-03-25,5.880000114,5.880000114
1991-03-26,5.860000134,5.860000134
1991-03-27,5.809999943,5.809999943
1991-03-28,5.739999771,5.739999771
1991-04-01,5.760000229,5.760000229
1991-04-02,5.769999981,5.769999981
1991-04-03,5.769999981,5.769999981
1991-04-04,5.739999771,5.739999771
1991-04-05,5.710000038,5.710000038
1991-04-08,5.650000095,5.650000095
1991-04-09,5.610000134,5.610000134
1991-04-10,5.610000134,5.610000134
1991-04-11,5.570000172,5.570000172
1991-04-12,5.510000229,5.510000229
1991-04-15,5.590000153,5.590000153
1991-04-16,5.610000134,5.610000134
1991-04-17,5.559999943,5.559999943
1991-04-18,5.659999847,5.659999847
1991-04-19,5.75,5.75
1991-04-22,5.690000057,5.690000057
1991-04-23,5.710000038,5.710000038
1991-04-24,5.659999847,5.659999847
1991-04-25,5.610000134,5.610000134
1991-04-26,5.619999886,5.619999886
1991-04-29,5.590000153,5.590000153
1991-04-30,5.510000229,5.510000229
1991-05-01,5.539999962,5.539999962
1991-05-02,5.460000038,5.460000038
1991-05-03,5.46999979,5.46999979
1991-05-06,5.460000038,5.460000038
1991-05-07,5.5,5.5
1991-05-08,5.5,5.5
1991-05-09,5.480000019,5.480000019
1991-05-10,5.480000019,5.480000019
1991-05-13,5.46999979,5.46999979
1991-05-14,5.489999771,5.489999771
1991-05-15,5.449999809,5.449999809
1991-05-16,5.400000095,5.400000095
1991-05-17,5.400000095,5.400000095
1991-05-20,5.449999809,5.449999809
1991-05-21,5.5,5.5
1991-05-22,5.460000038,5.460000038
1991-05-23,5.400000095,5.400000095
1991-05-24,5.400000095,5.400000095
1991-05-28,5.400000095,5.400000095
1991-05-29,5.449999809,5.449999809
1991-05-30,5.449999809,5.449999809
1991-05-31,5.53000021,5.53000021
1991-06-03,5.599999905,5.599999905
1991-06-04,5.570000172,5.570000172
1991-06-05,5.590000153,5.590000153
1991-06-06,5.559999943,5.559999943
1991-06-07,5.559999943,5.559999943
1991-06-10,5.579999924,5.579999924
1991-06-11,5.570000172,5.570000172
1991-06-12,5.559999943,5.559999943
1991-06-13,5.579999924,5.579999924
1991-06-14,5.590000153,5.590000153
1991-06-17,5.590000153,5.590000153
1991-06-18,5.619999886,5.619999886
1991-06-19,5.570000172,5.570000172
1991-06-20,5.559999943,5.559999943
1991-06-21,5.570000172,5.570000172
1991-06-24,5.559999943,5.559999943
1991-06-25,5.579999924,5.579999924
1991-06-26,5.559999943,5.559999943
1991-06-27,5.550000191,5.550000191
1991-06-28,5.539999962,5.539999962
1991-07-01,5.579999924,5.579999924
1991-07-02,5.579999924,5.579999924
1991-07-03,5.559999943,5.559999943
1991-07-05,5.579999924,5.579999924
1991-07-08,5.570000172,5.570000172
1991-07-09,5.590000153,5.590000153
1991-07-10,5.579999924,5.579999924
1991-07-11,5.559999943,5.559999943
1991-07-12,5.550000191,5.550000191
1991-07-15,5.570000172,5.570000172
1991-07-16,5.590000153,5.590000153
1991-07-17,5.610000134,5.610000134
1991-07-18,5.590000153,5.590000153
1991-07-19,5.579999924,5.579999924
1991-07-22,5.570000172,5.570000172
1991-07-23,5.590000153,5.590000153
1991-07-24,5.579999924,5.579999924
1991-07-25,5.579999924,5.579999924
1991-07-26,5.579999924,5.579999924
1991-07-29,5.570000172,5.570000172
1991-07-30,5.559999943,5.559999943
1991-07-31,5.53000021,5.53000021
1991-08-01,5.550000191,5.550000191
1991-08-02,5.460000038,5.460000038
1991-08-05,5.5,5.5
1991-08-06,5.409999847,5.409999847
1991-08-07,5.380000114,5.380000114
1991-08-08,5.369999886,5.369999886
1991-08-09,5.320000172,5.320000172
1991-08-12,5.309999943,5.309999943
1991-08-13,5.289999962,5.289999962
1991-08-14,5.289999962,5.289999962
1991-08-15,5.300000191,5.300000191
1991-08-16,5.260000229,5.260000229
1991-08-19,5.110000134,5.110000134
1991-08-20,5.110000134,5.110000134
1991-08-21,5.28000021,5.28000021
1991-08-22,5.309999943,5.309999943
1991-08-23,5.389999866,5.389999866
1991-08-26,5.409999847,5.409999847
1991-08-27,5.380000114,5.380000114
1991-08-28,5.300000191,5.300000191
1991-08-29,5.269999981,5.269999981
1991-08-30,5.329999924,5.329999924
1991-09-03,5.340000153,5.340000153
1991-09-04,5.329999924,5.329999924
1991-09-05,5.320000172,5.320000172
1991-09-06,5.289999962,5.289999962
1991-09-09,5.28000021,5.28000021
1991-09-10,5.239999771,5.239999771
1991-09-11,5.260000229,5.260000229
1991-09-12,5.21999979,5.21999979
1991-09-13,5.159999847,5.159999847
1991-09-16,5.179999828,5.179999828
1991-09-17,5.190000057,5.190000057
1991-09-18,5.179999828,5.179999828
1991-09-19,5.199999809,5.199999809
1991-09-20,5.190000057,5.190000057
1991-09-23,5.210000038,5.210000038
1991-09-24,5.170000076,5.170000076
1991-09-25,5.170000076,5.170000076
1991-09-26,5.130000114,5.130000114
1991-09-27,5.130000114,5.130000114
1991-09-30,5.110000134,5.110000134
1991-10-01,5.099999905,5.099999905
1991-10-02,5.090000153,5.090000153
1991-10-03,5.039999962,5.039999962
1991-10-04,5.019999981,5.019999981
1991-10-07,5.019999981,5.019999981
1991-10-08,5.019999981,5.019999981
1991-10-09,5.010000229,5.010000229
1991-10-10,5.03000021,5.03000021
1991-10-11,4.989999771,4.989999771
1991-10-15,4.960000038,4.960000038
1991-10-16,4.96999979,4.96999979
1991-10-17,5.03000021,5.03000021
1991-10-18,5.03000021,5.03000021
1991-10-21,5.039999962,5.039999962
1991-10-22,5.059999943,5.059999943
1991-10-23,5.039999962,5.039999962
1991-10-24,4.96999979,4.96999979
1991-10-25,4.960000038,4.960000038
1991-10-28,4.940000057,4.940000057
1991-10-29,4.889999866,4.889999866
1991-10-30,4.840000153,4.840000153
1991-10-31,4.820000172,4.820000172
1991-11-01,4.75,4.75
1991-11-04,4.739999771,4.739999771
1991-11-05,4.760000229,4.760000229
1991-11-06,4.630000114,4.630000114
1991-11-07,4.630000114,4.630000114
1991-11-08,4.619999886,4.619999886
1991-11-12,4.619999886,4.619999886
1991-11-13,4.630000114,4.630000114
1991-11-14,4.630000114,4.630000114
1991-11-15,4.590000153,4.590000153
1991-11-18,4.579999924,4.579999924
1991-11-19,4.53000021,4.53000021
1991-11-20,4.489999771,4.489999771
1991-11-21,4.429999828,4.429999828
1991-11-22,4.420000076,4.420000076
1991-11-25,4.429999828,4.429999828
1991-11-26,4.400000095,4.400000095
1991-11-27,4.389999866,4.389999866
1991-11-29,4.349999905,4.349999905
1991-12-02,4.380000114,4.380000114
1991-12-03,4.360000134,4.360000134
1991-12-04,4.309999943,4.309999943
1991-12-05,4.309999943,4.309999943
1991-12-06,4.239999771,4.239999771
1991-12-09,4.150000095,4.150000095
1991-12-10,4.199999809,4.199999809
1991-12-11,4.150000095,4.150000095
1991-12-12,4.150000095,4.150000095
1991-12-13,4.150000095,4.150000095
1991-12-16,4.139999866,4.139999866
1991-12-17,4.110000134,4.110000134
1991-12-18,4.119999886,4.119999886
1991-12-19,4.039999962,4.039999962
1991-12-20,3.74000001,3.74000001
1991-12-23,3.75999999,3.75999999
1991-12-24,3.809999943,3.809999943
1991-12-26,3.819999933,3.819999933
1991-12-27,3.859999895,3.859999895
1991-12-30,3.869999886,3.869999886
1991-12-31,3.880000114,3.880000114
1992-01-02,3.859999895,3.859999895
1992-01-03,3.849999905,3.849999905
1992-01-06,3.809999943,3.809999943
1992-01-07,3.75,3.75
1992-01-08,3.720000029,3.720000029
1992-01-09,3.769999981,3.769999981
1992-01-10,3.819999933,3.819999933
1992-01-13,3.809999943,3.809999943
1992-01-14,3.819999933,3.819999933
1992-01-15,3.839999914,3.839999914
1992-01-16,3.789999962,3.789999962
1992-01-17,3.789999962,3.789999962
1992-01-21,3.730000019,3.730000019
1992-01-22,3.75,3.75
1992-01-23,3.769999981,3.769999981
1992-01-24,3.809999943,3.809999943
1992-01-27,3.849999905,3.849999905
1992-01-28,3.829999924,3.829999924
1992-01-29,3.859999895,3.859999895
1992-01-30,3.829999924,3.829999924
1992-01-31,3.839999914,3.839999914
1992-02-03,3.839999914,3.839999914
1992-02-04,3.839999914,3.839999914
1992-02-05,3.839999914,3.839999914
1992-02-06,3.809999943,3.809999943
1992-02-07,3.74000001,3.74000001
1992-02-10,3.730000019,3.730000019
1992-02-11,3.75,3.75
1992-02-12,3.75,3.75
1992-02-13,3.789999962,3.789999962
1992-02-14,3.789999962,3.789999962
1992-02-18,3.809999943,3.809999943
1992-02-19,3.849999905,3.849999905
1992-02-20,3.880000114,3.880000114
1992-02-21,3.930000067,3.930000067
1992-02-24,3.930000067,3.930000067
1992-02-25,3.960000038,3.960000038
1992-02-26,3.940000057,3.940000057
1992-02-27,3.930000067,3.930000067
1992-02-28,3.930000067,3.930000067
1992-03-02,4.03000021,4.03000021
1992-03-03,4.039999962,4.039999962
1992-03-04,4.03000021,4.03000021
1992-03-05,4.039999962,4.039999962
1992-03-06,4.039999962,4.039999962
1992-03-09,4.010000229,4.010000229
1992-03-10,4.010000229,4.010000229
1992-03-11,4.010000229,4.010000229
1992-03-12,4.019999981,4.019999981
1992-03-13,4.059999943,4.059999943
1992-03-16,4.059999943,4.059999943
1992-03-17,4.059999943,4.059999943
1992-03-18,4.050000191,4.050000191
1992-03-19,4.050000191,4.050000191
1992-03-20,4.059999943,4.059999943
1992-03-23,4.079999924,4.079999924
1992-03-24,4.050000191,4.050000191
1992-03-25,4.010000229,4.010000229
1992-03-26,4.010000229,4.010000229
1992-03-27,4.010000229,4.010000229
1992-03-30,4.010000229,4.010000229
1992-03-31,4.050000191,4.050000191
1992-04-01,4.010000229,4.010000229
1992-04-02,4.019999981,4.019999981
1992-04-03,3.960000038,3.960000038
1992-04-06,3.960000038,3.960000038
1992-04-07,3.869999886,3.869999886
1992-04-08,3.869999886,3.869999886
1992-04-09,3.660000086,3.660000086
1992-04-10,3.650000095,3.650000095
1992-04-13,3.619999886,3.619999886
1992-04-14,3.619999886,3.619999886
1992-04-15,3.619999886,3.619999886
1992-04-16,3.650000095,3.650000095
1992-04-20,3.690000057,3.690000057
1992-04-21,3.680000067,3.680000067
1992-04-22,3.680000067,3.680000067
1992-04-23,3.670000076,3.670000076
1992-04-24,3.670000076,3.670000076
1992-04-27,3.710000038,3.710000038
1992-04-28,3.710000038,3.710000038
1992-04-29,3.710000038,3.710000038
1992-04-30,3.700000048,3.700000048
1992-05-01,3.630000114,3.630000114
1992-05-04,3.640000105,3.640000105
1992-05-05,3.640000105,3.640000105
1992-05-06,3.619999886,3.619999886
1992-05-07,3.619999886,3.619999886
1992-05-08,3.630000114,3.630000114
1992-05-11,3.640000105,3.640000105
1992-05-12,3.619999886,3.619999886
1992-05-13,3.589999914,3.589999914
1992-05-14,3.569999933,3.569999933
1992-05-15,3.579999924,3.579999924
1992-05-18,3.599999905,3.599999905
1992-05-19,3.539999962,3.539999962
1992-05-20,3.569999933,3.569999933
1992-05-21,3.670000076,3.670000076
1992-05-22,3.680000067,3.680000067
1992-05-26,3.74000001,3.74000001
1992-05-27,3.700000048,3.700000048
1992-05-28,3.680000067,3.680000067
1992-05-29,3.700000048,3.700000048
1992-06-01,3.75,3.75
1992-06-02,3.74000001,3.74000001
1992-06-03,3.710000038,3.710000038
1992-06-04,3.690000057,3.690000057
1992-06-05,3.680000067,3.680000067
1992-06-08,3.680000067,3.680000067
1992-06-09,3.680000067,3.680000067
1992-06-10,3.680000067,3.680000067
1992-06-11,3.660000086,3.660000086
1992-06-12,3.660000086,3.660000086
1992-06-15,3.650000095,3.650000095
1992-06-16,3.640000105,3.640000105
1992-06-17,3.619999886,3.619999886
1992-06-18,3.609999895,3.609999895
1992-06-19,3.650000095,3.650000095
1992-06-22,3.640000105,3.640000105
1992-06-23,3.680000067,3.680000067
1992-06-24,3.640000105,3.640000105
1992-06-25,3.619999886,3.619999886
1992-06-26,3.619999886,3.619999886
1992-06-29,3.569999933,3.569999933
1992-06-30,3.569999933,3.569999933
1992-07-01,3.549999952,3.549999952
1992-07-02,3.24000001,3.24000001
1992-07-06,3.220000029,3.220000029
1992-07-07,3.210000038,3.210000038
1992-07-08,3.220000029,3.220000029
1992-07-09,3.210000038,3.210000038
1992-07-10,3.220000029,3.220000029
1992-07-13,3.210000038,3.210000038
1992-07-14,3.210000038,3.210000038
1992-07-15,3.180000067,3.180000067
1992-07-16,3.170000076,3.170000076
1992-07-17,3.160000086,3.160000086
1992-07-20,3.180000067,3.180000067
1992-07-21,3.190000057,3.190000057
1992-07-22,3.170000076,3.170000076
1992-07-23,3.160000086,3.160000086
1992-07-24,3.160000086,3.160000086
1992-07-27,3.190000057,3.190000057
1992-07-28,3.190000057,3.190000057
1992-07-29,3.180000067,3.180000067
1992-07-30,3.180000067,3.180000067
1992-07-31,3.180000067,3.180000067
1992-08-03,3.170000076,3.170000076
1992-08-04,3.170000076,3.170000076
1992-08-05,3.170000076,3.170000076
1992-08-06,3.160000086,3.160000086
1992-08-07,3.140000105,3.140000105
1992-08-10,3.130000114,3.130000114
1992-08-11,3.130000114,3.130000114
1992-08-12,3.119999886,3.119999886
1992-08-13,3.089999914,3.089999914
1992-08-14,3.059999943,3.059999943
1992-08-17,3.069999933,3.069999933
1992-08-18,3.069999933,3.069999933
1992-08-19,3.079999924,3.079999924
1992-08-20,3.079999924,3.079999924
1992-08-21,3.069999933,3.069999933
1992-08-24,3.150000095,3.150000095
1992-08-25,3.170000076,3.170000076
1992-08-26,3.160000086,3.160000086
1992-08-27,3.160000086,3.160000086
1992-08-28,3.160000086,3.160000086
1992-08-31,3.160000086,3.160000086
1992-09-01,3.150000095,3.150000095
1992-09-02,3.140000105,3.140000105
1992-09-03,3.140000105,3.140000105
1992-09-04,2.920000076,2.920000076
1992-09-08,2.900000095,2.900000095
1992-09-09,2.910000086,2.910000086
1992-09-10,2.910000086,2.910000086
1992-09-11,2.920000076,2.920000076
1992-09-14,2.890000105,2.890000105
1992-09-15,2.920000076,2.920000076
1992-09-16,2.900000095,2.900000095
1992-09-17,2.880000114,2.880000114
1992-09-18,2.880000114,2.880000114
1992-09-21,2.910000086,2.910000086
1992-09-22,2.920000076,2.920000076
1992-09-23,2.920000076,2.920000076
1992-09-24,2.890000105,2.890000105
1992-09-25,2.799999952,2.799999952
1992-09-28,2.779999971,2.779999971
1992-09-29,2.730000019,2.730000019
1992-09-30,2.690000057,2.690000057
1992-10-01,2.609999895,2.609999895
1992-10-02,2.630000114,2.630000114
1992-10-05,2.640000105,2.640000105
1992-10-06,2.730000019,2.730000019
1992-10-07,2.829999924,2.829999924
1992-10-08,2.789999962,2.789999962
1992-10-09,2.829999924,2.829999924
1992-10-13,2.859999895,2.859999895
1992-10-14,2.930000067,2.930000067
1992-10-15,2.920000076,2.920000076
1992-10-16,2.900000095,2.900000095
1992-10-19,2.970000029,2.970000029
1992-10-20,3.019999981,3.019999981
1992-10-21,2.930000067,2.930000067
1992-10-22,2.910000086,2.910000086
1992-10-23,2.930000067,2.930000067
1992-10-26,2.920000076,2.920000076
1992-10-27,2.940000057,2.940000057
1992-10-28,2.940000057,2.940000057
1992-10-29,2.950000048,2.950000048
1992-10-30,2.960000038,2.960000038
1992-11-02,3.00999999,3.00999999
1992-11-03,3.029999971,3.029999971
1992-11-04,3.019999981,3.019999981
1992-11-05,3.00999999,3.00999999
1992-11-06,3.059999943,3.059999943
1992-11-09,3.079999924,3.079999924
1992-11-10,3.079999924,3.079999924
1992-11-12,3.059999943,3.059999943
1992-11-13,3.079999924,3.079999924
1992-11-16,3.119999886,3.119999886
1992-11-17,3.170000076,3.170000076
1992-11-18,3.150000095,3.150000095
1992-11-19,3.150000095,3.150000095
1992-11-20,3.200000048,3.200000048
1992-11-23,3.24000001,3.24000001
1992-11-24,3.220000029,3.220000029
1992-11-25,3.24000001,3.24000001
1992-11-27,3.25,3.25
1992-11-30,3.269999981,3.269999981
1992-12-01,3.329999924,3.329999924
1992-12-02,3.339999914,3.339999914
1992-12-03,3.299999952,3.299999952
1992-12-04,3.25,3.25
1992-12-07,3.25,3.25
1992-12-08,3.25999999,3.25999999
1992-12-09,3.230000019,3.230000019
1992-12-10,3.220000029,3.220000029
1992-12-11,3.25,3.25
1992-12-14,3.25999999,3.25999999
1992-12-15,3.220000029,3.220000029
1992-12-16,3.210000038,3.210000038
1992-12-17,3.200000048,3.200000048
1992-12-18,3.160000086,3.160000086
1992-12-21,3.170000076,3.170000076
1992-12-22,3.200000048,3.200000048
1992-12-23,3.180000067,3.180000067
1992-12-24,3.160000086,3.160000086
1992-12-28,3.180000067,3.180000067
1992-12-29,3.200000048,3.200000048
1992-12-30,3.119999886,3.119999886
1992-12-31,3.079999924,3.079999924
1993-01-04,3.079999924,3.079999924
1993-01-05,3.109999895,3.109999895
1993-01-06,3.099999905,3.099999905
1993-01-07,3.119999886,3.119999886
1993-01-08,3.059999943,3.059999943
1993-01-11,3.049999952,3.049999952
1993-01-12,3.019999981,3.019999981
1993-01-13,3,3
1993-01-14,2.980000019,2.980000019
1993-01-15,2.940000057,2.940000057
1993-01-19,2.99000001,2.99000001
1993-01-20,3.00999999,3.00999999
1993-01-21,2.99000001,2.99000001
1993-01-22,2.970000029,2.970000029
1993-01-25,2.950000048,2.950000048
1993-01-26,2.950000048,2.950000048
1993-01-27,2.910000086,2.910000086
1993-01-28,2.900000095,2.900000095
1993-01-29,2.900000095,2.900000095
1993-02-01,2.900000095,2.900000095
1993-02-02,2.960000038,2.960000038
1993-02-03,2.930000067,2.930000067
1993-02-04,2.900000095,2.900000095
1993-02-05,2.900000095,2.900000095
1993-02-08,2.920000076,2.920000076
1993-02-09,2.930000067,2.930000067
1993-02-10,2.940000057,2.940000057
1993-02-11,2.920000076,2.920000076
1993-02-12,2.930000067,2.930000067
1993-02-16,2.930000067,2.930000067
1993-02-17,2.910000086,2.910000086
1993-02-18,2.890000105,2.890000105
1993-02-19,2.930000067,2.930000067
1993-02-22,2.950000048,2.950000048
1993-02-23,2.940000057,2.940000057
1993-02-24,2.960000038,2.960000038
1993-02-25,2.950000048,2.950000048
1993-02-26,2.950000048,2.950000048
1993-03-01,2.950000048,2.950000048
1993-03-02,2.970000029,2.970000029
1993-03-03,2.940000057,2.940000057
1993-03-04,2.910000086,2.910000086
1993-03-05,3,3
1993-03-08,3,3
1993-03-09,2.99000001,2.99000001
1993-03-10,2.980000019,2.980000019
1993-03-11,2.960000038,2.960000038
1993-03-12,2.970000029,2.970000029
1993-03-15,2.99000001,2.99000001
1993-03-16,2.980000019,2.980000019
1993-03-17,2.980000019,2.980000019
1993-03-18,2.950000048,2.950000048
1993-03-19,2.960000038,2.960000038
1993-03-22,2.940000057,2.940000057
1993-03-23,2.920000076,2.920000076
1993-03-24,2.920000076,2.920000076
1993-03-25,2.910000086,2.910000086
1993-03-26,2.930000067,2.930000067
1993-03-29,2.940000057,2.940000057
1993-03-30,2.910000086,2.910000086
1993-03-31,2.890000105,2.890000105
1993-04-01,2.900000095,2.900000095
1993-04-02,2.910000086,2.910000086
1993-04-05,2.900000095,2.900000095
1993-04-06,2.910000086,2.910000086
1993-04-07,2.920000076,2.920000076
1993-04-08,2.900000095,2.900000095
1993-04-12,2.890000105,2.890000105
1993-04-13,2.849999905,2.849999905
1993-04-14,2.819999933,2.819999933
1993-04-15,2.839999914,2.839999914
1993-04-16,2.839999914,2.839999914
1993-04-19,2.809999943,2.809999943
1993-04-20,2.789999962,2.789999962
1993-04-21,2.799999952,2.799999952
1993-04-22,2.819999933,2.819999933
1993-04-23,2.839999914,2.839999914
1993-04-26,2.890000105,2.890000105
1993-04-27,2.910000086,2.910000086
1993-04-28,2.920000076,2.920000076
1993-04-29,2.900000095,2.900000095
1993-04-30,2.910000086,2.910000086
1993-05-03,2.869999886,2.869999886
1993-05-04,2.869999886,2.869999886
1993-05-05,2.890000105,2.890000105
1993-05-06,2.859999895,2.859999895
1993-05-07,2.869999886,2.869999886
1993-05-10,2.869999886,2.869999886
1993-05-11,2.890000105,2.890000105
1993-05-12,2.900000095,2.900000095
1993-05-13,2.930000067,2.930000067
1993-05-14,2.960000038,2.960000038
1993-05-17,3,3
1993-05-18,3.00999999,3.00999999
1993-05-19,2.970000029,2.970000029
1993-05-20,2.960000038,2.960000038
1993-05-21,3,3
1993-05-24,3.039999962,3.039999962
1993-05-25,3.069999933,3.069999933
1993-05-26,3.049999952,3.049999952
1993-05-27,3.059999943,3.059999943
1993-05-28,3.059999943,3.059999943
1993-06-01,3.039999962,3.039999962
1993-06-02,3.069999933,3.069999933
1993-06-03,3.029999971,3.029999971
1993-06-04,3.109999895,3.109999895
1993-06-07,3.099999905,3.099999905
1993-06-08,3.130000114,3.130000114
1993-06-09,3.109999895,3.109999895
1993-06-10,3.109999895,3.109999895
1993-06-11,3.049999952,3.049999952
1993-06-14,3.049999952,3.049999952
1993-06-15,3.049999952,3.049999952
1993-06-16,3.039999962,3.039999962
1993-06-17,3.029999971,3.029999971
1993-06-18,3.059999943,3.059999943
1993-06-21,3.059999943,3.059999943
1993-06-22,3.089999914,3.089999914
1993-06-23,3.119999886,3.119999886
1993-06-24,3.099999905,3.099999905
1993-06-25,3.079999924,3.079999924
1993-06-28,3.069999933,3.069999933
1993-06-29,3.029999971,3.029999971
1993-06-30,3.029999971,3.029999971
1993-07-01,2.99000001,2.99000001
1993-07-02,2.950000048,2.950000048
1993-07-06,3.00999999,3.00999999
1993-07-07,3.039999962,3.039999962
1993-07-08,3.019999981,3.019999981
1993-07-09,3.019999981,3.019999981
1993-07-12,3.00999999,3.00999999
1993-07-13,3.039999962,3.039999962
1993-07-14,3.00999999,3.00999999
1993-07-15,3.00999999,3.00999999
1993-07-16,3.00999999,3.00999999
1993-07-19,3.029999971,3.029999971
1993-07-20,3.059999943,3.059999943
1993-07-21,3.069999933,3.069999933
1993-07-22,3.089999914,3.089999914
1993-07-23,3.089999914,3.089999914
1993-07-26,3.079999924,3.079999924
1993-07-27,3.099999905,3.099999905
1993-07-28,3.079999924,3.079999924
1993-07-29,3.019999981,3.019999981
1993-07-30,3.029999971,3.029999971
1993-08-02,3.069999933,3.069999933
1993-08-03,3.079999924,3.079999924
1993-08-04,3.079999924,3.079999924
1993-08-05,3.049999952,3.049999952
1993-08-06,3.039999962,3.039999962
1993-08-09,3.019999981,3.019999981
1993-08-10,3.029999971,3.029999971
1993-08-11,3.019999981,3.019999981
1993-08-12,3.00999999,3.00999999
1993-08-13,3.019999981,3.019999981
1993-08-16,3.019999981,3.019999981
1993-08-17,3.00999999,3.00999999
1993-08-18,2.99000001,2.99000001
1993-08-19,2.980000019,2.980000019
1993-08-20,2.99000001,2.99000001
1993-08-23,2.99000001,2.99000001
1993-08-24,2.99000001,2.99000001
1993-08-25,2.980000019,2.980000019
1993-08-26,3,3
1993-08-27,3.019999981,3.019999981
1993-08-30,3.019999981,3.019999981
1993-08-31,3.00999999,3.00999999
1993-09-01,3.00999999,3.00999999
1993-09-02,2.99000001,2.99000001
1993-09-03,2.940000057,2.940000057
1993-09-07,2.930000067,2.930000067
1993-09-08,2.960000038,2.960000038
1993-09-09,2.980000019,2.980000019
1993-09-10,2.960000038,2.960000038
1993-09-13,2.970000029,2.970000029
1993-09-14,2.99000001,2.99000001
1993-09-15,2.960000038,2.960000038
1993-09-16,2.950000048,2.950000048
1993-09-17,2.950000048,2.950000048
1993-09-20,2.950000048,2.950000048
1993-09-21,2.920000076,2.920000076
1993-09-22,2.920000076,2.920000076
1993-09-23,2.930000067,2.930000067
1993-09-24,2.930000067,2.930000067
1993-09-27,2.910000086,2.910000086
1993-09-28,2.900000095,2.900000095
1993-09-29,2.930000067,2.930000067
1993-09-30,2.920000076,2.920000076
1993-10-01,2.920000076,2.920000076
1993-10-04,2.930000067,2.930000067
1993-10-05,3,3
1993-10-06,2.980000019,2.980000019
1993-10-07,2.980000019,2.980000019
1993-10-08,2.980000019,2.980000019
1993-10-12,3.00999999,3.00999999
1993-10-13,3.029999971,3.029999971
1993-10-14,3.00999999,3.00999999
1993-10-15,3.00999999,3.00999999
1993-10-18,3.019999981,3.019999981
1993-10-19,3.059999943,3.059999943
1993-10-20,3.039999962,3.039999962
1993-10-21,3.049999952,3.049999952
1993-10-22,3.039999962,3.039999962
1993-10-25,3.039999962,3.039999962
1993-10-26,3.079999924,3.079999924
1993-10-27,3.079999924,3.079999924
1993-10-28,3.039999962,3.039999962
1993-10-29,3.029999971,3.029999971
1993-11-01,3.059999943,3.059999943
1993-11-02,3.119999886,3.119999886
1993-11-03,3.079999924,3.079999924
1993-11-04,3.069999933,3.069999933
1993-11-05,3.069999933,3.069999933
1993-11-08,3.059999943,3.059999943
1993-11-09,3.109999895,3.109999895
1993-11-10,3.109999895,3.109999895
1993-11-12,3.109999895,3.109999895
1993-11-15,3.109999895,3.109999895
1993-11-16,3.089999914,3.089999914
1993-11-17,3.089999914,3.089999914
1993-11-18,3.099999905,3.099999905
1993-11-19,3.109999895,3.109999895
1993-11-22,3.119999886,3.119999886
1993-11-23,3.109999895,3.109999895
1993-11-24,3.109999895,3.109999895
1993-11-26,3.099999905,3.099999905
1993-11-29,3.109999895,3.109999895
1993-11-30,3.140000105,3.140000105
1993-12-01,3.109999895,3.109999895
1993-12-02,3.109999895,3.109999895
1993-12-03,3.109999895,3.109999895
1993-12-06,3.089999914,3.089999914
1993-12-07,3.079999924,3.079999924
1993-12-08,3.079999924,3.079999924
1993-12-09,3.049999952,3.049999952
1993-12-10,3.049999952,3.049999952
1993-12-13,3.039999962,3.039999962
1993-12-14,3.039999962,3.039999962
1993-12-15,3.029999971,3.029999971
1993-12-16,3.019999981,3.019999981
1993-12-17,3.029999971,3.029999971
1993-12-20,3.049999952,3.049999952
1993-12-21,3.069999933,3.069999933
1993-12-22,3.049999952,3.049999952
1993-12-23,3.049999952,3.049999952
1993-12-27,3.059999943,3.059999943
1993-12-28,3.059999943,3.059999943
1993-12-29,3,3
1993-12-30,2.980000019,2.980000019
1993-12-31,3,3
1994-01-03,3.029999971,3.029999971
1994-01-04,3.079999924,3.079999924
1994-01-05,3.069999933,3.069999933
1994-01-06,3.049999952,3.049999952
1994-01-07,3.00999999,3.00999999
1994-01-10,2.99000001,2.99000001
1994-01-11,2.970000029,2.970000029
1994-01-12,2.950000048,2.950000048
1994-01-13,2.950000048,2.950000048
1994-01-14,2.970000029,2.970000029
1994-01-18,2.960000038,2.960000038
1994-01-19,2.970000029,2.970000029
1994-01-20,2.940000057,2.940000057
1994-01-21,2.950000048,2.950000048
1994-01-24,2.940000057,2.940000057
1994-01-25,2.930000067,2.930000067
1994-01-26,2.920000076,2.920000076
1994-01-27,2.920000076,2.920000076
1994-01-28,2.940000057,2.940000057
1994-01-31,2.970000029,2.970000029
1994-02-01,3.029999971,3.029999971
1994-02-02,3.059999943,3.059999943
1994-02-03,3.140000105,3.140000105
1994-02-04,3.230000019,3.230000019
1994-02-07,3.220000029,3.220000029
1994-02-08,3.25,3.25
1994-02-09,3.25,3.25
1994-02-10,3.25999999,3.25999999
1994-02-11,3.25,3.25
1994-02-14,3.25,3.25
1994-02-15,3.269999981,3.269999981
1994-02-16,3.269999981,3.269999981
1994-02-17,3.269999981,3.269999981
1994-02-18,3.279999971,3.279999971
1994-02-22,3.289999962,3.289999962
1994-02-23,3.369999886,3.369999886
1994-02-24,3.359999895,3.359999895
1994-02-25,3.369999886,3.369999886
1994-02-28,3.359999895,3.359999895
1994-03-01,3.49000001,3.49000001
1994-03-02,3.470000029,3.470000029
1994-03-03,3.480000019,3.480000019
1994-03-04,3.529999971,3.529999971
1994-03-07,3.519999981,3.519999981
1994-03-08,3.539999962,3.539999962
1994-03-09,3.529999971,3.529999971
1994-03-10,3.49000001,3.49000001
1994-03-11,3.49000001,3.49000001
1994-03-14,3.519999981,3.519999981
1994-03-15,3.569999933,3.569999933
1994-03-16,3.529999971,3.529999971
1994-03-17,3.470000029,3.470000029
1994-03-18,3.470000029,3.470000029
1994-03-21,3.50999999,3.50999999
1994-03-22,3.539999962,3.539999962
1994-03-23,3.450000048,3.450000048
1994-03-24,3.450000048,3.450000048
1994-03-25,3.480000019,3.480000019
1994-03-28,3.5,3.5
1994-03-29,3.50999999,3.50999999
1994-03-30,3.49000001,3.49000001
1994-03-31,3.470000029,3.470000029
1994-04-04,3.650000095,3.650000095
1994-04-05,3.660000086,3.660000086
1994-04-06,3.599999905,3.599999905
1994-04-07,3.529999971,3.529999971
1994-04-08,3.549999952,3.549999952
1994-04-11,3.539999962,3.539999962
1994-04-12,3.559999943,3.559999943
1994-04-13,3.559999943,3.559999943
1994-04-14,3.579999924,3.579999924
1994-04-15,3.589999914,3.589999914
1994-04-18,3.690000057,3.690000057
1994-04-19,3.74000001,3.74000001
1994-04-20,3.74000001,3.74000001
1994-04-21,3.74000001,3.74000001
1994-04-22,3.74000001,3.74000001
1994-04-25,3.75999999,3.75999999
1994-04-26,3.880000114,3.880000114
1994-04-28,3.880000114,3.880000114
1994-04-29,3.859999895,3.859999895
1994-05-02,3.910000086,3.910000086
1994-05-03,4.039999962,4.039999962
1994-05-04,4.039999962,4.039999962
1994-05-05,4.019999981,4.019999981
1994-05-06,4.159999847,4.159999847
1994-05-09,4.239999771,4.239999771
1994-05-10,4.239999771,4.239999771
1994-05-11,4.21999979,4.21999979
1994-05-12,4.119999886,4.119999886
1994-05-13,4.110000134,4.110000134
1994-05-16,4.150000095,4.150000095
1994-05-17,4.190000057,4.190000057
1994-05-18,4.190000057,4.190000057
1994-05-19,4.130000114,4.130000114
1994-05-20,4.139999866,4.139999866
1994-05-23,4.159999847,4.159999847
1994-05-24,4.210000038,4.210000038
1994-05-25,4.179999828,4.179999828
1994-05-26,4.150000095,4.150000095
1994-05-27,4.170000076,4.170000076
1994-05-31,4.170000076,4.170000076
1994-06-01,4.179999828,4.179999828
1994-06-02,4.130000114,4.130000114
1994-06-03,4.110000134,4.110000134
1994-06-06,4.085000038,4.085000038
1994-06-07,4.130000114,4.130000114
1994-06-08,4.110000134,4.110000134
1994-06-09,4.110000134,4.110000134
1994-06-10,4.110000134,4.110000134
1994-06-13,4.110000134,4.110000134
1994-06-14,4.099999905,4.099999905
1994-06-15,4.119999886,4.119999886
1994-06-16,4.110000134,4.110000134
1994-06-17,4.110000134,4.110000134
1994-06-20,4.110000134,4.110000134
1994-06-21,4.179999828,4.179999828
1994-06-22,4.179999828,4.179999828
1994-06-23,4.150000095,4.150000095
1994-06-24,4.159999847,4.159999847
1994-06-27,4.139999866,4.139999866
1994-06-28,4.179999828,4.179999828
1994-06-29,4.130000114,4.130000114
1994-06-30,4.139999866,4.139999866
1994-07-01,4.190000057,4.190000057
1994-07-05,4.199999809,4.199999809
1994-07-06,4.289999962,4.289999962
1994-07-07,4.239999771,4.239999771
1994-07-08,4.369999886,4.369999886
1994-07-11,4.420000076,4.420000076
1994-07-12,4.449999809,4.449999809
1994-07-13,4.409999847,4.409999847
1994-07-14,4.300000191,4.300000191
1994-07-15,4.260000229,4.260000229
1994-07-18,4.230000019,4.230000019
1994-07-19,4.25,4.25
1994-07-20,4.309999943,4.309999943
1994-07-21,4.329999924,4.329999924
1994-07-22,4.369999886,4.369999886
1994-07-25,4.380000114,4.380000114
1994-07-26,4.409999847,4.409999847
1994-07-27,4.449999809,4.449999809
1994-07-28,4.409999847,4.409999847
1994-07-29,4.269999981,4.269999981
1994-08-01,4.28000021,4.28000021
1994-08-02,4.320000172,4.320000172
1994-08-03,4.340000153,4.340000153
1994-08-04,4.320000172,4.320000172
1994-08-05,4.460000038,4.460000038
1994-08-08,4.449999809,4.449999809
1994-08-09,4.449999809,4.449999809
1994-08-10,4.349999905,4.349999905
1994-08-11,4.340000153,4.340000153
1994-08-12,4.360000134,4.360000134
1994-08-15,4.449999809,4.449999809
1994-08-16,4.619999886,4.619999886
1994-08-17,4.559999943,4.559999943
1994-08-18,4.579999924,4.579999924
1994-08-19,4.550000191,4.550000191
1994-08-22,4.539999962,4.539999962
1994-08-23,4.570000172,4.570000172
1994-08-24,4.53000021,4.53000021
1994-08-25,4.550000191,4.550000191
1994-08-26,4.539999962,4.539999962
1994-08-29,4.559999943,4.559999943
1994-08-30,4.590000153,4.590000153
1994-08-31,4.559999943,4.559999943
1994-09-01,4.539999962,4.539999962
1994-09-02,4.559999943,4.559999943
1994-09-06,4.550000191,4.550000191
1994-09-07,4.539999962,4.539999962
1994-09-08,4.539999962,4.539999962
1994-09-09,4.570000172,4.570000172
1994-09-12,4.579999924,4.579999924
1994-09-13,4.599999905,4.599999905
1994-09-14,4.579999924,4.579999924
1994-09-15,4.579999924,4.579999924
1994-09-16,4.619999886,4.619999886
1994-09-19,4.579999924,4.579999924
1994-09-20,4.610000134,4.610000134
1994-09-21,4.809999943,4.809999943
1994-09-22,4.78000021,4.78000021
1994-09-23,4.78000021,4.78000021
1994-09-26,4.769999981,4.769999981
1994-09-27,4.730000019,4.730000019
1994-09-28,4.519999981,4.519999981
1994-09-29,4.559999943,4.559999943
1994-09-30,4.670000076,4.670000076
1994-10-03,4.71999979,4.71999979
1994-10-04,4.940000057,4.940000057
1994-10-05,4.960000038,4.960000038
1994-10-06,4.949999809,4.949999809
1994-10-07,4.869999886,4.869999886
1994-10-11,4.860000134,4.860000134
1994-10-12,4.980000019,4.980000019
1994-10-13,4.900000095,4.900000095
1994-10-14,4.849999905,4.849999905
1994-10-17,4.849999905,4.849999905
1994-10-18,4.889999866,4.889999866
1994-10-19,4.909999847,4.909999847
1994-10-20,5,5
1994-10-21,5,5
1994-10-24,5.019999981,5.019999981
1994-10-25,5.050000191,5.050000191
1994-10-26,5,5
1994-10-27,4.96999979,4.96999979
1994-10-28,5.010000229,5.010000229
1994-10-31,5.019999981,5.019999981
1994-11-01,5.079999924,5.079999924
1994-11-02,5.079999924,5.079999924
1994-11-03,5.090000153,5.090000153
1994-11-04,5.170000076,5.170000076
1994-11-07,5.21999979,5.21999979
1994-11-08,5.230000019,5.230000019
1994-11-09,5.179999828,5.179999828
1994-11-10,5.21999979,5.21999979
1994-11-11,5.230000019,5.230000019
1994-11-14,5.289999962,5.289999962
1994-11-15,5.360000134,5.360000134
1994-11-16,5.369999886,5.369999886
1994-11-17,5.349999905,5.349999905
1994-11-18,5.340000153,5.340000153
1994-11-21,5.340000153,5.340000153
1994-11-22,5.340000153,5.340000153
1994-11-23,5.289999962,5.289999962
1994-11-25,5.28000021,5.28000021
1994-11-28,5.369999886,5.369999886
1994-11-29,5.519999981,5.519999981
1994-11-30,5.550000191,5.550000191
1994-12-01,5.550000191,5.550000191
1994-12-02,5.619999886,5.619999886
1994-12-05,5.789999962,5.789999962
1994-12-06,5.78000021,5.78000021
1994-12-07,5.699999809,5.699999809
1994-12-08,5.670000076,5.670000076
1994-12-09,5.650000095,5.650000095
1994-12-12,5.71999979,5.71999979
1994-12-13,5.78000021,5.78000021
1994-12-14,5.659999847,5.659999847
1994-12-15,5.53000021,5.53000021
1994-12-16,5.539999962,5.539999962
1994-12-19,5.550000191,5.550000191
1994-12-20,5.46999979,5.46999979
1994-12-21,5.409999847,5.409999847
1994-12-22,5.449999809,5.449999809
1994-12-23,5.519999981,5.519999981
1994-12-27,5.519999981,5.519999981
1994-12-28,5.510000229,5.510000229
1994-12-29,5.5,5.5
1994-12-30,5.53000021,5.53000021
1995-01-03,5.519999981,5.519999981
1995-01-04,5.690000057,5.690000057
1995-01-05,5.710000038,5.710000038
1995-01-06,5.739999771,5.739999771
1995-01-09,5.75,5.75
1995-01-10,5.739999771,5.739999771
1995-01-11,5.650000095,5.650000095
1995-01-12,5.610000134,5.610000134
1995-01-13,5.559999943,5.559999943
1995-01-16,5.559999943,5.559999943
1995-01-17,5.610000134,5.610000134
1995-01-18,5.71999979,5.71999979
1995-01-19,5.710000038,5.710000038
1995-01-20,5.739999771,5.739999771
1995-01-23,5.75,5.75
1995-01-24,5.800000191,5.800000191
1995-01-25,5.769999981,5.769999981
1995-01-26,5.760000229,5.760000229
1995-01-27,5.75,5.75
1995-01-30,5.71999979,5.71999979
1995-01-31,5.840000153,5.840000153
1995-02-01,5.880000114,5.880000114
1995-02-02,5.840000153,5.840000153
1995-02-03,5.789999962,5.789999962
1995-02-06,5.789999962,5.789999962
1995-02-07,5.800000191,5.800000191
1995-02-08,5.760000229,5.760000229
1995-02-09,5.769999981,5.769999981
1995-02-10,5.800000191,5.800000191
1995-02-13,5.78000021,5.78000021
1995-02-14,5.789999962,5.789999962
1995-02-15,5.760000229,5.760000229
1995-02-16,5.679999828,5.679999828
1995-02-17,5.690000057,5.690000057
1995-02-21,5.730000019,5.730000019
1995-02-22,5.679999828,5.679999828
1995-02-23,5.699999809,5.699999809
1995-02-24,5.71999979,5.71999979
1995-02-27,5.71999979,5.71999979
1995-02-28,5.75,5.75
1995-03-01,5.75,5.75
1995-03-02,5.739999771,5.739999771
1995-03-03,5.710000038,5.710000038
1995-03-06,5.739999771,5.739999771
1995-03-07,5.78000021,5.78000021
1995-03-08,5.769999981,5.769999981
1995-03-09,5.730000019,5.730000019
1995-03-10,5.760000229,5.760000229
1995-03-13,5.739999771,5.739999771
1995-03-14,5.739999771,5.739999771
1995-03-15,5.739999771,5.739999771
1995-03-16,5.730000019,5.730000019
1995-03-17,5.730000019,5.730000019
1995-03-20,5.71999979,5.71999979
1995-03-21,5.730000019,5.730000019
1995-03-22,5.71999979,5.71999979
1995-03-23,5.690000057,5.690000057
1995-03-24,5.659999847,5.659999847
1995-03-27,5.659999847,5.659999847
1995-03-28,5.690000057,5.690000057
1995-03-29,5.659999847,5.659999847
1995-03-30,5.679999828,5.679999828
1995-03-31,5.699999809,5.699999809
1995-04-03,5.690000057,5.690000057
1995-04-04,5.71999979,5.71999979
1995-04-05,5.690000057,5.690000057
1995-04-06,5.650000095,5.650000095
1995-04-07,5.670000076,5.670000076
1995-04-10,5.650000095,5.650000095
1995-04-11,5.650000095,5.650000095
1995-04-12,5.639999866,5.639999866
1995-04-13,5.590000153,5.590000153
1995-04-17,5.599999905,5.599999905
1995-04-18,5.599999905,5.599999905
1995-04-19,5.599999905,5.599999905
1995-04-20,5.590000153,5.590000153
1995-04-21,5.610000134,5.610000134
1995-04-24,5.619999886,5.619999886
1995-04-25,5.659999847,5.659999847
1995-04-26,5.670000076,5.670000076
1995-04-27,5.679999828,5.679999828
1995-04-28,5.690000057,5.690000057
1995-05-01,5.699999809,5.699999809
1995-05-02,5.690000057,5.690000057
1995-05-03,5.650000095,5.650000095
1995-05-04,5.579999924,5.579999924
1995-05-05,5.559999943,5.559999943
1995-05-08,5.570000172,5.570000172
1995-05-09,5.619999886,5.619999886
1995-05-10,5.630000114,5.630000114
1995-05-11,5.659999847,5.659999847
1995-05-12,5.690000057,5.690000057
1995-05-15,5.690000057,5.690000057
1995-05-16,5.690000057,5.690000057
1995-05-17,5.670000076,5.670000076
1995-05-18,5.690000057,5.690000057
1995-05-19,5.679999828,5.679999828
1995-05-22,5.71999979,5.71999979
1995-05-23,5.71999979,5.71999979
1995-05-24,5.690000057,5.690000057
1995-05-25,5.659999847,5.659999847
1995-05-26,5.659999847,5.659999847
1995-05-30,5.639999866,5.639999866
1995-05-31,5.630000114,5.630000114
1995-06-01,5.510000229,5.510000229
1995-06-02,5.420000076,5.420000076
1995-06-05,5.510000229,5.510000229
1995-06-06,5.53000021,5.53000021
1995-06-07,5.559999943,5.559999943
1995-06-08,5.590000153,5.590000153
1995-06-09,5.590000153,5.590000153
1995-06-12,5.559999943,5.559999943
1995-06-13,5.440000057,5.440000057
1995-06-14,5.440000057,5.440000057
1995-06-15,5.46999979,5.46999979
1995-06-16,5.489999771,5.489999771
1995-06-19,5.460000038,5.460000038
1995-06-20,5.480000019,5.480000019
1995-06-21,5.429999828,5.429999828
1995-06-22,5.360000134,5.360000134
1995-06-23,5.369999886,5.369999886
1995-06-26,5.369999886,5.369999886
1995-06-27,5.369999886,5.369999886
1995-06-28,5.400000095,5.400000095
1995-06-29,5.5,5.5
1995-06-30,5.429999828,5.429999828
1995-07-03,5.440000057,5.440000057
1995-07-05,5.5,5.5
1995-07-06,5.369999886,5.369999886
1995-07-07,5.360000134,5.360000134
1995-07-10,5.349999905,5.349999905
1995-07-11,5.380000114,5.380000114
1995-07-12,5.380000114,5.380000114
1995-07-13,5.380000114,5.380000114
1995-07-14,5.429999828,5.429999828
1995-07-17,5.440000057,5.440000057
1995-07-18,5.440000057,5.440000057
1995-07-19,5.409999847,5.409999847
1995-07-20,5.429999828,5.429999828
1995-07-21,5.429999828,5.429999828
1995-07-24,5.440000057,5.440000057
1995-07-25,5.440000057,5.440000057
1995-07-26,5.449999809,5.449999809
1995-07-27,5.400000095,5.400000095
1995-07-28,5.409999847,5.409999847
1995-07-31,5.420000076,5.420000076
1995-08-01,5.440000057,5.440000057
1995-08-02,5.409999847,5.409999847
1995-08-03,5.409999847,5.409999847
1995-08-04,5.400000095,5.400000095
1995-08-07,5.389999866,5.389999866
1995-08-08,5.380000114,5.380000114
1995-08-09,5.380000114,5.380000114
1995-08-10,5.389999866,5.389999866
1995-08-11,5.420000076,5.420000076
1995-08-14,5.420000076,5.420000076
1995-08-15,5.460000038,5.460000038
1995-08-16,5.420000076,5.420000076
1995-08-17,5.429999828,5.429999828
1995-08-18,5.429999828,5.429999828
1995-08-21,5.429999828,5.429999828
1995-08-22,5.449999809,5.449999809
1995-08-23,5.429999828,5.429999828
1995-08-24,5.340000153,5.340000153
1995-08-25,5.340000153,5.340000153
1995-08-28,5.309999943,5.309999943
1995-08-29,5.329999924,5.329999924
1995-08-30,5.300000191,5.300000191
1995-08-31,5.269999981,5.269999981
1995-09-01,5.269999981,5.269999981
1995-09-05,5.289999962,5.289999962
1995-09-06,5.320000172,5.320000172
1995-09-07,5.340000153,5.340000153
1995-09-08,5.349999905,5.349999905
1995-09-11,5.340000153,5.340000153
1995-09-12,5.300000191,5.300000191
1995-09-13,5.300000191,5.300000191
1995-09-14,5.269999981,5.269999981
1995-09-15,5.289999962,5.289999962
1995-09-18,5.28000021,5.28000021
1995-09-19,5.190000057,5.190000057
1995-09-20,5.170000076,5.170000076
1995-09-21,5.230000019,5.230000019
1995-09-22,5.199999809,5.199999809
1995-09-25,5.239999771,5.239999771
1995-09-26,5.28000021,5.28000021
1995-09-27,5.260000229,5.260000229
1995-09-28,5.260000229,5.260000229
1995-09-29,5.239999771,5.239999771
1995-10-02,5.25,5.25
1995-10-03,5.340000153,5.340000153
1995-10-04,5.309999943,5.309999943
1995-10-05,5.269999981,5.269999981
1995-10-06,5.289999962,5.289999962
1995-10-10,5.269999981,5.269999981
1995-10-11,5.300000191,5.300000191
1995-10-12,5.289999962,5.289999962
1995-10-13,5.289999962,5.289999962
1995-10-16,5.320000172,5.320000172
1995-10-17,5.269999981,5.269999981
1995-10-18,5.239999771,5.239999771
1995-10-19,5.239999771,5.239999771
1995-10-20,5.260000229,5.260000229
1995-10-23,5.269999981,5.269999981
1995-10-24,5.210000038,5.210000038
1995-10-25,5.21999979,5.21999979
1995-10-26,5.21999979,5.21999979
1995-10-27,5.239999771,5.239999771
1995-10-30,5.269999981,5.269999981
1995-10-31,5.309999943,5.309999943
1995-11-01,5.320000172,5.320000172
1995-11-02,5.309999943,5.309999943
1995-11-03,5.309999943,5.309999943
1995-11-06,5.340000153,5.340000153
1995-11-07,5.369999886,5.369999886
1995-11-08,5.349999905,5.349999905
1995-11-09,5.389999866,5.389999866
1995-11-10,5.409999847,5.409999847
1995-11-13,5.420000076,5.420000076
1995-11-14,5.380000114,5.380000114
1995-11-15,5.389999866,5.389999866
1995-11-16,5.340000153,5.340000153
1995-11-17,5.340000153,5.340000153
1995-11-20,5.349999905,5.349999905
1995-11-21,5.349999905,5.349999905
1995-11-22,5.349999905,5.349999905
1995-11-24,5.320000172,5.320000172
1995-11-27,5.329999924,5.329999924
1995-11-28,5.360000134,5.360000134
1995-11-29,5.340000153,5.340000153
1995-11-30,5.320000172,5.320000172
1995-12-01,5.289999962,5.289999962
1995-12-04,5.309999943,5.309999943
1995-12-05,5.300000191,5.300000191
1995-12-06,5.309999943,5.309999943
1995-12-07,5.340000153,5.340000153
1995-12-08,5.349999905,5.349999905
1995-12-11,5.320000172,5.320000172
1995-12-12,5.25,5.25
1995-12-13,5.260000229,5.260000229
1995-12-14,5.260000229,5.260000229
1995-12-15,5.210000038,5.210000038
1995-12-18,5.199999809,5.199999809
1995-12-19,5.070000172,5.070000172
1995-12-20,5,5
1995-12-21,4.909999847,4.909999847
1995-12-22,4.880000114,4.880000114
1995-12-26,4.860000134,4.860000134
1995-12-27,4.900000095,4.900000095
1995-12-28,4.829999924,4.829999924
1995-12-29,4.960000038,4.960000038
1996-01-02,4.96999979,4.96999979
1996-01-03,5.050000191,5.050000191
1996-01-04,5.03000021,5.03000021
1996-01-05,5.039999962,5.039999962
1996-01-08,5.03000021,5.03000021
1996-01-09,5.010000229,5.010000229
1996-01-10,5.039999962,5.039999962
1996-01-11,5.03000021,5.03000021
1996-01-12,5.019999981,5.019999981
1996-01-16,5,5
1996-01-17,4.989999771,4.989999771
1996-01-18,4.949999809,4.949999809
1996-01-19,4.960000038,4.960000038
1996-01-22,4.980000019,4.980000019
1996-01-23,4.96999979,4.96999979
1996-01-24,4.980000019,4.980000019
1996-01-25,4.96999979,4.96999979
1996-01-26,4.96999979,4.96999979
1996-01-29,5,5
1996-01-30,4.989999771,4.989999771
1996-01-31,4.909999847,4.909999847
1996-02-01,4.889999866,4.889999866
1996-02-02,4.840000153,4.840000153
1996-02-05,4.869999886,4.869999886
1996-02-06,4.840000153,4.840000153
1996-02-07,4.800000191,4.800000191
1996-02-08,4.78000021,4.78000021
1996-02-09,4.789999962,4.789999962
1996-02-12,4.789999962,4.789999962
1996-02-13,4.789999962,4.789999962
1996-02-14,4.800000191,4.800000191
1996-02-15,4.769999981,4.769999981
1996-02-16,4.760000229,4.760000229
1996-02-20,4.829999924,4.829999924
1996-02-21,4.820000172,4.820000172
1996-02-22,4.800000191,4.800000191
1996-02-23,4.829999924,4.829999924
1996-02-26,4.849999905,4.849999905
1996-02-27,4.880000114,4.880000114
1996-02-28,4.880000114,4.880000114
1996-02-29,4.880000114,4.880000114
1996-03-01,4.860000134,4.860000134
1996-03-04,4.880000114,4.880000114
1996-03-05,4.889999866,4.889999866
1996-03-06,4.889999866,4.889999866
1996-03-07,4.889999866,4.889999866
1996-03-08,4.909999847,4.909999847
1996-03-11,4.949999809,4.949999809
1996-03-12,4.949999809,4.949999809
1996-03-13,4.960000038,4.960000038
1996-03-14,4.96999979,4.96999979
1996-03-15,5,5
1996-03-18,5.03000021,5.03000021
1996-03-19,5.03000021,5.03000021
1996-03-20,5.03000021,5.03000021
1996-03-21,4.940000057,4.940000057
1996-03-22,4.96999979,4.96999979
1996-03-25,4.929999828,4.929999828
1996-03-26,5,5
1996-03-27,5.019999981,5.019999981
1996-03-28,5.050000191,5.050000191
1996-03-29,5,5
1996-04-01,5.03000021,5.03000021
1996-04-02,5.019999981,5.019999981
1996-04-03,5,5
1996-04-04,4.980000019,4.980000019
1996-04-08,5.019999981,5.019999981
1996-04-09,4.980000019,4.980000019
1996-04-10,4.949999809,4.949999809
1996-04-11,4.940000057,4.940000057
1996-04-12,4.929999828,4.929999828
1996-04-15,4.869999886,4.869999886
1996-04-16,4.820000172,4.820000172
1996-04-17,4.829999924,4.829999924
1996-04-18,4.849999905,4.849999905
1996-04-19,4.880000114,4.880000114
1996-04-22,4.880000114,4.880000114
1996-04-23,4.960000038,4.960000038
1996-04-24,5,5
1996-04-25,4.96999979,4.96999979
1996-04-26,4.96999979,4.96999979
1996-04-29,5,5
1996-04-30,5.010000229,5.010000229
1996-05-01,4.96999979,4.96999979
1996-05-02,4.989999771,4.989999771
1996-05-03,5,5
1996-05-06,4.989999771,4.989999771
1996-05-07,5.010000229,5.010000229
1996-05-08,4.989999771,4.989999771
1996-05-09,4.989999771,4.989999771
1996-05-10,4.989999771,4.989999771
1996-05-13,5.019999981,5.019999981
1996-05-14,5.010000229,5.010000229
1996-05-15,5,5
1996-05-16,5,5
1996-05-17,5.010000229,5.010000229
1996-05-20,5.010000229,5.010000229
1996-05-21,5.039999962,5.039999962
1996-05-22,5.039999962,5.039999962
1996-05-23,5.039999962,5.039999962
1996-05-24,5.03000021,5.03000021
1996-05-28,5.039999962,5.039999962
1996-05-29,5.03000021,5.03000021
1996-05-30,5.039999962,5.039999962
1996-05-31,5.039999962,5.039999962
1996-06-03,5.079999924,5.079999924
1996-06-04,5.079999924,5.079999924
1996-06-05,5.079999924,5.079999924
1996-06-06,5.070000172,5.070000172
1996-06-07,5.119999886,5.119999886
1996-06-10,5.139999866,5.139999866
1996-06-11,5.130000114,5.130000114
1996-06-12,5.119999886,5.119999886
1996-06-13,5.090000153,5.090000153
1996-06-14,5.070000172,5.070000172
1996-06-17,5.050000191,5.050000191
1996-06-18,5.070000172,5.070000172
1996-06-19,5.090000153,5.090000153
1996-06-20,5.119999886,5.119999886
1996-06-21,5.119999886,5.119999886
1996-06-24,5.119999886,5.119999886
1996-06-25,5.090000153,5.090000153
1996-06-26,5.099999905,5.099999905
1996-06-27,5.050000191,5.050000191
1996-06-28,5.03000021,5.03000021
1996-07-01,5.070000172,5.070000172
1996-07-02,5.179999828,5.179999828
1996-07-03,5.110000134,5.110000134
1996-07-05,5.150000095,5.150000095
1996-07-08,5.159999847,5.159999847
1996-07-09,5.190000057,5.190000057
1996-07-10,5.150000095,5.150000095
1996-07-11,5.110000134,5.110000134
1996-07-12,5.139999866,5.139999866
1996-07-15,5.150000095,5.150000095
1996-07-16,5.110000134,5.110000134
1996-07-17,5.119999886,5.119999886
1996-07-18,5.110000134,5.110000134
1996-07-19,5.139999866,5.139999866
1996-07-22,5.150000095,5.150000095
1996-07-23,5.159999847,5.159999847
1996-07-24,5.159999847,5.159999847
1996-07-25,5.150000095,5.150000095
1996-07-26,5.150000095,5.150000095
1996-07-29,5.210000038,5.210000038
1996-07-30,5.190000057,5.190000057
1996-07-31,5.179999828,5.179999828
1996-08-01,5.099999905,5.099999905
1996-08-02,5.059999943,5.059999943
1996-08-05,5.039999962,5.039999962
1996-08-06,5.059999943,5.059999943
1996-08-07,5.039999962,5.039999962
1996-08-08,5.010000229,5.010000229
1996-08-09,5.010000229,5.010000229
1996-08-12,5.010000229,5.010000229
1996-08-13,5.03000021,5.03000021
1996-08-14,5.019999981,5.019999981
1996-08-15,5.050000191,5.050000191
1996-08-16,5.039999962,5.039999962
1996-08-19,5.039999962,5.039999962
1996-08-20,5.03000021,5.03000021
1996-08-21,5,5
1996-08-22,4.989999771,4.989999771
1996-08-23,5.010000229,5.010000229
1996-08-26,5.059999943,5.059999943
1996-08-27,5.059999943,5.059999943
1996-08-28,5.059999943,5.059999943
1996-08-29,5.099999905,5.099999905
1996-08-30,5.139999866,5.139999866
1996-09-03,5.179999828,5.179999828
1996-09-04,5.179999828,5.179999828
1996-09-05,5.210000038,5.210000038
1996-09-06,5.190000057,5.190000057
1996-09-09,5.130000114,5.130000114
1996-09-10,5.150000095,5.150000095
1996-09-11,5.159999847,5.159999847
1996-09-12,5.139999866,5.139999866
1996-09-13,5.059999943,5.059999943
1996-09-16,5.039999962,5.039999962
1996-09-17,5.170000076,5.170000076
1996-09-18,5.150000095,5.150000095
1996-09-19,5.110000134,5.110000134
1996-09-20,5.139999866,5.139999866
1996-09-23,5.150000095,5.150000095
1996-09-24,5.019999981,5.019999981
1996-09-25,4.940000057,4.940000057
1996-09-26,4.869999886,4.869999886
1996-09-27,4.900000095,4.900000095
1996-09-30,4.909999847,4.909999847
1996-10-01,4.96999979,4.96999979
1996-10-02,4.900000095,4.900000095
1996-10-03,4.900000095,4.900000095
1996-10-04,4.869999886,4.869999886
1996-10-07,4.920000076,4.920000076
1996-10-08,4.980000019,4.980000019
1996-10-09,4.980000019,4.980000019
1996-10-10,5.010000229,5.010000229
1996-10-11,5,5
1996-10-15,5.039999962,5.039999962
1996-10-16,5,5
1996-10-17,4.96999979,4.96999979
1996-10-18,4.96999979,4.96999979
1996-10-21,4.989999771,4.989999771
1996-10-22,4.989999771,4.989999771
1996-10-23,4.980000019,4.980000019
1996-10-24,4.989999771,4.989999771
1996-10-25,4.989999771,4.989999771
1996-10-28,5.019999981,5.019999981
1996-10-29,5.010000229,5.010000229
1996-10-30,5.010000229,5.010000229
1996-10-31,5.010000229,5.010000229
1996-11-01,5.019999981,5.019999981
1996-11-04,5.010000229,5.010000229
1996-11-05,5.019999981,5.019999981
1996-11-06,5.019999981,5.019999981
1996-11-07,5.010000229,5.010000229
1996-11-08,5.03000021,5.03000021
1996-11-12,5.03000021,5.03000021
1996-11-13,5.019999981,5.019999981
1996-11-14,5.019999981,5.019999981
1996-11-15,5,5
1996-11-18,5.019999981,5.019999981
1996-11-19,5.019999981,5.019999981
1996-11-20,5.019999981,5.019999981
1996-11-21,5.019999981,5.019999981
1996-11-22,5.019999981,5.019999981
1996-11-25,5.019999981,5.019999981
1996-11-26,5.019999981,5.019999981
1996-11-27,5.010000229,5.010000229
1996-11-29,4.989999771,4.989999771
1996-12-02,4.940000057,4.940000057
1996-12-03,4.909999847,4.909999847
1996-12-04,4.889999866,4.889999866
1996-12-05,4.900000095,4.900000095
1996-12-06,4.889999866,4.889999866
1996-12-09,4.849999905,4.849999905
1996-12-10,4.809999943,4.809999943
1996-12-11,4.809999943,4.809999943
1996-12-12,4.829999924,4.829999924
1996-12-13,4.789999962,4.789999962
1996-12-16,4.849999905,4.849999905
1996-12-17,4.880000114,4.880000114
1996-12-18,4.869999886,4.869999886
1996-12-19,4.849999905,4.849999905
1996-12-20,4.880000114,4.880000114
1996-12-23,4.960000038,4.960000038
1996-12-24,4.949999809,4.949999809
1996-12-26,4.960000038,4.960000038
1996-12-27,4.960000038,4.960000038
1996-12-30,5.03000021,5.03000021
1996-12-31,5.050000191,5.050000191
1997-01-02,5.050000191,5.050000191
1997-01-03,5.03000021,5.03000021
1997-01-06,5.03000021,5.03000021
1997-01-07,5.010000229,5.010000229
1997-01-08,5.010000229,5.010000229
1997-01-09,4.989999771,4.989999771
1997-01-10,5.019999981,5.019999981
1997-01-13,5.03000021,5.03000021
1997-01-14,5.03000021,5.03000021
1997-01-15,5,5
1997-01-16,5.03000021,5.03000021
1997-01-17,5.019999981,5.019999981
1997-01-21,5.019999981,5.019999981
1997-01-22,5.019999981,5.019999981
1997-01-23,5.019999981,5.019999981
1997-01-24,5.019999981,5.019999981
1997-01-27,5.050000191,5.050000191
1997-01-28,5.039999962,5.039999962
1997-01-29,5.039999962,5.039999962
1997-01-30,5.03000021,5.03000021
1997-01-31,5.010000229,5.010000229
1997-02-03,4.96999979,4.96999979
1997-02-04,5,5
1997-02-05,4.989999771,4.989999771
1997-02-06,5,5
1997-02-07,4.989999771,4.989999771
1997-02-10,4.989999771,4.989999771
1997-02-11,5.010000229,5.010000229
1997-02-12,5.010000229,5.010000229
1997-02-13,4.989999771,4.989999771
1997-02-14,4.960000038,4.960000038
1997-02-18,4.960000038,4.960000038
1997-02-19,4.96999979,4.96999979
1997-02-20,4.949999809,4.949999809
1997-02-21,4.949999809,4.949999809
1997-02-24,4.96999979,4.96999979
1997-02-25,5,5
1997-02-26,5.059999943,5.059999943
1997-02-27,5.070000172,5.070000172
1997-02-28,5.070000172,5.070000172
1997-03-03,5.090000153,5.090000153
1997-03-04,5.079999924,5.079999924
1997-03-05,5.059999943,5.059999943
1997-03-06,5.070000172,5.070000172
1997-03-07,5.079999924,5.079999924
1997-03-10,5.050000191,5.050000191
1997-03-11,5.03000021,5.03000021
1997-03-12,5.059999943,5.059999943
1997-03-13,5.099999905,5.099999905
1997-03-14,5.090000153,5.090000153
1997-03-17,5.119999886,5.119999886
1997-03-18,5.130000114,5.130000114
1997-03-19,5.150000095,5.150000095
1997-03-20,5.190000057,5.190000057
1997-03-21,5.260000229,5.260000229
1997-03-24,5.25,5.25
1997-03-25,5.25,5.25
1997-03-26,5.210000038,5.210000038
1997-03-27,5.21999979,5.21999979
1997-03-31,5.170000076,5.170000076
1997-04-01,5.159999847,5.159999847
1997-04-02,5.139999866,5.139999866
1997-04-03,5.119999886,5.119999886
1997-04-04,5.139999866,5.139999866
1997-04-07,5.150000095,5.150000095
1997-04-08,5.099999905,5.099999905
1997-04-09,5.099999905,5.099999905
1997-04-10,5.139999866,5.139999866
1997-04-11,5.150000095,5.150000095
1997-04-14,5.150000095,5.150000095
1997-04-15,5.139999866,5.139999866
1997-04-16,5.150000095,5.150000095
1997-04-17,5.139999866,5.139999866
1997-04-18,5.139999866,5.139999866
1997-04-21,5.150000095,5.150000095
1997-04-22,5.199999809,5.199999809
1997-04-23,5.199999809,5.199999809
1997-04-24,5.170000076,5.170000076
1997-04-25,5.159999847,5.159999847
1997-04-28,5.179999828,5.179999828
1997-04-29,5.119999886,5.119999886
1997-04-30,5.099999905,5.099999905
1997-05-01,5.090000153,5.090000153
1997-05-02,5.090000153,5.090000153
1997-05-05,5.010000229,5.010000229
1997-05-06,5.039999962,5.039999962
1997-05-07,5.090000153,5.090000153
1997-05-08,5.059999943,5.059999943
1997-05-09,5.039999962,5.039999962
1997-05-12,5.019999981,5.019999981
1997-05-13,5.059999943,5.059999943
1997-05-14,5.03000021,5.03000021
1997-05-15,4.96999979,4.96999979
1997-05-16,5.050000191,5.050000191
1997-05-19,5.159999847,5.159999847
1997-05-20,5.110000134,5.110000134
1997-05-21,4.989999771,4.989999771
1997-05-22,5.019999981,5.019999981
1997-05-23,5.03000021,5.03000021
1997-05-27,4.980000019,4.980000019
1997-05-28,5,5
1997-05-29,4.900000095,4.900000095
1997-05-30,4.820000172,4.820000172
1997-06-02,4.78000021,4.78000021
1997-06-03,4.949999809,4.949999809
1997-06-04,4.960000038,4.960000038
1997-06-05,4.980000019,4.980000019
1997-06-06,4.920000076,4.920000076
1997-06-09,4.900000095,4.900000095
1997-06-10,4.909999847,4.909999847
1997-06-11,4.849999905,4.849999905
1997-06-12,4.829999924,4.829999924
1997-06-13,4.840000153,4.840000153
1997-06-16,4.829999924,4.829999924
1997-06-17,4.909999847,4.909999847
1997-06-18,4.929999828,4.929999828
1997-06-19,4.940000057,4.940000057
1997-06-20,4.940000057,4.940000057
1997-06-23,5.03000021,5.03000021
1997-06-24,5,5
1997-06-25,4.96999979,4.96999979
1997-06-26,4.989999771,4.989999771
1997-06-27,5,5
1997-06-30,5.050000191,5.050000191
1997-07-01,5.099999905,5.099999905
1997-07-02,5.090000153,5.090000153
1997-07-03,5,5
1997-07-07,4.940000057,4.940000057
1997-07-08,4.960000038,4.960000038
1997-07-09,4.96999979,4.96999979
1997-07-10,4.989999771,4.989999771
1997-07-11,4.989999771,4.989999771
1997-07-14,5,5
1997-07-15,5.059999943,5.059999943
1997-07-16,5.039999962,5.039999962
1997-07-17,5.070000172,5.070000172
1997-07-18,5.110000134,5.110000134
1997-07-21,5.130000114,5.130000114
1997-07-22,5.090000153,5.090000153
1997-07-23,5.050000191,5.050000191
1997-07-24,5.070000172,5.070000172
1997-07-25,5.079999924,5.079999924
1997-07-28,5.099999905,5.099999905
1997-07-29,5.090000153,5.090000153
1997-07-30,5.090000153,5.090000153
1997-07-31,5.099999905,5.099999905
1997-08-01,5.130000114,5.130000114
1997-08-04,5.139999866,5.139999866
1997-08-05,5.139999866,5.139999866
1997-08-06,5.139999866,5.139999866
1997-08-07,5.150000095,5.150000095
1997-08-08,5.139999866,5.139999866
1997-08-11,5.159999847,5.159999847
1997-08-12,5.170000076,5.170000076
1997-08-13,5.170000076,5.170000076
1997-08-14,5.179999828,5.179999828
1997-08-15,5.130000114,5.130000114
1997-08-18,5.110000134,5.110000134
1997-08-19,5.079999924,5.079999924
1997-08-20,5.090000153,5.090000153
1997-08-21,5.119999886,5.119999886
1997-08-22,5.090000153,5.090000153
1997-08-25,5.139999866,5.139999866
1997-08-26,5.119999886,5.119999886
1997-08-27,5.130000114,5.130000114
1997-08-28,5.090000153,5.090000153
1997-08-29,5.090000153,5.090000153
1997-09-02,5.050000191,5.050000191
1997-09-03,5.010000229,5.010000229
1997-09-04,5,5
1997-09-05,5.019999981,5.019999981
1997-09-08,5,5
1997-09-09,4.989999771,4.989999771
1997-09-10,4.960000038,4.960000038
1997-09-11,4.980000019,4.980000019
1997-09-12,4.960000038,4.960000038
1997-09-15,4.989999771,4.989999771
1997-09-16,4.920000076,4.920000076
1997-09-17,4.96999979,4.96999979
1997-09-18,4.949999809,4.949999809
1997-09-19,4.920000076,4.920000076
1997-09-22,4.889999866,4.889999866
1997-09-23,4.849999905,4.849999905
1997-09-24,4.800000191,4.800000191
1997-09-25,4.789999962,4.789999962
1997-09-26,4.849999905,4.849999905
1997-09-29,4.860000134,4.860000134
1997-09-30,4.96999979,4.96999979
1997-10-01,4.960000038,4.960000038
1997-10-02,4.920000076,4.920000076
1997-10-03,4.889999866,4.889999866
1997-10-06,4.849999905,4.849999905
1997-10-07,4.920000076,4.920000076
1997-10-08,4.960000038,4.960000038
1997-10-09,4.980000019,4.980000019
1997-10-10,4.989999771,4.989999771
1997-10-14,4.949999809,4.949999809
1997-10-15,4.920000076,4.920000076
1997-10-16,4.929999828,4.929999828
1997-10-17,4.889999866,4.889999866
1997-10-20,4.900000095,4.900000095
1997-10-21,4.960000038,4.960000038
1997-10-22,5,5
1997-10-23,4.96999979,4.96999979
1997-10-24,5.010000229,5.010000229
1997-10-27,4.949999809,4.949999809
1997-10-28,5.090000153,5.090000153
1997-10-29,5.050000191,5.050000191
1997-10-30,5.019999981,5.019999981
1997-10-31,5.059999943,5.059999943
1997-11-03,5.099999905,5.099999905
1997-11-04,5.099999905,5.099999905
1997-11-05,5.119999886,5.119999886
1997-11-06,5.150000095,5.150000095
1997-11-07,5.150000095,5.150000095
1997-11-10,5.199999809,5.199999809
1997-11-12,5.150000095,5.150000095
1997-11-13,5.130000114,5.130000114
1997-11-14,5.119999886,5.119999886
1997-11-17,5.159999847,5.159999847
1997-11-18,5.150000095,5.150000095
1997-11-19,5.130000114,5.130000114
1997-11-20,5.130000114,5.130000114
1997-11-21,5.099999905,5.099999905
1997-11-24,5.139999866,5.139999866
1997-11-25,5.139999866,5.139999866
1997-11-26,5.090000153,5.090000153
1997-11-28,5.059999943,5.059999943
1997-12-01,5.090000153,5.090000153
1997-12-02,5.099999905,5.099999905
1997-12-03,5.099999905,5.099999905
1997-12-04,5.099999905,5.099999905
1997-12-05,5.159999847,5.159999847
1997-12-08,5.190000057,5.190000057
1997-12-09,5.099999905,5.099999905
1997-12-10,5.059999943,5.059999943
1997-12-11,5.050000191,5.050000191
1997-12-12,5.050000191,5.050000191
1997-12-15,5.090000153,5.090000153
1997-12-16,5.059999943,5.059999943
1997-12-17,5.090000153,5.090000153
1997-12-18,5.079999924,5.079999924
1997-12-19,5.239999771,5.239999771
1997-12-22,5.300000191,5.300000191
1997-12-23,5.340000153,5.340000153
1997-12-24,5.21999979,5.21999979
1997-12-26,5.179999828,5.179999828
1997-12-29,5.25,5.25
1997-12-30,5.239999771,5.239999771
1997-12-31,5.199999809,5.199999809
1998-01-02,5.170000076,5.170000076
1998-01-05,5.079999924,5.079999924
1998-01-06,5.079999924,5.079999924
1998-01-07,5.090000153,5.090000153
1998-01-08,4.960000038,4.960000038
1998-01-09,4.920000076,4.920000076
1998-01-12,4.920000076,4.920000076
1998-01-13,5.070000172,5.070000172
1998-01-14,5.039999962,5.039999962
1998-01-15,4.980000019,4.980000019
1998-01-16,5,5
1998-01-20,5.010000229,5.010000229
1998-01-21,4.989999771,4.989999771
1998-01-22,4.989999771,4.989999771
1998-01-23,5.039999962,5.039999962
1998-01-26,5.03000021,5.03000021
1998-01-27,5.110000134,5.110000134
1998-01-28,5.079999924,5.079999924
1998-01-29,5.050000191,5.050000191
1998-01-30,5.039999962,5.039999962
1998-02-02,5.090000153,5.090000153
1998-02-03,5.090000153,5.090000153
1998-02-04,4.96999979,4.96999979
1998-02-05,4.989999771,4.989999771
1998-02-06,5.039999962,5.039999962
1998-02-09,5.010000229,5.010000229
1998-02-10,5.079999924,5.079999924
1998-02-11,5.070000172,5.070000172
1998-02-12,5.099999905,5.099999905
1998-02-13,5.079999924,5.079999924
1998-02-17,5.039999962,5.039999962
1998-02-18,5.050000191,5.050000191
1998-02-19,5.050000191,5.050000191
1998-02-20,5.070000172,5.070000172
1998-02-23,5.099999905,5.099999905
1998-02-24,5.179999828,5.179999828
1998-02-25,5.170000076,5.170000076
1998-02-26,5.179999828,5.179999828
1998-02-27,5.179999828,5.179999828
1998-03-02,5.170000076,5.170000076
1998-03-03,5.070000172,5.070000172
1998-03-04,5.03000021,5.03000021
1998-03-05,5.03000021,5.03000021
1998-03-06,5.010000229,5.010000229
1998-03-09,5.010000229,5.010000229
1998-03-10,4.960000038,4.960000038
1998-03-11,4.940000057,4.940000057
1998-03-12,4.940000057,4.940000057
1998-03-13,4.960000038,4.960000038
1998-03-16,4.960000038,4.960000038
1998-03-17,5.010000229,5.010000229
1998-03-18,5.019999981,5.019999981
1998-03-19,5.03000021,5.03000021
1998-03-20,5.039999962,5.039999962
1998-03-23,5.010000229,5.010000229
1998-03-24,5.010000229,5.010000229
1998-03-25,5.019999981,5.019999981
1998-03-26,5.059999943,5.059999943
1998-03-27,5.059999943,5.059999943
1998-03-30,5.079999924,5.079999924
1998-03-31,4.989999771,4.989999771
1998-04-01,4.96999979,4.96999979
1998-04-02,4.960000038,4.960000038
1998-04-03,4.929999828,4.929999828
1998-04-06,4.96999979,4.96999979
1998-04-07,4.909999847,4.909999847
1998-04-08,4.909999847,4.909999847
1998-04-09,4.929999828,4.929999828
1998-04-13,5.050000191,5.050000191
1998-04-14,5,5
1998-04-15,4.949999809,4.949999809
1998-04-16,4.909999847,4.909999847
1998-04-17,4.909999847,4.909999847
1998-04-20,4.909999847,4.909999847
1998-04-21,4.940000057,4.940000057
1998-04-22,4.940000057,4.940000057
1998-04-23,4.949999809,4.949999809
1998-04-24,4.929999828,4.929999828
1998-04-27,4.940000057,4.940000057
1998-04-28,4.920000076,4.920000076
1998-04-29,4.929999828,4.929999828
1998-04-30,4.849999905,4.849999905
1998-05-01,4.880000114,4.880000114
1998-05-04,4.900000095,4.900000095
1998-05-05,4.96999979,4.96999979
1998-05-06,4.989999771,4.989999771
1998-05-07,4.96999979,4.96999979
1998-05-08,4.989999771,4.989999771
1998-05-11,4.989999771,4.989999771
1998-05-12,4.989999771,4.989999771
1998-05-13,4.980000019,4.980000019
1998-05-14,5.03000021,5.03000021
1998-05-15,5.03000021,5.03000021
1998-05-18,5.039999962,5.039999962
1998-05-19,5.070000172,5.070000172
1998-05-20,5.059999943,5.059999943
1998-05-21,5.099999905,5.099999905
1998-05-22,5.070000172,5.070000172
1998-05-26,5,5
1998-05-27,4.949999809,4.949999809
1998-05-28,4.920000076,4.920000076
1998-05-29,4.889999866,4.889999866
1998-06-01,4.860000134,4.860000134
1998-06-02,4.96999979,4.96999979
1998-06-03,4.989999771,4.989999771
1998-06-04,4.980000019,4.980000019
1998-06-05,4.96999979,4.96999979
1998-06-08,4.980000019,4.980000019
1998-06-09,5,5
1998-06-10,5,5
1998-06-11,4.960000038,4.960000038
1998-06-12,4.980000019,4.980000019
1998-06-15,4.96999979,4.96999979
1998-06-16,5.019999981,5.019999981
1998-06-17,5.079999924,5.079999924
1998-06-18,5.039999962,5.039999962
1998-06-19,5.019999981,5.019999981
1998-06-22,4.980000019,4.980000019
1998-06-23,4.940000057,4.940000057
1998-06-24,4.909999847,4.909999847
1998-06-25,4.860000134,4.860000134
1998-06-26,4.860000134,4.860000134
1998-06-29,4.869999886,4.869999886
1998-06-30,4.96999979,4.96999979
1998-07-01,4.949999809,4.949999809
1998-07-02,4.929999828,4.929999828
1998-07-06,4.920000076,4.920000076
1998-07-07,4.96999979,4.96999979
1998-07-08,4.949999809,4.949999809
1998-07-09,4.929999828,4.929999828
1998-07-10,4.920000076,4.920000076
1998-07-13,4.940000057,4.940000057
1998-07-14,5.019999981,5.019999981
1998-07-15,5,5
1998-07-16,5.019999981,5.019999981
1998-07-17,5.010000229,5.010000229
1998-07-20,4.989999771,4.989999771
1998-07-21,4.929999828,4.929999828
1998-07-22,4.929999828,4.929999828
1998-07-23,4.960000038,4.960000038
1998-07-24,4.940000057,4.940000057
1998-07-27,4.940000057,4.940000057
1998-07-28,4.920000076,4.920000076
1998-07-29,4.929999828,4.929999828
1998-07-30,4.920000076,4.920000076
1998-07-31,4.949999809,4.949999809
1998-08-03,4.96999979,4.96999979
1998-08-04,4.949999809,4.949999809
1998-08-05,4.940000057,4.940000057
1998-08-06,4.880000114,4.880000114
1998-08-07,4.869999886,4.869999886
1998-08-10,4.849999905,4.849999905
1998-08-11,4.880000114,4.880000114
1998-08-12,4.900000095,4.900000095
1998-08-13,4.920000076,4.920000076
1998-08-14,4.900000095,4.900000095
1998-08-17,4.920000076,4.920000076
1998-08-18,4.949999809,4.949999809
1998-08-19,4.929999828,4.929999828
1998-08-20,4.909999847,4.909999847
1998-08-21,4.869999886,4.869999886
1998-08-24,4.929999828,4.929999828
1998-08-25,4.940000057,4.940000057
1998-08-26,4.920000076,4.920000076
1998-08-27,4.840000153,4.840000153
1998-08-28,4.78000021,4.78000021
1998-08-31,4.760000229,4.760000229
1998-09-01,4.769999981,4.769999981
1998-09-02,4.769999981,4.769999981
1998-09-03,4.710000038,4.710000038
1998-09-04,4.730000019,4.730000019
1998-09-08,4.730000019,4.730000019
1998-09-09,4.75,4.75
1998-09-10,4.650000095,4.650000095
1998-09-11,4.730000019,4.730000019
1998-09-14,4.75,4.75
1998-09-15,4.659999847,4.659999847
1998-09-16,4.630000114,4.630000114
1998-09-17,4.570000172,4.570000172
1998-09-18,4.489999771,4.489999771
1998-09-21,4.590000153,4.590000153
1998-09-22,4.690000057,4.690000057
1998-09-23,4.570000172,4.570000172
1998-09-24,4.480000019,4.480000019
1998-09-25,4.409999847,4.409999847
1998-09-28,4.369999886,4.369999886
1998-09-29,4.320000172,4.320000172
1998-09-30,4.25,4.25
1998-10-01,4.130000114,4.130000114
1998-10-02,4.099999905,4.099999905
1998-10-05,4.019999981,4.019999981
1998-10-06,4.050000191,4.050000191
1998-10-07,4.050000191,4.050000191
1998-10-08,3.730000019,3.730000019
1998-10-09,3.809999943,3.809999943
1998-10-13,3.809999943,3.809999943
1998-10-14,3.920000076,3.920000076
1998-10-15,4.019999981,4.019999981
1998-10-16,3.529999971,3.529999971
1998-10-19,3.690000057,3.690000057
1998-10-20,3.910000086,3.910000086
1998-10-21,3.900000095,3.900000095
1998-10-22,3.859999895,3.859999895
1998-10-23,3.869999886,3.869999886
1998-10-26,3.99000001,3.99000001
1998-10-27,4.059999943,4.059999943
1998-10-28,4.179999828,4.179999828
1998-10-29,4.210000038,4.210000038
1998-10-30,4.210000038,4.210000038
1998-11-02,4.300000191,4.300000191
1998-11-03,4.380000114,4.380000114
1998-11-04,4.449999809,4.449999809
1998-11-05,4.429999828,4.429999828
1998-11-06,4.550000191,4.550000191
1998-11-09,4.510000229,4.510000229
1998-11-10,4.440000057,4.440000057
1998-11-12,4.389999866,4.389999866
1998-11-13,4.349999905,4.349999905
1998-11-16,4.409999847,4.409999847
1998-11-17,4.300000191,4.300000191
1998-11-18,4.320000172,4.320000172
1998-11-19,4.320000172,4.320000172
1998-11-20,4.349999905,4.349999905
1998-11-23,4.46999979,4.46999979
1998-11-24,4.489999771,4.489999771
1998-11-25,4.449999809,4.449999809
1998-11-27,4.429999828,4.429999828
1998-11-30,4.420000076,4.420000076
1998-12-01,4.380000114,4.380000114
1998-12-02,4.369999886,4.369999886
1998-12-03,4.329999924,4.329999924
1998-12-04,4.360000134,4.360000134
1998-12-07,4.380000114,4.380000114
1998-12-08,4.309999943,4.309999943
1998-12-09,4.309999943,4.309999943
1998-12-10,4.360000134,4.360000134
1998-12-11,4.389999866,4.389999866
1998-12-14,4.389999866,4.389999866
1998-12-15,4.380000114,4.380000114
1998-12-16,4.340000153,4.340000153
1998-12-17,4.340000153,4.340000153
1998-12-18,4.380000114,4.380000114
1998-12-21,4.429999828,4.429999828
1998-12-22,4.409999847,4.409999847
1998-12-23,4.460000038,4.460000038
1998-12-24,4.449999809,4.449999809
1998-12-28,4.449999809,4.449999809
1998-12-29,4.480000019,4.480000019
1998-12-30,4.429999828,4.429999828
1998-12-31,4.349999905,4.349999905
1999-01-04,4.369999886,4.369999886
1999-01-05,4.369999886,4.369999886
1999-01-06,4.369999886,4.369999886
1999-01-07,4.309999943,4.309999943
1999-01-08,4.360000134,4.360000134
1999-01-11,4.389999866,4.389999866
1999-01-12,4.360000134,4.360000134
1999-01-13,4.340000153,4.340000153
1999-01-14,4.309999943,4.309999943
1999-01-15,4.320000172,4.320000172
1999-01-19,4.28000021,4.28000021
1999-01-20,4.289999962,4.289999962
1999-01-21,4.210000038,4.210000038
1999-01-22,4.25,4.25
1999-01-25,4.289999962,4.289999962
1999-01-26,4.349999905,4.349999905
1999-01-27,4.360000134,4.360000134
1999-01-28,4.369999886,4.369999886
1999-01-29,4.360000134,4.360000134
1999-02-01,4.409999847,4.409999847
1999-02-02,4.409999847,4.409999847
1999-02-03,4.360000134,4.360000134
1999-02-04,4.360000134,4.360000134
1999-02-05,4.389999866,4.389999866
1999-02-08,4.400000095,4.400000095
1999-02-09,4.409999847,4.409999847
1999-02-10,4.369999886,4.369999886
1999-02-11,4.389999866,4.389999866
1999-02-12,4.420000076,4.420000076
1999-02-16,4.400000095,4.400000095
1999-02-17,4.409999847,4.409999847
1999-02-18,4.409999847,4.409999847
1999-02-19,4.449999809,4.449999809
1999-02-22,4.489999771,4.489999771
1999-02-23,4.539999962,4.539999962
1999-02-24,4.539999962,4.539999962
1999-02-25,4.5,4.5
1999-02-26,4.550000191,4.550000191
1999-03-01,4.579999924,4.579999924
1999-03-02,4.539999962,4.539999962
1999-03-03,4.480000019,4.480000019
1999-03-04,4.480000019,4.480000019
1999-03-05,4.489999771,4.489999771
1999-03-08,4.5,4.5
1999-03-09,4.46999979,4.46999979
1999-03-10,4.46999979,4.46999979
1999-03-11,4.480000019,4.480000019
1999-03-12,4.46999979,4.46999979
1999-03-15,4.460000038,4.460000038
1999-03-16,4.429999828,4.429999828
1999-03-17,4.400000095,4.400000095
1999-03-18,4.369999886,4.369999886
1999-03-19,4.380000114,4.380000114
1999-03-22,4.389999866,4.389999866
1999-03-23,4.380000114,4.380000114
1999-03-24,4.380000114,4.380000114
1999-03-25,4.389999866,4.389999866
1999-03-26,4.389999866,4.389999866
1999-03-29,4.389999866,4.389999866
1999-03-30,4.369999886,4.369999886
1999-03-31,4.360000134,4.360000134
1999-04-01,4.300000191,4.300000191
1999-04-05,4.289999962,4.289999962
1999-04-06,4.289999962,4.289999962
1999-04-07,4.28000021,4.28000021
1999-04-08,4.269999981,4.269999981
1999-04-09,4.260000229,4.260000229
1999-04-12,4.21999979,4.21999979
1999-04-13,4.170000076,4.170000076
1999-04-14,4.159999847,4.159999847
1999-04-15,4.190000057,4.190000057
1999-04-16,4.21999979,4.21999979
1999-04-19,4.210000038,4.210000038
1999-04-20,4.25,4.25
1999-04-21,4.239999771,4.239999771
1999-04-22,4.269999981,4.269999981
1999-04-23,4.309999943,4.309999943
1999-04-26,4.349999905,4.349999905
1999-04-27,4.369999886,4.369999886
1999-04-28,4.380000114,4.380000114
1999-04-29,4.380000114,4.380000114
1999-04-30,4.429999828,4.429999828
1999-05-03,4.460000038,4.460000038
1999-05-04,4.489999771,4.489999771
1999-05-05,4.480000019,4.480000019
1999-05-06,4.480000019,4.480000019
1999-05-07,4.46999979,4.46999979
1999-05-10,4.46999979,4.46999979
1999-05-11,4.480000019,4.480000019
1999-05-12,4.46999979,4.46999979
1999-05-13,4.449999809,4.449999809
1999-05-14,4.5,4.5
1999-05-17,4.550000191,4.550000191
1999-05-18,4.53000021,4.53000021
1999-05-19,4.5,4.5
1999-05-20,4.480000019,4.480000019
1999-05-21,4.460000038,4.460000038
1999-05-24,4.5,4.5
1999-05-25,4.510000229,4.510000229
1999-05-26,4.519999981,4.519999981
1999-05-27,4.519999981,4.519999981
1999-05-28,4.510000229,4.510000229
1999-06-01,4.539999962,4.539999962
1999-06-02,4.599999905,4.599999905
1999-06-03,4.519999981,4.519999981
1999-06-04,4.429999828,4.429999828
1999-06-07,4.389999866,4.389999866
1999-06-08,4.480000019,4.480000019
1999-06-09,4.46999979,4.46999979
1999-06-10,4.53000021,4.53000021
1999-06-11,4.590000153,4.590000153
1999-06-14,4.570000172,4.570000172
1999-06-15,4.590000153,4.590000153
1999-06-16,4.550000191,4.550000191
1999-06-17,4.510000229,4.510000229
1999-06-18,4.519999981,4.519999981
1999-06-21,4.550000191,4.550000191
1999-06-22,4.610000134,4.610000134
1999-06-23,4.590000153,4.590000153
1999-06-24,4.590000153,4.590000153
1999-06-25,4.659999847,4.659999847
1999-06-28,4.670000076,4.670000076
1999-06-29,4.699999809,4.699999809
1999-06-30,4.670000076,4.670000076
1999-07-01,4.570000172,4.570000172
1999-07-02,4.539999962,4.539999962
1999-07-06,4.519999981,4.519999981
1999-07-07,4.53000021,4.53000021
1999-07-08,4.539999962,4.539999962
1999-07-09,4.559999943,4.559999943
1999-07-12,4.559999943,4.559999943
1999-07-13,4.579999924,4.579999924
1999-07-14,4.579999924,4.579999924
1999-07-15,4.570000172,4.570000172
1999-07-16,4.539999962,4.539999962
1999-07-19,4.519999981,4.519999981
1999-07-20,4.489999771,4.489999771
1999-07-21,4.46999979,4.46999979
1999-07-22,4.480000019,4.480000019
1999-07-23,4.519999981,4.519999981
1999-07-26,4.570000172,4.570000172
1999-07-27,4.579999924,4.579999924
1999-07-28,4.570000172,4.570000172
1999-07-29,4.579999924,4.579999924
1999-07-30,4.619999886,4.619999886
1999-08-02,4.650000095,4.650000095
1999-08-03,4.690000057,4.690000057
1999-08-04,4.659999847,4.659999847
1999-08-05,4.579999924,4.579999924
1999-08-06,4.659999847,4.659999847
1999-08-09,4.739999771,4.739999771
1999-08-10,4.809999943,4.809999943
1999-08-11,4.769999981,4.769999981
1999-08-12,4.659999847,4.659999847
1999-08-13,4.599999905,4.599999905
1999-08-16,4.630000114,4.630000114
1999-08-17,4.679999828,4.679999828
1999-08-18,4.630000114,4.630000114
1999-08-19,4.630000114,4.630000114
1999-08-20,4.690000057,4.690000057
1999-08-23,4.769999981,4.769999981
1999-08-24,4.849999905,4.849999905
1999-08-25,4.789999962,4.789999962
1999-08-26,4.78000021,4.78000021
1999-08-27,4.840000153,4.840000153
1999-08-30,4.849999905,4.849999905
1999-08-31,4.849999905,4.849999905
1999-09-01,4.820000172,4.820000172
1999-09-02,4.78000021,4.78000021
1999-09-03,4.769999981,4.769999981
1999-09-07,4.690000057,4.690000057
1999-09-08,4.690000057,4.690000057
1999-09-09,4.679999828,4.679999828
1999-09-10,4.619999886,4.619999886
1999-09-13,4.630000114,4.630000114
1999-09-14,4.690000057,4.690000057
1999-09-15,4.619999886,4.619999886
1999-09-16,4.559999943,4.559999943
1999-09-17,4.550000191,4.550000191
1999-09-20,4.539999962,4.539999962
1999-09-21,4.650000095,4.650000095
1999-09-22,4.679999828,4.679999828
1999-09-23,4.670000076,4.670000076
1999-09-24,4.670000076,4.670000076
1999-09-27,4.670000076,4.670000076
1999-09-28,4.670000076,4.670000076
1999-09-29,4.679999828,4.679999828
1999-09-30,4.710000038,4.710000038
1999-10-01,4.710000038,4.710000038
1999-10-04,4.699999809,4.699999809
1999-10-05,4.730000019,4.730000019
1999-10-06,4.670000076,4.670000076
1999-10-07,4.699999809,4.699999809
1999-10-08,4.670000076,4.670000076
1999-10-12,4.71999979,4.71999979
1999-10-13,4.840000153,4.840000153
1999-10-14,4.869999886,4.869999886
1999-10-15,4.889999866,4.889999866
1999-10-18,4.929999828,4.929999828
1999-10-19,4.989999771,4.989999771
1999-10-20,4.989999771,4.989999771
1999-10-21,4.980000019,4.980000019
1999-10-22,4.920000076,4.920000076
1999-10-25,4.900000095,4.900000095
1999-10-26,4.989999771,4.989999771
1999-10-27,4.989999771,4.989999771
1999-10-28,4.949999809,4.949999809
1999-10-29,4.960000038,4.960000038
1999-11-01,4.980000019,4.980000019
1999-11-02,4.980000019,4.980000019
1999-11-03,4.96999979,4.96999979
1999-11-04,4.940000057,4.940000057
1999-11-05,4.980000019,4.980000019
1999-11-08,5.039999962,5.039999962
1999-11-09,5.039999962,5.039999962
1999-11-10,5.050000191,5.050000191
1999-11-12,5.079999924,5.079999924
1999-11-15,5.110000134,5.110000134
1999-11-16,5.139999866,5.139999866
1999-11-17,5.090000153,5.090000153
1999-11-18,5.079999924,5.079999924
1999-11-19,5.079999924,5.079999924
1999-11-22,5.070000172,5.070000172
1999-11-23,5.130000114,5.130000114
1999-11-24,5.130000114,5.130000114
1999-11-26,5.130000114,5.130000114
1999-11-29,5.170000076,5.170000076
1999-11-30,5.150000095,5.150000095
1999-12-01,5.099999905,5.099999905
1999-12-02,5.090000153,5.090000153
1999-12-03,5.090000153,5.090000153
1999-12-06,5.090000153,5.090000153
1999-12-07,5.070000172,5.070000172
1999-12-08,5.059999943,5.059999943
1999-12-09,5.099999905,5.099999905
1999-12-10,5.119999886,5.119999886
1999-12-13,5.210000038,5.210000038
1999-12-14,5.210000038,5.210000038
1999-12-15,5.179999828,5.179999828
1999-12-16,5.21999979,5.21999979
1999-12-17,5.28000021,5.28000021
1999-12-20,5.380000114,5.380000114
1999-12-21,5.420000076,5.420000076
1999-12-22,5.380000114,5.380000114
1999-12-23,5.300000191,5.300000191
1999-12-27,5.28000021,5.28000021
1999-12-28,5.260000229,5.260000229
1999-12-29,5.090000153,5.090000153
1999-12-30,5.010000229,5.010000229
1999-12-31,5.170000076,5.170000076
2000-01-03,5.269999981,5.269999981
2000-01-04,5.269999981,5.269999981
2000-01-05,5.269999981,5.269999981
2000-01-06,5.239999771,5.239999771
2000-01-07,5.21999979,5.21999979
2000-01-10,5.230000019,5.230000019
2000-01-11,5.269999981,5.269999981
2000-01-12,5.28000021,5.28000021
2000-01-13,5.21999979,5.21999979
2000-01-14,5.25,5.25
2000-01-18,5.230000019,5.230000019
2000-01-19,5.349999905,5.349999905
2000-01-20,5.300000191,5.300000191
2000-01-21,5.300000191,5.300000191
2000-01-24,5.329999924,5.329999924
2000-01-25,5.400000095,5.400000095
2000-01-26,5.409999847,5.409999847
2000-01-27,5.409999847,5.409999847
2000-01-28,5.46999979,5.46999979
2000-01-31,5.53000021,5.53000021
2000-02-01,5.550000191,5.550000191
2000-02-02,5.5,5.5
2000-02-03,5.429999828,5.429999828
2000-02-04,5.489999771,5.489999771
2000-02-07,5.46999979,5.46999979
2000-02-08,5.519999981,5.519999981
2000-02-09,5.489999771,5.489999771
2000-02-10,5.5,5.5
2000-02-11,5.480000019,5.480000019
2000-02-14,5.460000038,5.460000038
2000-02-15,5.579999924,5.579999924
2000-02-16,5.550000191,5.550000191
2000-02-17,5.570000172,5.570000172
2000-02-18,5.570000172,5.570000172
2000-02-22,5.599999905,5.599999905
2000-02-23,5.639999866,5.639999866
2000-02-24,5.639999866,5.639999866
2000-02-25,5.619999886,5.619999886
2000-02-28,5.659999847,5.659999847
2000-02-29,5.639999866,5.639999866
2000-03-01,5.599999905,5.599999905
2000-03-02,5.590000153,5.590000153
2000-03-03,5.630000114,5.630000114
2000-03-06,5.650000095,5.650000095
2000-03-07,5.650000095,5.650000095
2000-03-08,5.670000076,5.670000076
2000-03-09,5.659999847,5.659999847
2000-03-10,5.679999828,5.679999828
2000-03-13,5.710000038,5.710000038
2000-03-14,5.710000038,5.710000038
2000-03-15,5.690000057,5.690000057
2000-03-16,5.699999809,5.699999809
2000-03-17,5.699999809,5.699999809
2000-03-20,5.730000019,5.730000019
2000-03-21,5.739999771,5.739999771
2000-03-22,5.739999771,5.739999771
2000-03-23,5.730000019,5.730000019
2000-03-24,5.71999979,5.71999979
2000-03-27,5.679999828,5.679999828
2000-03-28,5.710000038,5.710000038
2000-03-29,5.71999979,5.71999979
2000-03-30,5.710000038,5.710000038
2000-03-31,5.71999979,5.71999979
2000-04-03,5.690000057,5.690000057
2000-04-04,5.670000076,5.670000076
2000-04-05,5.699999809,5.699999809
2000-04-06,5.710000038,5.710000038
2000-04-07,5.710000038,5.710000038
2000-04-10,5.690000057,5.690000057
2000-04-11,5.670000076,5.670000076
2000-04-12,5.670000076,5.670000076
2000-04-13,5.639999866,5.639999866
2000-04-14,5.639999866,5.639999866
2000-04-17,5.639999866,5.639999866
2000-04-18,5.639999866,5.639999866
2000-04-19,5.639999866,5.639999866
2000-04-20,5.619999886,5.619999886
2000-04-24,5.599999905,5.599999905
2000-04-25,5.630000114,5.630000114
2000-04-26,5.590000153,5.590000153
2000-04-27,5.579999924,5.579999924
2000-04-28,5.650000095,5.650000095
2000-05-01,5.670000076,5.670000076
2000-05-02,5.739999771,5.739999771
2000-05-03,5.739999771,5.739999771
2000-05-04,5.71999979,5.71999979
2000-05-05,5.789999962,5.789999962
2000-05-08,5.889999866,5.889999866
2000-05-09,5.960000038,5.960000038
2000-05-10,5.929999828,5.929999828
2000-05-11,5.909999847,5.909999847
2000-05-12,5.960000038,5.960000038
2000-05-15,5.929999828,5.929999828
2000-05-16,6.010000229,6.010000229
2000-05-17,5.909999847,5.909999847
2000-05-18,5.730000019,5.730000019
2000-05-19,5.699999809,5.699999809
2000-05-22,5.699999809,5.699999809
2000-05-23,5.78000021,5.78000021
2000-05-24,5.739999771,5.739999771
2000-05-25,5.659999847,5.659999847
2000-05-26,5.650000095,5.650000095
2000-05-30,5.599999905,5.599999905
2000-05-31,5.489999771,5.489999771
2000-06-01,5.559999943,5.559999943
2000-06-02,5.699999809,5.699999809
2000-06-05,5.710000038,5.710000038
2000-06-06,5.820000172,5.820000172
2000-06-07,5.75,5.75
2000-06-08,5.75,5.75
2000-06-09,5.75,5.75
2000-06-12,5.670000076,5.670000076
2000-06-13,5.71999979,5.71999979
2000-06-14,5.659999847,5.659999847
2000-06-15,5.650000095,5.650000095
2000-06-16,5.639999866,5.639999866
2000-06-19,5.639999866,5.639999866
2000-06-20,5.619999886,5.619999886
2000-06-21,5.639999866,5.639999866
2000-06-22,5.659999847,5.659999847
2000-06-23,5.690000057,5.690000057
2000-06-26,5.650000095,5.650000095
2000-06-27,5.650000095,5.650000095
2000-06-28,5.639999866,5.639999866
2000-06-29,5.670000076,5.670000076
2000-06-30,5.699999809,5.699999809
2000-07-03,5.869999886,5.869999886
2000-07-05,5.809999943,5.809999943
2000-07-06,5.840000153,5.840000153
2000-07-07,5.849999905,5.849999905
2000-07-10,5.880000114,5.880000114
2000-07-11,5.920000076,5.920000076
2000-07-12,5.989999771,5.989999771
2000-07-13,5.980000019,5.980000019
2000-07-14,5.96999979,5.96999979
2000-07-17,5.960000038,5.960000038
2000-07-18,5.96999979,5.96999979
2000-07-19,5.980000019,5.980000019
2000-07-20,6,6
2000-07-21,5.940000057,5.940000057
2000-07-24,5.96999979,5.96999979
2000-07-25,6.010000229,6.010000229
2000-07-26,5.989999771,5.989999771
2000-07-27,6.019999981,6.019999981
2000-07-28,6,6
2000-07-31,6.019999981,6.019999981
2000-08-01,6.059999943,6.059999943
2000-08-02,6.050000191,6.050000191
2000-08-03,6.039999962,6.039999962
2000-08-04,6.039999962,6.039999962
2000-08-07,6.039999962,6.039999962
2000-08-08,6.070000172,6.070000172
2000-08-09,6.050000191,6.050000191
2000-08-10,6.059999943,6.059999943
2000-08-11,6.090000153,6.090000153
2000-08-14,6.079999924,6.079999924
2000-08-15,6.079999924,6.079999924
2000-08-16,6.079999924,6.079999924
2000-08-17,6.070000172,6.070000172
2000-08-18,6.070000172,6.070000172
2000-08-21,6.079999924,6.079999924
2000-08-22,6.079999924,6.079999924
2000-08-23,6.090000153,6.090000153
2000-08-24,6.090000153,6.090000153
2000-08-25,6.110000134,6.110000134
2000-08-28,6.130000114,6.130000114
2000-08-29,6.119999886,6.119999886
2000-08-30,6.119999886,6.119999886
2000-08-31,6.110000134,6.110000134
2000-09-01,6.079999924,6.079999924
2000-09-05,6.059999943,6.059999943
2000-09-06,6.010000229,6.010000229
2000-09-07,6,6
2000-09-08,5.960000038,5.960000038
2000-09-11,5.940000057,5.940000057
2000-09-12,5.909999847,5.909999847
2000-09-13,5.909999847,5.909999847
2000-09-14,5.949999809,5.949999809
2000-09-15,5.960000038,5.960000038
2000-09-18,5.949999809,5.949999809
2000-09-19,5.96999979,5.96999979
2000-09-20,5.96999979,5.96999979
2000-09-21,5.960000038,5.960000038
2000-09-22,5.96999979,5.96999979
2000-09-25,5.980000019,5.980000019
2000-09-26,5.980000019,5.980000019
2000-09-27,6.010000229,6.010000229
2000-09-28,6.050000191,6.050000191
2000-09-29,6.03000021,6.03000021
2000-10-02,6.010000229,6.010000229
2000-10-03,6.050000191,6.050000191
2000-10-04,6.039999962,6.039999962
2000-10-05,6.050000191,6.050000191
2000-10-06,6.050000191,6.050000191
2000-10-09,6.050000191,6.050000191
2000-10-10,6.039999962,6.039999962
2000-10-11,6.039999962,6.039999962
2000-10-12,6,6
2000-10-13,6,6
2000-10-16,6.039999962,6.039999962
2000-10-17,6.090000153,6.090000153
2000-10-18,6.119999886,6.119999886
2000-10-19,6.119999886,6.119999886
2000-10-20,6.119999886,6.119999886
2000-10-23,6.150000095,6.150000095
2000-10-24,6.159999847,6.159999847
2000-10-25,6.179999828,6.179999828
2000-10-26,6.159999847,6.159999847
2000-10-27,6.150000095,6.150000095
2000-10-30,6.179999828,6.179999828
2000-10-31,6.150000095,6.150000095
2000-11-01,6.170000076,6.170000076
2000-11-02,6.170000076,6.170000076
2000-11-03,6.190000057,6.190000057
2000-11-06,6.21999979,6.21999979
2000-11-07,6.21999979,6.21999979
2000-11-08,6.210000038,6.210000038
2000-11-09,6.179999828,6.179999828
2000-11-10,6.170000076,6.170000076
2000-11-13,6.170000076,6.170000076
2000-11-14,6.150000095,6.150000095
2000-11-15,6.170000076,6.170000076
2000-11-16,6.150000095,6.150000095
2000-11-17,6.150000095,6.150000095
2000-11-20,6.159999847,6.159999847
2000-11-21,6.170000076,6.170000076
2000-11-22,6.170000076,6.170000076
2000-11-24,6.170000076,6.170000076
2000-11-27,6.130000114,6.130000114
2000-11-28,6.099999905,6.099999905
2000-11-29,6.050000191,6.050000191
2000-11-30,6.010000229,6.010000229
2000-12-01,6.039999962,6.039999962
2000-12-04,5.980000019,5.980000019
2000-12-05,5.900000095,5.900000095
2000-12-06,5.900000095,5.900000095
2000-12-07,5.920000076,5.920000076
2000-12-08,5.900000095,5.900000095
2000-12-11,5.889999866,5.889999866
2000-12-12,5.889999866,5.889999866
2000-12-13,5.429999828,5.429999828
2000-12-14,5.869999886,5.869999886
2000-12-15,5.829999924,5.829999924
2000-12-18,5.78000021,5.78000021
2000-12-19,5.75,5.75
2000-12-20,5.670000076,5.670000076
2000-12-21,5.21999979,5.21999979
2000-12-22,5.119999886,5.119999886
2000-12-26,5.590000153,5.590000153
2000-12-27,5.599999905,5.599999905
2000-12-28,5.699999809,5.699999809
2000-12-29,5.730000019,5.730000019
2001-01-02,5.679999828,5.679999828
2001-01-03,5.53000021,5.53000021
2001-01-04,5.239999771,5.239999771
2001-01-05,4.96999979,4.96999979
2001-01-08,5.050000191,5.050000191
2001-01-09,5.090000153,5.090000153
2001-01-10,5.139999866,5.139999866
2001-01-11,5.159999847,5.159999847
2001-01-12,5.130000114,5.130000114
2001-01-16,5.210000038,5.210000038
2001-01-17,5.21999979,5.21999979
2001-01-18,5.139999866,5.139999866
2001-01-19,5.090000153,5.090000153
2001-01-22,5.099999905,5.099999905
2001-01-23,5.090000153,5.090000153
2001-01-24,5.130000114,5.130000114
2001-01-25,5.119999886,5.119999886
2001-01-26,5.03000021,5.03000021
2001-01-29,4.980000019,4.980000019
2001-01-30,4.880000114,4.880000114
2001-01-31,4.840000153,4.840000153
2001-02-01,4.849999905,4.849999905
2001-02-02,4.920000076,4.920000076
2001-02-05,4.949999809,4.949999809
2001-02-06,4.929999828,4.929999828
2001-02-07,4.929999828,4.929999828
2001-02-08,4.940000057,4.940000057
2001-02-09,4.909999847,4.909999847
2001-02-12,4.920000076,4.920000076
2001-02-13,4.909999847,4.909999847
2001-02-14,4.929999828,4.929999828
2001-02-15,4.940000057,4.940000057
2001-02-16,4.880000114,4.880000114
2001-02-20,4.909999847,4.909999847
2001-02-21,4.880000114,4.880000114
2001-02-22,4.869999886,4.869999886
2001-02-23,4.75,4.75
2001-02-26,4.699999809,4.699999809
2001-02-27,4.679999828,4.679999828
2001-02-28,4.71999979,4.71999979
2001-03-01,4.699999809,4.699999809
2001-03-02,4.710000038,4.710000038
2001-03-05,4.71999979,4.71999979
2001-03-06,4.650000095,4.650000095
2001-03-07,4.559999943,4.559999943
2001-03-08,4.550000191,4.550000191
2001-03-09,4.599999905,4.599999905
2001-03-12,4.539999962,4.539999962
2001-03-13,4.510000229,4.510000229
2001-03-14,4.420000076,4.420000076
2001-03-15,4.380000114,4.380000114
2001-03-16,4.409999847,4.409999847
2001-03-19,4.440000057,4.440000057
2001-03-20,4.380000114,4.380000114
2001-03-21,4.190000057,4.190000057
2001-03-22,4.150000095,4.150000095
2001-03-23,4.170000076,4.170000076
2001-03-26,4.150000095,4.150000095
2001-03-27,4.239999771,4.239999771
2001-03-28,4.230000019,4.230000019
2001-03-29,4.21999979,4.21999979
2001-03-30,4.179999828,4.179999828
2001-04-02,4.150000095,4.150000095
2001-04-03,4.039999962,4.039999962
2001-04-04,4,4
2001-04-05,3.99000001,3.99000001
2001-04-06,3.839999914,3.839999914
2001-04-09,3.829999924,3.829999924
2001-04-10,3.829999924,3.829999924
2001-04-11,3.980000019,3.980000019
2001-04-12,3.900000095,3.900000095
2001-04-16,4.03000021,4.03000021
2001-04-17,4,4
2001-04-18,3.799999952,3.799999952
2001-04-19,3.75999999,3.75999999
2001-04-20,3.670000076,3.670000076
2001-04-23,3.630000114,3.630000114
2001-04-24,3.690000057,3.690000057
2001-04-25,3.74000001,3.74000001
2001-04-26,3.730000019,3.730000019
2001-04-27,3.74000001,3.74000001
2001-04-30,3.829999924,3.829999924
2001-05-01,3.809999943,3.809999943
2001-05-02,3.789999962,3.789999962
2001-05-03,3.75,3.75
2001-05-04,3.640000105,3.640000105
2001-05-07,3.619999886,3.619999886
2001-05-08,3.589999914,3.589999914
2001-05-09,3.630000114,3.630000114
2001-05-10,3.619999886,3.619999886
2001-05-11,3.680000067,3.680000067
2001-05-14,3.609999895,3.609999895
2001-05-15,3.539999962,3.539999962
2001-05-16,3.480000019,3.480000019
2001-05-17,3.480000019,3.480000019
2001-05-18,3.50999999,3.50999999
2001-05-21,3.539999962,3.539999962
2001-05-22,3.559999943,3.559999943
2001-05-23,3.559999943,3.559999943
2001-05-24,3.599999905,3.599999905
2001-05-25,3.569999933,3.569999933
2001-05-29,3.599999905,3.599999905
2001-05-30,3.589999914,3.589999914
2001-05-31,3.539999962,3.539999962
2001-06-01,3.539999962,3.539999962
2001-06-04,3.589999914,3.589999914
2001-06-05,3.529999971,3.529999971
2001-06-06,3.529999971,3.529999971
2001-06-07,3.519999981,3.519999981
2001-06-08,3.529999971,3.529999971
2001-06-11,3.50999999,3.50999999
2001-06-12,3.470000029,3.470000029
2001-06-13,3.460000038,3.460000038
2001-06-14,3.440000057,3.440000057
2001-06-15,3.430000067,3.430000067
2001-06-18,3.400000095,3.400000095
2001-06-19,3.410000086,3.410000086
2001-06-20,3.410000086,3.410000086
2001-06-21,3.420000076,3.420000076
2001-06-22,3.359999895,3.359999895
2001-06-25,3.359999895,3.359999895
2001-06-26,3.410000086,3.410000086
2001-06-27,3.410000086,3.410000086
2001-06-28,3.549999952,3.549999952
2001-06-29,3.559999943,3.559999943
2001-07-02,3.559999943,3.559999943
2001-07-03,3.569999933,3.569999933
2001-07-05,3.559999943,3.559999943
2001-07-06,3.519999981,3.519999981
2001-07-09,3.549999952,3.549999952
2001-07-10,3.529999971,3.529999971
2001-07-11,3.49000001,3.49000001
2001-07-12,3.50999999,3.50999999
2001-07-13,3.519999981,3.519999981
2001-07-16,3.539999962,3.539999962
2001-07-17,3.50999999,3.50999999
2001-07-18,3.440000057,3.440000057
2001-07-19,3.450000048,3.450000048
2001-07-20,3.440000057,3.440000057
2001-07-23,3.460000038,3.460000038
2001-07-24,3.470000029,3.470000029
2001-07-25,3.460000038,3.460000038
2001-07-26,3.480000019,3.480000019
2001-07-27,3.460000038,3.460000038
2001-07-30,3.470000029,3.470000029
2001-07-31,3.440000057,3.440000057
2001-08-01,3.430000067,3.430000067
2001-08-02,3.430000067,3.430000067
2001-08-03,3.430000067,3.430000067
2001-08-06,3.430000067,3.430000067
2001-08-07,3.420000076,3.420000076
2001-08-08,3.400000095,3.400000095
2001-08-09,3.369999886,3.369999886
2001-08-10,3.349999905,3.349999905
2001-08-13,3.349999905,3.349999905
2001-08-14,3.349999905,3.349999905
2001-08-15,3.339999914,3.339999914
2001-08-16,3.309999943,3.309999943
2001-08-17,3.289999962,3.289999962
2001-08-20,3.339999914,3.339999914
2001-08-21,3.299999952,3.299999952
2001-08-22,3.299999952,3.299999952
2001-08-23,3.309999943,3.309999943
2001-08-24,3.329999924,3.329999924
2001-08-27,3.349999905,3.349999905
2001-08-28,3.329999924,3.329999924
2001-08-29,3.329999924,3.329999924
2001-08-30,3.279999971,3.279999971
2001-08-31,3.279999971,3.279999971
2001-09-04,3.359999895,3.359999895
2001-09-05,3.319999933,3.319999933
2001-09-06,3.269999981,3.269999981
2001-09-07,3.180000067,3.180000067
2001-09-10,3.180000067,3.180000067
2001-09-17,2.609999895,2.609999895
2001-09-18,2.450000048,2.450000048
2001-09-19,2.410000086,2.410000086
2001-09-20,2.210000038,2.210000038
2001-09-21,2.200000048,2.200000048
2001-09-24,2.319999933,2.319999933
2001-09-25,2.339999914,2.339999914
2001-09-26,2.339999914,2.339999914
2001-09-27,2.329999924,2.329999924
2001-09-28,2.299999952,2.299999952
2001-10-01,2.299999952,2.299999952
2001-10-02,2.269999981,2.269999981
2001-10-03,2.180000067,2.180000067
2001-10-04,2.170000076,2.170000076
2001-10-05,2.150000095,2.150000095
2001-10-08,2.150000095,2.150000095
2001-10-09,2.170000076,2.170000076
2001-10-10,2.180000067,2.180000067
2001-10-11,2.220000029,2.220000029
2001-10-12,2.190000057,2.190000057
2001-10-15,2.210000038,2.210000038
2001-10-16,2.160000086,2.160000086
2001-10-17,2.170000076,2.170000076
2001-10-18,2.150000095,2.150000095
2001-10-19,2.150000095,2.150000095
2001-10-22,2.180000067,2.180000067
2001-10-23,2.150000095,2.150000095
2001-10-24,2.119999886,2.119999886
2001-10-25,2.099999905,2.099999905
2001-10-26,2.099999905,2.099999905
2001-10-29,2.059999943,2.059999943
2001-10-30,1.99000001,1.99000001
2001-10-31,2.00999999,2.00999999
2001-11-01,2.00999999,2.00999999
2001-11-02,1.950000048,1.950000048
2001-11-05,1.970000029,1.970000029
2001-11-06,1.820000052,1.820000052
2001-11-07,1.75999999,1.75999999
2001-11-08,1.809999943,1.809999943
2001-11-09,1.799999952,1.799999952
2001-11-12,1.799999952,1.799999952
2001-11-13,1.799999952,1.799999952
2001-11-14,1.840000033,1.840000033
2001-11-15,1.870000005,1.870000005
2001-11-16,1.889999986,1.889999986
2001-11-19,1.899999976,1.899999976
2001-11-20,1.899999976,1.899999976
2001-11-21,1.909999967,1.909999967
2001-11-23,1.929999948,1.929999948
2001-11-26,1.940000057,1.940000057
2001-11-27,1.860000014,1.860000014
2001-11-28,1.830000043,1.830000043
2001-11-29,1.75999999,1.75999999
2001-11-30,1.730000019,1.730000019
2001-12-03,1.74000001,1.74000001
2001-12-04,1.710000038,1.710000038
2001-12-05,1.730000019,1.730000019
2001-12-06,1.710000038,1.710000038
2001-12-07,1.649999976,1.649999976
2001-12-10,1.679999948,1.679999948
2001-12-11,1.610000014,1.610000014
2001-12-12,1.639999986,1.639999986
2001-12-13,1.659999967,1.659999967
2001-12-14,1.679999948,1.679999948
2001-12-17,1.710000038,1.710000038
2001-12-18,1.679999948,1.679999948
2001-12-19,1.669999957,1.669999957
2001-12-20,1.639999986,1.639999986
2001-12-21,1.659999967,1.659999967
2001-12-24,1.690000057,1.690000057
2001-12-26,1.710000038,1.710000038
2001-12-27,1.700000048,1.700000048
2001-12-28,1.679999948,1.679999948
2001-12-31,1.669999957,1.669999957
2002-01-02,1.700000048,1.700000048
2002-01-03,1.690000057,1.690000057
2002-01-04,1.679999948,1.679999948
2002-01-07,1.659999967,1.659999967
2002-01-08,1.649999976,1.649999976
2002-01-09,1.649999976,1.649999976
2002-01-10,1.649999976,1.649999976
2002-01-11,1.590000033,1.590000033
2002-01-14,1.539999962,1.539999962
2002-01-15,1.559999943,1.559999943
2002-01-16,1.570000052,1.570000052
2002-01-17,1.600000024,1.600000024
2002-01-18,1.580000043,1.580000043
2002-01-22,1.639999986,1.639999986
2002-01-23,1.669999957,1.669999957
2002-01-24,1.669999957,1.669999957
2002-01-25,1.679999948,1.679999948
2002-01-28,1.690000057,1.690000057
2002-01-29,1.700000048,1.700000048
2002-01-30,1.690000057,1.690000057
2002-01-31,1.720000029,1.720000029
2002-02-01,1.710000038,1.710000038
2002-02-04,1.720000029,1.720000029
2002-02-05,1.720000029,1.720000029
2002-02-06,1.700000048,1.700000048
2002-02-07,1.690000057,1.690000057
2002-02-08,1.669999957,1.669999957
2002-02-11,1.700000048,1.700000048
2002-02-12,1.710000038,1.710000038
2002-02-13,1.710000038,1.710000038
2002-02-14,1.710000038,1.710000038
2002-02-15,1.700000048,1.700000048
2002-02-19,1.700000048,1.700000048
2002-02-20,1.720000029,1.720000029
2002-02-21,1.720000029,1.720000029
2002-02-22,1.720000029,1.720000029
2002-02-25,1.730000019,1.730000019
2002-02-26,1.730000019,1.730000019
2002-02-27,1.730000019,1.730000019
2002-02-28,1.720000029,1.720000029
2002-03-01,1.75,1.75
2002-03-04,1.75,1.75
2002-03-05,1.75,1.75
2002-03-06,1.74000001,1.74000001
2002-03-07,1.75,1.75
2002-03-08,1.769999981,1.769999981
2002-03-11,1.789999962,1.789999962
2002-03-12,1.799999952,1.799999952
2002-03-13,1.789999962,1.789999962
2002-03-14,1.809999943,1.809999943
2002-03-15,1.820000052,1.820000052
2002-03-18,1.820000052,1.820000052
2002-03-19,1.799999952,1.799999952
2002-03-20,1.809999943,1.809999943
2002-03-21,1.809999943,1.809999943
2002-03-22,1.799999952,1.799999952
2002-03-25,1.779999971,1.779999971
2002-03-26,1.789999962,1.789999962
2002-03-27,1.779999971,1.779999971
2002-03-28,1.74000001,1.74000001
2002-04-01,1.75999999,1.75999999
2002-04-02,1.75999999,1.75999999
2002-04-03,1.75,1.75
2002-04-04,1.74000001,1.74000001
2002-04-05,1.720000029,1.720000029
2002-04-08,1.710000038,1.710000038
2002-04-09,1.690000057,1.690000057
2002-04-10,1.669999957,1.669999957
2002-04-11,1.669999957,1.669999957
2002-04-12,1.669999957,1.669999957
2002-04-15,1.669999957,1.669999957
2002-04-16,1.700000048,1.700000048
2002-04-17,1.690000057,1.690000057
2002-04-18,1.669999957,1.669999957
2002-04-19,1.700000048,1.700000048
2002-04-22,1.679999948,1.679999948
2002-04-23,1.700000048,1.700000048
2002-04-24,1.679999948,1.679999948
2002-04-25,1.700000048,1.700000048
2002-04-26,1.700000048,1.700000048
2002-04-29,1.720000029,1.720000029
2002-04-30,1.730000019,1.730000019
2002-05-01,1.720000029,1.720000029
2002-05-02,1.730000019,1.730000019
2002-05-03,1.720000029,1.720000029
2002-05-06,1.730000019,1.730000019
2002-05-07,1.710000038,1.710000038
2002-05-08,1.730000019,1.730000019
2002-05-09,1.730000019,1.730000019
2002-05-10,1.730000019,1.730000019
2002-05-13,1.730000019,1.730000019
2002-05-14,1.74000001,1.74000001
2002-05-15,1.730000019,1.730000019
2002-05-16,1.74000001,1.74000001
2002-05-17,1.720000029,1.720000029
2002-05-20,1.710000038,1.710000038
2002-05-21,1.700999975,1.700999975
2002-05-22,1.697000027,1.697000027
2002-05-23,1.703999996,1.703999996
2002-05-24,1.707000017,1.707000017
2002-05-28,1.722000003,1.722000003
2002-05-29,1.717000008,1.717000008
2002-05-30,1.713000059,1.713000059
2002-05-31,1.705000043,1.705000043
2002-06-03,1.715000033,1.715000033
2002-06-04,1.715000033,1.715000033
2002-06-05,1.718000054,1.718000054
2002-06-06,1.705000043,1.705000043
2002-06-07,1.707000017,1.707000017
2002-06-10,1.710999966,1.710999966
2002-06-11,1.713999987,1.713999987
2002-06-12,1.702000022,1.702000022
2002-06-13,1.684999943,1.684999943
2002-06-14,1.674999952,1.674999952
2002-06-17,1.690000057,1.690000057
2002-06-18,1.692000031,1.692000031
2002-06-19,1.669999957,1.669999957
2002-06-20,1.690000057,1.690000057
2002-06-21,1.677999973,1.677999973
2002-06-24,1.692000031,1.692000031
2002-06-25,1.690000057,1.690000057
2002-06-26,1.661999941,1.661999941
2002-06-27,1.659999967,1.659999967
2002-06-28,1.659000039,1.659000039
2002-07-01,1.677000046,1.677000046
2002-07-02,1.682000041,1.682000041
2002-07-03,1.682000041,1.682000041
2002-07-05,1.684999943,1.684999943
2002-07-08,1.690000057,1.690000057
2002-07-09,1.682999969,1.682999969
2002-07-10,1.687000036,1.687000036
2002-07-11,1.682000041,1.682000041
2002-07-12,1.672000051,1.672000051
2002-07-15,1.674999952,1.674999952
2002-07-16,1.674999952,1.674999952
2002-07-17,1.690000057,1.690000057
2002-07-18,1.690000057,1.690000057
2002-07-19,1.672000051,1.672000051
2002-07-22,1.669999957,1.669999957
2002-07-23,1.661999941,1.661999941
2002-07-24,1.643000007,1.643000007
2002-07-25,1.659999967,1.659999967
2002-07-26,1.646999955,1.646999955
2002-07-29,1.677000046,1.677000046
2002-07-30,1.682000041,1.682000041
2002-07-31,1.664999962,1.664999962
2002-08-01,1.64199996,1.64199996
2002-08-02,1.592000008,1.592000008
2002-08-05,1.601999998,1.601999998
2002-08-06,1.611999989,1.611999989
2002-08-07,1.557999969,1.557999969
2002-08-08,1.577999949,1.577999949
2002-08-09,1.575000048,1.575000048
2002-08-12,1.633000016,1.633000016
2002-08-13,1.597000003,1.597000003
2002-08-14,1.601999998,1.601999998
2002-08-15,1.582000017,1.582000017
2002-08-16,1.585000038,1.585000038
2002-08-19,1.625,1.625
2002-08-20,1.575000048,1.575000048
2002-08-21,1.595000029,1.595000029
2002-08-22,1.610999942,1.610999942
2002-08-23,1.616999984,1.616999984
2002-08-26,1.625,1.625
2002-08-27,1.64199996,1.64199996
2002-08-28,1.636999965,1.636999965
2002-08-29,1.639999986,1.639999986
2002-08-30,1.644999981,1.644999981
2002-09-03,1.605000019,1.605000019
2002-09-04,1.592000008,1.592000008
2002-09-05,1.577000022,1.577000022
2002-09-06,1.621999979,1.621999979
2002-09-09,1.636999965,1.636999965
2002-09-10,1.631000042,1.631000042
2002-09-11,1.654999971,1.654999971
2002-09-12,1.65199995,1.65199995
2002-09-13,1.649999976,1.649999976
2002-09-16,1.656999946,1.656999946
2002-09-17,1.656999946,1.656999946
2002-09-18,1.64199996,1.64199996
2002-09-19,1.616999984,1.616999984
2002-09-20,1.611999989,1.611999989
2002-09-23,1.616999984,1.616999984
2002-09-24,1.613999963,1.613999963
2002-09-25,1.621999979,1.621999979
2002-09-26,1.616999984,1.616999984
2002-09-27,1.597000003,1.597000003
2002-09-30,1.52699995,1.52699995
2002-10-01,1.552000046,1.552000046
2002-10-02,1.539999962,1.539999962
2002-10-03,1.529999971,1.529999971
2002-10-04,1.567000031,1.567000031
2002-10-07,1.582000017,1.582000017
2002-10-08,1.572000027,1.572000027
2002-10-09,1.527999997,1.527999997
2002-10-10,1.537999988,1.537999988
2002-10-11,1.546000004,1.546000004
2002-10-14,1.544999957,1.544999957
2002-10-15,1.625,1.625
2002-10-16,1.620000005,1.620000005
2002-10-17,1.626999974,1.626999974
2002-10-18,1.631999969,1.631999969
2002-10-21,1.661999941,1.661999941
2002-10-22,1.656999946,1.656999946
2002-10-23,1.64199996,1.64199996
2002-10-24,1.621999979,1.621999979
2002-10-25,1.601999998,1.601999998
2002-10-28,1.552000046,1.552000046
2002-10-29,1.472000003,1.472000003
2002-10-30,1.468000054,1.468000054
2002-10-31,1.417000055,1.417000055
2002-11-01,1.396999955,1.396999955
2002-11-04,1.406999946,1.406999946
2002-11-05,1.394999981,1.394999981
2002-11-06,1.207000017,1.207000017
2002-11-07,1.195000052,1.195000052
2002-11-08,1.197000027,1.197000027
2002-11-11,1.197000027,1.197000027
2002-11-12,1.190000057,1.190000057
2002-11-13,1.187000036,1.187000036
2002-11-14,1.190999985,1.190999985
2002-11-15,1.197000027,1.197000027
2002-11-18,1.202000022,1.202000022
2002-11-19,1.190000057,1.190000057
2002-11-20,1.19599998,1.19599998
2002-11-21,1.197000027,1.197000027
2002-11-22,1.197999954,1.197999954
2002-11-25,1.202000022,1.202000022
2002-11-26,1.202000022,1.202000022
2002-11-27,1.207000017,1.207000017
2002-11-29,1.202000022,1.202000022
2002-12-02,1.205000043,1.205000043
2002-12-03,1.200000048,1.200000048
2002-12-04,1.197000027,1.197000027
2002-12-05,1.187000036,1.187000036
2002-12-06,1.182999969,1.182999969
2002-12-09,1.197000027,1.197000027
2002-12-10,1.192000031,1.192000031
2002-12-11,1.182000041,1.182000041
2002-12-12,1.184999943,1.184999943
2002-12-13,1.187000036,1.187000036
2002-12-16,1.202000022,1.202000022
2002-12-17,1.192000031,1.192000031
2002-12-18,1.182000041,1.182000041
2002-12-19,1.177000046,1.177000046
2002-12-20,1.177000046,1.177000046
2002-12-23,1.161999941,1.161999941
2002-12-24,1.164999962,1.164999962
2002-12-26,1.154999971,1.154999971
2002-12-27,1.13499999,1.13499999
2002-12-30,1.164999962,1.164999962
2002-12-31,1.182000041,1.182000041
2003-01-02,1.190000057,1.190000057
2003-01-03,1.192000031,1.192000031
2003-01-06,1.182000041,1.182000041
2003-01-07,1.172000051,1.172000051
2003-01-08,1.167000055,1.167000055
2003-01-09,1.177000046,1.177000046
2003-01-10,1.172000051,1.172000051
2003-01-13,1.172000051,1.172000051
2003-01-14,1.172000051,1.172000051
2003-01-15,1.167000055,1.167000055
2003-01-16,1.164999962,1.164999962
2003-01-17,1.15199995,1.15199995
2003-01-21,1.15199995,1.15199995
2003-01-22,1.14199996,1.14199996
2003-01-23,1.14199996,1.14199996
2003-01-24,1.126999974,1.126999974
2003-01-27,1.14199996,1.14199996
2003-01-28,1.149999976,1.149999976
2003-01-29,1.15199995,1.15199995
2003-01-30,1.15199995,1.15199995
2003-01-31,1.148000002,1.148000002
2003-02-03,1.15199995,1.15199995
2003-02-04,1.146999955,1.146999955
2003-02-05,1.146999955,1.146999955
2003-02-06,1.14199996,1.14199996
2003-02-07,1.136999965,1.136999965
2003-02-10,1.149999976,1.149999976
2003-02-11,1.15199995,1.15199995
2003-02-12,1.149999976,1.149999976
2003-02-13,1.146999955,1.146999955
2003-02-14,1.151000023,1.151000023
2003-02-18,1.154999971,1.154999971
2003-02-19,1.156999946,1.156999946
2003-02-20,1.156999946,1.156999946
2003-02-21,1.167000055,1.167000055
2003-02-24,1.172000051,1.172000051
2003-02-25,1.174999952,1.174999952
2003-02-26,1.182000041,1.182000041
2003-02-27,1.182000041,1.182000041
2003-02-28,1.174999952,1.174999952
2003-03-03,1.172000051,1.172000051
2003-03-04,1.164999962,1.164999962
2003-03-05,1.15199995,1.15199995
2003-03-06,1.146999955,1.146999955
2003-03-07,1.097000003,1.097000003
2003-03-10,1.059999943,1.059999943
2003-03-11,1.062000036,1.062000036
2003-03-12,1.067000031,1.067000031
2003-03-13,1.101999998,1.101999998
2003-03-14,1.103000045,1.103000045
2003-03-17,1.116999984,1.116999984
2003-03-18,1.125,1.125
2003-03-19,1.13499999,1.13499999
2003-03-20,1.136999965,1.136999965
2003-03-21,1.156999946,1.156999946
2003-03-24,1.154999971,1.154999971
2003-03-25,1.15199995,1.15199995
2003-03-26,1.149000049,1.149000049
2003-03-27,1.131999969,1.131999969
2003-03-28,1.110999942,1.110999942
2003-03-31,1.090000033,1.090000033
2003-04-01,1.095000029,1.095000029
2003-04-02,1.101999998,1.101999998
2003-04-03,1.087000012,1.087000012
2003-04-04,1.082000017,1.082000017
2003-04-07,1.131999969,1.131999969
2003-04-08,1.126999974,1.126999974
2003-04-09,1.110000014,1.110000014
2003-04-10,1.116999984,1.116999984
2003-04-11,1.146999955,1.146999955
2003-04-14,1.156999946,1.156999946
2003-04-15,1.159999967,1.159999967
2003-04-16,1.146999955,1.146999955
2003-04-17,1.146999955,1.146999955
2003-04-21,1.15199995,1.15199995
2003-04-22,1.15199995,1.15199995
2003-04-23,1.146999955,1.146999955
2003-04-24,1.128999949,1.128999949
2003-04-25,1.116999984,1.116999984
2003-04-28,1.111999989,1.111999989
2003-04-29,1.116999984,1.116999984
2003-04-30,1.100999951,1.100999951
2003-05-01,1.077000022,1.077000022
2003-05-02,1.095999956,1.095999956
2003-05-05,1.092000008,1.092000008
2003-05-06,1.080000043,1.080000043
2003-05-07,1.087000012,1.087000012
2003-05-08,1.067000031,1.067000031
2003-05-09,1.082000017,1.082000017
2003-05-12,1.067000031,1.067000031
2003-05-13,1.062000036,1.062000036
2003-05-14,1.036999941,1.036999941
2003-05-15,1.029999971,1.029999971
2003-05-16,1.021999955,1.021999955
2003-05-19,1.01699996,1.01699996
2003-05-20,1,1
2003-05-21,1.047000051,1.047000051
2003-05-22,1.049999952,1.049999952
2003-05-23,1.054999948,1.054999948
2003-05-27,1.062999964,1.062999964
2003-05-28,1.087000012,1.087000012
2003-05-29,1.075000048,1.075000048
2003-05-30,1.085000038,1.085000038
2003-06-02,1.101999998,1.101999998
2003-06-03,1.062000036,1.062000036
2003-06-04,1.021999955,1.021999955
2003-06-05,1.01699996,1.01699996
2003-06-06,1.02699995,1.02699995
2003-06-09,1.006999969,1.006999969
2003-06-10,0.9570000172,0.9570000172
2003-06-11,0.9100000262,0.9100000262
2003-06-12,0.8920000196,0.8920000196
2003-06-13,0.8330000043,0.8330000043
2003-06-16,0.8370000124,0.8370000124
2003-06-17,0.8669999838,0.8669999838
2003-06-18,0.8619999886,0.8619999886
2003-06-19,0.7919999957,0.7919999957
2003-06-20,0.8069999814,0.8069999814
2003-06-23,0.8199999928,0.8199999928
2003-06-24,0.8000000119,0.8000000119
2003-06-25,0.8970000148,0.8970000148
2003-06-26,0.875,0.875
2003-06-27,0.8420000076,0.8420000076
2003-06-30,0.8379999995,0.8379999995
2003-07-01,0.8679999709,0.8679999709
2003-07-02,0.8470000029,0.8470000029
2003-07-03,0.8420000076,0.8420000076
2003-07-07,0.8619999886,0.8619999886
2003-07-08,0.8849999905,0.8849999905
2003-07-09,0.8700000048,0.8700000048
2003-07-10,0.8629999757,0.8629999757
2003-07-11,0.8659999967,0.8659999967
2003-07-14,0.8669999838,0.8669999838
2003-07-15,0.8880000114,0.8880000114
2003-07-16,0.8820000291,0.8820000291
2003-07-17,0.8709999919,0.8709999919
2003-07-18,0.8769999743,0.8769999743
2003-07-21,0.8870000243,0.8870000243
2003-07-22,0.90200001,0.90200001
2003-07-23,0.8920000196,0.8920000196
2003-07-24,0.9010000229,0.9010000229
2003-07-25,0.90200001,0.90200001
2003-07-28,0.9369999766,0.9369999766
2003-07-29,0.9570000172,0.9570000172
2003-07-30,0.9470000267,0.9470000267
2003-07-31,0.9269999862,0.9269999862
2003-08-01,0.9179999828,0.9179999828
2003-08-04,0.9369999766,0.9369999766
2003-08-05,0.9350000024,0.9350000024
2003-08-06,0.9219999909,0.9219999909
2003-08-07,0.9200000167,0.9200000167
2003-08-08,0.9269999862,0.9269999862
2003-08-11,0.925999999,0.925999999
2003-08-12,0.9269999862,0.9269999862
2003-08-13,0.9269999862,0.9269999862
2003-08-14,0.9350000024,0.9350000024
2003-08-15,0.9269999862,0.9269999862
2003-08-18,0.9369999766,0.9369999766
2003-08-19,0.9369999766,0.9369999766
2003-08-20,0.9369999766,0.9369999766
2003-08-21,0.94599998,0.94599998
2003-08-22,0.9509999752,0.9509999752
2003-08-25,0.9720000029,0.9720000029
2003-08-26,0.9769999981,0.9769999981
2003-08-27,0.9769999981,0.9769999981
2003-08-28,0.9620000124,0.9620000124
2003-08-29,0.9599999785,0.9599999785
2003-09-02,0.9520000219,0.9520000219
2003-09-03,0.9520000219,0.9520000219
2003-09-04,0.9419999719,0.9419999719
2003-09-05,0.9269999862,0.9269999862
2003-09-08,0.9319999814,0.9319999814
2003-09-09,0.9319999814,0.9319999814
2003-09-10,0.9319999814,0.9319999814
2003-09-11,0.9319999814,0.9319999814
2003-09-12,0.9319999814,0.9319999814
2003-09-15,0.925999999,0.925999999
2003-09-16,0.9269999862,0.9269999862
2003-09-17,0.9269999862,0.9269999862
2003-09-18,0.9319999814,0.9319999814
2003-09-19,0.9269999862,0.9269999862
2003-09-22,0.9219999909,0.9219999909
2003-09-23,0.9250000119,0.9250000119
2003-09-24,0.9169999957,0.9169999957
2003-09-25,0.9169999957,0.9169999957
2003-09-26,0.9169999957,0.9169999957
2003-09-29,0.9210000038,0.9210000038
2003-09-30,0.925999999,0.925999999
2003-10-01,0.9100000262,0.9100000262
2003-10-02,0.9120000005,0.9120000005
2003-10-03,0.9120000005,0.9120000005
2003-10-06,0.9049999714,0.9049999714
2003-10-07,0.90200001,0.90200001
2003-10-08,0.8769999743,0.8769999743
2003-10-09,0.8799999952,0.8799999952
2003-10-10,0.8870000243,0.8870000243
2003-10-13,0.8870000243,0.8870000243
2003-10-14,0.8870000243,0.8870000243
2003-10-15,0.9029999971,0.9029999971
2003-10-16,0.90200001,0.90200001
2003-10-17,0.9070000052,0.9070000052
2003-10-20,0.9120000005,0.9120000005
2003-10-21,0.9359999895,0.9359999895
2003-10-22,0.9319999814,0.9319999814
2003-10-23,0.9300000072,0.9300000072
2003-10-24,0.9269999862,0.9269999862
2003-10-27,0.9409999847,0.9409999847
2003-10-28,0.9449999928,0.9449999928
2003-10-29,0.9369999766,0.9369999766
2003-10-30,0.9319999814,0.9319999814
2003-10-31,0.9319999814,0.9319999814
2003-11-03,0.9210000038,0.9210000038
2003-11-04,0.9279999733,0.9279999733
2003-11-05,0.9330000281,0.9330000281
2003-11-06,0.9269999862,0.9269999862
2003-11-07,0.9319999814,0.9319999814
2003-11-10,0.9219999909,0.9219999909
2003-11-12,0.9279999733,0.9279999733
2003-11-13,0.9269999862,0.9269999862
2003-11-14,0.9269999862,0.9269999862
2003-11-17,0.9279999733,0.9279999733
2003-11-18,0.9359999895,0.9359999895
2003-11-19,0.9269999862,0.9269999862
2003-11-20,0.9219999909,0.9219999909
2003-11-21,0.9120000005,0.9120000005
2003-11-24,0.9169999957,0.9169999957
2003-11-25,0.9200000167,0.9200000167
2003-11-26,0.9120000005,0.9120000005
2003-11-28,0.9079999924,0.9079999924
2003-12-01,0.8970000148,0.8970000148
2003-12-02,0.9169999957,0.9169999957
2003-12-03,0.9120000005,0.9120000005
2003-12-04,0.9010000229,0.9010000229
2003-12-05,0.8949999809,0.8949999809
2003-12-08,0.8920000196,0.8920000196
2003-12-09,0.8920000196,0.8920000196
2003-12-10,0.8870000243,0.8870000243
2003-12-11,0.871999979,0.871999979
2003-12-12,0.8769999743,0.8769999743
2003-12-15,0.8799999952,0.8799999952
2003-12-16,0.878000021,0.878000021
2003-12-17,0.871999979,0.871999979
2003-12-18,0.8629999757,0.8629999757
2003-12-19,0.8579999804,0.8579999804
2003-12-22,0.8610000014,0.8610000014
2003-12-23,0.8820000291,0.8820000291
2003-12-24,0.871999979,0.871999979
2003-12-26,0.8470000029,0.8470000029
2003-12-29,0.8569999933,0.8569999933
2003-12-30,0.9120000005,0.9120000005
2003-12-31,0.9070000052,0.9070000052
2004-01-02,0.90200001,0.90200001
2004-01-05,0.90200001,0.90200001
2004-01-06,0.9010000229,0.9010000229
2004-01-07,0.8859999776,0.8859999776
2004-01-08,0.8470000029,0.8470000029
2004-01-09,0.8420000076,0.8420000076
2004-01-12,0.8470000029,0.8470000029
2004-01-13,0.8619999886,0.8619999886
2004-01-14,0.8579999804,0.8579999804
2004-01-15,0.8519999981,0.8519999981
2004-01-16,0.8619999886,0.8619999886
2004-01-20,0.8569999933,0.8569999933
2004-01-21,0.8669999838,0.8669999838
2004-01-22,0.8519999981,0.8519999981
2004-01-23,0.8669999838,0.8669999838
2004-01-26,0.8820000291,0.8820000291
2004-01-27,0.8970000148,0.8970000148
2004-01-28,0.9169999957,0.9169999957
2004-01-29,0.9169999957,0.9169999957
2004-01-30,0.8970000148,0.8970000148
2004-02-02,0.90200001,0.90200001
2004-02-03,0.9120000005,0.9120000005
2004-02-04,0.9120000005,0.9120000005
2004-02-05,0.9110000134,0.9110000134
2004-02-06,0.9070000052,0.9070000052
2004-02-09,0.9120000005,0.9120000005
2004-02-10,0.9210000038,0.9210000038
2004-02-11,0.9100000262,0.9100000262
2004-02-12,0.8980000019,0.8980000019
2004-02-13,0.8970000148,0.8970000148
2004-02-17,0.8970000148,0.8970000148
2004-02-18,0.9120000005,0.9120000005
2004-02-19,0.9120000005,0.9120000005
2004-02-20,0.9160000086,0.9160000086
2004-02-23,0.9269999862,0.9269999862
2004-02-24,0.9380000234,0.9380000234
2004-02-25,0.9380000234,0.9380000234
2004-02-26,0.9319999814,0.9319999814
2004-02-27,0.9269999862,0.9269999862
2004-03-01,0.9359999895,0.9359999895
2004-03-02,0.9419999719,0.9419999719
2004-03-03,0.9419999719,0.9419999719
2004-03-04,0.9409999847,0.9409999847
2004-03-05,0.9309999943,0.9309999943
2004-03-08,0.9269999862,0.9269999862
2004-03-09,0.9319999814,0.9319999814
2004-03-10,0.9369999766,0.9369999766
2004-03-11,0.9369999766,0.9369999766
2004-03-12,0.9319999814,0.9319999814
2004-03-15,0.9319999814,0.9319999814
2004-03-16,0.9380000234,0.9380000234
2004-03-17,0.9179999828,0.9179999828
2004-03-18,0.9169999957,0.9169999957
2004-03-19,0.9169999957,0.9169999957
2004-03-22,0.9229999781,0.9229999781
2004-03-23,0.9229999781,0.9229999781
2004-03-24,0.9179999828,0.9179999828
2004-03-25,0.9169999957,0.9169999957
2004-03-26,0.9219999909,0.9219999909
2004-03-29,0.9229999781,0.9229999781
2004-03-30,0.9330000281,0.9330000281
2004-03-31,0.9229999781,0.9229999781
2004-04-01,0.9160000086,0.9160000086
2004-04-02,0.9269999862,0.9269999862
2004-04-05,0.9120000005,0.9120000005
2004-04-06,0.9179999828,0.9179999828
2004-04-07,0.9179999828,0.9179999828
2004-04-08,0.9129999876,0.9129999876
2004-04-12,0.9120000005,0.9120000005
2004-04-13,0.9219999909,0.9219999909
2004-04-14,0.9340000153,0.9340000153
2004-04-15,0.9269999862,0.9269999862
2004-04-16,0.9169999957,0.9169999957
2004-04-19,0.9219999909,0.9219999909
2004-04-20,0.9470000267,0.9470000267
2004-04-21,0.9670000076,0.9670000076
2004-04-22,0.9369999766,0.9369999766
2004-04-23,0.9520000219,0.9520000219
2004-04-26,0.9430000186,0.9430000186
2004-04-27,0.9620000124,0.9620000124
2004-04-28,0.9480000138,0.9480000138
2004-04-29,0.949000001,0.949000001
2004-04-30,0.9520000219,0.9520000219
2004-05-03,0.9589999914,0.9589999914
2004-05-04,0.9860000014,0.9860000014
2004-05-05,0.9670000076,0.9670000076
2004-05-06,0.9710000157,0.9710000157
2004-05-07,1.036999941,1.036999941
2004-05-10,1.02699995,1.02699995
2004-05-11,1.031000018,1.031000018
2004-05-12,1.006999969,1.006999969
2004-05-13,0.9800000191,0.9800000191
2004-05-14,0.9689999819,0.9689999819
2004-05-17,0.9769999981,0.9769999981
2004-05-18,1.02699995,1.02699995
2004-05-19,1.016000032,1.016000032
2004-05-20,1.003999949,1.003999949
2004-05-21,1.003999949,1.003999949
2004-05-24,1.011999965,1.011999965
2004-05-25,1.057000041,1.057000041
2004-05-26,1.052000046,1.052000046
2004-05-27,1.039000034,1.039000034
2004-05-28,1.052000046,1.052000046
2004-06-01,1.093000054,1.093000054
2004-06-02,1.14199996,1.14199996
2004-06-03,1.146999955,1.146999955
2004-06-04,1.177000046,1.177000046
2004-06-07,1.184000015,1.184000015
2004-06-08,1.241999984,1.241999984
2004-06-09,1.241999984,1.241999984
2004-06-10,1.26699996,1.26699996
2004-06-14,1.338999987,1.338999987
2004-06-15,1.312000036,1.312000036
2004-06-16,1.27699995,1.27699995
2004-06-17,1.241999984,1.241999984
2004-06-18,1.246999979,1.246999979
2004-06-21,1.238000035,1.238000035
2004-06-22,1.292999983,1.292999983
2004-06-23,1.256999969,1.256999969
2004-06-24,1.253999949,1.253999949
2004-06-25,1.271999955,1.271999955
2004-06-28,1.281999946,1.281999946
2004-06-29,1.351999998,1.351999998
2004-06-30,1.302999973,1.302999973
2004-07-01,1.197000027,1.197000027
2004-07-02,1.263000011,1.263000011
2004-07-06,1.253999949,1.253999949
2004-07-07,1.268000007,1.268000007
2004-07-08,1.251000047,1.251000047
2004-07-09,1.246999979,1.246999979
2004-07-12,1.261999965,1.261999965
2004-07-13,1.315000057,1.315000057
2004-07-14,1.317000031,1.317000031
2004-07-15,1.317000031,1.317000031
2004-07-16,1.312000036,1.312000036
2004-07-19,1.302000046,1.302000046
2004-07-20,1.332000017,1.332000017
2004-07-21,1.322000027,1.322000027
2004-07-22,1.333999991,1.333999991
2004-07-23,1.338000059,1.338000059
2004-07-26,1.39199996,1.39199996
2004-07-27,1.437000036,1.437000036
2004-07-28,1.419999957,1.419999957
2004-07-29,1.411999941,1.411999941
2004-07-30,1.411999941,1.411999941
2004-08-02,1.432000041,1.432000041
2004-08-03,1.457000017,1.457000017
2004-08-04,1.452000022,1.452000022
2004-08-05,1.444000006,1.444000006
2004-08-06,1.406000018,1.406000018
2004-08-09,1.444000006,1.444000006
2004-08-10,1.472000003,1.472000003
2004-08-11,1.414999962,1.414999962
2004-08-12,1.407999992,1.407999992
2004-08-13,1.401000023,1.401000023
2004-08-16,1.427000046,1.427000046
2004-08-17,1.453999996,1.453999996
2004-08-18,1.447000027,1.447000027
2004-08-19,1.442000031,1.442000031
2004-08-20,1.453999996,1.453999996
2004-08-23,1.476999998,1.476999998
2004-08-24,1.51699996,1.51699996
2004-08-25,1.511999965,1.511999965
2004-08-26,1.516000032,1.516000032
2004-08-27,1.521999955,1.521999955
2004-08-30,1.542000055,1.542000055
2004-08-31,1.567999959,1.567999959
2004-09-01,1.547000051,1.547000051
2004-09-02,1.562999964,1.562999964
2004-09-03,1.611999989,1.611999989
2004-09-07,1.597000003,1.597000003
2004-09-08,1.611999989,1.611999989
2004-09-09,1.60800004,1.60800004
2004-09-10,1.623000026,1.623000026
2004-09-13,1.616000056,1.616000056
2004-09-14,1.623000026,1.623000026
2004-09-15,1.631999969,1.631999969
2004-09-16,1.631999969,1.631999969
2004-09-17,1.667999983,1.667999983
2004-09-20,1.662999988,1.662999988
2004-09-21,1.682999969,1.682999969
2004-09-22,1.674000025,1.674000025
2004-09-23,1.68599999,1.68599999
2004-09-24,1.690999985,1.690999985
2004-09-27,1.682000041,1.682000041
2004-09-28,1.687000036,1.687000036
2004-09-29,1.679999948,1.679999948
2004-09-30,1.674000025,1.674000025
2004-10-01,1.656999946,1.656999946
2004-10-04,1.651000023,1.651000023
2004-10-05,1.671000004,1.671000004
2004-10-06,1.672999978,1.672999978
2004-10-07,1.661999941,1.661999941
2004-10-08,1.656999946,1.656999946
2004-10-11,1.656999946,1.656999946
2004-10-12,1.652999997,1.652999997
2004-10-13,1.687000036,1.687000036
2004-10-14,1.697000027,1.697000027
2004-10-15,1.712000012,1.712000012
2004-10-18,1.736999989,1.736999989
2004-10-19,1.781999946,1.781999946
2004-10-20,1.786999941,1.786999941
2004-10-21,1.797000051,1.797000051
2004-10-22,1.807000041,1.807000041
2004-10-25,1.832000017,1.832000017
2004-10-26,1.873999953,1.873999953
2004-10-27,1.876999974,1.876999974
2004-10-28,1.866999984,1.866999984
2004-10-29,1.866999984,1.866999984
2004-11-01,1.881999969,1.881999969
2004-11-02,1.942999959,1.942999959
2004-11-03,1.917999983,1.917999983
2004-11-04,1.937000036,1.937000036
2004-11-05,1.981999993,1.981999993
2004-11-08,2.002000093,2.002000093
2004-11-09,2.036999941,2.036999941
2004-11-10,2.029000044,2.029000044
2004-11-11,2.029000044,2.029000044
2004-11-12,2.036000013,2.036000013
2004-11-15,2.056999922,2.056999922
2004-11-16,2.09100008,2.09100008
2004-11-17,2.079999924,2.079999924
2004-11-18,2.086999893,2.086999893
2004-11-19,2.095999956,2.095999956
2004-11-22,2.121999979,2.121999979
2004-11-23,2.134000063,2.134000063
2004-11-24,2.131999969,2.131999969
2004-11-26,2.15199995,2.15199995
2004-11-29,2.157000065,2.157000065
2004-11-30,2.181999922,2.181999922
2004-12-01,2.171999931,2.171999931
2004-12-02,2.171999931,2.171999931
2004-12-03,2.167000055,2.167000055
2004-12-06,2.184000015,2.184000015
2004-12-07,2.201999903,2.201999903
2004-12-08,2.197000027,2.197000027
2004-12-09,2.197000027,2.197000027
2004-12-10,2.200999975,2.200999975
2004-12-13,2.178999901,2.178999901
2004-12-14,2.177000046,2.177000046
2004-12-15,2.167000055,2.167000055
2004-12-16,2.154999971,2.154999971
2004-12-17,2.15199995,2.15199995
2004-12-20,2.157999992,2.157999992
2004-12-21,2.171999931,2.171999931
2004-12-22,2.147000074,2.147000074
2004-12-23,2.147000074,2.147000074
2004-12-27,2.181999922,2.181999922
2004-12-28,2.210999966,2.210999966
2004-12-29,2.181999922,2.181999922
2004-12-30,2.170000076,2.170000076
2004-12-31,2.181999922,2.181999922
2005-01-03,2.203999996,2.203999996
2005-01-04,2.292000055,2.292000055
2005-01-05,2.282000065,2.282000065
2005-01-06,2.26699996,2.26699996
2005-01-07,2.27699995,2.27699995
2005-01-10,2.273000002,2.273000002
2005-01-11,2.302000046,2.302000046
2005-01-12,2.292000055,2.292000055
2005-01-13,2.302000046,2.302000046
2005-01-14,2.319999933,2.319999933
2005-01-18,2.302000046,2.302000046
2005-01-19,2.326999903,2.326999903
2005-01-20,2.306999922,2.306999922
2005-01-21,2.302000046,2.302000046
2005-01-24,2.301000118,2.301000118
2005-01-25,2.361000061,2.361000061
2005-01-26,2.36500001,2.36500001
2005-01-27,2.387000084,2.387000084
2005-01-28,2.407000065,2.407000065
2005-01-31,2.421999931,2.421999931
2005-02-01,2.461999893,2.461999893
2005-02-02,2.457999945,2.457999945
2005-02-03,2.431999922,2.431999922
2005-02-04,2.421999931,2.421999931
2005-02-07,2.437000036,2.437000036
2005-02-08,2.464999914,2.464999914
2005-02-09,2.467000008,2.467000008
2005-02-10,2.467000008,2.467000008
2005-02-11,2.493999958,2.493999958
2005-02-14,2.482000113,2.482000113
2005-02-15,2.532000065,2.532000065
2005-02-16,2.52699995,2.52699995
2005-02-17,2.52699995,2.52699995
2005-02-18,2.552000046,2.552000046
2005-02-22,2.572999954,2.572999954
2005-02-23,2.625,2.625
2005-02-24,2.637000084,2.637000084
2005-02-25,2.674999952,2.674999952
2005-02-28,2.690000057,2.690000057
2005-03-01,2.691999912,2.691999912
2005-03-02,2.677000046,2.677000046
2005-03-03,2.691999912,2.691999912
2005-03-04,2.691999912,2.691999912
2005-03-07,2.677000046,2.677000046
2005-03-08,2.691999912,2.691999912
2005-03-09,2.691999912,2.691999912
2005-03-10,2.687000036,2.687000036
2005-03-11,2.691999912,2.691999912
2005-03-14,2.711999893,2.711999893
2005-03-15,2.736999989,2.736999989
2005-03-16,2.732000113,2.732000113
2005-03-17,2.726999998,2.726999998
2005-03-18,2.742000103,2.742000103
2005-03-21,2.756999969,2.756999969
2005-03-22,2.802000046,2.802000046
2005-03-23,2.760999918,2.760999918
2005-03-24,2.769999981,2.769999981
2005-03-28,2.772000074,2.772000074
2005-03-29,2.772000074,2.772000074
2005-03-30,2.762000084,2.762000084
2005-03-31,2.721999884,2.721999884
2005-04-01,2.726999998,2.726999998
2005-04-04,2.687999964,2.687999964
2005-04-05,2.727999926,2.727999926
2005-04-06,2.701999903,2.701999903
2005-04-07,2.700000048,2.700000048
2005-04-08,2.711999893,2.711999893
2005-04-11,2.697000027,2.697000027
2005-04-12,2.707000017,2.707000017
2005-04-13,2.717000008,2.717000008
2005-04-14,2.711999893,2.711999893
2005-04-15,2.723999977,2.723999977
2005-04-18,2.812000036,2.812000036
2005-04-19,2.846999884,2.846999884
2005-04-20,2.806999922,2.806999922
2005-04-21,2.816999912,2.816999912
2005-04-22,2.85800004,2.85800004
2005-04-25,2.832000017,2.832000017
2005-04-26,2.851999998,2.851999998
2005-04-27,2.819999933,2.819999933
2005-04-28,2.811000109,2.811000109
2005-04-29,2.836999893,2.836999893
2005-05-02,2.822000027,2.822000027
2005-05-03,2.849999905,2.849999905
2005-05-04,2.795000076,2.795000076
2005-05-05,2.746999979,2.746999979
2005-05-06,2.802000046,2.802000046
2005-05-09,2.796999931,2.796999931
2005-05-10,2.822000027,2.822000027
2005-05-11,2.802000046,2.802000046
2005-05-12,2.816999912,2.816999912
2005-05-13,2.756999969,2.756999969
2005-05-16,2.746999979,2.746999979
2005-05-17,2.812000036,2.812000036
2005-05-18,2.786999941,2.786999941
2005-05-19,2.802000046,2.802000046
2005-05-20,2.825000048,2.825000048
2005-05-23,2.845000029,2.845000029
2005-05-24,2.881999969,2.881999969
2005-05-25,2.869999886,2.869999886
2005-05-26,2.867000103,2.867000103
2005-05-27,2.887000084,2.887000084
2005-05-31,2.881999969,2.881999969
2005-06-01,2.907000065,2.907000065
2005-06-02,2.907999992,2.907999992
2005-06-03,2.930000067,2.930000067
2005-06-06,2.931999922,2.931999922
2005-06-07,2.947000027,2.947000027
2005-06-08,2.947000027,2.947000027
2005-06-09,2.927000046,2.927000046
2005-06-10,2.937000036,2.937000036
2005-06-13,2.937000036,2.937000036
2005-06-14,2.961999893,2.961999893
2005-06-15,2.954999924,2.954999924
2005-06-16,2.90199995,2.90199995
2005-06-17,2.913000107,2.913000107
2005-06-20,2.920000076,2.920000076
2005-06-21,2.950000048,2.950000048
2005-06-22,2.961999893,2.961999893
2005-06-23,3,3
2005-06-24,3,3
2005-06-27,3.035000086,3.035000086
2005-06-28,3.075000048,3.075000048
2005-06-29,3.062999964,3.062999964
2005-06-30,3.059999943,3.059999943
2005-07-01,3.089999914,3.089999914
2005-07-05,3.137000084,3.137000084
2005-07-06,3.119999886,3.119999886
2005-07-07,3.079999924,3.079999924
2005-07-08,3.095000029,3.095000029
2005-07-11,3.095000029,3.095000029
2005-07-12,3.13499999,3.13499999
2005-07-13,3.144999981,3.144999981
2005-07-14,3.15199995,3.15199995
2005-07-15,3.177999973,3.177999973
2005-07-18,3.180000067,3.180000067
2005-07-19,3.221999884,3.221999884
2005-07-20,3.227999926,3.227999926
2005-07-21,3.267999887,3.267999887
2005-07-22,3.292999983,3.292999983
2005-07-25,3.315000057,3.315000057
2005-07-26,3.358999968,3.358999968
2005-07-27,3.325000048,3.325000048
2005-07-28,3.315000057,3.315000057
2005-07-29,3.332000017,3.332000017
2005-08-01,3.355000019,3.355000019
2005-08-02,3.40199995,3.40199995
2005-08-03,3.38499999,3.38499999
2005-08-04,3.380000114,3.380000114
2005-08-05,3.437000036,3.437000036
2005-08-08,3.427999973,3.427999973
2005-08-09,3.434999943,3.434999943
2005-08-10,3.434000015,3.434000015
2005-08-11,3.421999931,3.421999931
2005-08-12,3.433000088,3.433000088
2005-08-15,3.427000046,3.427000046
2005-08-16,3.451999903,3.451999903
2005-08-17,3.434999943,3.434999943
2005-08-18,3.410000086,3.410000086
2005-08-19,3.427999973,3.427999973
2005-08-22,3.421999931,3.421999931
2005-08-23,3.440000057,3.440000057
2005-08-24,3.430000067,3.430000067
2005-08-25,3.434999943,3.434999943
2005-08-26,3.467000008,3.467000008
2005-08-29,3.484999895,3.484999895
2005-08-30,3.476999998,3.476999998
2005-08-31,3.430000067,3.430000067
2005-09-01,3.36500001,3.36500001
2005-09-02,3.377000093,3.377000093
2005-09-06,3.410000086,3.410000086
2005-09-07,3.404999971,3.404999971
2005-09-08,3.398000002,3.398000002
2005-09-09,3.397000074,3.397000074
2005-09-12,3.414999962,3.414999962
2005-09-13,3.404000044,3.404000044
2005-09-14,3.345000029,3.345000029
2005-09-15,3.355000019,3.355000019
2005-09-16,3.40899992,3.40899992
2005-09-19,3.440000057,3.440000057
2005-09-20,3.525000095,3.525000095
2005-09-21,3.342000008,3.342000008
2005-09-22,3.380000114,3.380000114
2005-09-23,3.390000105,3.390000105
2005-09-26,3.424999952,3.424999952
2005-09-27,3.404999971,3.404999971
2005-09-28,3.387000084,3.387000084
2005-09-29,3.457999945,3.457999945
2005-09-30,3.470000029,3.470000029
2005-10-03,3.484999895,3.484999895
2005-10-04,3.535000086,3.535000086
2005-10-05,3.49000001,3.49000001
2005-10-06,3.512000084,3.512000084
2005-10-07,3.532999992,3.532999992
2005-10-11,3.559999943,3.559999943
2005-10-12,3.61500001,3.61500001
2005-10-13,3.661999941,3.661999941
2005-10-14,3.701999903,3.701999903
2005-10-17,3.697000027,3.697000027
2005-10-18,3.769999981,3.769999981
2005-10-19,3.756999969,3.756999969
2005-10-20,3.75999999,3.75999999
2005-10-21,3.765000105,3.765000105
2005-10-24,3.765000105,3.765000105
2005-10-25,3.836999893,3.836999893
2005-10-26,3.805000067,3.805000067
2005-10-27,3.792000055,3.792000055
2005-10-28,3.825000048,3.825000048
2005-10-31,3.805000067,3.805000067
2005-11-01,3.861999989,3.861999989
2005-11-02,3.836999893,3.836999893
2005-11-03,3.846999884,3.846999884
2005-11-04,3.86500001,3.86500001
2005-11-07,3.826999903,3.826999903
2005-11-08,3.861999989,3.861999989
2005-11-09,3.877000093,3.877000093
2005-11-10,3.871999979,3.871999979
2005-11-14,3.881999969,3.881999969
2005-11-15,3.914999962,3.914999962
2005-11-16,3.911999941,3.911999941
2005-11-17,3.911999941,3.911999941
2005-11-18,3.911999941,3.911999941
2005-11-21,3.894999981,3.894999981
2005-11-22,3.832000017,3.832000017
2005-11-23,3.851999998,3.851999998
2005-11-25,3.851999998,3.851999998
2005-11-28,3.829999924,3.829999924
2005-11-29,3.887000084,3.887000084
2005-11-30,3.857000113,3.857000113
2005-12-01,3.877000093,3.877000093
2005-12-02,3.89199996,3.89199996
2005-12-05,3.910000086,3.910000086
2005-12-06,3.931999922,3.931999922
2005-12-07,3.930000067,3.930000067
2005-12-08,3.845000029,3.845000029
2005-12-09,3.842000008,3.842000008
2005-12-12,3.825000048,3.825000048
2005-12-13,3.826999903,3.826999903
2005-12-14,3.802000046,3.802000046
2005-12-15,3.839999914,3.839999914
2005-12-16,3.832000017,3.832000017
2005-12-19,3.859999895,3.859999895
2005-12-20,3.887000084,3.887000084
2005-12-21,3.89199996,3.89199996
2005-12-22,3.90199995,3.90199995
2005-12-23,3.894999981,3.894999981
2005-12-27,3.877000093,3.877000093
2005-12-28,3.861999989,3.861999989
2005-12-29,3.911999941,3.911999941
2005-12-30,3.984999895,3.984999895
2006-01-03,4.019999981,4.019999981
2006-01-04,4.081999779,4.081999779
2006-01-05,4.090000153,4.090000153
2006-01-06,4.106999874,4.106999874
2006-01-09,4.117000103,4.117000103
2006-01-10,4.177000046,4.177000046
2006-01-11,4.191999912,4.191999912
2006-01-12,4.204999924,4.204999924
2006-01-13,4.21999979,4.21999979
2006-01-17,4.231999874,4.231999874
2006-01-18,4.247000217,4.247000217
2006-01-19,4.242000103,4.242000103
2006-01-20,4.251999855,4.251999855
2006-01-23,4.247000217,4.247000217
2006-01-24,4.295000076,4.295000076
2006-01-25,4.30700016,4.30700016
2006-01-26,4.331999779,4.331999779
2006-01-27,4.336999893,4.336999893
2006-01-30,4.342000008,4.342000008
2006-01-31,4.369999886,4.369999886
2006-02-01,4.361999989,4.361999989
2006-02-02,4.361999989,4.361999989
2006-02-03,4.361999989,4.361999989
2006-02-06,4.347000122,4.347000122
2006-02-07,4.381999969,4.381999969
2006-02-08,4.392000198,4.392000198
2006-02-09,4.396999836,4.396999836
2006-02-10,4.425000191,4.425000191
2006-02-13,4.421999931,4.421999931
2006-02-14,4.447000027,4.447000027
2006-02-15,4.43200016,4.43200016
2006-02-16,4.429999828,4.429999828
2006-02-17,4.427000046,4.427000046
2006-02-21,4.445000172,4.445000172
2006-02-22,4.452000141,4.452000141
2006-02-23,4.477000237,4.477000237
2006-02-24,4.481999874,4.481999874
2006-02-27,4.489999771,4.489999771
2006-02-28,4.506999969,4.506999969
2006-03-01,4.486999989,4.486999989
2006-03-02,4.486999989,4.486999989
2006-03-03,4.492000103,4.492000103
2006-03-06,4.465000153,4.465000153
2006-03-07,4.481999874,4.481999874
2006-03-08,4.485000134,4.485000134
2006-03-09,4.474999905,4.474999905
2006-03-10,4.489999771,4.489999771
2006-03-13,4.492000103,4.492000103
2006-03-14,4.477000237,4.477000237
2006-03-15,4.5,4.5
2006-03-16,4.492000103,4.492000103
2006-03-17,4.517000198,4.517000198
2006-03-20,4.53000021,4.53000021
2006-03-21,4.566999912,4.566999912
2006-03-22,4.566999912,4.566999912
2006-03-23,4.546999931,4.546999931
2006-03-24,4.534999847,4.534999847
2006-03-27,4.517000198,4.517000198
2006-03-28,4.52699995,4.52699995
2006-03-29,4.501999855,4.501999855
2006-03-30,4.485000134,4.485000134
2006-03-31,4.514999866,4.514999866
2006-04-03,4.52699995,4.52699995
2006-04-04,4.552000046,4.552000046
2006-04-05,4.546999931,4.546999931
2006-04-06,4.552000046,4.552000046
2006-04-07,4.561999798,4.561999798
2006-04-10,4.566999912,4.566999912
2006-04-11,4.572000027,4.572000027
2006-04-12,4.581999779,4.581999779
2006-04-13,4.577000141,4.577000141
2006-04-17,4.577000141,4.577000141
2006-04-18,4.597000122,4.597000122
2006-04-19,4.602000237,4.602000237
2006-04-20,4.602000237,4.602000237
2006-04-21,4.625,4.625
2006-04-24,4.622000217,4.622000217
2006-04-25,4.65500021,4.65500021
2006-04-26,4.657000065,4.657000065
2006-04-27,4.657000065,4.657000065
2006-04-28,4.650000095,4.650000095
2006-05-01,4.646999836,4.646999836
2006-05-02,4.68200016,4.68200016
2006-05-03,4.697000027,4.697000027
2006-05-04,4.671999931,4.671999931
2006-05-05,4.695000172,4.695000172
2006-05-08,4.699999809,4.699999809
2006-05-09,4.755000114,4.755000114
2006-05-10,4.751999855,4.751999855
2006-05-11,4.695000172,4.695000172
2006-05-12,4.706999779,4.706999779
2006-05-15,4.697000027,4.697000027
2006-05-16,4.706999779,4.706999779
2006-05-17,4.706999779,4.706999779
2006-05-18,4.706999779,4.706999779
2006-05-19,4.697000027,4.697000027
2006-05-22,4.68200016,4.68200016
2006-05-23,4.711999893,4.711999893
2006-05-24,4.702000141,4.702000141
2006-05-25,4.697000027,4.697000027
2006-05-26,4.711999893,4.711999893
2006-05-30,4.697000027,4.697000027
2006-05-31,4.715000153,4.715000153
2006-06-01,4.706999779,4.706999779
2006-06-02,4.68200016,4.68200016
2006-06-05,4.702000141,4.702000141
2006-06-06,4.736999989,4.736999989
2006-06-07,4.731999874,4.731999874
2006-06-08,4.735000134,4.735000134
2006-06-09,4.747000217,4.747000217
2006-06-12,4.782000065,4.782000065
2006-06-13,4.771999836,4.771999836
2006-06-14,4.760000229,4.760000229
2006-06-15,4.71999979,4.71999979
2006-06-16,4.744999886,4.744999886
2006-06-19,4.755000114,4.755000114
2006-06-20,4.800000191,4.800000191
2006-06-21,4.784999847,4.784999847
2006-06-22,4.775000095,4.775000095
2006-06-23,4.835000038,4.835000038
2006-06-26,4.849999905,4.849999905
2006-06-27,4.909999847,4.909999847
2006-06-28,4.869999886,4.869999886
2006-06-29,4.864999771,4.864999771
2006-06-30,4.860000134,4.860000134
2006-07-03,4.885000229,4.885000229
2006-07-05,4.869999886,4.869999886
2006-07-06,4.869999886,4.869999886
2006-07-07,4.875,4.875
2006-07-10,4.875,4.875
2006-07-11,4.914999962,4.914999962
2006-07-12,4.925000191,4.925000191
2006-07-13,4.914999962,4.914999962
2006-07-14,4.914999962,4.914999962
2006-07-17,4.940000057,4.940000057
2006-07-18,5,5
2006-07-19,4.96999979,4.96999979
2006-07-20,4.945000172,4.945000172
2006-07-21,4.945000172,4.945000172
2006-07-24,4.945000172,4.945000172
2006-07-25,5,5
2006-07-26,4.96999979,4.96999979
2006-07-27,4.954999924,4.954999924
2006-07-28,4.920000076,4.920000076
2006-07-31,4.934999943,4.934999943
2006-08-01,4.985000134,4.985000134
2006-08-02,4.965000153,4.965000153
2006-08-03,4.96999979,4.96999979
2006-08-04,4.945000172,4.945000172
2006-08-07,4.96999979,4.96999979
2006-08-08,4.974999905,4.974999905
2006-08-09,4.934999943,4.934999943
2006-08-10,4.914999962,4.914999962
2006-08-11,4.934999943,4.934999943
2006-08-14,4.954999924,4.954999924
2006-08-15,4.960000038,4.960000038
2006-08-16,4.929999828,4.929999828
2006-08-17,4.954999924,4.954999924
2006-08-18,4.960000038,4.960000038
2006-08-21,4.954999924,4.954999924
2006-08-22,4.965000153,4.965000153
2006-08-23,4.960000038,4.960000038
2006-08-24,4.954999924,4.954999924
2006-08-25,4.965000153,4.965000153
2006-08-28,4.960000038,4.960000038
2006-08-29,4.934999943,4.934999943
2006-08-30,4.920000076,4.920000076
2006-08-31,4.90500021,4.90500021
2006-09-01,4.885000229,4.885000229
2006-09-05,4.849999905,4.849999905
2006-09-06,4.829999924,4.829999924
2006-09-07,4.829999924,4.829999924
2006-09-08,4.800000191,4.800000191
2006-09-11,4.809999943,4.809999943
2006-09-12,4.78000021,4.78000021
2006-09-13,4.78000021,4.78000021
2006-09-14,4.809999943,4.809999943
2006-09-15,4.815000057,4.815000057
2006-09-18,4.804999828,4.804999828
2006-09-19,4.820000172,4.820000172
2006-09-20,4.809999943,4.809999943
2006-09-21,4.784999847,4.784999847
2006-09-22,4.789999962,4.789999962
2006-09-25,4.769999981,4.769999981
2006-09-26,4.755000114,4.755000114
2006-09-27,4.75,4.75
2006-09-28,4.739999771,4.739999771
2006-09-29,4.760000229,4.760000229
2006-10-02,4.760000229,4.760000229
2006-10-03,4.775000095,4.775000095
2006-10-04,4.795000076,4.795000076
2006-10-05,4.800000191,4.800000191
2006-10-06,4.809999943,4.809999943
2006-10-10,4.855000019,4.855000019
2006-10-11,4.885000229,4.885000229
2006-10-12,4.920000076,4.920000076
2006-10-13,4.920000076,4.920000076
2006-10-16,4.929999828,4.929999828
2006-10-17,4.949999809,4.949999809
2006-10-18,4.949999809,4.949999809
2006-10-19,4.960000038,4.960000038
2006-10-20,4.949999809,4.949999809
2006-10-23,4.96999979,4.96999979
2006-10-24,4.989999771,4.989999771
2006-10-25,4.985000134,4.985000134
2006-10-26,4.974999905,4.974999905
2006-10-27,4.965000153,4.965000153
2006-10-30,4.945000172,4.945000172
2006-10-31,4.940000057,4.940000057
2006-11-01,4.934999943,4.934999943
2006-11-02,4.934999943,4.934999943
2006-11-03,4.954999924,4.954999924
2006-11-06,4.940000057,4.940000057
2006-11-07,4.945000172,4.945000172
2006-11-08,4.960000038,4.960000038
2006-11-09,4.960000038,4.960000038
2006-11-10,4.954999924,4.954999924
2006-11-13,4.945000172,4.945000172
2006-11-14,4.954999924,4.954999924
2006-11-15,4.949999809,4.949999809
2006-11-16,4.954999924,4.954999924
2006-11-17,4.945000172,4.945000172
2006-11-20,4.925000191,4.925000191
2006-11-21,4.929999828,4.929999828
2006-11-22,4.920000076,4.920000076
2006-11-24,4.90500021,4.90500021
2006-11-27,4.90500021,4.90500021
2006-11-28,4.90500021,4.90500021
2006-11-29,4.90500021,4.90500021
2006-11-30,4.889999866,4.889999866
2006-12-01,4.889999866,4.889999866
2006-12-04,4.869999886,4.869999886
2006-12-05,4.849999905,4.849999905
2006-12-06,4.855000019,4.855000019
2006-12-07,4.840000153,4.840000153
2006-12-08,4.829999924,4.829999924
2006-12-11,4.815000057,4.815000057
2006-12-12,4.804999828,4.804999828
2006-12-13,4.815000057,4.815000057
2006-12-14,4.815000057,4.815000057
2006-12-15,4.775000095,4.775000095
2006-12-18,4.804999828,4.804999828
2006-12-19,4.829999924,4.829999924
2006-12-20,4.835000038,4.835000038
2006-12-21,4.835000038,4.835000038
2006-12-22,4.849999905,4.849999905
2006-12-26,4.849999905,4.849999905
2006-12-27,4.84499979,4.84499979
2006-12-28,4.864999771,4.864999771
2006-12-29,4.885000229,4.885000229
2007-01-03,4.914999962,4.914999962
2007-01-04,4.900000095,4.900000095
2007-01-05,4.909999847,4.909999847
2007-01-08,4.909999847,4.909999847
2007-01-09,4.945000172,4.945000172
2007-01-10,4.949999809,4.949999809
2007-01-11,4.965000153,4.965000153
2007-01-12,4.954999924,4.954999924
2007-01-16,4.954999924,4.954999924
2007-01-17,4.980000019,4.980000019
2007-01-18,4.980000019,4.980000019
2007-01-19,5,5
2007-01-22,4.989999771,4.989999771
2007-01-23,5.005000114,5.005000114
2007-01-24,4.989999771,4.989999771
2007-01-25,5,5
2007-01-26,4.994999886,4.994999886
2007-01-29,4.994999886,4.994999886
2007-01-30,4.994999886,4.994999886
2007-01-31,4.974999905,4.974999905
2007-02-01,4.989999771,4.989999771
2007-02-02,5,5
2007-02-05,4.994999886,4.994999886
2007-02-06,5.010000229,5.010000229
2007-02-07,5.010000229,5.010000229
2007-02-08,5.014999866,5.014999866
2007-02-09,5.014999866,5.014999866
2007-02-12,5.019999981,5.019999981
2007-02-13,5.025000095,5.025000095
2007-02-14,5.010000229,5.010000229
2007-02-15,5.019999981,5.019999981
2007-02-16,5.03000021,5.03000021
2007-02-20,5.034999847,5.034999847
2007-02-21,5.034999847,5.034999847
2007-02-22,5.045000076,5.045000076
2007-02-23,5.039999962,5.039999962
2007-02-26,5.045000076,5.045000076
2007-02-27,4.989999771,4.989999771
2007-02-28,4.994999886,4.994999886
2007-03-01,4.989999771,4.989999771
2007-03-02,4.96999979,4.96999979
2007-03-05,4.960000038,4.960000038
2007-03-06,4.974999905,4.974999905
2007-03-07,4.954999924,4.954999924
2007-03-08,4.945000172,4.945000172
2007-03-09,4.949999809,4.949999809
2007-03-12,4.949999809,4.949999809
2007-03-13,4.934999943,4.934999943
2007-03-14,4.914999962,4.914999962
2007-03-15,4.894999981,4.894999981
2007-03-16,4.885000229,4.885000229
2007-03-19,4.894999981,4.894999981
2007-03-20,4.909999847,4.909999847
2007-03-21,4.909999847,4.909999847
2007-03-22,4.920000076,4.920000076
2007-03-23,4.925000191,4.925000191
2007-03-26,4.929999828,4.929999828
2007-03-27,4.920000076,4.920000076
2007-03-28,4.909999847,4.909999847
2007-03-29,4.90500021,4.90500021
2007-03-30,4.894999981,4.894999981
2007-04-02,4.90500021,4.90500021
2007-04-03,4.90500021,4.90500021
2007-04-04,4.90500021,4.90500021
2007-04-05,4.894999981,4.894999981
2007-04-09,4.885000229,4.885000229
2007-04-10,4.880000114,4.880000114
2007-04-11,4.885000229,4.885000229
2007-04-12,4.885000229,4.885000229
2007-04-13,4.869999886,4.869999886
2007-04-16,4.864999771,4.864999771
2007-04-17,4.860000134,4.860000134
2007-04-18,4.849999905,4.849999905
2007-04-19,4.84499979,4.84499979
2007-04-20,4.835000038,4.835000038
2007-04-23,4.840000153,4.840000153
2007-04-24,4.835000038,4.835000038
2007-04-25,4.820000172,4.820000172
2007-04-26,4.800000191,4.800000191
2007-04-27,4.795000076,4.795000076
2007-04-30,4.724999905,4.724999905
2007-05-01,4.755000114,4.755000114
2007-05-02,4.755000114,4.755000114
2007-05-03,4.75,4.75
2007-05-04,4.75,4.75
2007-05-07,4.730000019,4.730000019
2007-05-08,4.755000114,4.755000114
2007-05-09,4.730000019,4.730000019
2007-05-10,4.71999979,4.71999979
2007-05-11,4.715000153,4.715000153
2007-05-14,4.699999809,4.699999809
2007-05-15,4.690000057,4.690000057
2007-05-16,4.610000134,4.610000134
2007-05-17,4.659999847,4.659999847
2007-05-18,4.684999943,4.684999943
2007-05-21,4.710000038,4.710000038
2007-05-22,4.775000095,4.775000095
2007-05-23,4.764999866,4.764999866
2007-05-24,4.764999866,4.764999866
2007-05-25,4.739999771,4.739999771
2007-05-29,4.684999943,4.684999943
2007-05-30,4.704999924,4.704999924
2007-05-31,4.590000153,4.590000153
2007-06-01,4.65500021,4.65500021
2007-06-04,4.625,4.625
2007-06-05,4.690000057,4.690000057
2007-06-06,4.65500021,4.65500021
2007-06-07,4.659999847,4.659999847
2007-06-08,4.630000114,4.630000114
2007-06-11,4.590000153,4.590000153
2007-06-12,4.590000153,4.590000153
2007-06-13,4.514999866,4.514999866
2007-06-14,4.510000229,4.510000229
2007-06-15,4.429999828,4.429999828
2007-06-18,4.409999847,4.409999847
2007-06-19,4.514999866,4.514999866
2007-06-20,4.599999905,4.599999905
2007-06-21,4.559999943,4.559999943
2007-06-22,4.585000038,4.585000038
2007-06-25,4.639999866,4.639999866
2007-06-26,4.675000191,4.675000191
2007-06-27,4.635000229,4.635000229
2007-06-28,4.639999866,4.639999866
2007-06-29,4.670000076,4.670000076
2007-07-02,4.730000019,4.730000019
2007-07-03,4.815000057,4.815000057
2007-07-05,4.809999943,4.809999943
2007-07-06,4.789999962,4.789999962
2007-07-09,4.784999847,4.784999847
2007-07-10,4.804999828,4.804999828
2007-07-11,4.804999828,4.804999828
2007-07-12,4.815000057,4.815000057
2007-07-13,4.820000172,4.820000172
2007-07-16,4.789999962,4.789999962
2007-07-17,4.809999943,4.809999943
2007-07-18,4.815000057,4.815000057
2007-07-19,4.829999924,4.829999924
2007-07-20,4.824999809,4.824999809
2007-07-23,4.855000019,4.855000019
2007-07-24,4.875,4.875
2007-07-25,4.835000038,4.835000038
2007-07-26,4.769999981,4.769999981
2007-07-27,4.704999924,4.704999924
2007-07-30,4.71999979,4.71999979
2007-07-31,4.809999943,4.809999943
2007-08-01,4.739999771,4.739999771
2007-08-02,4.744999886,4.744999886
2007-08-03,4.699999809,4.699999809
2007-08-06,4.715000153,4.715000153
2007-08-07,4.784999847,4.784999847
2007-08-08,4.804999828,4.804999828
2007-08-09,4.71999979,4.71999979
2007-08-10,4.414999962,4.414999962
2007-08-13,4.53000021,4.53000021
2007-08-14,4.5,4.5
2007-08-15,4.130000114,4.130000114
2007-08-16,3.700000048,3.700000048
2007-08-17,3.619999886,3.619999886
2007-08-20,2.950000048,2.950000048
2007-08-21,3.420000076,3.420000076
2007-08-22,3.565000057,3.565000057
2007-08-23,3.710000038,3.710000038
2007-08-24,4.079999924,4.079999924
2007-08-27,4.380000114,4.380000114
2007-08-28,4.269999981,4.269999981
2007-08-29,3.849999905,3.849999905
2007-08-30,3.730000019,3.730000019
2007-08-31,3.99000001,3.99000001
2007-09-04,4.28000021,4.28000021
2007-09-05,4.21999979,4.21999979
2007-09-06,4.159999847,4.159999847
2007-09-07,3.940000057,3.940000057
2007-09-10,3.869999886,3.869999886
2007-09-11,3.99000001,3.99000001
2007-09-12,3.900000095,3.900000095
2007-09-13,3.950000048,3.950000048
2007-09-14,3.880000114,3.880000114
2007-09-17,3.99000001,3.99000001
2007-09-18,3.859999895,3.859999895
2007-09-19,3.809999943,3.809999943
2007-09-20,3.670000076,3.670000076
2007-09-21,3.619999886,3.619999886
2007-09-24,3.670000076,3.670000076
2007-09-25,3.690000057,3.690000057
2007-09-26,3.625,3.625
2007-09-27,3.599999905,3.599999905
2007-09-28,3.700000048,3.700000048
2007-10-01,3.795000076,3.795000076
2007-10-02,3.849999905,3.849999905
2007-10-03,3.839999914,3.839999914
2007-10-04,3.835000038,3.835000038
2007-10-05,3.869999886,3.869999886
2007-10-08,3.86500001,3.86500001
2007-10-09,3.910000086,3.910000086
2007-10-10,3.934999943,3.934999943
2007-10-11,4.005000114,4.005000114
2007-10-12,4.079999924,4.079999924
2007-10-15,4.159999847,4.159999847
2007-10-16,4.125,4.125
2007-10-17,3.890000105,3.890000105
2007-10-18,3.640000105,3.640000105
2007-10-19,3.74000001,3.74000001
2007-10-22,3.859999895,3.859999895
2007-10-23,3.859999895,3.859999895
2007-10-24,3.710000038,3.710000038
2007-10-25,3.819999933,3.819999933
2007-10-26,3.839999914,3.839999914
2007-10-29,3.859999895,3.859999895
2007-10-30,3.849999905,3.849999905
2007-10-31,3.819999933,3.819999933
2007-11-01,3.704999924,3.704999924
2007-11-02,3.5,3.5
2007-11-05,3.579999924,3.579999924
2007-11-06,3.630000114,3.630000114
2007-11-07,3.359999895,3.359999895
2007-11-08,3.279999971,3.279999971
2007-11-09,3.170000076,3.170000076
2007-11-12,3.180000067,3.180000067
2007-11-13,3.359999895,3.359999895
2007-11-14,3.315000057,3.315000057
2007-11-15,3.190000057,3.190000057
2007-11-16,3.289999962,3.289999962
2007-11-19,3.275000095,3.275000095
2007-11-20,3.160000086,3.160000086
2007-11-21,3.039999962,3.039999962
2007-11-23,3.140000105,3.140000105
2007-11-26,3.055000067,3.055000067
2007-11-27,3.075000048,3.075000048
2007-11-28,2.960000038,2.960000038
2007-11-29,2.88499999,2.88499999
2007-11-30,3.069999933,3.069999933
2007-12-03,2.960000038,2.960000038
2007-12-04,2.980000019,2.980000019
2007-12-05,2.980000019,2.980000019
2007-12-06,2.960000038,2.960000038
2007-12-07,3.019999981,3.019999981
2007-12-10,2.970000029,2.970000029
2007-12-11,2.869999886,2.869999886
2007-12-12,2.809999943,2.809999943
2007-12-13,2.779999971,2.779999971
2007-12-14,2.795000076,2.795000076
2007-12-17,2.930000067,2.930000067
2007-12-18,2.970000029,2.970000029
2007-12-19,2.835000038,2.835000038
2007-12-20,2.805000067,2.805000067
2007-12-21,2.900000095,2.900000095
2007-12-24,3.200000048,3.200000048
2007-12-26,3.224999905,3.224999905
2007-12-27,3.075000048,3.075000048
2007-12-28,3.079999924,3.079999924
2007-12-31,3.140000105,3.140000105
2008-01-02,3.170000076,3.170000076
2008-01-03,3.150000095,3.150000095
2008-01-04,3.11500001,3.11500001
2008-01-07,3.164999962,3.164999962
2008-01-08,3.160000086,3.160000086
2008-01-09,3.109999895,3.109999895
2008-01-10,3.130000114,3.130000114
2008-01-11,3.00999999,3.00999999
2008-01-14,3.085000038,3.085000038
2008-01-15,3.085000038,3.085000038
2008-01-16,3.039999962,3.039999962
2008-01-17,2.980000019,2.980000019
2008-01-18,2.789999962,2.789999962
2008-01-22,2.230000019,2.230000019
2008-01-23,2.109999895,2.109999895
2008-01-24,2.299999952,2.299999952
2008-01-25,2.220000029,2.220000029
2008-01-28,2.214999914,2.214999914
2008-01-29,2.204999924,2.204999924
2008-01-30,2.140000105,2.140000105
2008-01-31,1.870000005,1.870000005
2008-02-01,2.049999952,2.049999952
2008-02-04,2.170000076,2.170000076
2008-02-05,2.144999981,2.144999981
2008-02-06,2.039999962,2.039999962
2008-02-07,2.099999905,2.099999905
2008-02-08,2.160000086,2.160000086
2008-02-11,2.190000057,2.190000057
2008-02-12,2.25,2.25
2008-02-13,2.210000038,2.210000038
2008-02-14,2.220000029,2.220000029
2008-02-15,2.130000114,2.130000114
2008-02-19,2.170000076,2.170000076
2008-02-20,2.174999952,2.174999952
2008-02-21,2.140000105,2.140000105
2008-02-22,2.140000105,2.140000105
2008-02-25,2.109999895,2.109999895
2008-02-26,2.075000048,2.075000048
2008-02-27,1.929999948,1.929999948
2008-02-28,1.855000019,1.855000019
2008-02-29,1.784999967,1.784999967
2008-03-03,1.63499999,1.63499999
2008-03-04,1.595000029,1.595000029
2008-03-05,1.480000019,1.480000019
2008-03-06,1.36500001,1.36500001
2008-03-07,1.399999976,1.399999976
2008-03-10,1.299999952,1.299999952
2008-03-11,1.440000057,1.440000057
2008-03-12,1.440000057,1.440000057
2008-03-13,1.299999952,1.299999952
2008-03-14,1.120000005,1.120000005
2008-03-17,0.9900000095,0.9900000095
2008-03-18,0.8999999762,0.8999999762
2008-03-19,0.6499999762,0.6499999762
2008-03-20,0.5,0.5
2008-03-24,1.014999986,1.014999986
2008-03-25,1.254999995,1.254999995
2008-03-26,1.269999981,1.269999981
2008-03-27,1.25,1.25
2008-03-28,1.350000024,1.350000024
2008-03-31,1.274999976,1.274999976
2008-04-01,1.355000019,1.355000019
2008-04-02,1.36500001,1.36500001
2008-04-03,1.360000014,1.360000014
2008-04-04,1.320000052,1.320000052
2008-04-07,1.360000014,1.360000014
2008-04-08,1.350000024,1.350000024
2008-04-09,1.274999976,1.274999976
2008-04-10,1.235000014,1.235000014
2008-04-11,1.159999967,1.159999967
2008-04-14,1.075000048,1.075000048
2008-04-15,1.100000024,1.100000024
2008-04-16,1.11500001,1.11500001
2008-04-17,1.210000038,1.210000038
2008-04-18,1.320000052,1.320000052
2008-04-21,1.269999981,1.269999981
2008-04-22,1.254999995,1.254999995
2008-04-23,1.200000048,1.200000048
2008-04-24,1.220000029,1.220000029
2008-04-25,1.284999967,1.284999967
2008-04-28,1.330000043,1.330000043
2008-04-29,1.440000057,1.440000057
2008-04-30,1.340000033,1.340000033
2008-05-01,1.370000005,1.370000005
2008-05-02,1.465000033,1.465000033
2008-05-05,1.549999952,1.549999952
2008-05-06,1.595000029,1.595000029
2008-05-07,1.629999995,1.629999995
2008-05-08,1.620000005,1.620000005
2008-05-09,1.649999976,1.649999976
2008-05-12,1.75,1.75
2008-05-13,1.784999967,1.784999967
2008-05-14,1.784999967,1.784999967
2008-05-15,1.789999962,1.789999962
2008-05-16,1.799999952,1.799999952
2008-05-19,1.804999948,1.804999948
2008-05-20,1.825000048,1.825000048
2008-05-21,1.809999943,1.809999943
2008-05-22,1.825000048,1.825000048
2008-05-23,1.799999952,1.799999952
2008-05-27,1.850000024,1.850000024
2008-05-28,1.855000019,1.855000019
2008-05-29,1.86500001,1.86500001
2008-05-30,1.850000024,1.850000024
2008-06-02,1.789999962,1.789999962
2008-06-03,1.809999943,1.809999943
2008-06-04,1.804999948,1.804999948
2008-06-05,1.809999943,1.809999943
2008-06-06,1.799999952,1.799999952
2008-06-09,1.850000024,1.850000024
2008-06-10,1.970000029,1.970000029
2008-06-11,1.904999971,1.904999971
2008-06-12,1.950000048,1.950000048
2008-06-13,1.929999948,1.929999948
2008-06-16,1.940000057,1.940000057
2008-06-17,1.955000043,1.955000043
2008-06-18,1.879999995,1.879999995
2008-06-19,1.860000014,1.860000014
2008-06-20,1.799999952,1.799999952
2008-06-23,1.850000024,1.850000024
2008-06-24,1.794999957,1.794999957
2008-06-25,1.75999999,1.75999999
2008-06-26,1.679999948,1.679999948
2008-06-27,1.629999995,1.629999995
2008-06-30,1.705000043,1.705000043
2008-07-01,1.825000048,1.825000048
2008-07-02,1.789999962,1.789999962
2008-07-03,1.809999943,1.809999943
2008-07-07,1.774999976,1.774999976
2008-07-08,1.820000052,1.820000052
2008-07-09,1.789999962,1.789999962
2008-07-10,1.629999995,1.629999995
2008-07-11,1.570000052,1.570000052
2008-07-14,1.424999952,1.424999952
2008-07-15,1.375,1.375
2008-07-16,1.345000029,1.345000029
2008-07-17,1.389999986,1.389999986
2008-07-18,1.419999957,1.419999957
2008-07-21,1.379999995,1.379999995
2008-07-22,1.5,1.5
2008-07-23,1.544999957,1.544999957
2008-07-24,1.610000014,1.610000014
2008-07-25,1.690000057,1.690000057
2008-07-28,1.664999962,1.664999962
2008-07-29,1.679999948,1.679999948
2008-07-30,1.669999957,1.669999957
2008-07-31,1.63499999,1.63499999
2008-08-01,1.629999995,1.629999995
2008-08-04,1.659999967,1.659999967
2008-08-05,1.710000038,1.710000038
2008-08-06,1.600000024,1.600000024
2008-08-07,1.629999995,1.629999995
2008-08-08,1.664999962,1.664999962
2008-08-11,1.769999981,1.769999981
2008-08-12,1.825000048,1.825000048
2008-08-13,1.815000057,1.815000057
2008-08-14,1.830000043,1.830000043
2008-08-15,1.799999952,1.799999952
2008-08-18,1.74000001,1.74000001
2008-08-19,1.764999986,1.764999986
2008-08-20,1.669999957,1.669999957
2008-08-21,1.684999943,1.684999943
2008-08-22,1.664999962,1.664999962
2008-08-25,1.644999981,1.644999981
2008-08-26,1.674999952,1.674999952
2008-08-27,1.639999986,1.639999986
2008-08-28,1.700000048,1.700000048
2008-08-29,1.690000057,1.690000057
2008-09-02,1.649999976,1.649999976
2008-09-03,1.664999962,1.664999962
2008-09-04,1.649999976,1.649999976
2008-09-05,1.639999986,1.639999986
2008-09-08,1.669999957,1.669999957
2008-09-09,1.639999986,1.639999986
2008-09-10,1.620000005,1.620000005
2008-09-11,1.580000043,1.580000043
2008-09-12,1.460000038,1.460000038
2008-09-15,0.8100000024,0.8100000024
2008-09-16,0.8600000143,0.8600000143
2008-09-17,0.01999999955,0.01999999955
2008-09-18,0.0700000003,0.0700000003
2008-09-19,0.9200000167,0.9200000167
2008-09-22,0.875,0.875
2008-09-23,0.8000000119,0.8000000119
2008-09-24,0.4399999976,0.4399999976
2008-09-25,0.7099999785,0.7099999785
2008-09-26,0.8299999833,0.8299999833
2008-09-29,0.4499999881,0.4499999881
2008-09-30,0.8999999762,0.8999999762
2008-10-01,0.8000000119,0.8000000119
2008-10-02,0.5899999738,0.5899999738
2008-10-03,0.4699999988,0.4699999988
2008-10-06,0.4099999964,0.4099999964
2008-10-07,0.7850000262,0.7850000262
2008-10-08,0.6399999857,0.6399999857
2008-10-09,0.5799999833,0.5799999833
2008-10-10,0.2099999934,0.2099999934
2008-10-13,0.2099999934,0.2099999934
2008-10-14,0.2349999994,0.2349999994
2008-10-15,0.200000003,0.200000003
2008-10-16,0.4350000024,0.4350000024
2008-10-17,0.7799999714,0.7799999714
2008-10-20,1.019999981,1.019999981
2008-10-21,1.095000029,1.095000029
2008-10-22,1.00999999,1.00999999
2008-10-23,0.9100000262,0.9100000262
2008-10-24,0.8199999928,0.8199999928
2008-10-27,0.7300000191,0.7300000191
2008-10-28,0.75,0.75
2008-10-29,0.5649999976,0.5649999976
2008-10-30,0.375,0.375
2008-10-31,0.4350000024,0.4350000024
2008-11-03,0.4199999869,0.4199999869
2008-11-04,0.4650000036,0.4650000036
2008-11-05,0.3799999952,0.3799999952
2008-11-06,0.3149999976,0.3149999976
2008-11-07,0.2899999917,0.2899999917
2008-11-10,0.200000003,0.200000003
2008-11-11,0.1949999928,0.1949999928
2008-11-12,0.1400000006,0.1400000006
2008-11-13,0.1899999976,0.1899999976
2008-11-14,0.1299999952,0.1299999952
2008-11-17,0.09000000358,0.09000000358
2008-11-18,0.1099999994,0.1099999994
2008-11-19,0.06499999762,0.06499999762
2008-11-20,0.004999999888,0.004999999888
2008-11-21,0.009999999776,0.009999999776
2008-11-24,0.009999999776,0.009999999776
2008-11-25,0.1000000015,0.1000000015
2008-11-26,0.02999999933,0.02999999933
2008-11-28,0.01999999955,0.01999999955
2008-12-01,0.009999999776,0.009999999776
2008-12-02,0.05000000075,0.05000000075
2008-12-03,0.01499999966,0.01499999966
2008-12-04,0.004999999888,0.004999999888
2008-12-05,0.009999999776,0.009999999776
2008-12-08,0.004999999888,0.004999999888
2008-12-09,0.009999999776,0.009999999776
2008-12-10,0.004999999888,0.004999999888
2008-12-11,0.009999999776,0.009999999776
2008-12-12,0.009999999776,0.009999999776
2008-12-15,0.004999999888,0.004999999888
2008-12-16,0.02500000037,0.02500000037
2008-12-17,0.004999999888,0.004999999888
2008-12-18,0.004999999888,0.004999999888
2008-12-19,0.004999999888,0.004999999888
2008-12-22,0.004999999888,0.004999999888
2008-12-23,0.004999999888,0.004999999888
2008-12-24,0.004999999888,0.004999999888
2008-12-26,0.004999999888,0.004999999888
2008-12-29,0.009999999776,0.009999999776
2008-12-30,0.09000000358,0.09000000358
2008-12-31,0.1150000021,0.1150000021
2009-01-02,0.08500000089,0.08500000089
2009-01-05,0.08500000089,0.08500000089
2009-01-06,0.1299999952,0.1299999952
2009-01-07,0.1000000015,0.1000000015
2009-01-08,0.07999999821,0.07999999821
2009-01-09,0.06499999762,0.06499999762
2009-01-12,0.06499999762,0.06499999762
2009-01-13,0.1049999967,0.1049999967
2009-01-14,0.1099999994,0.1099999994
2009-01-15,0.1000000015,0.1000000015
2009-01-16,0.1150000021,0.1150000021
2009-01-20,0.1000000015,0.1000000015
2009-01-21,0.1099999994,0.1099999994
2009-01-22,0.1000000015,0.1000000015
2009-01-23,0.09000000358,0.09000000358
2009-01-26,0.1000000015,0.1000000015
2009-01-27,0.1299999952,0.1299999952
2009-01-28,0.1800000072,0.1800000072
2009-01-29,0.2199999988,0.2199999988
2009-01-30,0.2199999988,0.2199999988
2009-02-02,0.2450000048,0.2450000048
2009-02-03,0.3100000024,0.3100000024
2009-02-04,0.2899999917,0.2899999917
2009-02-05,0.2700000107,0.2700000107
2009-02-06,0.2700000107,0.2700000107
2009-02-09,0.275000006,0.275000006
2009-02-10,0.3050000072,0.3050000072
2009-02-11,0.3000000119,0.3000000119
2009-02-12,0.2849999964,0.2849999964
2009-02-13,0.2899999917,0.2899999917
2009-02-17,0.2849999964,0.2849999964
2009-02-18,0.3000000119,0.3000000119
2009-02-19,0.3000000119,0.3000000119
2009-02-20,0.2649999857,0.2649999857
2009-02-23,0.2700000107,0.2700000107
2009-02-24,0.2949999869,0.2949999869
2009-02-25,0.2949999869,0.2949999869
2009-02-26,0.2649999857,0.2649999857
2009-02-27,0.25,0.25
2009-03-02,0.2300000042,0.2300000042
2009-03-03,0.2649999857,0.2649999857
2009-03-04,0.25,0.25
2009-03-05,0.200000003,0.200000003
2009-03-06,0.1850000024,0.1850000024
2009-03-09,0.200000003,0.200000003
2009-03-10,0.2349999994,0.2349999994
2009-03-11,0.2199999988,0.2199999988
2009-03-12,0.200000003,0.200000003
2009-03-13,0.1899999976,0.1899999976
2009-03-16,0.2199999988,0.2199999988
2009-03-17,0.224999994,0.224999994
2009-03-18,0.2049999982,0.2049999982
2009-03-19,0.1899999976,0.1899999976
2009-03-20,0.200000003,0.200000003
2009-03-23,0.1899999976,0.1899999976
2009-03-24,0.2049999982,0.2049999982
2009-03-25,0.1850000024,0.1850000024
2009-03-26,0.1400000006,0.1400000006
2009-03-27,0.125,0.125
2009-03-30,0.1199999973,0.1199999973
2009-03-31,0.200000003,0.200000003
2009-04-01,0.2099999934,0.2099999934
2009-04-02,0.1899999976,0.1899999976
2009-04-03,0.200000003,0.200000003
2009-04-06,0.1850000024,0.1850000024
2009-04-07,0.1899999976,0.1899999976
2009-04-08,0.1800000072,0.1800000072
2009-04-09,0.174999997,0.174999997
2009-04-13,0.1700000018,0.1700000018
2009-04-14,0.1650000066,0.1650000066
2009-04-15,0.1400000006,0.1400000006
2009-04-16,0.125,0.125
2009-04-17,0.1299999952,0.1299999952
2009-04-20,0.1199999973,0.1199999973
2009-04-21,0.1400000006,0.1400000006
2009-04-22,0.1350000054,0.1350000054
2009-04-23,0.09499999881,0.09499999881
2009-04-24,0.09499999881,0.09499999881
2009-04-27,0.09000000358,0.09000000358
2009-04-28,0.1199999973,0.1199999973
2009-04-29,0.09499999881,0.09499999881
2009-04-30,0.125,0.125
2009-05-01,0.1449999958,0.1449999958
2009-05-04,0.174999997,0.174999997
2009-05-05,0.174999997,0.174999997
2009-05-06,0.1800000072,0.1800000072
2009-05-07,0.1800000072,0.1800000072
2009-05-08,0.1650000066,0.1650000066
2009-05-11,0.1550000012,0.1550000012
2009-05-12,0.1800000072,0.1800000072
2009-05-13,0.1700000018,0.1700000018
2009-05-14,0.1550000012,0.1550000012
2009-05-15,0.1550000012,0.1550000012
2009-05-18,0.1599999964,0.1599999964
2009-05-19,0.174999997,0.174999997
2009-05-20,0.1700000018,0.1700000018
2009-05-21,0.174999997,0.174999997
2009-05-22,0.174999997,0.174999997
2009-05-26,0.1650000066,0.1650000066
2009-05-27,0.1599999964,0.1599999964
2009-05-28,0.1350000054,0.1350000054
2009-05-29,0.1299999952,0.1299999952
2009-06-01,0.08500000089,0.08500000089
2009-06-02,0.1299999952,0.1299999952
2009-06-03,0.1299999952,0.1299999952
2009-06-04,0.1350000054,0.1350000054
2009-06-05,0.1800000072,0.1800000072
2009-06-08,0.1700000018,0.1700000018
2009-06-09,0.174999997,0.174999997
2009-06-10,0.174999997,0.174999997
2009-06-11,0.1700000018,0.1700000018
2009-06-12,0.1650000066,0.1650000066
2009-06-15,0.1550000012,0.1550000012
2009-06-16,0.1650000066,0.1650000066
2009-06-17,0.1650000066,0.1650000066
2009-06-18,0.1700000018,0.1700000018
2009-06-19,0.1700000018,0.1700000018
2009-06-22,0.1850000024,0.1850000024
2009-06-23,0.1949999928,0.1949999928
2009-06-24,0.1800000072,0.1800000072
2009-06-25,0.1650000066,0.1650000066
2009-06-26,0.174999997,0.174999997
2009-06-29,0.1599999964,0.1599999964
2009-06-30,0.1800000072,0.1800000072
2009-07-01,0.1650000066,0.1650000066
2009-07-02,0.1550000012,0.1550000012
2009-07-06,0.1550000012,0.1550000012
2009-07-07,0.1800000072,0.1800000072
2009-07-08,0.174999997,0.174999997
2009-07-09,0.174999997,0.174999997
2009-07-10,0.1650000066,0.1650000066
2009-07-13,0.1700000018,0.1700000018
2009-07-14,0.174999997,0.174999997
2009-07-15,0.174999997,0.174999997
2009-07-16,0.1650000066,0.1650000066
2009-07-17,0.1650000066,0.1650000066
2009-07-20,0.1599999964,0.1599999964
2009-07-21,0.1800000072,0.1800000072
2009-07-22,0.1800000072,0.1800000072
2009-07-23,0.1800000072,0.1800000072
2009-07-24,0.1800000072,0.1800000072
2009-07-27,0.1800000072,0.1800000072
2009-07-28,0.1850000024,0.1850000024
2009-07-29,0.174999997,0.174999997
2009-07-30,0.174999997,0.174999997
2009-07-31,0.174999997,0.174999997
2009-08-03,0.174999997,0.174999997
2009-08-04,0.174999997,0.174999997
2009-08-05,0.174999997,0.174999997
2009-08-06,0.1700000018,0.1700000018
2009-08-07,0.1700000018,0.1700000018
2009-08-10,0.1599999964,0.1599999964
2009-08-11,0.1800000072,0.1800000072
2009-08-12,0.1700000018,0.1700000018
2009-08-13,0.1650000066,0.1650000066
2009-08-14,0.1700000018,0.1700000018
2009-08-17,0.1700000018,0.1700000018
2009-08-18,0.174999997,0.174999997
2009-08-19,0.1650000066,0.1650000066
2009-08-20,0.1599999964,0.1599999964
2009-08-21,0.1599999964,0.1599999964
2009-08-24,0.1550000012,0.1550000012
2009-08-25,0.1550000012,0.1550000012
2009-08-26,0.1449999958,0.1449999958
2009-08-27,0.1400000006,0.1400000006
2009-08-28,0.1299999952,0.1299999952
2009-08-31,0.1299999952,0.1299999952
2009-09-01,0.1299999952,0.1299999952
2009-09-02,0.1299999952,0.1299999952
2009-09-03,0.125,0.125
2009-09-04,0.125,0.125
2009-09-08,0.125,0.125
2009-09-09,0.1350000054,0.1350000054
2009-09-10,0.1350000054,0.1350000054
2009-09-11,0.1350000054,0.1350000054
2009-09-14,0.1299999952,0.1299999952
2009-09-15,0.125,0.125
2009-09-16,0.09499999881,0.09499999881
2009-09-17,0.09499999881,0.09499999881
2009-09-18,0.07999999821,0.07999999821
2009-09-21,0.09000000358,0.09000000358
2009-09-22,0.09499999881,0.09499999881
2009-09-23,0.09499999881,0.09499999881
2009-09-24,0.09000000358,0.09000000358
2009-09-25,0.09000000358,0.09000000358
2009-09-28,0.09000000358,0.09000000358
2009-09-29,0.1199999973,0.1199999973
2009-09-30,0.1150000021,0.1150000021
2009-10-01,0.09499999881,0.09499999881
2009-10-02,0.09000000358,0.09000000358
2009-10-05,0.09000000358,0.09000000358
2009-10-06,0.0700000003,0.0700000003
2009-10-07,0.05999999866,0.05999999866
2009-10-08,0.05999999866,0.05999999866
2009-10-09,0.06499999762,0.06499999762
2009-10-12,0.05999999866,0.05999999866
2009-10-13,0.05999999866,0.05999999866
2009-10-14,0.06499999762,0.06499999762
2009-10-15,0.0549999997,0.0549999997
2009-10-16,0.05999999866,0.05999999866
2009-10-19,0.05999999866,0.05999999866
2009-10-20,0.07500000298,0.07500000298
2009-10-21,0.06499999762,0.06499999762
2009-10-22,0.05000000075,0.05000000075
2009-10-23,0.05000000075,0.05000000075
2009-10-26,0.05000000075,0.05000000075
2009-10-27,0.0700000003,0.0700000003
2009-10-28,0.05999999866,0.05999999866
2009-10-29,0.05000000075,0.05000000075
2009-10-30,0.04500000179,0.04500000179
2009-11-02,0.03999999911,0.03999999911
2009-11-03,0.05000000075,0.05000000075
2009-11-04,0.04500000179,0.04500000179
2009-11-05,0.03500000015,0.03500000015
2009-11-06,0.04500000179,0.04500000179
2009-11-09,0.04500000179,0.04500000179
2009-11-10,0.05999999866,0.05999999866
2009-11-11,0.05999999866,0.05999999866
2009-11-12,0.0549999997,0.0549999997
2009-11-13,0.0549999997,0.0549999997
2009-11-16,0.0549999997,0.0549999997
2009-11-17,0.0549999997,0.0549999997
2009-11-18,0.02999999933,0.02999999933
2009-11-19,0.004999999888,0.004999999888
2009-11-20,0.009999999776,0.009999999776
2009-11-23,0.01999999955,0.01999999955
2009-11-24,0.03999999911,0.03999999911
2009-11-25,0.03999999911,0.03999999911
2009-11-27,0.02500000037,0.02500000037
2009-11-30,0.05000000075,0.05000000075
2009-12-01,0.05000000075,0.05000000075
2009-12-02,0.03999999911,0.03999999911
2009-12-03,0.03999999911,0.03999999911
2009-12-04,0.03999999911,0.03999999911
2009-12-07,0.01499999966,0.01499999966
2009-12-08,0.02500000037,0.02500000037
2009-12-09,0.02500000037,0.02500000037
2009-12-10,0.02500000037,0.02500000037
2009-12-11,0.01999999955,0.01999999955
2009-12-14,0.01999999955,0.01999999955
2009-12-15,0.03999999911,0.03999999911
2009-12-16,0.03500000015,0.03500000015
2009-12-17,0.03999999911,0.03999999911
2009-12-18,0.03999999911,0.03999999911
2009-12-21,0.04500000179,0.04500000179
2009-12-22,0.0700000003,0.0700000003
2009-12-23,0.0549999997,0.0549999997
2009-12-24,0.03999999911,0.03999999911
2009-12-28,0.0549999997,0.0549999997
2009-12-29,0.09499999881,0.09499999881
2009-12-30,0.03999999911,0.03999999911
2009-12-31,0.05000000075,0.05000000075
2010-01-04,0.0549999997,0.0549999997
2010-01-05,0.05999999866,0.05999999866
2010-01-06,0.04500000179,0.04500000179
2010-01-07,0.04500000179,0.04500000179
2010-01-08,0.03999999911,0.03999999911
2010-01-11,0.02500000037,0.02500000037
2010-01-12,0.03999999911,0.03999999911
2010-01-13,0.05000000075,0.05000000075
2010-01-14,0.04500000179,0.04500000179
2010-01-15,0.0549999997,0.0549999997
2010-01-19,0.05000000075,0.05000000075
2010-01-20,0.05000000075,0.05000000075
2010-01-21,0.03999999911,0.03999999911
2010-01-22,0.04500000179,0.04500000179
2010-01-25,0.04500000179,0.04500000179
2010-01-26,0.06499999762,0.06499999762
2010-01-27,0.0700000003,0.0700000003
2010-01-28,0.0700000003,0.0700000003
2010-01-29,0.0700000003,0.0700000003
2010-02-01,0.08500000089,0.08500000089
2010-02-02,0.09000000358,0.09000000358
2010-02-03,0.09000000358,0.09000000358
2010-02-04,0.08500000089,0.08500000089
2010-02-05,0.08500000089,0.08500000089
2010-02-08,0.09000000358,0.09000000358
2010-02-09,0.1000000015,0.1000000015
2010-02-10,0.1000000015,0.1000000015
2010-02-11,0.09499999881,0.09499999881
2010-02-12,0.09000000358,0.09000000358
2010-02-16,0.08500000089,0.08500000089
2010-02-17,0.09000000358,0.09000000358
2010-02-18,0.08500000089,0.08500000089
2010-02-19,0.09499999881,0.09499999881
2010-02-22,0.08500000089,0.08500000089
2010-02-23,0.1150000021,0.1150000021
2010-02-24,0.1099999994,0.1099999994
2010-02-25,0.1150000021,0.1150000021
2010-02-26,0.1150000021,0.1150000021
2010-03-01,0.1199999973,0.1199999973
2010-03-02,0.125,0.125
2010-03-03,0.1350000054,0.1350000054
2010-03-04,0.1350000054,0.1350000054
2010-03-05,0.1449999958,0.1449999958
2010-03-08,0.1449999958,0.1449999958
2010-03-09,0.150000006,0.150000006
2010-03-10,0.1449999958,0.1449999958
2010-03-11,0.1449999958,0.1449999958
2010-03-12,0.1400000006,0.1400000006
2010-03-15,0.1449999958,0.1449999958
2010-03-16,0.1550000012,0.1550000012
2010-03-17,0.150000006,0.150000006
2010-03-18,0.1449999958,0.1449999958
2010-03-19,0.1449999958,0.1449999958
2010-03-22,0.1400000006,0.1400000006
2010-03-23,0.1299999952,0.1299999952
2010-03-24,0.1350000054,0.1350000054
2010-03-25,0.1299999952,0.1299999952
2010-03-26,0.1299999952,0.1299999952
2010-03-29,0.125,0.125
2010-03-30,0.150000006,0.150000006
2010-03-31,0.150000006,0.150000006
2010-04-01,0.150000006,0.150000006
2010-04-05,0.1599999964,0.1599999964
2010-04-06,0.1650000066,0.1650000066
2010-04-07,0.1599999964,0.1599999964
2010-04-08,0.1550000012,0.1550000012
2010-04-09,0.150000006,0.150000006
2010-04-12,0.1350000054,0.1350000054
2010-04-13,0.150000006,0.150000006
2010-04-14,0.1550000012,0.1550000012
2010-04-15,0.150000006,0.150000006
2010-04-16,0.150000006,0.150000006
2010-04-19,0.150000006,0.150000006
2010-04-20,0.1449999958,0.1449999958
2010-04-21,0.1449999958,0.1449999958
2010-04-22,0.150000006,0.150000006
2010-04-23,0.1550000012,0.1550000012
2010-04-26,0.150000006,0.150000006
2010-04-27,0.1449999958,0.1449999958
2010-04-28,0.1550000012,0.1550000012
2010-04-29,0.1599999964,0.1599999964
2010-04-30,0.1550000012,0.1550000012
2010-05-03,0.1599999964,0.1599999964
2010-05-04,0.1550000012,0.1550000012
2010-05-05,0.1449999958,0.1449999958
2010-05-06,0.1000000015,0.1000000015
2010-05-07,0.1199999973,0.1199999973
2010-05-10,0.1449999958,0.1449999958
2010-05-11,0.150000006,0.150000006
2010-05-12,0.150000006,0.150000006
2010-05-13,0.1550000012,0.1550000012
2010-05-14,0.1449999958,0.1449999958
2010-05-17,0.150000006,0.150000006
2010-05-18,0.1650000066,0.1650000066
2010-05-19,0.1650000066,0.1650000066
2010-05-20,0.1550000012,0.1550000012
2010-05-21,0.150000006,0.150000006
2010-05-24,0.150000006,0.150000006
2010-05-25,0.1599999964,0.1599999964
2010-05-26,0.1599999964,0.1599999964
2010-05-27,0.1599999964,0.1599999964
2010-05-28,0.150000006,0.150000006
2010-06-01,0.1449999958,0.1449999958
2010-06-02,0.1449999958,0.1449999958
2010-06-03,0.1299999952,0.1299999952
2010-06-04,0.1199999973,0.1199999973
2010-06-07,0.1049999967,0.1049999967
2010-06-08,0.1099999994,0.1099999994
2010-06-09,0.09499999881,0.09499999881
2010-06-10,0.08500000089,0.08500000089
2010-06-11,0.0700000003,0.0700000003
2010-06-14,0.0549999997,0.0549999997
2010-06-15,0.07999999821,0.07999999821
2010-06-16,0.09000000358,0.09000000358
2010-06-17,0.09000000358,0.09000000358
2010-06-18,0.09499999881,0.09499999881
2010-06-21,0.1049999967,0.1049999967
2010-06-22,0.125,0.125
2010-06-23,0.1199999973,0.1199999973
2010-06-24,0.125,0.125
2010-06-25,0.125,0.125
2010-06-28,0.1350000054,0.1350000054
2010-06-29,0.1599999964,0.1599999964
2010-06-30,0.1700000018,0.1700000018
2010-07-01,0.1650000066,0.1650000066
2010-07-02,0.1599999964,0.1599999964
2010-07-06,0.1599999964,0.1599999964
2010-07-07,0.1550000012,0.1550000012
2010-07-08,0.1449999958,0.1449999958
2010-07-09,0.1449999958,0.1449999958
2010-07-12,0.1400000006,0.1400000006
2010-07-13,0.1449999958,0.1449999958
2010-07-14,0.1449999958,0.1449999958
2010-07-15,0.1449999958,0.1449999958
2010-07-16,0.1449999958,0.1449999958
2010-07-19,0.1449999958,0.1449999958
2010-07-20,0.150000006,0.150000006
2010-07-21,0.150000006,0.150000006
2010-07-22,0.1449999958,0.1449999958
2010-07-23,0.1449999958,0.1449999958
2010-07-26,0.1449999958,0.1449999958
2010-07-27,0.150000006,0.150000006
2010-07-28,0.1449999958,0.1449999958
2010-07-29,0.1449999958,0.1449999958
2010-07-30,0.1400000006,0.1400000006
2010-08-02,0.1400000006,0.1400000006
2010-08-03,0.150000006,0.150000006
2010-08-04,0.1449999958,0.1449999958
2010-08-05,0.1400000006,0.1400000006
2010-08-06,0.1400000006,0.1400000006
2010-08-09,0.1400000006,0.1400000006
2010-08-10,0.1449999958,0.1449999958
2010-08-11,0.1449999958,0.1449999958
2010-08-12,0.150000006,0.150000006
2010-08-13,0.1449999958,0.1449999958
2010-08-16,0.150000006,0.150000006
2010-08-17,0.1550000012,0.1550000012
2010-08-18,0.150000006,0.150000006
2010-08-19,0.1449999958,0.1449999958
2010-08-20,0.1449999958,0.1449999958
2010-08-23,0.150000006,0.150000006
2010-08-24,0.1550000012,0.1550000012
2010-08-25,0.150000006,0.150000006
2010-08-26,0.1449999958,0.1449999958
2010-08-27,0.1400000006,0.1400000006
2010-08-30,0.1299999952,0.1299999952
2010-08-31,0.1350000054,0.1350000054
2010-09-01,0.1299999952,0.1299999952
2010-09-02,0.125,0.125
2010-09-03,0.125,0.125
2010-09-07,0.1199999973,0.1199999973
2010-09-08,0.1299999952,0.1299999952
2010-09-09,0.1350000054,0.1350000054
2010-09-10,0.1350000054,0.1350000054
2010-09-13,0.1350000054,0.1350000054
2010-09-14,0.1449999958,0.1449999958
2010-09-15,0.150000006,0.150000006
2010-09-16,0.150000006,0.150000006
2010-09-17,0.1449999958,0.1449999958
2010-09-20,0.150000006,0.150000006
2010-09-21,0.1550000012,0.1550000012
2010-09-22,0.1550000012,0.1550000012
2010-09-23,0.150000006,0.150000006
2010-09-24,0.1400000006,0.1400000006
2010-09-27,0.1299999952,0.1299999952
2010-09-28,0.150000006,0.150000006
2010-09-29,0.1550000012,0.1550000012
2010-09-30,0.1550000012,0.1550000012
2010-10-01,0.150000006,0.150000006
2010-10-04,0.1449999958,0.1449999958
2010-10-05,0.1150000021,0.1150000021
2010-10-06,0.1150000021,0.1150000021
2010-10-07,0.1150000021,0.1150000021
2010-10-08,0.1150000021,0.1150000021
2010-10-12,0.1150000021,0.1150000021
2010-10-13,0.1299999952,0.1299999952
2010-10-14,0.1350000054,0.1350000054
2010-10-15,0.1350000054,0.1350000054
2010-10-18,0.1350000054,0.1350000054
2010-10-19,0.1350000054,0.1350000054
2010-10-20,0.1350000054,0.1350000054
2010-10-21,0.1199999973,0.1199999973
2010-10-22,0.1199999973,0.1199999973
2010-10-25,0.1150000021,0.1150000021
2010-10-26,0.1299999952,0.1299999952
2010-10-27,0.1299999952,0.1299999952
2010-10-28,0.125,0.125
2010-10-29,0.1099999994,0.1099999994
2010-11-01,0.1049999967,0.1049999967
2010-11-02,0.125,0.125
2010-11-03,0.1199999973,0.1199999973
2010-11-04,0.1150000021,0.1150000021
2010-11-05,0.1199999973,0.1199999973
2010-11-08,0.1099999994,0.1099999994
2010-11-09,0.125,0.125
2010-11-10,0.125,0.125
2010-11-11,0.125,0.125
2010-11-12,0.125,0.125
2010-11-15,0.1299999952,0.1299999952
2010-11-16,0.1350000054,0.1350000054
2010-11-17,0.1350000054,0.1350000054
2010-11-18,0.1350000054,0.1350000054
2010-11-19,0.1299999952,0.1299999952
2010-11-22,0.125,0.125
2010-11-23,0.1400000006,0.1400000006
2010-11-24,0.150000006,0.150000006
2010-11-26,0.1550000012,0.1550000012
2010-11-29,0.1550000012,0.1550000012
2010-11-30,0.1599999964,0.1599999964
2010-12-01,0.1550000012,0.1550000012
2010-12-02,0.1449999958,0.1449999958
2010-12-03,0.1299999952,0.1299999952
2010-12-06,0.125,0.125
2010-12-07,0.1400000006,0.1400000006
2010-12-08,0.1350000054,0.1350000054
2010-12-09,0.1350000054,0.1350000054
2010-12-10,0.1150000021,0.1150000021
2010-12-13,0.1199999973,0.1199999973
2010-12-14,0.1350000054,0.1350000054
2010-12-15,0.1350000054,0.1350000054
2010-12-16,0.125,0.125
2010-12-17,0.1049999967,0.1049999967
2010-12-20,0.1000000015,0.1000000015
2010-12-21,0.1299999952,0.1299999952
2010-12-22,0.1299999952,0.1299999952
2010-12-23,0.1299999952,0.1299999952
2010-12-27,0.1199999973,0.1199999973
2010-12-28,0.1400000006,0.1400000006
2010-12-29,0.125,0.125
2010-12-30,0.1099999994,0.1099999994
2010-12-31,0.1150000021,0.1150000021
2011-01-03,0.1199999973,0.1199999973
2011-01-04,0.1350000054,0.1350000054
2011-01-05,0.1350000054,0.1350000054
2011-01-06,0.1400000006,0.1400000006
2011-01-07,0.1350000054,0.1350000054
2011-01-10,0.1350000054,0.1350000054
2011-01-11,0.1449999958,0.1449999958
2011-01-12,0.1449999958,0.1449999958
2011-01-13,0.1400000006,0.1400000006
2011-01-14,0.1449999958,0.1449999958
2011-01-18,0.1449999958,0.1449999958
2011-01-19,0.1550000012,0.1550000012
2011-01-20,0.1550000012,0.1550000012
2011-01-21,0.150000006,0.150000006
2011-01-24,0.150000006,0.150000006
2011-01-25,0.150000006,0.150000006
2011-01-26,0.1550000012,0.1550000012
2011-01-27,0.1400000006,0.1400000006
2011-01-28,0.1350000054,0.1350000054
2011-01-31,0.1449999958,0.1449999958
2011-02-01,0.150000006,0.150000006
2011-02-02,0.150000006,0.150000006
2011-02-03,0.1449999958,0.1449999958
2011-02-04,0.1449999958,0.1449999958
2011-02-07,0.1400000006,0.1400000006
2011-02-08,0.1449999958,0.1449999958
2011-02-09,0.1299999952,0.1299999952
2011-02-10,0.1099999994,0.1099999994
2011-02-11,0.1099999994,0.1099999994
2011-02-14,0.1099999994,0.1099999994
2011-02-15,0.125,0.125
2011-02-16,0.1099999994,0.1099999994
2011-02-17,0.09000000358,0.09000000358
2011-02-18,0.09000000358,0.09000000358
2011-02-22,0.1000000015,0.1000000015
2011-02-23,0.1150000021,0.1150000021
2011-02-24,0.1199999973,0.1199999973
2011-02-25,0.125,0.125
2011-02-28,0.1350000054,0.1350000054
2011-03-01,0.1299999952,0.1299999952
2011-03-02,0.1199999973,0.1199999973
2011-03-03,0.125,0.125
2011-03-04,0.1099999994,0.1099999994
2011-03-07,0.1000000015,0.1000000015
2011-03-08,0.1049999967,0.1049999967
2011-03-09,0.09499999881,0.09499999881
2011-03-10,0.06499999762,0.06499999762
2011-03-11,0.0700000003,0.0700000003
2011-03-14,0.07500000298,0.07500000298
2011-03-15,0.09499999881,0.09499999881
2011-03-16,0.08500000089,0.08500000089
2011-03-17,0.0700000003,0.0700000003
2011-03-18,0.06499999762,0.06499999762
2011-03-21,0.0700000003,0.0700000003
2011-03-22,0.09000000358,0.09000000358
2011-03-23,0.08500000089,0.08500000089
2011-03-24,0.07999999821,0.07999999821
2011-03-25,0.07999999821,0.07999999821
2011-03-28,0.07999999821,0.07999999821
2011-03-29,0.09499999881,0.09499999881
2011-03-30,0.09499999881,0.09499999881
2011-03-31,0.09000000358,0.09000000358
2011-04-01,0.0549999997,0.0549999997
2011-04-04,0.03500000015,0.03500000015
2011-04-05,0.06499999762,0.06499999762
2011-04-06,0.05000000075,0.05000000075
2011-04-07,0.03500000015,0.03500000015
2011-04-08,0.03500000015,0.03500000015
2011-04-11,0.03500000015,0.03500000015
2011-04-12,0.04500000179,0.04500000179
2011-04-13,0.05000000075,0.05000000075
2011-04-14,0.06499999762,0.06499999762
2011-04-15,0.05999999866,0.05999999866
2011-04-18,0.0549999997,0.0549999997
2011-04-19,0.0549999997,0.0549999997
2011-04-20,0.0549999997,0.0549999997
2011-04-21,0.04500000179,0.04500000179
2011-04-25,0.04500000179,0.04500000179
2011-04-26,0.0549999997,0.0549999997
2011-04-27,0.05000000075,0.05000000075
2011-04-28,0.03500000015,0.03500000015
2011-04-29,0.03999999911,0.03999999911
2011-05-02,0.02999999933,0.02999999933
2011-05-03,0.02500000037,0.02500000037
2011-05-04,0.01999999955,0.01999999955
2011-05-05,0.009999999776,0.009999999776
2011-05-06,0.004999999888,0.004999999888
2011-05-09,0.004999999888,0.004999999888
2011-05-10,0.02500000037,0.02500000037
2011-05-11,0.01999999955,0.01999999955
2011-05-12,0.01999999955,0.01999999955
2011-05-13,0.01999999955,0.01999999955
2011-05-16,0.01999999955,0.01999999955
2011-05-17,0.03500000015,0.03500000015
2011-05-18,0.03999999911,0.03999999911
2011-05-19,0.03999999911,0.03999999911
2011-05-20,0.03999999911,0.03999999911
2011-05-23,0.04500000179,0.04500000179
2011-05-24,0.05000000075,0.05000000075
2011-05-25,0.04500000179,0.04500000179
2011-05-26,0.04500000179,0.04500000179
2011-05-27,0.03500000015,0.03500000015
2011-05-31,0.03999999911,0.03999999911
2011-06-01,0.03999999911,0.03999999911
2011-06-02,0.03500000015,0.03500000015
2011-06-03,0.02999999933,0.02999999933
2011-06-06,0.02999999933,0.02999999933
2011-06-07,0.03999999911,0.03999999911
2011-06-08,0.03500000015,0.03500000015
2011-06-09,0.03999999911,0.03999999911
2011-06-10,0.03500000015,0.03500000015
2011-06-13,0.03999999911,0.03999999911
2011-06-14,0.05000000075,0.05000000075
2011-06-15,0.04500000179,0.04500000179
2011-06-16,0.03500000015,0.03500000015
2011-06-17,0.02500000037,0.02500000037
2011-06-20,0.01499999966,0.01499999966
2011-06-21,0.01999999955,0.01999999955
2011-06-22,0.009999999776,0.009999999776
2011-06-23,0.004999999888,0.004999999888
2011-06-24,0.009999999776,0.009999999776
2011-06-27,0.01499999966,0.01499999966
2011-06-28,0.02500000037,0.02500000037
2011-06-29,0.01999999955,0.01999999955
2011-06-30,0.01499999966,0.01499999966
2011-07-01,0.009999999776,0.009999999776
2011-07-05,0.009999999776,0.009999999776
2011-07-06,0.004999999888,0.004999999888
2011-07-07,0.01999999955,0.01999999955
2011-07-08,0.01999999955,0.01999999955
2011-07-11,0.01499999966,0.01499999966
2011-07-12,0.02999999933,0.02999999933
2011-07-13,0.004999999888,0.004999999888
2011-07-14,0.004999999888,0.004999999888
2011-07-15,0.004999999888,0.004999999888
2011-07-18,0.004999999888,0.004999999888
2011-07-19,0.02500000037,0.02500000037
2011-07-20,0.01999999955,0.01999999955
2011-07-21,0.03500000015,0.03500000015
2011-07-22,0.02999999933,0.02999999933
2011-07-25,0.03500000015,0.03500000015
2011-07-26,0.06499999762,0.06499999762
2011-07-27,0.0700000003,0.0700000003
2011-07-28,0.06499999762,0.06499999762
2011-07-29,0.09000000358,0.09000000358
2011-08-01,0.07500000298,0.07500000298
2011-08-02,0.05000000075,0.05000000075
2011-08-03,0.009999999776,0.009999999776
2011-08-04,0.009999999776,0.009999999776
2011-08-05,0.009999999776,0.009999999776
2011-08-08,0.01499999966,0.01499999966
2011-08-09,0.02999999933,0.02999999933
2011-08-10,0.01499999966,0.01499999966
2011-08-11,0.009999999776,0.009999999776
2011-08-12,0.004999999888,0.004999999888
2011-08-15,0.004999999888,0.004999999888
2011-08-16,0.01999999955,0.01999999955
2011-08-17,0.004999999888,0.004999999888
2011-08-18,0.009999999776,0.009999999776
2011-08-19,0.009999999776,0.009999999776
2011-08-22,0.004999999888,0.004999999888
2011-08-23,0.004999999888,0.004999999888
2011-08-24,0.009999999776,0.009999999776
2011-08-25,0.009999999776,0.009999999776
2011-08-26,0.009999999776,0.009999999776
2011-08-29,0.004999999888,0.004999999888
2011-08-30,0.01499999966,0.01499999966
2011-08-31,0.01499999966,0.01499999966
2011-09-01,0.009999999776,0.009999999776
2011-09-02,0.01499999966,0.01499999966
2011-09-06,0.01499999966,0.01499999966
2011-09-07,0.01499999966,0.01499999966
2011-09-08,0.009999999776,0.009999999776
2011-09-09,0.004999999888,0.004999999888
2011-09-12,0.004999999888,0.004999999888
2011-09-13,0.004999999888,0.004999999888
2011-09-14,0.004999999888,0.004999999888
2011-09-15,0.004999999888,0.004999999888
2011-09-16,0.004999999888,0.004999999888
2011-09-19,0.004999999888,0.004999999888
2011-09-20,0.004999999888,0.004999999888
2011-09-21,0.004999999888,0.004999999888
2011-09-22,0.004999999888,0.004999999888
2011-09-23,0.004999999888,0.004999999888
2011-09-26,0.004999999888,0.004999999888
2011-09-27,0.009999999776,0.009999999776
2011-09-28,0.009999999776,0.009999999776
2011-09-29,0.009999999776,0.009999999776
2011-09-30,0.009999999776,0.009999999776
2011-10-03,0.01999999955,0.01999999955
2011-10-04,0.004999999888,0.004999999888
2011-10-05,0.004999999888,0.004999999888
2011-10-06,0.004999999888,0.004999999888
2011-10-07,0.004999999888,0.004999999888
2011-10-10,0.004999999888,0.004999999888
2011-10-11,0.004999999888,0.004999999888
2011-10-12,0.01499999966,0.01499999966
2011-10-13,0.01499999966,0.01499999966
2011-10-14,0.01499999966,0.01499999966
2011-10-17,0.01999999955,0.01999999955
2011-10-18,0.02500000037,0.02500000037
2011-10-19,0.01999999955,0.01999999955
2011-10-20,0.01499999966,0.01499999966
2011-10-21,0.01499999966,0.01499999966
2011-10-24,0.004999999888,0.004999999888
2011-10-25,0.01499999966,0.01499999966
2011-10-26,0.01499999966,0.01499999966
2011-10-27,0.009999999776,0.009999999776
2011-10-28,0.009999999776,0.009999999776
2011-10-31,0.004999999888,0.004999999888
2011-11-01,0.004999999888,0.004999999888
2011-11-02,0.004999999888,0.004999999888
2011-11-03,0.004999999888,0.004999999888
2011-11-04,0.004999999888,0.004999999888
2011-11-07,0.004999999888,0.004999999888
2011-11-08,0.004999999888,0.004999999888
2011-11-09,0.004999999888,0.004999999888
2011-11-10,0.004999999888,0.004999999888
2011-11-11,0.004999999888,0.004999999888
2011-11-14,0.004999999888,0.004999999888
2011-11-15,0.009999999776,0.009999999776
2011-11-16,0.004999999888,0.004999999888
2011-11-17,0.004999999888,0.004999999888
2011-11-18,0.004999999888,0.004999999888
2011-11-21,0.004999999888,0.004999999888
2011-11-22,0.01499999966,0.01499999966
2011-11-23,0.01499999966,0.01499999966
2011-11-25,0.004999999888,0.004999999888
2011-11-28,0.009999999776,0.009999999776
2011-11-29,0.01499999966,0.01499999966
2011-11-30,0.01499999966,0.01499999966
2011-12-01,0.01499999966,0.01499999966
2011-12-02,0.01499999966,0.01499999966
2011-12-05,0.01499999966,0.01499999966
2011-12-06,0.004999999888,0.004999999888
2011-12-07,0.004999999888,0.004999999888
2011-12-08,0.004999999888,0.004999999888
2011-12-09,0.004999999888,0.004999999888
2011-12-12,0.004999999888,0.004999999888
2011-12-13,0.004999999888,0.004999999888
2011-12-14,0.004999999888,0.004999999888
2011-12-15,0.004999999888,0.004999999888
2011-12-16,0.004999999888,0.004999999888
2011-12-19,0.004999999888,0.004999999888
2011-12-20,0.004999999888,0.004999999888
2011-12-21,0.004999999888,0.004999999888
2011-12-22,0.004999999888,0.004999999888
2011-12-23,0.004999999888,0.004999999888
2011-12-27,0.004999999888,0.004999999888
2011-12-28,0.004999999888,0.004999999888
2011-12-29,0.004999999888,0.004999999888
2011-12-30,0.004999999888,0.004999999888
2012-01-03,0.004999999888,0.004999999888
2012-01-04,0.009999999776,0.009999999776
2012-01-05,0.009999999776,0.009999999776
2012-01-06,0.01499999966,0.01499999966
2012-01-09,0.004999999888,0.004999999888
2012-01-10,0.009999999776,0.009999999776
2012-01-11,0.01499999966,0.01499999966
2012-01-12,0.01999999955,0.01999999955
2012-01-13,0.01999999955,0.01999999955
2012-01-17,0.01999999955,0.01999999955
2012-01-18,0.02500000037,0.02500000037
2012-01-19,0.03999999911,0.03999999911
2012-01-20,0.03999999911,0.03999999911
2012-01-23,0.03500000015,0.03500000015
2012-01-24,0.03500000015,0.03500000015
2012-01-25,0.03500000015,0.03500000015
2012-01-26,0.04500000179,0.04500000179
2012-01-27,0.05000000075,0.05000000075
2012-01-30,0.04500000179,0.04500000179
2012-01-31,0.0549999997,0.0549999997
2012-02-01,0.0549999997,0.0549999997
2012-02-02,0.07500000298,0.07500000298
2012-02-03,0.0700000003,0.0700000003
2012-02-06,0.06499999762,0.06499999762
2012-02-07,0.07999999821,0.07999999821
2012-02-08,0.07500000298,0.07500000298
2012-02-09,0.08500000089,0.08500000089
2012-02-10,0.07999999821,0.07999999821
2012-02-13,0.09499999881,0.09499999881
2012-02-14,0.1099999994,0.1099999994
2012-02-15,0.1049999967,0.1049999967
2012-02-16,0.09499999881,0.09499999881
2012-02-17,0.07500000298,0.07500000298
2012-02-21,0.0700000003,0.0700000003
2012-02-22,0.07999999821,0.07999999821
2012-02-23,0.08500000089,0.08500000089
2012-02-24,0.09000000358,0.09000000358
2012-02-27,0.1000000015,0.1000000015
2012-02-28,0.09499999881,0.09499999881
2012-02-29,0.07500000298,0.07500000298
2012-03-01,0.0700000003,0.0700000003
2012-03-02,0.05999999866,0.05999999866
2012-03-05,0.05999999866,0.05999999866
2012-03-06,0.0700000003,0.0700000003
2012-03-07,0.07500000298,0.07500000298
2012-03-08,0.07500000298,0.07500000298
2012-03-09,0.07999999821,0.07999999821
2012-03-12,0.07500000298,0.07500000298
2012-03-13,0.07999999821,0.07999999821
2012-03-14,0.07999999821,0.07999999821
2012-03-15,0.07500000298,0.07500000298
2012-03-16,0.07999999821,0.07999999821
2012-03-19,0.07500000298,0.07500000298
2012-03-20,0.09499999881,0.09499999881
2012-03-21,0.08500000089,0.08500000089
2012-03-22,0.0700000003,0.0700000003
2012-03-23,0.0700000003,0.0700000003
2012-03-26,0.0700000003,0.0700000003
2012-03-27,0.07999999821,0.07999999821
2012-03-28,0.07500000298,0.07500000298
2012-03-29,0.0549999997,0.0549999997
2012-03-30,0.06499999762,0.06499999762
2012-04-02,0.05999999866,0.05999999866
2012-04-03,0.07500000298,0.07500000298
2012-04-04,0.0700000003,0.0700000003
2012-04-05,0.0700000003,0.0700000003
2012-04-09,0.07500000298,0.07500000298
2012-04-10,0.08500000089,0.08500000089
2012-04-11,0.08500000089,0.08500000089
2012-04-12,0.08500000089,0.08500000089
2012-04-13,0.07999999821,0.07999999821
2012-04-16,0.07500000298,0.07500000298
2012-04-17,0.07500000298,0.07500000298
2012-04-18,0.06499999762,0.06499999762
2012-04-19,0.06499999762,0.06499999762
2012-04-20,0.06499999762,0.06499999762
2012-04-23,0.0700000003,0.0700000003
2012-04-24,0.07999999821,0.07999999821
2012-04-25,0.08500000089,0.08500000089
2012-04-26,0.08500000089,0.08500000089
2012-04-27,0.08500000089,0.08500000089
2012-04-30,0.09000000358,0.09000000358
2012-05-01,0.08500000089,0.08500000089
2012-05-02,0.07999999821,0.07999999821
2012-05-03,0.07500000298,0.07500000298
2012-05-04,0.0700000003,0.0700000003
2012-05-07,0.07500000298,0.07500000298
2012-05-08,0.09000000358,0.09000000358
2012-05-09,0.09000000358,0.09000000358
2012-05-10,0.09000000358,0.09000000358
2012-05-11,0.09000000358,0.09000000358
2012-05-14,0.08500000089,0.08500000089
2012-05-15,0.09000000358,0.09000000358
2012-05-16,0.09499999881,0.09499999881
2012-05-17,0.09000000358,0.09000000358
2012-05-18,0.07500000298,0.07500000298
2012-05-21,0.05999999866,0.05999999866
2012-05-22,0.08500000089,0.08500000089
2012-05-23,0.07999999821,0.07999999821
2012-05-24,0.09000000358,0.09000000358
2012-05-25,0.07999999821,0.07999999821
2012-05-29,0.07500000298,0.07500000298
2012-05-30,0.06499999762,0.06499999762
2012-05-31,0.05999999866,0.05999999866
2012-06-01,0.06499999762,0.06499999762
2012-06-04,0.06499999762,0.06499999762
2012-06-05,0.07999999821,0.07999999821
2012-06-06,0.07999999821,0.07999999821
2012-06-07,0.07999999821,0.07999999821
2012-06-08,0.07999999821,0.07999999821
2012-06-11,0.07500000298,0.07500000298
2012-06-12,0.09000000358,0.09000000358
2012-06-13,0.09000000358,0.09000000358
2012-06-14,0.09499999881,0.09499999881
2012-06-15,0.08500000089,0.08500000089
2012-06-18,0.07500000298,0.07500000298
2012-06-19,0.09000000358,0.09000000358
2012-06-20,0.07999999821,0.07999999821
2012-06-21,0.07500000298,0.07500000298
2012-06-22,0.07500000298,0.07500000298
2012-06-25,0.07500000298,0.07500000298
2012-06-26,0.09499999881,0.09499999881
2012-06-27,0.07999999821,0.07999999821
2012-06-28,0.07500000298,0.07500000298
2012-06-29,0.07999999821,0.07999999821
2012-07-02,0.0700000003,0.0700000003
2012-07-03,0.07500000298,0.07500000298
2012-07-05,0.07500000298,0.07500000298
2012-07-06,0.0700000003,0.0700000003
2012-07-09,0.0700000003,0.0700000003
2012-07-10,0.09000000358,0.09000000358
2012-07-11,0.09000000358,0.09000000358
2012-07-12,0.09499999881,0.09499999881
2012-07-13,0.09000000358,0.09000000358
2012-07-16,0.08500000089,0.08500000089
2012-07-17,0.09499999881,0.09499999881
2012-07-18,0.08500000089,0.08500000089
2012-07-19,0.07999999821,0.07999999821
2012-07-20,0.08500000089,0.08500000089
2012-07-23,0.09000000358,0.09000000358
2012-07-24,0.09499999881,0.09499999881
2012-07-25,0.09499999881,0.09499999881
2012-07-26,0.1000000015,0.1000000015
2012-07-27,0.1000000015,0.1000000015
2012-07-30,0.09000000358,0.09000000358
2012-07-31,0.1000000015,0.1000000015
2012-08-01,0.09000000358,0.09000000358
2012-08-02,0.08500000089,0.08500000089
2012-08-03,0.07500000298,0.07500000298
2012-08-06,0.07500000298,0.07500000298
2012-08-07,0.1000000015,0.1000000015
2012-08-08,0.1049999967,0.1049999967
2012-08-09,0.1099999994,0.1099999994
2012-08-10,0.09499999881,0.09499999881
2012-08-13,0.09499999881,0.09499999881
2012-08-14,0.1049999967,0.1049999967
2012-08-15,0.07999999821,0.07999999821
2012-08-16,0.07500000298,0.07500000298
2012-08-17,0.07999999821,0.07999999821
2012-08-20,0.08500000089,0.08500000089
2012-08-21,0.1049999967,0.1049999967
2012-08-22,0.1000000015,0.1000000015
2012-08-23,0.09499999881,0.09499999881
2012-08-24,0.09000000358,0.09000000358
2012-08-27,0.09499999881,0.09499999881
2012-08-28,0.1000000015,0.1000000015
2012-08-29,0.09499999881,0.09499999881
2012-08-30,0.09000000358,0.09000000358
2012-08-31,0.08500000089,0.08500000089
2012-09-04,0.09000000358,0.09000000358
2012-09-05,0.1000000015,0.1000000015
2012-09-06,0.1000000015,0.1000000015
2012-09-07,0.1000000015,0.1000000015
2012-09-10,0.09499999881,0.09499999881
2012-09-11,0.1000000015,0.1000000015
2012-09-12,0.09499999881,0.09499999881
2012-09-13,0.09499999881,0.09499999881
2012-09-14,0.09499999881,0.09499999881
2012-09-17,0.09000000358,0.09000000358
2012-09-18,0.1000000015,0.1000000015
2012-09-19,0.1049999967,0.1049999967
2012-09-20,0.1049999967,0.1049999967
2012-09-21,0.1000000015,0.1000000015
2012-09-24,0.09499999881,0.09499999881
2012-09-25,0.1049999967,0.1049999967
2012-09-26,0.1000000015,0.1000000015
2012-09-27,0.08500000089,0.08500000089
2012-09-28,0.09000000358,0.09000000358
2012-10-01,0.07999999821,0.07999999821
2012-10-02,0.09000000358,0.09000000358
2012-10-03,0.08500000089,0.08500000089
2012-10-04,0.09499999881,0.09499999881
2012-10-05,0.1000000015,0.1000000015
2012-10-08,0.09499999881,0.09499999881
2012-10-09,0.09499999881,0.09499999881
2012-10-10,0.09499999881,0.09499999881
2012-10-11,0.09499999881,0.09499999881
2012-10-12,0.1000000015,0.1000000015
2012-10-15,0.09499999881,0.09499999881
2012-10-16,0.1000000015,0.1000000015
2012-10-17,0.1049999967,0.1049999967
2012-10-18,0.09499999881,0.09499999881
2012-10-19,0.09000000358,0.09000000358
2012-10-22,0.09000000358,0.09000000358
2012-10-23,0.1000000015,0.1000000015
2012-10-24,0.1049999967,0.1049999967
2012-10-25,0.1099999994,0.1099999994
2012-10-26,0.1049999967,0.1049999967
2012-10-31,0.1049999967,0.1049999967
2012-11-01,0.09000000358,0.09000000358
2012-11-02,0.09000000358,0.09000000358
2012-11-05,0.09000000358,0.09000000358
2012-11-06,0.1000000015,0.1000000015
2012-11-07,0.09000000358,0.09000000358
2012-11-08,0.08500000089,0.08500000089
2012-11-09,0.09000000358,0.09000000358
2012-11-12,0.0869999975,0.0869999975
2012-11-13,0.08500000089,0.08500000089
2012-11-14,0.09499999881,0.09499999881
2012-11-15,0.07500000298,0.07500000298
2012-11-16,0.07500000298,0.07500000298
2012-11-19,0.07500000298,0.07500000298
2012-11-20,0.08500000089,0.08500000089
2012-11-21,0.09000000358,0.09000000358
2012-11-23,0.09000000358,0.09000000358
2012-11-26,0.09000000358,0.09000000358
2012-11-27,0.09499999881,0.09499999881
2012-11-28,0.09200000018,0.09200000018
2012-11-29,0.07999999821,0.07999999821
2012-11-30,0.07500000298,0.07500000298
2012-12-03,0.07699999958,0.07699999958
2012-12-04,0.09000000358,0.09000000358
2012-12-05,0.09000000358,0.09000000358
2012-12-06,0.09000000358,0.09000000358
2012-12-07,0.07999999821,0.07999999821
2012-12-10,0.07500000298,0.07500000298
2012-12-11,0.07500000298,0.07500000298
2012-12-12,0.05999999866,0.05999999866
2012-12-13,0.05200000107,0.05200000107
2012-12-14,0.02500000037,0.02500000037
2012-12-17,0.02199999988,0.02199999988
2012-12-18,0.0549999997,0.0549999997
2012-12-19,0.04500000179,0.04500000179
2012-12-20,0.05000000075,0.05000000075
2012-12-21,0.05000000075,0.05000000075
2012-12-24,0.05000000075,0.05000000075
2012-12-26,0.0549999997,0.0549999997
2012-12-27,0.0700000003,0.0700000003
2012-12-28,0.009999999776,0.009999999776
2012-12-31,0.03500000015,0.03500000015
2013-01-02,0.0549999997,0.0549999997
2013-01-03,0.06499999762,0.06499999762
2013-01-04,0.06499999762,0.06499999762
2013-01-07,0.05799999833,0.05799999833
2013-01-08,0.05999999866,0.05999999866
2013-01-09,0.0549999997,0.0549999997
2013-01-10,0.0549999997,0.0549999997
2013-01-11,0.06300000101,0.06300000101
2013-01-14,0.05999999866,0.05999999866
2013-01-15,0.07999999821,0.07999999821
2013-01-16,0.0719999969,0.0719999969
2013-01-17,0.0700000003,0.0700000003
2013-01-18,0.0700000003,0.0700000003
2013-01-22,0.05999999866,0.05999999866
2013-01-23,0.0700000003,0.0700000003
2013-01-24,0.07500000298,0.07500000298
2013-01-25,0.0700000003,0.0700000003
2013-01-28,0.05999999866,0.05999999866
2013-01-29,0.06300000101,0.06300000101
2013-01-30,0.05999999866,0.05999999866
2013-01-31,0.06499999762,0.06499999762
2013-02-01,0.05999999866,0.05999999866
2013-02-04,0.0549999997,0.0549999997
2013-02-05,0.0700000003,0.0700000003
2013-02-06,0.06499999762,0.06499999762
2013-02-07,0.06499999762,0.06499999762
2013-02-08,0.06499999762,0.06499999762
2013-02-11,0.06499999762,0.06499999762
2013-02-12,0.08299999684,0.08299999684
2013-02-13,0.08500000089,0.08500000089
2013-02-14,0.09499999881,0.09499999881
2013-02-15,0.09499999881,0.09499999881
2013-02-19,0.1000000015,0.1000000015
2013-02-20,0.1150000021,0.1150000021
2013-02-21,0.1199999973,0.1199999973
2013-02-22,0.1199999973,0.1199999973
2013-02-25,0.1150000021,0.1150000021
2013-02-26,0.1099999994,0.1099999994
2013-02-27,0.1000000015,0.1000000015
2013-02-28,0.1000000015,0.1000000015
2013-03-01,0.1000000015,0.1000000015
2013-03-04,0.08500000089,0.08500000089
2013-03-05,0.08500000089,0.08500000089
2013-03-06,0.09200000018,0.09200000018
2013-03-07,0.09000000358,0.09000000358
2013-03-08,0.0869999975,0.0869999975
2013-03-11,0.0869999975,0.0869999975
2013-03-12,0.09200000018,0.09200000018
2013-03-13,0.08500000089,0.08500000089
2013-03-14,0.09000000358,0.09000000358
2013-03-15,0.08299999684,0.08299999684
2013-03-18,0.0719999969,0.0719999969
2013-03-19,0.0700000003,0.0700000003
2013-03-20,0.06300000101,0.06300000101
2013-03-21,0.05999999866,0.05999999866
2013-03-22,0.06499999762,0.06499999762
2013-03-25,0.05799999833,0.05799999833
2013-03-26,0.0719999969,0.0719999969
2013-03-27,0.07999999821,0.07999999821
2013-03-28,0.06499999762,0.06499999762
2013-04-01,0.06499999762,0.06499999762
2013-04-02,0.0680000037,0.0680000037
2013-04-03,0.0549999997,0.0549999997
2013-04-04,0.06499999762,0.06499999762
2013-04-05,0.05999999866,0.05999999866
2013-04-08,0.0549999997,0.0549999997
2013-04-09,0.06300000101,0.06300000101
2013-04-10,0.06499999762,0.06499999762
2013-04-11,0.06300000101,0.06300000101
2013-04-12,0.0549999997,0.0549999997
2013-04-15,0.0549999997,0.0549999997
2013-04-16,0.05200000107,0.05200000107
2013-04-17,0.05000000075,0.05000000075
2013-04-18,0.05000000075,0.05000000075
2013-04-19,0.04500000179,0.04500000179
2013-04-22,0.04500000179,0.04500000179
2013-04-23,0.04500000179,0.04500000179
2013-04-24,0.04800000042,0.04800000042
2013-04-25,0.05000000075,0.05000000075
2013-04-26,0.04500000179,0.04500000179
2013-04-29,0.04500000179,0.04500000179
2013-04-30,0.04500000179,0.04500000179
2013-05-01,0.05000000075,0.05000000075
2013-05-02,0.05000000075,0.05000000075
2013-05-03,0.04500000179,0.04500000179
2013-05-06,0.02999999933,0.02999999933
2013-05-07,0.03500000015,0.03500000015
2013-05-08,0.03500000015,0.03500000015
2013-05-09,0.03500000015,0.03500000015
2013-05-10,0.03500000015,0.03500000015
2013-05-13,0.03500000015,0.03500000015
2013-05-14,0.03999999911,0.03999999911
2013-05-15,0.03700000048,0.03700000048
2013-05-16,0.02500000037,0.02500000037
2013-05-17,0.02999999933,0.02999999933
2013-05-20,0.03500000015,0.03500000015
2013-05-21,0.03999999911,0.03999999911
2013-05-22,0.03500000015,0.03500000015
2013-05-23,0.03999999911,0.03999999911
2013-05-24,0.03700000048,0.03700000048
2013-05-28,0.03500000015,0.03500000015
2013-05-29,0.03999999911,0.03999999911
2013-05-30,0.02500000037,0.02500000037
2013-05-31,0.02999999933,0.02999999933
2013-06-03,0.02999999933,0.02999999933
2013-06-04,0.03999999911,0.03999999911
2013-06-05,0.04500000179,0.04500000179
2013-06-06,0.04500000179,0.04500000179
2013-06-07,0.03999999911,0.03999999911
2013-06-10,0.03999999911,0.03999999911
2013-06-11,0.04500000179,0.04500000179
2013-06-12,0.03999999911,0.03999999911
2013-06-13,0.04300000146,0.04300000146
2013-06-14,0.03999999911,0.03999999911
2013-06-17,0.03999999911,0.03999999911
2013-06-18,0.04500000179,0.04500000179
2013-06-19,0.03999999911,0.03999999911
2013-06-20,0.03999999911,0.03999999911
2013-06-21,0.03999999911,0.03999999911
2013-06-24,0.03999999911,0.03999999911
2013-06-25,0.05799999833,0.05799999833
2013-06-26,0.0549999997,0.0549999997
2013-06-27,0.04500000179,0.04500000179
2013-06-28,0.02999999933,0.02999999933
2013-07-01,0.009999999776,0.009999999776
2013-07-02,0.03500000015,0.03500000015
2013-07-03,0.03500000015,0.03500000015
2013-07-05,0.03500000015,0.03500000015
2013-07-08,0.03500000015,0.03500000015
2013-07-09,0.03500000015,0.03500000015
2013-07-10,0.02999999933,0.02999999933
2013-07-11,0.02999999933,0.02999999933
2013-07-12,0.02999999933,0.02999999933
2013-07-15,0.01999999955,0.01999999955
2013-07-16,0.03500000015,0.03500000015
2013-07-17,0.02500000037,0.02500000037
2013-07-18,0.02199999988,0.02199999988
2013-07-19,0.01999999955,0.01999999955
2013-07-22,0.004999999888,0.004999999888
2013-07-23,0.01999999955,0.01999999955
2013-07-24,0.01999999955,0.01999999955
2013-07-25,0.01499999966,0.01499999966
2013-07-26,0.01499999966,0.01499999966
2013-07-29,0.01999999955,0.01999999955
2013-07-30,0.02999999933,0.02999999933
2013-07-31,0.02999999933,0.02999999933
2013-08-01,0.03500000015,0.03500000015
2013-08-02,0.02999999933,0.02999999933
2013-08-05,0.03500000015,0.03500000015
2013-08-06,0.03999999911,0.03999999911
2013-08-07,0.03999999911,0.03999999911
2013-08-08,0.04500000179,0.04500000179
2013-08-09,0.04800000042,0.04800000042
2013-08-12,0.04800000042,0.04800000042
2013-08-13,0.05200000107,0.05200000107
2013-08-14,0.05000000075,0.05000000075
2013-08-15,0.04500000179,0.04500000179
2013-08-16,0.03999999911,0.03999999911
2013-08-19,0.03999999911,0.03999999911
2013-08-20,0.04500000179,0.04500000179
2013-08-21,0.03299999982,0.03299999982
2013-08-22,0.01999999955,0.01999999955
2013-08-23,0.02199999988,0.02199999988
2013-08-26,0.01300000027,0.01300000027
2013-08-27,0.03299999982,0.03299999982
2013-08-28,0.02999999933,0.02999999933
2013-08-29,0.01999999955,0.01999999955
2013-08-30,0.01999999955,0.01999999955
2013-09-03,0.01499999966,0.01499999966
2013-09-04,0.01499999966,0.01499999966
2013-09-05,0.01499999966,0.01499999966
2013-09-06,0.01499999966,0.01499999966
2013-09-09,0.009999999776,0.009999999776
2013-09-10,0.01499999966,0.01499999966
2013-09-11,0.01499999966,0.01499999966
2013-09-12,0.009999999776,0.009999999776
2013-09-13,0.009999999776,0.009999999776
2013-09-16,0.003000000026,0.003000000026
2013-09-17,0.004999999888,0.004999999888
2013-09-18,0.004999999888,0.004999999888
2013-09-19,0.004999999888,0.004999999888
2013-09-20,0.004999999888,0.004999999888
2013-09-23,0.004999999888,0.004999999888
2013-09-24,0.01499999966,0.01499999966
2013-09-25,0.01499999966,0.01499999966
2013-09-26,0.003000000026,0.003000000026
2013-09-27,0.004999999888,0.004999999888
2013-09-30,0.004999999888,0.004999999888
2013-10-01,0.01300000027,0.01300000027
2013-10-02,0.009999999776,0.009999999776
2013-10-03,0.01999999955,0.01999999955
2013-10-04,0.01799999923,0.01799999923
2013-10-07,0.01799999923,0.01799999923
2013-10-08,0.04500000179,0.04500000179
2013-10-09,0.03700000048,0.03700000048
2013-10-10,0.03999999911,0.03999999911
2013-10-11,0.06300000101,0.06300000101
2013-10-14,0.05799999833,0.05799999833
2013-10-15,0.09200000018,0.09200000018
2013-10-16,0.09200000018,0.09200000018
2013-10-17,0.03700000048,0.03700000048
2013-10-18,0.02500000037,0.02500000037
2013-10-21,0.02500000037,0.02500000037
2013-10-22,0.03299999982,0.03299999982
2013-10-23,0.02999999933,0.02999999933
2013-10-24,0.02999999933,0.02999999933
2013-10-25,0.02999999933,0.02999999933
2013-10-28,0.01999999955,0.01999999955
2013-10-29,0.03999999911,0.03999999911
2013-10-30,0.03500000015,0.03500000015
2013-10-31,0.03299999982,0.03299999982
2013-11-01,0.03299999982,0.03299999982
2013-11-04,0.03299999982,0.03299999982
2013-11-05,0.04500000179,0.04500000179
2013-11-06,0.04500000179,0.04500000179
2013-11-07,0.04800000042,0.04800000042
2013-11-08,0.05200000107,0.05200000107
2013-11-11,0.05200000107,0.05200000107
2013-11-12,0.05799999833,0.05799999833
2013-11-13,0.0700000003,0.0700000003
2013-11-14,0.0680000037,0.0680000037
2013-11-15,0.0700000003,0.0700000003
2013-11-18,0.06499999762,0.06499999762
2013-11-19,0.07999999821,0.07999999821
2013-11-20,0.07699999958,0.07699999958
2013-11-21,0.0700000003,0.0700000003
2013-11-22,0.06499999762,0.06499999762
2013-11-25,0.05999999866,0.05999999866
2013-11-26,0.0680000037,0.0680000037
2013-11-27,0.06300000101,0.06300000101
2013-11-29,0.0549999997,0.0549999997
2013-12-02,0.05000000075,0.05000000075
2013-12-03,0.03500000015,0.03500000015
2013-12-04,0.05200000107,0.05200000107
2013-12-05,0.04800000042,0.04800000042
2013-12-06,0.05200000107,0.05200000107
2013-12-09,0.05200000107,0.05200000107
2013-12-10,0.0700000003,0.0700000003
2013-12-11,0.0680000037,0.0680000037
2013-12-12,0.06300000101,0.06300000101
2013-12-13,0.05999999866,0.05999999866
2013-12-16,0.05799999833,0.05799999833
2013-12-17,0.06300000101,0.06300000101
2013-12-18,0.05999999866,0.05999999866
2013-12-19,0.05799999833,0.05799999833
2013-12-20,0.0549999997,0.0549999997
2013-12-23,0.05799999833,0.05799999833
2013-12-24,0.0680000037,0.0680000037
2013-12-26,0.05999999866,0.05999999866
2013-12-27,0.05799999833,0.05799999833
2013-12-30,0.0549999997,0.0549999997
2013-12-31,0.06300000101,0.06300000101
2014-01-02,0.05799999833,0.05799999833
2014-01-03,0.05799999833,0.05799999833
2014-01-06,0.04500000179,0.04500000179
2014-01-07,0.04300000146,0.04300000146
2014-01-08,0.03999999911,0.03999999911
2014-01-09,0.03299999982,0.03299999982
2014-01-10,0.03299999982,0.03299999982
2014-01-13,0.02999999933,0.02999999933
2014-01-14,0.03299999982,0.03299999982
2014-01-15,0.03500000015,0.03500000015
2014-01-16,0.02999999933,0.02999999933
2014-01-17,0.02999999933,0.02999999933
2014-01-21,0.02800000086,0.02800000086
2014-01-22,0.02999999933,0.02999999933
2014-01-23,0.02999999933,0.02999999933
2014-01-24,0.03299999982,0.03299999982
2014-01-27,0.04800000042,0.04800000042
2014-01-28,0.04500000179,0.04500000179
2014-01-29,0.03999999911,0.03999999911
2014-01-30,0.01499999966,0.01499999966
2014-01-31,0.009999999776,0.009999999776
2014-02-03,0.01999999955,0.01999999955
2014-02-04,0.0549999997,0.0549999997
2014-02-05,0.0549999997,0.0549999997
2014-02-06,0.05999999866,0.05999999866
2014-02-07,0.0719999969,0.0719999969
2014-02-10,0.0549999997,0.0549999997
2014-02-11,0.04500000179,0.04500000179
2014-02-12,0.04300000146,0.04300000146
2014-02-13,0.02500000037,0.02500000037
2014-02-14,0.009999999776,0.009999999776
2014-02-18,0.01499999966,0.01499999966
2014-02-19,0.04500000179,0.04500000179
2014-02-20,0.03999999911,0.03999999911
2014-02-21,0.03500000015,0.03500000015
2014-02-24,0.03299999982,0.03299999982
2014-02-25,0.03999999911,0.03999999911
2014-02-26,0.03999999911,0.03999999911
2014-02-27,0.03500000015,0.03500000015
2014-02-28,0.04300000146,0.04300000146
2014-03-03,0.04300000146,0.04300000146
2014-03-04,0.04800000042,0.04800000042
2014-03-05,0.05000000075,0.05000000075
2014-03-06,0.04500000179,0.04500000179
2014-03-07,0.04500000179,0.04500000179
2014-03-10,0.03999999911,0.03999999911
2014-03-11,0.04500000179,0.04500000179
2014-03-12,0.03999999911,0.03999999911
2014-03-13,0.03999999911,0.03999999911
2014-03-14,0.03999999911,0.03999999911
2014-03-17,0.04300000146,0.04300000146
2014-03-18,0.05000000075,0.05000000075
2014-03-19,0.05000000075,0.05000000075
2014-03-20,0.05200000107,0.05200000107
2014-03-21,0.04500000179,0.04500000179
2014-03-24,0.04300000146,0.04300000146
2014-03-25,0.04500000179,0.04500000179
2014-03-26,0.03700000048,0.03700000048
2014-03-27,0.03299999982,0.03299999982
2014-03-28,0.03299999982,0.03299999982
2014-03-31,0.02800000086,0.02800000086
2014-04-01,0.02999999933,0.02999999933
2014-04-02,0.01799999923,0.01799999923
2014-04-03,0.01499999966,0.01499999966
2014-04-04,0.01999999955,0.01999999955
2014-04-07,0.01999999955,0.01999999955
2014-04-08,0.02500000037,0.02500000037
2014-04-09,0.02800000086,0.02800000086
2014-04-10,0.02800000086,0.02800000086
2014-04-11,0.02999999933,0.02999999933
2014-04-14,0.02999999933,0.02999999933
2014-04-15,0.02999999933,0.02999999933
2014-04-16,0.02500000037,0.02500000037
2014-04-17,0.02500000037,0.02500000037
2014-04-21,0.02500000037,0.02500000037
2014-04-22,0.02500000037,0.02500000037
2014-04-23,0.01499999966,0.01499999966
2014-04-24,0.007000000216,0.007000000216
2014-04-25,0.007000000216,0.007000000216
2014-04-28,0.003000000026,0.003000000026
2014-04-29,0.01499999966,0.01499999966
2014-04-30,0.01999999955,0.01999999955
2014-05-01,0.01799999923,0.01799999923
2014-05-02,0.01499999966,0.01499999966
2014-05-05,0.01499999966,0.01499999966
2014-05-06,0.01999999955,0.01999999955
2014-05-07,0.01999999955,0.01999999955
2014-05-08,0.02199999988,0.02199999988
2014-05-09,0.02199999988,0.02199999988
2014-05-12,0.01999999955,0.01999999955
2014-05-13,0.01999999955,0.01999999955
2014-05-14,0.01999999955,0.01999999955
2014-05-15,0.01799999923,0.01799999923
2014-05-16,0.01499999966,0.01499999966
2014-05-19,0.01799999923,0.01799999923
2014-05-20,0.02500000037,0.02500000037
2014-05-21,0.02500000037,0.02500000037
2014-05-22,0.02800000086,0.02800000086
2014-05-23,0.02800000086,0.02800000086
2014-05-27,0.02800000086,0.02800000086
2014-05-28,0.02800000086,0.02800000086
2014-05-29,0.02999999933,0.02999999933
2014-05-30,0.02999999933,0.02999999933
2014-06-02,0.02500000037,0.02500000037
2014-06-03,0.02999999933,0.02999999933
2014-06-04,0.02999999933,0.02999999933
2014-06-05,0.02999999933,0.02999999933
2014-06-06,0.02800000086,0.02800000086
2014-06-09,0.02999999933,0.02999999933
2014-06-10,0.03500000015,0.03500000015
2014-06-11,0.03299999982,0.03299999982
2014-06-12,0.03299999982,0.03299999982
2014-06-13,0.02999999933,0.02999999933
2014-06-16,0.02500000037,0.02500000037
2014-06-17,0.03299999982,0.03299999982
2014-06-18,0.01799999923,0.01799999923
2014-06-19,0.009999999776,0.009999999776
2014-06-20,0.009999999776,0.009999999776
2014-06-23,0.004999999888,0.004999999888
2014-06-24,0.02199999988,0.02199999988
2014-06-25,0.01999999955,0.01999999955
2014-06-26,0.02500000037,0.02500000037
2014-06-27,0.01799999923,0.01799999923
2014-06-30,0.01999999955,0.01999999955
2014-07-01,0.02500000037,0.02500000037
2014-07-02,0.007000000216,0.007000000216
2014-07-03,0.003000000026,0.003000000026
2014-07-07,0.007000000216,0.007000000216
2014-07-08,0.02500000037,0.02500000037
2014-07-09,0.01499999966,0.01499999966
2014-07-10,0.01499999966,0.01499999966
2014-07-11,0.01499999966,0.01499999966
2014-07-14,0.01499999966,0.01499999966
2014-07-15,0.01999999955,0.01999999955
2014-07-16,0.01799999923,0.01799999923
2014-07-17,0.007000000216,0.007000000216
2014-07-18,0.009999999776,0.009999999776
2014-07-21,0.01300000027,0.01300000027
2014-07-22,0.01999999955,0.01999999955
2014-07-23,0.01999999955,0.01999999955
2014-07-24,0.01999999955,0.01999999955
2014-07-25,0.01999999955,0.01999999955
2014-07-28,0.02500000037,0.02500000037
2014-07-29,0.02800000086,0.02800000086
2014-07-30,0.02800000086,0.02800000086
2014-07-31,0.01799999923,0.01799999923
2014-08-01,0.01799999923,0.01799999923
2014-08-04,0.01499999966,0.01499999966
2014-08-05,0.02500000037,0.02500000037
2014-08-06,0.01999999955,0.01999999955
2014-08-07,0.01999999955,0.01999999955
2014-08-08,0.01999999955,0.01999999955
2014-08-11,0.02500000037,0.02500000037
2014-08-12,0.02500000037,0.02500000037
2014-08-13,0.02999999933,0.02999999933
2014-08-14,0.02800000086,0.02800000086
2014-08-15,0.02199999988,0.02199999988
2014-08-18,0.02199999988,0.02199999988
2014-08-19,0.02500000037,0.02500000037
2014-08-20,0.02500000037,0.02500000037
2014-08-21,0.01499999966,0.01499999966
2014-08-22,0.01499999966,0.01499999966
2014-08-25,0.01499999966,0.01499999966
2014-08-26,0.02500000037,0.02500000037
2014-08-27,0.02500000037,0.02500000037
2014-08-28,0.02199999988,0.02199999988
2014-08-29,0.01799999923,0.01799999923
2014-09-02,0.01999999955,0.01999999955
2014-09-03,0.01999999955,0.01999999955
2014-09-04,0.01999999955,0.01999999955
2014-09-05,0.01999999955,0.01999999955
2014-09-08,0.01999999955,0.01999999955
2014-09-09,0.01499999966,0.01499999966
2014-09-10,0.01499999966,0.01499999966
2014-09-11,0.009999999776,0.009999999776
2014-09-12,0.009999999776,0.009999999776
2014-09-15,0.009999999776,0.009999999776
2014-09-16,0.01499999966,0.01499999966
2014-09-17,0.01300000027,0.01300000027
2014-09-18,0.009999999776,0.009999999776
2014-09-19,0.007000000216,0.007000000216
2014-09-22,0.003000000026,0.003000000026
2014-09-23,0.007000000216,0.007000000216
2014-09-24,0.007000000216,0.007000000216
2014-09-25,0.004999999888,0.004999999888
2014-09-26,0.004999999888,0.004999999888
2014-09-29,0.004999999888,0.004999999888
2014-09-30,0.01300000027,0.01300000027
2014-10-01,0.01300000027,0.01300000027
2014-10-02,0.009999999776,0.009999999776
2014-10-03,0.009999999776,0.009999999776
2014-10-06,0.009999999776,0.009999999776
2014-10-07,0.009999999776,0.009999999776
2014-10-08,0.004999999888,0.004999999888
2014-10-09,0.004999999888,0.004999999888
2014-10-10,0.004999999888,0.004999999888
2014-10-13,0.004999999888,0.004999999888
2014-10-14,0.004999999888,0.004999999888
2014-10-15,0.009999999776,0.009999999776
2014-10-16,0.01999999955,0.01999999955
2014-10-17,0.02199999988,0.02199999988
2014-10-20,0.01999999955,0.01999999955
2014-10-21,0.01799999923,0.01799999923
2014-10-22,0.01499999966,0.01499999966
2014-10-23,0.01499999966,0.01499999966
2014-10-24,0.004999999888,0.004999999888
2014-10-27,0.004999999888,0.004999999888
2014-10-28,0.01499999966,0.01499999966
2014-10-29,0.01499999966,0.01499999966
2014-10-30,0.003000000026,0.003000000026
2014-10-31,0.003000000026,0.003000000026
2014-11-03,0.003000000026,0.003000000026
2014-11-04,0.02199999988,0.02199999988
2014-11-05,0.01999999955,0.01999999955
2014-11-06,0.01799999923,0.01799999923
2014-11-07,0.01799999923,0.01799999923
2014-11-10,0.01499999966,0.01499999966
2014-11-11,0.01499999966,0.01499999966
2014-11-12,0.01300000027,0.01300000027
2014-11-13,0.004999999888,0.004999999888
2014-11-14,0.003000000026,0.003000000026
2014-11-17,0.009999999776,0.009999999776
2014-11-18,0.01499999966,0.01499999966
2014-11-19,0.01499999966,0.01499999966
2014-11-20,0.01499999966,0.01499999966
2014-11-21,0.003000000026,0.003000000026
2014-11-24,0.004999999888,0.004999999888
2014-11-25,0.01799999923,0.01799999923
2014-11-26,0.009999999776,0.009999999776
2014-11-28,0.004999999888,0.004999999888
2014-12-01,0.007000000216,0.007000000216
2014-12-02,0.01499999966,0.01499999966
2014-12-03,0.004999999888,0.004999999888
2014-12-04,0.01300000027,0.01300000027
2014-12-05,0.009999999776,0.009999999776
2014-12-08,0.004999999888,0.004999999888
2014-12-09,0.02800000086,0.02800000086
2014-12-10,0.02500000037,0.02500000037
2014-12-11,0.02199999988,0.02199999988
2014-12-12,0.01499999966,0.01499999966
2014-12-15,0.009999999776,0.009999999776
2014-12-16,0.02999999933,0.02999999933
2014-12-17,0.01999999955,0.01999999955
2014-12-18,0.03299999982,0.03299999982
2014-12-19,0.02500000037,0.02500000037
2014-12-22,0.01499999966,0.01499999966
2014-12-23,0.01999999955,0.01999999955
2014-12-24,0.01999999955,0.01999999955
2014-12-26,0.009999999776,0.009999999776
2014-12-29,0.003000000026,0.003000000026
2014-12-30,0.01999999955,0.01999999955
2014-12-31,0.03700000048,0.03700000048
2015-01-02,0.01499999966,0.01499999966
2015-01-05,0.003000000026,0.003000000026
2015-01-06,0.01999999955,0.01999999955
2015-01-07,0.01999999955,0.01999999955
2015-01-08,0.01799999923,0.01799999923
2015-01-09,0.01499999966,0.01499999966
2015-01-12,0.01300000027,0.01300000027
2015-01-13,0.02300000004,0.02300000004
2015-01-14,0.02500000037,0.02500000037
2015-01-15,0.02300000004,0.02300000004
2015-01-16,0.01799999923,0.01799999923
2015-01-20,0.00800000038,0.00800000038
2015-01-21,0.01999999955,0.01999999955
2015-01-22,0.01499999966,0.01499999966
2015-01-23,0.01300000027,0.01300000027
2015-01-26,0.004999999888,0.004999999888
2015-01-27,0.01799999923,0.01799999923
2015-01-28,0.01499999966,0.01499999966
2015-01-29,0.009999999776,0.009999999776
2015-01-30,0.004999999888,0.004999999888
2015-02-02,0.004999999888,0.004999999888
2015-02-03,0.01499999966,0.01499999966
2015-02-04,0.004999999888,0.004999999888
2015-02-05,0.00800000038,0.00800000038
2015-02-06,0.01499999966,0.01499999966
2015-02-09,0.003000000026,0.003000000026
2015-02-10,0.004999999888,0.004999999888
2015-02-11,0.004999999888,0.004999999888
2015-02-12,0.00800000038,0.00800000038
2015-02-13,0.004999999888,0.004999999888
2015-02-17,0.00800000038,0.00800000038
2015-02-18,0.01300000027,0.01300000027
2015-02-19,0.01300000027,0.01300000027
2015-02-20,0.009999999776,0.009999999776
2015-02-23,0.01499999966,0.01499999966
2015-02-24,0.01799999923,0.01799999923
2015-02-25,0.01499999966,0.01499999966
2015-02-26,0.01300000027,0.01300000027
2015-02-27,0.00800000038,0.00800000038
2015-03-02,0.004999999888,0.004999999888
2015-03-03,0.01300000027,0.01300000027
2015-03-04,0.009999999776,0.009999999776
2015-03-05,0.003000000026,0.003000000026
2015-03-06,0.004999999888,0.004999999888
2015-03-09,0.004999999888,0.004999999888
2015-03-10,0.009999999776,0.009999999776
2015-03-11,0.01300000027,0.01300000027
2015-03-12,0.01799999923,0.01799999923
2015-03-13,0.02300000004,0.02300000004
2015-03-16,0.02999999933,0.02999999933
2015-03-17,0.04800000042,0.04800000042
2015-03-18,0.03799999878,0.03799999878
2015-03-19,0.009999999776,0.009999999776
2015-03-20,0.003000000026,0.003000000026
2015-03-23,0.003000000026,0.003000000026
2015-03-24,0.01499999966,0.01499999966
2015-03-25,0.01799999923,0.01799999923
2015-03-26,0.02800000086,0.02800000086
2015-03-27,0.02999999933,0.02999999933
2015-03-30,0.02300000004,0.02300000004
2015-03-31,0.02500000037,0.02500000037
2015-04-01,0.03299999982,0.03299999982
2015-04-02,0.009999999776,0.009999999776
2015-04-06,0.003000000026,0.003000000026
2015-04-07,0.01499999966,0.01499999966
2015-04-08,0.01799999923,0.01799999923
2015-04-09,0.01999999955,0.01999999955
2015-04-10,0.01499999966,0.01499999966
2015-04-13,0.004999999888,0.004999999888
2015-04-14,0.009999999776,0.009999999776
2015-04-15,0.01499999966,0.01499999966
2015-04-16,0.009999999776,0.009999999776
2015-04-17,0.01300000027,0.01300000027
2015-04-20,0.01300000027,0.01300000027
2015-04-21,0.01999999955,0.01999999955
2015-04-22,0.01999999955,0.01999999955
2015-04-23,0.01999999955,0.01999999955
2015-04-24,0.01499999966,0.01499999966
2015-04-27,0.01300000027,0.01300000027
2015-04-28,0.01300000027,0.01300000027
2015-04-29,0.003000000026,0.003000000026
2015-04-30,0.004999999888,0.004999999888
2015-05-01,0.003000000026,0.003000000026
2015-05-04,0.003000000026,0.003000000026
2015-05-05,0.00800000038,0.00800000038
2015-05-06,0.009999999776,0.009999999776
2015-05-07,0.004999999888,0.004999999888
2015-05-08,0.003000000026,0.003000000026
2015-05-11,0.004999999888,0.004999999888
2015-05-12,0.01300000027,0.01300000027
2015-05-13,0.009999999776,0.009999999776
2015-05-14,0.009999999776,0.009999999776
2015-05-15,0.009999999776,0.009999999776
2015-05-18,0.00800000038,0.00800000038
2015-05-19,0.009999999776,0.009999999776
2015-05-20,0.01300000027,0.01300000027
2015-05-21,0.01300000027,0.01300000027
2015-05-22,0.009999999776,0.009999999776
2015-05-26,0.009999999776,0.009999999776
2015-05-27,0.01300000027,0.01300000027
2015-05-28,0.003000000026,0.003000000026
2015-05-29,0.003000000026,0.003000000026
2015-06-01,0.00800000038,0.00800000038
2015-06-02,0.009999999776,0.009999999776
2015-06-03,0.009999999776,0.009999999776
2015-06-04,0.004999999888,0.004999999888
2015-06-05,0.009999999776,0.009999999776
2015-06-08,0.009999999776,0.009999999776
2015-06-09,0.01300000027,0.01300000027
2015-06-10,0.01300000027,0.01300000027
2015-06-11,0.00800000038,0.00800000038
2015-06-12,0.004999999888,0.004999999888
2015-06-15,0.003000000026,0.003000000026
2015-06-16,0.00800000038,0.00800000038
2015-06-17,0.003000000026,0.003000000026
2015-06-18,0.003000000026,0.003000000026
2015-06-19,0.003000000026,0.003000000026
2015-06-22,0.003000000026,0.003000000026
2015-06-23,0.00800000038,0.00800000038
2015-06-24,0.004999999888,0.004999999888
2015-06-25,0.004999999888,0.004999999888
2015-06-26,0.004999999888,0.004999999888
2015-06-29,0.004999999888,0.004999999888
2015-06-30,0.009999999776,0.009999999776
2015-07-01,0.003000000026,0.003000000026
2015-07-02,0.003000000026,0.003000000026
2015-07-06,0.004999999888,0.004999999888
2015-07-07,0.009999999776,0.009999999776
2015-07-08,0.009999999776,0.009999999776
2015-07-09,0.00800000038,0.00800000038
2015-07-10,0.00800000038,0.00800000038
2015-07-13,0.00800000038,0.00800000038
2015-07-14,0.009999999776,0.009999999776
2015-07-15,0.01300000027,0.01300000027
2015-07-16,0.009999999776,0.009999999776
2015-07-17,0.01300000027,0.01300000027
2015-07-20,0.02300000004,0.02300000004
2015-07-21,0.02999999933,0.02999999933
2015-07-22,0.02999999933,0.02999999933
2015-07-23,0.02999999933,0.02999999933
2015-07-24,0.02999999933,0.02999999933
2015-07-27,0.02800000086,0.02800000086
2015-07-28,0.04300000146,0.04300000146
2015-07-29,0.04500000179,0.04500000179
2015-07-30,0.05999999866,0.05999999866
2015-07-31,0.05799999833,0.05799999833
2015-08-03,0.06300000101,0.06300000101
2015-08-04,0.07500000298,0.07500000298
2015-08-05,0.07500000298,0.07500000298
2015-08-06,0.02800000086,0.02800000086
2015-08-07,0.0549999997,0.0549999997
2015-08-10,0.06499999762,0.06499999762
2015-08-11,0.09799999744,0.09799999744
2015-08-12,0.09000000358,0.09000000358
2015-08-13,0.08299999684,0.08299999684
2015-08-14,0.07999999821,0.07999999821
2015-08-17,0.05999999866,0.05999999866
2015-08-18,0.08500000089,0.08500000089
2015-08-19,0.03999999911,0.03999999911
2015-08-20,0.01499999966,0.01499999966
2015-08-21,0.01999999955,0.01999999955
2015-08-24,0.01499999966,0.01499999966
2015-08-25,0.05299999937,0.05299999937
2015-08-26,0.0549999997,0.0549999997
2015-08-27,0.05000000075,0.05000000075
2015-08-28,0.05000000075,0.05000000075
2015-08-31,0.003000000026,0.003000000026
2015-09-01,0.03799999878,0.03799999878
2015-09-02,0.02500000037,0.02500000037
2015-09-03,0.01499999966,0.01499999966
2015-09-04,0.02500000037,0.02500000037
2015-09-08,0.02500000037,0.02500000037
2015-09-09,0.03500000015,0.03500000015
2015-09-10,0.01499999966,0.01499999966
2015-09-11,0.02300000004,0.02300000004
2015-09-14,0.02500000037,0.02500000037
2015-09-15,0.05799999833,0.05799999833
2015-09-16,0.05299999937,0.05299999937
2015-09-17,0.003000000026,0.003000000026
2015-09-18,0.009999999776,0.009999999776
2015-09-21,0.01300000027,0.01300000027
2015-09-22,0.003000000026,0.003000000026
2015-09-23,0.003000000026,0.003000000026
2015-09-24,0.004999999888,0.004999999888
2015-09-25,0.01999999955,0.01999999955
2015-09-28,0.01300000027,0.01300000027
2015-09-29,0.003000000026,0.003000000026
2015-09-30,0.004999999888,0.004999999888
2015-10-01,0.01799999923,0.01799999923
2015-10-02,0.00800000038,0.00800000038
2015-10-05,0.00800000038,0.00800000038
2015-10-06,0.004999999888,0.004999999888
2015-10-07,0.004999999888,0.004999999888
2015-10-08,0.003000000026,0.003000000026
2015-10-09,0.003000000026,0.003000000026
2015-10-12,0.009999999776,0.009999999776
2015-10-13,0.004999999888,0.004999999888
2015-10-14,0.009999999776,0.009999999776
2015-10-15,0.004999999888,0.004999999888
2015-10-16,0.004999999888,0.004999999888
2015-10-19,0.004999999888,0.004999999888
2015-10-20,0.009999999776,0.009999999776
2015-10-21,0.004999999888,0.004999999888
2015-10-22,0.004999999888,0.004999999888
2015-10-23,0.003000000026,0.003000000026
2015-10-26,0.00800000038,0.00800000038
2015-10-27,0.009999999776,0.009999999776
2015-10-28,0.03500000015,0.03500000015
2015-10-29,0.05299999937,0.05299999937
2015-10-30,0.0680000037,0.0680000037
2015-11-02,0.05299999937,0.05299999937
2015-11-03,0.05799999833,0.05799999833
2015-11-04,0.0549999997,0.0549999997
2015-11-05,0.03999999911,0.03999999911
2015-11-06,0.07299999893,0.07299999893
2015-11-09,0.07500000298,0.07500000298
2015-11-10,0.125,0.125
2015-11-11,0.1230000034,0.1230000034
2015-11-12,0.1230000034,0.1230000034
2015-11-13,0.112999998,0.112999998
2015-11-16,0.09799999744,0.09799999744
2015-11-17,0.1350000054,0.1350000054
2015-11-18,0.1230000034,0.1230000034
2015-11-19,0.08799999952,0.08799999952
2015-11-20,0.09300000221,0.09300000221
2015-11-23,0.1049999967,0.1049999967
2015-11-24,0.1529999971,0.1529999971
2015-11-25,0.174999997,0.174999997
2015-11-27,0.1599999964,0.1599999964
2015-11-30,0.1700000018,0.1700000018
2015-12-01,0.2029999942,0.2029999942
2015-12-02,0.200000003,0.200000003
2015-12-03,0.1979999989,0.1979999989
2015-12-04,0.2049999982,0.2049999982
2015-12-07,0.2349999994,0.2349999994
2015-12-08,0.2680000067,0.2680000067
2015-12-09,0.2450000048,0.2450000048
2015-12-10,0.2300000042,0.2300000042
2015-12-11,0.2129999995,0.2129999995
2015-12-14,0.1979999989,0.1979999989
2015-12-15,0.25,0.25
2015-12-16,0.2349999994,0.2349999994
2015-12-17,0.2129999995,0.2129999995
2015-12-18,0.174999997,0.174999997
2015-12-21,0.1529999971,0.1529999971
2015-12-22,0.1930000037,0.1930000037
2015-12-23,0.1899999976,0.1899999976
2015-12-24,0.1829999983,0.1829999983
2015-12-28,0.1899999976,0.1899999976
2015-12-29,0.2150000036,0.2150000036
2015-12-30,0.1949999928,0.1949999928
2015-12-31,0.1480000019,0.1480000019
2016-01-04,0.1550000012,0.1550000012
2016-01-05,0.2049999982,0.2049999982
2016-01-06,0.2049999982,0.2049999982
2016-01-07,0.1899999976,0.1899999976
2016-01-08,0.1899999976,0.1899999976
2016-01-11,0.174999997,0.174999997
2016-01-12,0.2099999934,0.2099999934
2016-01-13,0.2150000036,0.2150000036
2016-01-14,0.2399999946,0.2399999946
2016-01-15,0.2230000049,0.2230000049
2016-01-19,0.2300000042,0.2300000042
2016-01-20,0.2529999912,0.2529999912
2016-01-21,0.2730000019,0.2730000019
2016-01-22,0.2879999876,0.2879999876
2016-01-25,0.275000006,0.275000006
2016-01-26,0.3000000119,0.3000000119
2016-01-27,0.3000000119,0.3000000119
2016-01-28,0.3179999888,0.3179999888
2016-01-29,0.3000000119,0.3000000119
2016-02-01,0.2949999869,0.2949999869
2016-02-02,0.3300000131,0.3300000131
2016-02-03,0.3330000043,0.3330000043
2016-02-04,0.2829999924,0.2829999924
2016-02-05,0.2779999971,0.2779999971
2016-02-08,0.2599999905,0.2599999905
2016-02-09,0.3000000119,0.3000000119
2016-02-10,0.2980000079,0.2980000079
2016-02-11,0.2730000019,0.2730000019
2016-02-12,0.2700000107,0.2700000107
2016-02-16,0.2730000019,0.2730000019
2016-02-17,0.2930000126,0.2930000126
2016-02-18,0.2879999876,0.2879999876
2016-02-19,0.2829999924,0.2829999924
2016-02-22,0.2930000126,0.2930000126
2016-02-23,0.3179999888,0.3179999888
2016-02-24,0.3149999976,0.3149999976
2016-02-25,0.3100000024,0.3100000024
2016-02-26,0.3030000031,0.3030000031
2016-02-29,0.3079999983,0.3079999983
2016-03-01,0.3199999928,0.3199999928
2016-03-02,0.3030000031,0.3030000031
2016-03-03,0.2630000114,0.2630000114
2016-03-04,0.2649999857,0.2649999857
2016-03-07,0.2649999857,0.2649999857
2016-03-08,0.3050000072,0.3050000072
2016-03-09,0.2879999876,0.2879999876
2016-03-10,0.3030000031,0.3030000031
2016-03-11,0.3079999983,0.3079999983
2016-03-14,0.3079999983,0.3079999983
2016-03-15,0.3249999881,0.3249999881
2016-03-16,0.3000000119,0.3000000119
2016-03-17,0.275000006,0.275000006
2016-03-18,0.2800000012,0.2800000012
2016-03-21,0.2879999876,0.2879999876
2016-03-22,0.2949999869,0.2949999869
2016-03-23,0.2930000126,0.2930000126
2016-03-24,0.275000006,0.275000006
2016-03-28,0.2549999952,0.2549999952
2016-03-29,0.224999994,0.224999994
2016-03-30,0.1850000024,0.1850000024
2016-03-31,0.1930000037,0.1930000037
2016-04-01,0.2179999948,0.2179999948
2016-04-04,0.1829999983,0.1829999983
2016-04-05,0.2179999948,0.2179999948
2016-04-06,0.2199999988,0.2199999988
2016-04-07,0.2199999988,0.2199999988
2016-04-08,0.2179999948,0.2179999948
2016-04-11,0.2099999934,0.2099999934
2016-04-12,0.2300000042,0.2300000042
2016-04-13,0.2230000049,0.2230000049
2016-04-14,0.2150000036,0.2150000036
2016-04-15,0.2099999934,0.2099999934
2016-04-18,0.1979999989,0.1979999989
2016-04-19,0.2150000036,0.2150000036
2016-04-20,0.2179999948,0.2179999948
2016-04-21,0.224999994,0.224999994
2016-04-22,0.224999994,0.224999994
2016-04-25,0.2380000055,0.2380000055
2016-04-26,0.2450000048,0.2450000048
2016-04-27,0.2450000048,0.2450000048
2016-04-28,0.2099999934,0.2099999934
2016-04-29,0.1930000037,0.1930000037
2016-05-02,0.1850000024,0.1850000024
2016-05-03,0.2029999942,0.2029999942
2016-05-04,0.1979999989,0.1979999989
2016-05-05,0.1829999983,0.1829999983
2016-05-06,0.1800000072,0.1800000072
2016-05-09,0.2029999942,0.2029999942
2016-05-10,0.2430000007,0.2430000007
2016-05-11,0.2479999959,0.2479999959
2016-05-12,0.2579999864,0.2579999864
2016-05-13,0.2579999864,0.2579999864
2016-05-16,0.2579999864,0.2579999864
2016-05-17,0.2680000067,0.2680000067
2016-05-18,0.2700000107,0.2700000107
2016-05-19,0.2899999917,0.2899999917
2016-05-20,0.2980000079,0.2980000079
2016-05-23,0.3129999936,0.3129999936
2016-05-24,0.3429999948,0.3429999948
2016-05-25,0.3149999976,0.3149999976
2016-05-26,0.275000006,0.275000006
2016-05-27,0.2980000079,0.2980000079
2016-05-31,0.2829999924,0.2829999924
2016-06-01,0.2949999869,0.2949999869
2016-06-02,0.2700000107,0.2700000107
2016-06-03,0.2700000107,0.2700000107
2016-06-06,0.25,0.25
2016-06-07,0.2649999857,0.2649999857
2016-06-08,0.2349999994,0.2349999994
2016-06-09,0.2399999946,0.2399999946
2016-06-10,0.2399999946,0.2399999946
2016-06-13,0.2450000048,0.2450000048
2016-06-14,0.2630000114,0.2630000114
2016-06-15,0.2549999952,0.2549999952
2016-06-16,0.2450000048,0.2450000048
2016-06-17,0.2479999959,0.2479999959
2016-06-20,0.2479999959,0.2479999959
2016-06-21,0.2649999857,0.2649999857
2016-06-22,0.2680000067,0.2680000067
2016-06-23,0.275000006,0.275000006
2016-06-24,0.2380000055,0.2380000055
2016-06-27,0.2349999994,0.2349999994
2016-06-28,0.2599999905,0.2599999905
2016-06-29,0.2549999952,0.2549999952
2016-06-30,0.2479999959,0.2479999959
2016-07-01,0.2430000007,0.2430000007
2016-07-05,0.2380000055,0.2380000055
2016-07-06,0.2630000114,0.2630000114
2016-07-07,0.2700000107,0.2700000107
2016-07-08,0.2730000019,0.2730000019
2016-07-11,0.275000006,0.275000006
2016-07-12,0.2949999869,0.2949999869
2016-07-13,0.2980000079,0.2980000079
2016-07-14,0.3030000031,0.3030000031
2016-07-15,0.2980000079,0.2980000079
2016-07-18,0.2879999876,0.2879999876
2016-07-19,0.3100000024,0.3100000024
2016-07-20,0.3149999976,0.3149999976
2016-07-21,0.3030000031,0.3030000031
2016-07-22,0.3030000031,0.3030000031
2016-07-25,0.2980000079,0.2980000079
2016-07-26,0.3079999983,0.3079999983
2016-07-27,0.2829999924,0.2829999924
2016-07-28,0.2199999988,0.2199999988
2016-07-29,0.2399999946,0.2399999946
2016-08-01,0.2380000055,0.2380000055
2016-08-02,0.2800000012,0.2800000012
2016-08-03,0.2680000067,0.2680000067
2016-08-04,0.2479999959,0.2479999959
2016-08-05,0.25,0.25
2016-08-08,0.25,0.25
2016-08-09,0.2930000126,0.2930000126
2016-08-10,0.2730000019,0.2730000019
2016-08-11,0.275000006,0.275000006
2016-08-12,0.2630000114,0.2630000114
2016-08-15,0.275000006,0.275000006
2016-08-16,0.2879999876,0.2879999876
2016-08-17,0.2879999876,0.2879999876
2016-08-18,0.2849999964,0.2849999964
2016-08-19,0.2930000126,0.2930000126
2016-08-22,0.2800000012,0.2800000012
2016-08-23,0.3050000072,0.3050000072
2016-08-24,0.3050000072,0.3050000072
2016-08-25,0.3050000072,0.3050000072
2016-08-26,0.3050000072,0.3050000072
2016-08-29,0.3050000072,0.3050000072
2016-08-30,0.3249999881,0.3249999881
2016-08-31,0.3199999928,0.3199999928
2016-09-01,0.3149999976,0.3149999976
2016-09-02,0.3030000031,0.3030000031
2016-09-06,0.3030000031,0.3030000031
2016-09-07,0.3300000131,0.3300000131
2016-09-08,0.3330000043,0.3330000043
2016-09-09,0.3330000043,0.3330000043
2016-09-12,0.349999994,0.349999994
2016-09-13,0.3449999988,0.3449999988
2016-09-14,0.3149999976,0.3149999976
2016-09-15,0.2779999971,0.2779999971
2016-09-16,0.2730000019,0.2730000019
2016-09-19,0.2380000055,0.2380000055
2016-09-20,0.2879999876,0.2879999876
2016-09-21,0.2230000049,0.2230000049
2016-09-22,0.1599999964,0.1599999964
2016-09-23,0.1650000066,0.1650000066
2016-09-26,0.172999993,0.172999993
2016-09-27,0.2549999952,0.2549999952
2016-09-28,0.2630000114,0.2630000114
2016-09-29,0.2349999994,0.2349999994
2016-09-30,0.2599999905,0.2599999905
2016-10-03,0.2879999876,0.2879999876
2016-10-04,0.3149999976,0.3149999976
2016-10-05,0.3129999936,0.3129999936
2016-10-06,0.3100000024,0.3100000024
2016-10-07,0.3100000024,0.3100000024
2016-10-10,0.3079999983,0.3079999983
2016-10-11,0.3199999928,0.3199999928
2016-10-12,0.3400000036,0.3400000036
2016-10-13,0.275000006,0.275000006
2016-10-14,0.2899999917,0.2899999917
2016-10-17,0.2949999869,0.2949999869
2016-10-18,0.3330000043,0.3330000043
2016-10-19,0.3230000138,0.3230000138
2016-10-20,0.3199999928,0.3199999928
2016-10-21,0.3149999976,0.3149999976
2016-10-24,0.3129999936,0.3129999936
2016-10-25,0.3249999881,0.3249999881
2016-10-26,0.3129999936,0.3129999936
2016-10-27,0.275000006,0.275000006
2016-10-28,0.2730000019,0.2730000019
2016-10-31,0.2949999869,0.2949999869
2016-11-01,0.3449999988,0.3449999988
2016-11-02,0.3449999988,0.3449999988
2016-11-03,0.3580000103,0.3580000103
2016-11-04,0.3580000103,0.3580000103
2016-11-07,0.3899999857,0.3899999857
2016-11-08,0.4199999869,0.4199999869
2016-11-09,0.4180000126,0.4180000126
2016-11-10,0.4580000043,0.4580000043
2016-11-14,0.503000021,0.503000021
2016-11-15,0.4880000055,0.4880000055
2016-11-16,0.4530000091,0.4530000091
2016-11-17,0.4199999869,0.4199999869
2016-11-18,0.4180000126,0.4180000126
2016-11-21,0.4199999869,0.4199999869
2016-11-22,0.474999994,0.474999994
2016-11-23,0.4850000143,0.4850000143
2016-11-25,0.4799999893,0.4799999893
2016-11-28,0.4499999881,0.4499999881
2016-11-29,0.4679999948,0.4679999948
2016-11-30,0.4679999948,0.4679999948
2016-12-01,0.4580000043,0.4580000043
2016-12-02,0.4550000131,0.4550000131
2016-12-05,0.4530000091,0.4530000091
2016-12-06,0.4850000143,0.4850000143
2016-12-07,0.4880000055,0.4880000055
2016-12-08,0.4900000095,0.4900000095
2016-12-09,0.5199999809,0.5199999809
2016-12-12,0.5,0.5
2016-12-13,0.5230000019,0.5230000019
2016-12-14,0.5230000019,0.5230000019
2016-12-15,0.4880000055,0.4880000055
2016-12-16,0.4850000143,0.4850000143
2016-12-19,0.4779999852,0.4779999852
2016-12-20,0.5130000114,0.5130000114
2016-12-21,0.503000021,0.503000021
2016-12-22,0.4930000007,0.4930000007
2016-12-23,0.5,0.5
2016-12-27,0.4950000048,0.4950000048
2016-12-28,0.4950000048,0.4950000048
2016-12-29,0.4399999976,0.4399999976
2016-12-30,0.4799999893,0.4799999893
2017-01-03,0.474999994,0.474999994
2017-01-04,0.5180000067,0.5180000067
2017-01-05,0.5080000162,0.5080000162
2017-01-06,0.503000021,0.503000021
2017-01-09,0.4850000143,0.4850000143
2017-01-10,0.503000021,0.503000021
2017-01-11,0.4979999959,0.4979999959
2017-01-12,0.503000021,0.503000021
2017-01-13,0.5130000114,0.5130000114
2017-01-17,0.5130000114,0.5130000114
2017-01-18,0.5149999857,0.5149999857
2017-01-19,0.503000021,0.503000021
2017-01-20,0.4799999893,0.4799999893
2017-01-23,0.47299999,0.47299999
2017-01-24,0.4930000007,0.4930000007
2017-01-25,0.4830000103,0.4830000103
2017-01-26,0.4880000055,0.4880000055
2017-01-27,0.4979999959,0.4979999959
2017-01-30,0.4950000048,0.4950000048
2017-01-31,0.5,0.5
2017-02-01,0.5,0.5
2017-02-02,0.4880000055,0.4880000055
2017-02-03,0.4880000055,0.4880000055
2017-02-06,0.503000021,0.503000021
2017-02-07,0.5249999762,0.5249999762
2017-02-08,0.5249999762,0.5249999762
2017-02-09,0.5279999971,0.5279999971
2017-02-10,0.5230000019,0.5230000019
2017-02-13,0.5230000019,0.5230000019
2017-02-14,0.5350000262,0.5350000262
2017-02-15,0.5199999809,0.5199999809
2017-02-16,0.5080000162,0.5080000162
2017-02-17,0.5080000162,0.5080000162
2017-02-21,0.5049999952,0.5049999952
2017-02-22,0.5099999905,0.5099999905
2017-02-23,0.4979999959,0.4979999959
2017-02-24,0.4979999959,0.4979999959
2017-02-27,0.4900000095,0.4900000095
2017-02-28,0.5230000019,0.5230000019
2017-03-01,0.6150000095,0.6150000095
2017-03-02,0.6449999809,0.6449999809
2017-03-03,0.6830000281,0.6830000281
2017-03-06,0.7049999833,0.7049999833
2017-03-07,0.7350000143,0.7350000143
2017-03-08,0.7080000043,0.7080000043
2017-03-09,0.7129999995,0.7129999995
2017-03-10,0.7250000238,0.7250000238
2017-03-13,0.7279999852,0.7279999852
2017-03-14,0.753000021,0.753000021
2017-03-15,0.7149999738,0.7149999738
2017-03-16,0.7080000043,0.7080000043
2017-03-17,0.7080000043,0.7080000043
2017-03-20,0.7099999785,0.7099999785
2017-03-21,0.753000021,0.753000021
2017-03-22,0.7480000257,0.7480000257
2017-03-23,0.7480000257,0.7480000257
2017-03-24,0.7480000257,0.7480000257
2017-03-27,0.7580000162,0.7580000162
2017-03-28,0.7730000019,0.7730000019
2017-03-29,0.7549999952,0.7549999952
2017-03-30,0.7580000162,0.7580000162
2017-03-31,0.7379999757,0.7379999757
2017-04-03,0.7400000095,0.7400000095
2017-04-04,0.7799999714,0.7799999714
2017-04-05,0.7799999714,0.7799999714
2017-04-06,0.7879999876,0.7879999876
2017-04-07,0.7979999781,0.7979999781
2017-04-10,0.7879999876,0.7879999876
2017-04-11,0.8000000119,0.8000000119
2017-04-12,0.7929999828,0.7929999828
2017-04-13,0.7900000215,0.7900000215
2017-04-17,0.7900000215,0.7900000215
2017-04-18,0.8050000072,0.8050000072
2017-04-19,0.7850000262,0.7850000262
2017-04-20,0.7699999809,0.7699999809
2017-04-21,0.7630000114,0.7630000114
2017-04-24,0.7699999809,0.7699999809
2017-04-25,0.8080000281,0.8080000281
2017-04-26,0.8029999733,0.8029999733
2017-04-27,0.7850000262,0.7850000262
2017-04-28,0.7799999714,0.7799999714
2017-05-01,0.7850000262,0.7850000262
2017-05-02,0.8429999948,0.8429999948
2017-05-03,0.84799999,0.84799999
2017-05-04,0.8550000191,0.8550000191
2017-05-05,0.8679999709,0.8679999709
2017-05-08,0.8700000048,0.8700000048
2017-05-09,0.8899999857,0.8899999857
2017-05-10,0.875,0.875
2017-05-11,0.8600000143,0.8600000143
2017-05-12,0.8550000191,0.8550000191
2017-05-15,0.8629999757,0.8629999757
2017-05-16,0.8899999857,0.8899999857
2017-05-17,0.875,0.875
2017-05-18,0.8930000067,0.8930000067
2017-05-19,0.8880000114,0.8880000114
2017-05-22,0.878000021,0.878000021
2017-05-23,0.9129999876,0.9129999876
2017-05-24,0.9049999714,0.9049999714
2017-05-25,0.9079999924,0.9079999924
2017-05-26,0.9100000262,0.9100000262
2017-05-30,0.9100000262,0.9100000262
2017-05-31,0.9499999881,0.9499999881
2017-06-01,0.9480000138,0.9480000138
2017-06-02,0.9530000091,0.9530000091
2017-06-05,0.9480000138,0.9480000138
2017-06-06,0.9580000043,0.9580000043
2017-06-07,0.97299999,0.97299999
2017-06-08,0.97299999,0.97299999
2017-06-09,0.9800000191,0.9800000191
2017-06-12,0.97299999,0.97299999
2017-06-13,0.9829999804,0.9829999804
2017-06-14,0.9829999804,0.9829999804
2017-06-15,0.9929999709,0.9929999709
2017-06-16,0.9850000143,0.9850000143
2017-06-19,0.9850000143,0.9850000143
2017-06-20,0.9929999709,0.9929999709
2017-06-21,0.9679999948,0.9679999948
2017-06-22,0.9330000281,0.9330000281
2017-06-23,0.9330000281,0.9330000281
2017-06-26,0.9330000281,0.9330000281
2017-06-27,0.9900000095,0.9900000095
2017-06-28,0.9850000143,0.9850000143
2017-06-29,1.003000021,1.003000021
2017-06-30,0.9929999709,0.9929999709
2017-07-03,1,1
2017-07-05,1.019999981,1.019999981
2017-07-06,1.008000016,1.008000016
2017-07-07,1.008000016,1.008000016
2017-07-10,1.013000011,1.013000011
2017-07-11,1.032999992,1.032999992
2017-07-12,1.023000002,1.023000002
2017-07-13,1.013000011,1.013000011
2017-07-14,1.008000016,1.008000016
2017-07-17,1.019999981,1.019999981
2017-07-18,1.039999962,1.039999962
2017-07-19,1.085000038,1.085000038
2017-07-20,1.113000035,1.113000035
2017-07-21,1.138000011,1.138000011
2017-07-24,1.149999976,1.149999976
2017-07-25,1.143000007,1.143000007
2017-07-26,1.095000029,1.095000029
2017-07-27,1.077999949,1.077999949
2017-07-28,1.052999973,1.052999973
2017-07-31,1.052999973,1.052999973
2017-08-01,1.057999969,1.057999969
2017-08-02,1.049999952,1.049999952
2017-08-03,1.057999969,1.057999969
2017-08-04,1.052999973,1.052999973
2017-08-07,1.032999992,1.032999992
2017-08-08,1.029999971,1.029999971
2017-08-09,1.024999976,1.024999976
2017-08-10,1.018000007,1.018000007
2017-08-11,1.013000011,1.013000011
2017-08-14,1.003000021,1.003000021
2017-08-15,1.008000016,1.008000016
2017-08-16,0.9850000143,0.9850000143
2017-08-17,0.9779999852,0.9779999852
2017-08-18,0.9879999757,0.9879999757
2017-08-21,0.9649999738,0.9649999738
2017-08-22,0.9950000048,0.9950000048
2017-08-23,0.9800000191,0.9800000191
2017-08-24,0.9980000257,0.9980000257
2017-08-25,0.9950000048,0.9950000048
2017-08-28,1.004999995,1.004999995
2017-08-29,1.00999999,1.00999999
2017-08-30,0.9980000257,0.9980000257
2017-08-31,0.9779999852,0.9779999852
2017-09-01,0.9850000143,0.9850000143
2017-09-05,0.9829999804,0.9829999804
2017-09-06,1.037999988,1.037999988
2017-09-07,1.023000002,1.023000002
2017-09-08,1.019999981,1.019999981
2017-09-11,1.019999981,1.019999981
2017-09-12,1.018000007,1.018000007
2017-09-13,1.018000007,1.018000007
2017-09-14,1.027999997,1.027999997
2017-09-15,1.00999999,1.00999999
2017-09-18,1,1
2017-09-19,1.018000007,1.018000007
2017-09-20,1.019999981,1.019999981
2017-09-21,1.008000016,1.008000016
2017-09-22,1.003000021,1.003000021
2017-09-25,0.9980000257,0.9980000257
2017-09-26,1.042999983,1.042999983
2017-09-27,1.037999988,1.037999988
2017-09-28,1.029999971,1.029999971
2017-09-29,1.027999997,1.027999997
2017-10-02,1.013000011,1.013000011
2017-10-03,1.034999967,1.034999967
2017-10-04,1.042999983,1.042999983
2017-10-05,1.042999983,1.042999983
2017-10-06,1.042999983,1.042999983
2017-10-09,1.044999957,1.044999957
2017-10-10,1.054999948,1.054999948
2017-10-11,1.067999959,1.067999959
2017-10-12,1.052999973,1.052999973
2017-10-13,1.049999952,1.049999952
2017-10-16,1.054999948,1.054999948
2017-10-17,1.072999954,1.072999954
2017-10-18,1.067999959,1.067999959
2017-10-19,1.065000057,1.065000057
2017-10-20,1.075000048,1.075000048
2017-10-23,1.070000052,1.070000052
2017-10-24,1.09800005,1.09800005
2017-10-25,1.082999945,1.082999945
2017-10-26,1.080000043,1.080000043
2017-10-27,1.072999954,1.072999954
2017-10-30,1.075000048,1.075000048
2017-10-31,1.123000026,1.123000026
2017-11-01,1.138000011,1.138000011
2017-11-02,1.138000011,1.138000011
2017-11-03,1.148000002,1.148000002
2017-11-06,1.157999992,1.157999992
2017-11-07,1.187999964,1.187999964
2017-11-08,1.195000052,1.195000052
2017-11-09,1.202999949,1.202999949
2017-11-10,1.200000048,1.200000048
2017-11-13,1.184999943,1.184999943
2017-11-14,1.24000001,1.24000001
2017-11-15,1.230000019,1.230000019
2017-11-16,1.230000019,1.230000019
2017-11-17,1.24000001,1.24000001
2017-11-20,1.24000001,1.24000001
2017-11-21,1.277999997,1.277999997
2017-11-22,1.264999986,1.264999986
2017-11-24,1.24000001,1.24000001
2017-11-27,1.22300005,1.22300005
2017-11-28,1.264999986,1.264999986
2017-11-29,1.258000016,1.258000016
2017-11-30,1.238000035,1.238000035
2017-12-01,1.235000014,1.235000014
2017-12-04,1.245000005,1.245000005
2017-12-05,1.282999992,1.282999992
2017-12-06,1.263000011,1.263000011
2017-12-07,1.25999999,1.25999999
2017-12-08,1.253000021,1.253000021
2017-12-11,1.263000011,1.263000011
2017-12-12,1.309999943,1.309999943
2017-12-13,1.273000002,1.273000002
2017-12-14,1.282999992,1.282999992
2017-12-15,1.284999967,1.284999967
2017-12-18,1.315000057,1.315000057
2017-12-19,1.353000045,1.353000045
2017-12-20,1.350000024,1.350000024
2017-12-21,1.320000052,1.320000052
2017-12-22,1.297999978,1.297999978
2017-12-26,1.302999973,1.302999973
2017-12-27,1.407999992,1.407999992
2017-12-28,1.370000005,1.370000005
2017-12-29,1.355000019,1.355000019
2018-01-02,1.378000021,1.378000021
2018-01-03,1.370000005,1.370000005
2018-01-04,1.370000005,1.370000005
2018-01-05,1.370000005,1.370000005
2018-01-08,1.379999995,1.379999995
2018-01-09,1.414999962,1.414999962
2018-01-10,1.394999981,1.394999981
2018-01-11,1.402999997,1.402999997
2018-01-12,1.409999967,1.409999967
2018-01-16,1.394999981,1.394999981
2018-01-17,1.414999962,1.414999962
2018-01-18,1.404999971,1.404999971
2018-01-19,1.402999997,1.402999997
2018-01-22,1.389999986,1.389999986
2018-01-23,1.412999988,1.412999988
2018-01-24,1.409999967,1.409999967
2018-01-25,1.393000007,1.393000007
2018-01-26,1.388000011,1.388000011
2018-01-29,1.375,1.375
2018-01-30,1.424999952,1.424999952
2018-01-31,1.429999948,1.429999948
2018-02-01,1.452999949,1.452999949
2018-02-02,1.450000048,1.450000048
2018-02-05,1.457999945,1.457999945
2018-02-06,1.488000035,1.488000035
2018-02-07,1.514999986,1.514999986
2018-02-08,1.514999986,1.514999986
2018-02-09,1.524999976,1.524999976
2018-02-12,1.534999967,1.534999967
2018-02-13,1.570000052,1.570000052
2018-02-14,1.549999952,1.549999952
2018-02-15,1.559999943,1.559999943
2018-02-16,1.570000052,1.570000052
2018-02-20,1.572999954,1.572999954
2018-02-21,1.60800004,1.60800004
2018-02-22,1.605000019,1.605000019
2018-02-23,1.605000019,1.605000019
2018-02-26,1.60800004,1.60800004
2018-02-27,1.63499999,1.63499999
2018-02-28,1.618000031,1.618000031
2018-03-01,1.590000033,1.590000033
2018-03-02,1.605000019,1.605000019
2018-03-05,1.625,1.625
2018-03-06,1.643000007,1.643000007
2018-03-07,1.649999976,1.649999976
2018-03-08,1.63499999,1.63499999
2018-03-09,1.63499999,1.63499999
2018-03-12,1.643000007,1.643000007
2018-03-13,1.690000057,1.690000057
2018-03-14,1.718000054,1.718000054
2018-03-15,1.73300004,1.73300004
2018-03-16,1.738000035,1.738000035
2018-03-19,1.728000045,1.728000045
2018-03-20,1.758000016,1.758000016
2018-03-21,1.710000038,1.710000038
2018-03-22,1.682999969,1.682999969
2018-03-23,1.687999964,1.687999964
2018-03-26,1.705000043,1.705000043
2018-03-27,1.73300004,1.73300004
2018-03-28,1.695000052,1.695000052
2018-03-29,1.669999957,1.669999957
2018-04-02,1.682999969,1.682999969
2018-04-03,1.713000059,1.713000059
2018-04-04,1.667999983,1.667999983
2018-04-05,1.674999952,1.674999952
2018-04-06,1.679999948,1.679999948
2018-04-09,1.674999952,1.674999952
2018-04-10,1.695000052,1.695000052
2018-04-11,1.692999959,1.692999959
2018-04-12,1.705000043,1.705000043
2018-04-13,1.718000054,1.718000054
2018-04-16,1.713000059,1.713000059
2018-04-17,1.754999995,1.754999995
2018-04-18,1.769999981,1.769999981
2018-04-19,1.782999992,1.782999992
2018-04-20,1.764999986,1.764999986
2018-04-23,1.782999992,1.782999992
2018-04-24,1.822999954,1.822999954
2018-04-25,1.815000057,1.815000057
2018-04-26,1.784999967,1.784999967
2018-04-27,1.769999981,1.769999981
2018-04-30,1.763000011,1.763000011
2018-05-01,1.809999943,1.809999943
2018-05-02,1.784999967,1.784999967
2018-05-03,1.787999988,1.787999988
2018-05-04,1.792999983,1.792999983
2018-05-07,1.792999983,1.792999983
2018-05-08,1.835000038,1.835000038
2018-05-09,1.845000029,1.845000029
2018-05-10,1.845000029,1.845000029
2018-05-11,1.860000014,1.860000014
2018-05-14,1.855000019,1.855000019
2018-05-15,1.875,1.875
2018-05-16,1.86500001,1.86500001
2018-05-17,1.863000035,1.863000035
2018-05-18,1.855000019,1.855000019
2018-05-21,1.863000035,1.863000035
2018-05-22,1.893000007,1.893000007
2018-05-23,1.873000026,1.873000026
2018-05-24,1.860000014,1.860000014
2018-05-25,1.853000045,1.853000045
2018-05-29,1.840000033,1.840000033
2018-05-30,1.878000021,1.878000021
2018-05-31,1.870000005,1.870000005
2018-06-01,1.868000031,1.868000031
2018-06-04,1.86500001,1.86500001
2018-06-05,1.902999997,1.902999997
2018-06-06,1.899999976,1.899999976
2018-06-07,1.88499999,1.88499999
2018-06-08,1.879999995,1.879999995
2018-06-11,1.868000031,1.868000031
2018-06-12,1.888000011,1.888000011
2018-06-13,1.894999981,1.894999981
2018-06-14,1.883000016,1.883000016
2018-06-15,1.888000011,1.888000011
2018-06-18,1.883000016,1.883000016
2018-06-19,1.898000002,1.898000002
2018-06-20,1.888000011,1.888000011
2018-06-21,1.889999986,1.889999986
2018-06-22,1.870000005,1.870000005
2018-06-25,1.853000045,1.853000045
2018-06-26,1.893000007,1.893000007
2018-06-27,1.879999995,1.879999995
2018-06-28,1.879999995,1.879999995
2018-06-29,1.879999995,1.879999995
2018-07-02,1.894999981,1.894999981
2018-07-03,1.932999969,1.932999969
2018-07-05,1.909999967,1.909999967
2018-07-06,1.904999971,1.904999971
2018-07-09,1.914999962,1.914999962
2018-07-10,1.934999943,1.934999943
2018-07-11,1.919999957,1.919999957
2018-07-12,1.927999973,1.927999973
2018-07-13,1.927999973,1.927999973
2018-07-16,1.937999964,1.937999964
2018-07-17,1.975000024,1.975000024
2018-07-18,1.960000038,1.960000038
2018-07-19,1.947999954,1.947999954
2018-07-20,1.932999969,1.932999969
2018-07-23,1.919999957,1.919999957
2018-07-24,1.960000038,1.960000038
2018-07-25,1.952999949,1.952999949
2018-07-26,1.945000052,1.945000052
2018-07-27,1.945000052,1.945000052
2018-07-30,1.945000052,1.945000052
2018-07-31,1.985000014,1.985000014
2018-08-01,1.978000045,1.978000045
2018-08-02,1.965000033,1.965000033
2018-08-03,1.960000038,1.960000038
2018-08-06,1.968000054,1.968000054
2018-08-07,2.007999897,2.007999897
2018-08-08,2.007999897,2.007999897
2018-08-09,2.005000114,2.005000114
2018-08-10,2,2
2018-08-13,1.995000005,1.995000005
2018-08-14,2.032999992,2.032999992
2018-08-15,2.019999981,2.019999981
2018-08-16,2.015000105,2.015000105
2018-08-17,1.995000005,1.995000005
2018-08-20,1.993000031,1.993000031
2018-08-21,2.035000086,2.035000086
2018-08-22,2.035000086,2.035000086
2018-08-23,2.032999992,2.032999992
2018-08-24,2.048000097,2.048000097
2018-08-27,2.059999943,2.059999943
2018-08-28,2.078000069,2.078000069
2018-08-29,2.079999924,2.079999924
2018-08-30,2.058000088,2.058000088
2018-08-31,2.055000067,2.055000067
2018-09-04,2.068000078,2.068000078
2018-09-05,2.089999914,2.089999914
2018-09-06,2.079999924,2.079999924
2018-09-07,2.088000059,2.088000059
2018-09-10,2.082999945,2.082999945
2018-09-11,2.10800004,2.10800004
2018-09-12,2.105000019,2.105000019
2018-09-13,2.092999935,2.092999935
2018-09-14,2.102999926,2.102999926
2018-09-17,2.10800004,2.10800004
2018-09-18,2.125,2.125
2018-09-19,2.119999886,2.119999886
2018-09-20,2.118000031,2.118000031
2018-09-21,2.122999907,2.122999907
2018-09-24,2.122999907,2.122999907
2018-09-25,2.167999983,2.167999983
2018-09-26,2.160000086,2.160000086
2018-09-27,2.140000105,2.140000105
2018-09-28,2.150000095,2.150000095
2018-10-01,2.154999971,2.154999971
2018-10-02,2.174999952,2.174999952
2018-10-03,2.170000076,2.170000076
2018-10-04,2.170000076,2.170000076
2018-10-05,2.164999962,2.164999962
2018-10-08,2.164999962,2.164999962
2018-10-09,2.184999943,2.184999943
2018-10-10,2.220000029,2.220000029
2018-10-11,2.214999914,2.214999914
2018-10-12,2.217999935,2.217999935
2018-10-15,2.230000019,2.230000019
2018-10-16,2.25999999,2.25999999
2018-10-17,2.25999999,2.25999999
2018-10-18,2.255000114,2.255000114
2018-10-19,2.25999999,2.25999999
2018-10-22,2.257999897,2.257999897
2018-10-23,2.289999962,2.289999962
2018-10-24,2.285000086,2.285000086
2018-10-25,2.279999971,2.279999971
2018-10-26,2.273000002,2.273000002
2018-10-29,2.25999999,2.25999999
2018-10-30,2.282999992,2.282999992
2018-10-31,2.278000116,2.278000116
2018-11-01,2.269999981,2.269999981
2018-11-02,2.273000002,2.273000002
2018-11-05,2.267999887,2.267999887
2018-11-06,2.309999943,2.309999943
2018-11-07,2.309999943,2.309999943
2018-11-08,2.302999973,2.302999973
2018-11-09,2.299999952,2.299999952
2018-11-12,2.299999952,2.299999952
2018-11-13,2.295000076,2.295000076
2018-11-14,2.325000048,2.325000048
2018-11-15,2.309999943,2.309999943
2018-11-16,2.299999952,2.299999952
2018-11-19,2.299999952,2.299999952
2018-11-20,2.335000038,2.335000038
2018-11-21,2.349999905,2.349999905
2018-11-23,2.34800005,2.34800005
2018-11-26,2.342999935,2.342999935
2018-11-27,2.352999926,2.352999926
2018-11-28,2.335000038,2.335000038
2018-11-29,2.309999943,2.309999943
2018-11-30,2.308000088,2.308000088
2018-12-03,2.288000107,2.288000107
2018-12-04,2.36500001,2.36500001
2018-12-06,2.352999926,2.352999926
2018-12-07,2.339999914,2.339999914
2018-12-10,2.329999924,2.329999924
2018-12-11,2.369999886,2.369999886
2018-12-12,2.375,2.375
2018-12-13,2.362999916,2.362999916
2018-12-14,2.368000031,2.368000031
2018-12-17,2.339999914,2.339999914
2018-12-18,2.328000069,2.328000069
2018-12-19,2.338000059,2.338000059
2018-12-20,2.335000038,2.335000038
2018-12-21,2.329999924,2.329999924
2018-12-24,2.332999945,2.332999945
2018-12-26,2.380000114,2.380000114
2018-12-27,2.34800005,2.34800005
2018-12-28,2.328000069,2.328000069
2018-12-31,2.299999952,2.299999952
2019-01-02,2.36500001,2.36500001
2019-01-03,2.355000019,2.355000019
2019-01-04,2.35800004,2.35800004
2019-01-07,2.352999926,2.352999926
2019-01-08,2.400000095,2.400000095
2019-01-09,2.390000105,2.390000105
2019-01-10,2.375,2.375
2019-01-11,2.369999886,2.369999886
2019-01-14,2.359999895,2.359999895
2019-01-15,2.382999897,2.382999897
2019-01-16,2.362999916,2.362999916
2019-01-17,2.355000019,2.355000019
2019-01-18,2.34800005,2.34800005
2019-01-22,2.345000029,2.345000029
2019-01-23,2.352999926,2.352999926
2019-01-24,2.305000067,2.305000067
2019-01-25,2.328000069,2.328000069
2019-01-28,2.332999945,2.332999945
2019-01-29,2.36500001,2.36500001
2019-01-30,2.36500001,2.36500001
2019-01-31,2.339999914,2.339999914
2019-02-01,2.339999914,2.339999914
2019-02-04,2.335000038,2.335000038
2019-02-05,2.36500001,2.36500001
2019-02-06,2.36500001,2.36500001
2019-02-07,2.355000019,2.355000019
2019-02-08,2.36500001,2.36500001
2019-02-11,2.375,2.375
2019-02-12,2.378000021,2.378000021
2019-02-13,2.372999907,2.372999907
2019-02-14,2.372999907,2.372999907
2019-02-15,2.369999886,2.369999886
2019-02-19,2.372999907,2.372999907
2019-02-20,2.382999897,2.382999897
2019-02-21,2.394999981,2.394999981
2019-02-22,2.392999887,2.392999887
2019-02-25,2.392999887,2.392999887
2019-02-26,2.400000095,2.400000095
2019-02-27,2.392999887,2.392999887
2019-02-28,2.382999897,2.382999897
2019-03-01,2.378000021,2.378000021
2019-03-04,2.375,2.375
2019-03-05,2.400000095,2.400000095
2019-03-06,2.404999971,2.404999971
2019-03-07,2.394999981,2.394999981
2019-03-08,2.392999887,2.392999887
2019-03-11,2.380000114,2.380000114
2019-03-12,2.394999981,2.394999981
2019-03-13,2.388000011,2.388000011
2019-03-14,2.388000011,2.388000011
2019-03-15,2.388000011,2.388000011
2019-03-18,2.38499999,2.38499999
2019-03-19,2.404999971,2.404999971
2019-03-20,2.407999992,2.407999992
2019-03-21,2.407999992,2.407999992
2019-03-22,2.398000002,2.398000002
2019-03-25,2.390000105,2.390000105
2019-03-26,2.404999971,2.404999971
2019-03-27,2.378000021,2.378000021
2019-03-28,2.369999886,2.369999886
2019-03-29,2.328000069,2.328000069
2019-04-01,2.322999954,2.322999954
2019-04-02,2.369999886,2.369999886
2019-04-03,2.372999907,2.372999907
2019-04-04,2.369999886,2.369999886
2019-04-05,2.369999886,2.369999886
2019-04-08,2.36500001,2.36500001
2019-04-09,2.36500001,2.36500001
2019-04-10,2.362999916,2.362999916
2019-04-11,2.36500001,2.36500001
2019-04-12,2.375,2.375
2019-04-15,2.359999895,2.359999895
2019-04-16,2.378000021,2.378000021
2019-04-17,2.380000114,2.380000114
2019-04-18,2.36500001,2.36500001
2019-04-22,2.375,2.375
2019-04-23,2.390000105,2.390000105
2019-04-24,2.375,2.375
2019-04-25,2.36500001,2.36500001
2019-04-26,2.359999895,2.359999895
2019-04-29,2.359999895,2.359999895
2019-04-30,2.368000031,2.368000031
2019-05-01,2.362999916,2.362999916
2019-05-02,2.372999907,2.372999907
2019-05-03,2.368000031,2.368000031
2019-05-06,2.362999916,2.362999916
2019-05-07,2.368000031,2.368000031
2019-05-08,2.369999886,2.369999886
2019-05-09,2.369999886,2.369999886
2019-05-10,2.369999886,2.369999886
2019-05-13,2.349999905,2.349999905
2019-05-14,2.352999926,2.352999926
2019-05-15,2.349999905,2.349999905
2019-05-16,2.338000059,2.338000059
2019-05-17,2.329999924,2.329999924
2019-05-20,2.319999933,2.319999933
2019-05-21,2.329999924,2.329999924
2019-05-22,2.319999933,2.319999933
2019-05-23,2.302999973,2.302999973
2019-05-24,2.288000107,2.288000107
2019-05-28,2.298000097,2.298000097
2019-05-29,2.298000097,2.298000097
2019-05-30,2.309999943,2.309999943
2019-05-31,2.292999983,2.292999983
2019-06-03,2.279999971,2.279999971
2019-06-04,2.295000076,2.295000076
2019-06-05,2.285000086,2.285000086
2019-06-06,2.255000114,2.255000114
2019-06-07,2.214999914,2.214999914
2019-06-10,2.220000029,2.220000029
2019-06-11,2.213000059,2.213000059
2019-06-12,2.164999962,2.164999962
2019-06-13,2.140000105,2.140000105
2019-06-14,2.125,2.125
2019-06-17,2.138000011,2.138000011
2019-06-18,2.167999983,2.167999983
2019-06-19,2.125,2.125
2019-06-20,2.078000069,2.078000069
2019-06-21,2.055000067,2.055000067
2019-06-24,2.058000088,2.058000088
2019-06-25,2.082999945,2.082999945
2019-06-26,2.092999935,2.092999935
2019-06-27,2.085000038,2.085000038
2019-06-28,2.035000086,2.035000086
2019-07-01,2.065000057,2.065000057
2019-07-02,2.148000002,2.148000002
2019-07-03,2.150000095,2.150000095
2019-07-05,2.163000107,2.163000107
2019-07-08,2.177999973,2.177999973
2019-07-09,2.194999933,2.194999933
2019-07-10,2.130000114,2.130000114
2019-07-11,2.09800005,2.09800005
2019-07-12,2.089999914,2.089999914
2019-07-15,2.085000038,2.085000038
2019-07-16,2.102999926,2.102999926
2019-07-17,2.072999954,2.072999954
2019-07-18,2.013000011,2.013000011
2019-07-19,2.013000011,2.013000011
2019-07-22,2.025000095,2.025000095
2019-07-23,2.032999992,2.032999992
2019-07-24,2.039999962,2.039999962
2019-07-25,2.059999943,2.059999943
2019-07-26,2.062999964,2.062999964
2019-07-29,2.049999952,2.049999952
2019-07-30,2.039999962,2.039999962
2019-07-31,2.029999971,2.029999971
2019-08-01,2.029999971,2.029999971
2019-08-02,2,2
2019-08-05,1.952999949,1.952999949
2019-08-06,1.995000005,1.995000005
2019-08-07,1.968000054,1.968000054
2019-08-08,1.970000029,1.970000029
2019-08-09,1.950000048,1.950000048
2019-08-12,1.927999973,1.927999973
2019-08-13,1.955000043,1.955000043
2019-08-14,1.907999992,1.907999992
2019-08-15,1.843000054,1.843000054
2019-08-16,1.822999954,1.822999954
2019-08-19,1.853000045,1.853000045
2019-08-20,1.899999976,1.899999976
2019-08-21,1.927999973,1.927999973
2019-08-22,1.937999964,1.937999964
2019-08-23,1.909999967,1.909999967
2019-08-26,1.932999969,1.932999969
2019-08-27,1.942999959,1.942999959
2019-08-28,1.940000057,1.940000057
2019-08-29,1.940000057,1.940000057
2019-08-30,1.932999969,1.932999969
2019-09-03,1.909999967,1.909999967
2019-09-04,1.904999971,1.904999971
2019-09-05,1.919999957,1.919999957
2019-09-06,1.909999967,1.909999967
2019-09-09,1.907999992,1.907999992
2019-09-10,1.912999988,1.912999988
2019-09-11,1.912999988,1.912999988
2019-09-12,1.894999981,1.894999981
2019-09-13,1.899999976,1.899999976
2019-09-16,1.945000052,1.945000052
2019-09-17,1.937999964,1.937999964
2019-09-18,1.879999995,1.879999995
2019-09-19,1.883000016,1.883000016
2019-09-20,1.850000024,1.850000024
2019-09-23,1.845000029,1.845000029
2019-09-24,1.879999995,1.879999995
2019-09-25,1.845000029,1.845000029
2019-09-26,1.769999981,1.769999981
2019-09-27,1.730000019,1.730000019
2019-09-30,1.769999981,1.769999981
2019-10-01,1.753000021,1.753000021
2019-10-02,1.735000014,1.735000014
2019-10-03,1.664999962,1.664999962
2019-10-04,1.654999971,1.654999971
2019-10-07,1.672999978,1.672999978
2019-10-08,1.654999971,1.654999971
2019-10-09,1.628000021,1.628000021
2019-10-10,1.633000016,1.633000016
2019-10-11,1.623000026,1.623000026
2019-10-14,1.618000031,1.618000031
2019-10-15,1.618000031,1.618000031
2019-10-16,1.61500001,1.61500001
2019-10-17,1.625,1.625
2019-10-18,1.625,1.625
2019-10-21,1.625,1.625
2019-10-22,1.61500001,1.61500001
2019-10-23,1.61500001,1.61500001
2019-10-24,1.623000026,1.623000026
2019-10-25,1.625,1.625
2019-10-28,1.605000019,1.605000019
2019-10-29,1.595000029,1.595000029
2019-10-30,1.595000029,1.595000029
2019-10-31,1.498000026,1.498000026
2019-11-01,1.485000014,1.485000014
2019-11-04,1.503000021,1.503000021
2019-11-05,1.518000007,1.518000007
2019-11-06,1.514999986,1.514999986
2019-11-07,1.518000007,1.518000007
2019-11-08,1.50999999,1.50999999
2019-11-11,1.513000011,1.513000011
2019-11-12,1.532999992,1.532999992
2019-11-13,1.534999967,1.534999967
2019-11-14,1.527999997,1.527999997
2019-11-15,1.527999997,1.527999997
2019-11-18,1.523000002,1.523000002
2019-11-19,1.524999976,1.524999976
2019-11-20,1.519999981,1.519999981
2019-11-21,1.529999971,1.529999971
2019-11-22,1.542999983,1.542999983
2019-11-25,1.544999957,1.544999957
2019-11-26,1.565000057,1.565000057
2019-11-27,1.565000057,1.565000057
2019-11-29,1.539999962,1.539999962
2019-12-02,1.537999988,1.537999988
2019-12-03,1.537999988,1.537999988
2019-12-04,1.498000026,1.498000026
2019-12-05,1.493000031,1.493000031
2019-12-06,1.480000019,1.480000019
2019-12-09,1.498000026,1.498000026
2019-12-10,1.514999986,1.514999986
2019-12-11,1.519999981,1.519999981
2019-12-12,1.529999971,1.529999971
2019-12-13,1.523000002,1.523000002
2019-12-16,1.524999976,1.524999976
2019-12-17,1.529999971,1.529999971
2019-12-18,1.518000007,1.518000007
2019-12-19,1.532999992,1.532999992
2019-12-20,1.527999997,1.527999997
2019-12-23,1.519999981,1.519999981
2019-12-24,1.537999988,1.537999988
2019-12-26,1.534999967,1.534999967
2019-12-27,1.518000007,1.518000007
2019-12-30,1.49000001,1.49000001
2019-12-31,1.504999995,1.504999995
2020-01-02,1.495000005,1.495000005
2020-01-03,1.47300005,1.47300005
2020-01-06,1.488000035,1.488000035
2020-01-07,1.5,1.5
2020-01-08,1.493000031,1.493000031
2020-01-09,1.5,1.5
2020-01-10,1.498000026,1.498000026
2020-01-13,1.50999999,1.50999999
2020-01-14,1.529999971,1.529999971
2020-01-15,1.508000016,1.508000016
2020-01-16,1.518000007,1.518000007
2020-01-17,1.523000002,1.523000002
2020-01-21,1.503000021,1.503000021
2020-01-22,1.513000011,1.513000011
2020-01-23,1.514999986,1.514999986
2020-01-24,1.49000001,1.49000001
2020-01-27,1.504999995,1.504999995
2020-01-28,1.529999971,1.529999971
2020-01-29,1.519999981,1.519999981
2020-01-30,1.527999997,1.527999997
2020-01-31,1.50999999,1.50999999
2020-02-03,1.518000007,1.518000007
2020-02-04,1.537999988,1.537999988
2020-02-05,1.519999981,1.519999981
2020-02-06,1.529999971,1.529999971
2020-02-07,1.518000007,1.518000007
2020-02-10,1.519999981,1.519999981
2020-02-11,1.537999988,1.537999988
2020-02-12,1.534999967,1.534999967
2020-02-13,1.544999957,1.544999957
2020-02-14,1.534999967,1.534999967
2020-02-18,1.534999967,1.534999967
2020-02-19,1.542999983,1.542999983
2020-02-20,1.537999988,1.537999988
2020-02-21,1.518000007,1.518000007
2020-02-24,1.503000021,1.503000021
2020-02-25,1.49000001,1.49000001
2020-02-26,1.478000045,1.478000045
2020-02-27,1.394999981,1.394999981
2020-02-28,1.230000019,1.230000019
2020-03-02,1.13499999,1.13499999
2020-03-03,0.9179999828,0.9179999828
2020-03-04,0.6750000119,0.6750000119
2020-03-05,0.5950000286,0.5950000286
2020-03-06,0.4149999917,0.4149999917
2020-03-09,0.3300000131,0.3300000131
2020-03-10,0.3899999857,0.3899999857
2020-03-11,0.3680000007,0.3680000007
2020-03-12,0.2730000019,0.2730000019
2020-03-13,0.2430000007,0.2430000007
2020-03-16,0.1850000024,0.1850000024
2020-03-17,0.1650000066,0.1650000066
2020-03-18,0.003000000026,0.003000000026
2020-03-19,-0.02800000086,-0.02800000086
2020-03-20,-0.03299999982,-0.03299999982
2020-03-23,-0.03999999911,-0.03999999911
2020-03-24,-0.03299999982,-0.03299999982
2020-03-25,-0.0700000003,-0.0700000003
2020-03-26,-0.1049999967,-0.1049999967
2020-03-27,-0.05799999833,-0.05799999833
2020-03-30,0.01300000027,0.01300000027
2020-03-31,0.02999999933,0.02999999933
2020-04-01,0.06300000101,0.06300000101
2020-04-02,0.06499999762,0.06499999762
2020-04-03,0.05799999833,0.05799999833
2020-04-06,0.05999999866,0.05999999866
2020-04-07,0.1280000061,0.1280000061
2020-04-08,0.1850000024,0.1850000024
2020-04-09,0.2099999934,0.2099999934
2020-04-13,0.200000003,0.200000003
2020-04-14,0.1650000066,0.1650000066
2020-04-15,0.1150000021,0.1150000021
2020-04-16,0.1099999994,0.1099999994
2020-04-17,0.1030000001,0.1030000001
2020-04-20,0.0700000003,0.0700000003
2020-04-21,0.09799999744,0.09799999744
2020-04-22,0.09300000221,0.09300000221
2020-04-23,0.09300000221,0.09300000221
2020-04-24,0.1000000015,0.1000000015
2020-04-27,0.09300000221,0.09300000221
2020-04-28,0.08500000089,0.08500000089
2020-04-29,0.09000000358,0.09000000358
2020-04-30,0.09000000358,0.09000000358
2020-05-01,0.09300000221,0.09300000221
2020-05-04,0.09000000358,0.09000000358
2020-05-05,0.1099999994,0.1099999994
2020-05-06,0.1080000028,0.1080000028
2020-05-07,0.09499999881,0.09499999881
2020-05-08,0.09499999881,0.09499999881
2020-05-11,0.1049999967,0.1049999967
2020-05-12,0.1230000034,0.1230000034
2020-05-13,0.1150000021,0.1150000021
2020-05-14,0.1049999967,0.1049999967
2020-05-15,0.1030000001,0.1030000001
2020-05-18,0.1049999967,0.1049999967
2020-05-19,0.1180000007,0.1180000007
2020-05-20,0.1180000007,0.1180000007
2020-05-21,0.1099999994,0.1099999994
2020-05-22,0.1099999994,0.1099999994
2020-05-26,0.1180000007,0.1180000007
2020-05-27,0.1350000054,0.1350000054
2020-05-28,0.1379999965,0.1379999965
2020-05-29,0.1280000061,0.1280000061
2020-06-01,0.1280000061,0.1280000061
2020-06-02,0.1449999958,0.1449999958
2020-06-03,0.1480000019,0.1480000019
2020-06-04,0.1400000006,0.1400000006
2020-06-05,0.1449999958,0.1449999958
2020-06-08,0.1529999971,0.1529999971
2020-06-09,0.1650000066,0.1650000066
2020-06-10,0.1650000066,0.1650000066
2020-06-11,0.1529999971,0.1529999971
2020-06-12,0.150000006,0.150000006
2020-06-15,0.1550000012,0.1550000012
2020-06-16,0.1599999964,0.1599999964
2020-06-17,0.1650000066,0.1650000066
2020-06-18,0.1400000006,0.1400000006
2020-06-19,0.1430000067,0.1430000067
2020-06-22,0.1400000006,0.1400000006
2020-06-23,0.1400000006,0.1400000006
2020-06-24,0.1350000054,0.1350000054
2020-06-25,0.1299999952,0.1299999952
2020-06-26,0.1330000013,0.1330000013
2020-06-29,0.125,0.125
2020-06-30,0.1350000054,0.1350000054
2020-07-01,0.1299999952,0.1299999952
2020-07-02,0.1330000013,0.1330000013
2020-07-06,0.1280000061,0.1280000061
2020-07-07,0.1400000006,0.1400000006
2020-07-08,0.1350000054,0.1350000054
2020-07-09,0.1230000034,0.1230000034
2020-07-10,0.1199999973,0.1199999973
2020-07-13,0.125,0.125
2020-07-14,0.1330000013,0.1330000013
2020-07-15,0.125,0.125
2020-07-16,0.1030000001,0.1030000001
2020-07-17,0.1049999967,0.1049999967
2020-07-20,0.1049999967,0.1049999967
2020-07-21,0.1099999994,0.1099999994
2020-07-22,0.1000000015,0.1000000015
2020-07-23,0.1030000001,0.1030000001
2020-07-24,0.09799999744,0.09799999744
2020-07-27,0.09300000221,0.09300000221
2020-07-28,0.1030000001,0.1030000001
2020-07-29,0.09000000358,0.09000000358
2020-07-30,0.08500000089,0.08500000089
2020-07-31,0.08299999684,0.08299999684
2020-08-03,0.07800000161,0.07800000161
2020-08-04,0.09000000358,0.09000000358
2020-08-05,0.09499999881,0.09499999881
2020-08-06,0.08799999952,0.08799999952
2020-08-07,0.08799999952,0.08799999952
2020-08-10,0.08799999952,0.08799999952
2020-08-11,0.1000000015,0.1000000015
2020-08-12,0.1000000015,0.1000000015
2020-08-13,0.09000000358,0.09000000358
2020-08-14,0.08799999952,0.08799999952
2020-08-17,0.08500000089,0.08500000089
2020-08-18,0.1000000015,0.1000000015
2020-08-19,0.09499999881,0.09499999881
2020-08-20,0.08799999952,0.08799999952
2020-08-21,0.08799999952,0.08799999952
2020-08-24,0.08500000089,0.08500000089
2020-08-25,0.09499999881,0.09499999881
2020-08-26,0.09300000221,0.09300000221
2020-08-27,0.09499999881,0.09499999881
2020-08-28,0.09499999881,0.09499999881
2020-08-31,0.09499999881,0.09499999881
2020-09-01,0.1000000015,0.1000000015
2020-09-02,0.1000000015,0.1000000015
2020-09-03,0.1000000015,0.1000000015
2020-09-04,0.1030000001,0.1030000001
2020-09-08,0.1080000028,0.1080000028
2020-09-09,0.1049999967,0.1049999967
2020-09-10,0.1030000001,0.1030000001
2020-09-11,0.1030000001,0.1030000001
2020-09-14,0.1000000015,0.1000000015
2020-09-15,0.1000000015,0.1000000015
2020-09-16,0.1000000015,0.1000000015
2020-09-17,0.08500000089,0.08500000089
2020-09-18,0.08299999684,0.08299999684
2020-09-21,0.07999999821,0.07999999821
2020-09-22,0.08799999952,0.08799999952
2020-09-23,0.08799999952,0.08799999952
2020-09-24,0.09300000221,0.09300000221
2020-09-25,0.09000000358,0.09000000358
2020-09-28,0.08799999952,0.08799999952
2020-09-29,0.08500000089,0.08500000089
2020-09-30,0.08500000089,0.08500000089
2020-10-01,0.08299999684,0.08299999684
2020-10-02,0.08500000089,0.08500000089
2020-10-05,0.08500000089,0.08500000089
2020-10-06,0.08799999952,0.08799999952
2020-10-07,0.08799999952,0.08799999952
2020-10-08,0.08799999952,0.08799999952
2020-10-09,0.09300000221,0.09300000221
2020-10-12,0.09000000358,0.09000000358
2020-10-13,0.09300000221,0.09300000221
2020-10-14,0.1000000015,0.1000000015
2020-10-15,0.09499999881,0.09499999881
2020-10-16,0.09000000358,0.09000000358
2020-10-19,0.09000000358,0.09000000358
2020-10-20,0.09499999881,0.09499999881
2020-10-21,0.09000000358,0.09000000358
2020-10-22,0.08500000089,0.08500000089
2020-10-23,0.08299999684,0.08299999684
2020-10-26,0.07999999821,0.07999999821
2020-10-27,0.09000000358,0.09000000358
2020-10-28,0.09000000358,0.09000000358
2020-10-29,0.08299999684,0.08299999684
2020-10-30,0.08299999684,0.08299999684
2020-11-02,0.08299999684,0.08299999684
2020-11-03,0.09000000358,0.09000000358
2020-11-04,0.08299999684,0.08299999684
2020-11-05,0.08500000089,0.08500000089
2020-11-06,0.08299999684,0.08299999684
2020-11-09,0.08799999952,0.08799999952
2020-11-10,0.09000000358,0.09000000358
2020-11-11,0.09000000358,0.09000000358
2020-11-12,0.08500000089,0.08500000089
2020-11-13,0.08299999684,0.08299999684
2020-11-16,0.07500000298,0.07500000298
2020-11-17,0.07999999821,0.07999999821
2020-11-18,0.07500000298,0.07500000298
2020-11-19,0.05999999866,0.05999999866
2020-11-20,0.05799999833,0.05799999833
2020-11-23,0.0700000003,0.0700000003
2020-11-24,0.07999999821,0.07999999821
2020-11-25,0.07999999821,0.07999999821
2020-11-27,0.07299999893,0.07299999893
2020-11-30,0.07500000298,0.07500000298
2020-12-01,0.07999999821,0.07999999821
2020-12-02,0.07500000298,0.07500000298
2020-12-03,0.07500000298,0.07500000298
2020-12-04,0.07500000298,0.07500000298
2020-12-07,0.0700000003,0.0700000003
2020-12-08,0.0680000037,0.0680000037
2020-12-09,0.0700000003,0.0700000003
2020-12-10,0.0700000003,0.0700000003
2020-12-11,0.06499999762,0.06499999762
2020-12-14,0.05999999866,0.05999999866
2020-12-15,0.0700000003,0.0700000003
2020-12-16,0.07500000298,0.07500000298
2020-12-17,0.07999999821,0.07999999821
2020-12-18,0.07999999821,0.07999999821
2020-12-21,0.07800000161,0.07800000161
2020-12-22,0.07800000161,0.07800000161
2020-12-23,0.07500000298,0.07500000298
2020-12-24,0.07500000298,0.07500000298
2020-12-28,0.07999999821,0.07999999821
2020-12-29,0.09000000358,0.09000000358
2020-12-30,0.0700000003,0.0700000003
2020-12-31,0.06499999762,0.06499999762
2021-01-04,0.0680000037,0.0680000037
2021-01-05,0.07800000161,0.07800000161
2021-01-06,0.07800000161,0.07800000161
2021-01-07,0.07999999821,0.07999999821
2021-01-08,0.07999999821,0.07999999821
2021-01-11,0.07999999821,0.07999999821
2021-01-12,0.07999999821,0.07999999821
2021-01-13,0.07999999821,0.07999999821
2021-01-14,0.07500000298,0.07500000298
2021-01-15,0.07500000298,0.07500000298
2021-01-19,0.07299999893,0.07299999893
2021-01-20,0.07500000298,0.07500000298
2021-01-21,0.07299999893,0.07299999893
2021-01-22,0.0700000003,0.0700000003
2021-01-25,0.0700000003,0.0700000003
2021-01-26,0.0680000037,0.0680000037
2021-01-27,0.05999999866,0.05999999866
2021-01-28,0.0549999997,0.0549999997
2021-01-29,0.04800000042,0.04800000042
2021-02-01,0.04800000042,0.04800000042
2021-02-02,0.05000000075,0.05000000075
2021-02-03,0.03999999911,0.03999999911
2021-02-04,0.02999999933,0.02999999933
2021-02-05,0.02300000004,0.02300000004
2021-02-08,0.01999999955,0.01999999955
2021-02-09,0.03299999982,0.03299999982
2021-02-10,0.03500000015,0.03500000015
2021-02-11,0.03500000015,0.03500000015
2021-02-12,0.03500000015,0.03500000015
2021-02-16,0.03500000015,0.03500000015
2021-02-17,0.03500000015,0.03500000015
2021-02-18,0.02300000004,0.02300000004
2021-02-19,0.02300000004,0.02300000004
2021-02-22,0.02500000037,0.02500000037
2021-02-23,0.02300000004,0.02300000004
2021-02-24,0.02800000086,0.02800000086
2021-02-25,0.03299999982,0.03299999982
2021-02-26,0.03500000015,0.03500000015
2021-03-01,0.02800000086,0.02800000086
2021-03-02,0.03500000015,0.03500000015
2021-03-03,0.03500000015,0.03500000015
2021-03-04,0.02800000086,0.02800000086
2021-03-05,0.02800000086,0.02800000086
2021-03-08,0.03500000015,0.03500000015
2021-03-09,0.03500000015,0.03500000015
2021-03-10,0.02999999933,0.02999999933
2021-03-11,0.02800000086,0.02800000086
2021-03-12,0.02500000037,0.02500000037
2021-03-15,0.01499999966,0.01499999966
2021-03-16,0.00800000038,0.00800000038
2021-03-17,0.00800000038,0.00800000038
2021-03-18,0.003000000026,0.003000000026
2021-03-19,0.004999999888,0.004999999888
2021-03-22,0.004999999888,0.004999999888
2021-03-23,0.009999999776,0.009999999776
2021-03-24,0.01499999966,0.01499999966
2021-03-25,0.01499999966,0.01499999966
2021-03-26,0.01499999966,0.01499999966
2021-03-29,0.00800000038,0.00800000038
2021-03-30,0.01300000027,0.01300000027
2021-03-31,0.01300000027,0.01300000027
2021-04-01,0.00800000038,0.00800000038
2021-04-05,0.01499999966,0.01499999966
2021-04-06,0.01499999966,0.01499999966
2021-04-07,0.009999999776,0.009999999776
2021-04-08,0.004999999888,0.004999999888
2021-04-09,0.003000000026,0.003000000026
2021-04-12,0.009999999776,0.009999999776
2021-04-13,0.01499999966,0.01499999966
2021-04-14,0.01499999966,0.01499999966
2021-04-15,0.009999999776,0.009999999776
2021-04-16,0.00800000038,0.00800000038
2021-04-19,0.01499999966,0.01499999966
2021-04-20,0.01499999966,0.01499999966
2021-04-21,0.01300000027,0.01300000027
2021-04-22,0.01499999966,0.01499999966
2021-04-23,0.01499999966,0.01499999966
2021-04-26,0.00800000038,0.00800000038
2021-04-27,0.009999999776,0.009999999776
2021-04-28,0.00800000038,0.00800000038
2021-04-29,0.00800000038,0.00800000038
2021-04-30,0.003000000026,0.003000000026
2021-05-03,0.004999999888,0.004999999888
2021-05-04,0.009999999776,0.009999999776
2021-05-05,0.00800000038,0.00800000038
2021-05-06,0.00800000038,0.00800000038
2021-05-07,0.00800000038,0.00800000038
2021-05-10,0.004999999888,0.004999999888
2021-05-11,0.009999999776,0.009999999776
2021-05-12,0.009999999776,0.009999999776
2021-05-13,0.00800000038,0.00800000038
2021-05-14,0.004999999888,0.004999999888
2021-05-17,0.004999999888,0.004999999888
2021-05-18,0.009999999776,0.009999999776
2021-05-19,0.004999999888,0.004999999888
2021-05-20,0.003000000026,0.003000000026
2021-05-21,0.003000000026,0.003000000026
2021-05-24,0.003000000026,0.003000000026
2021-05-25,0.009999999776,0.009999999776
2021-05-26,0.004999999888,0.004999999888
2021-05-27,0.004999999888,0.004999999888
2021-05-28,0.00800000038,0.00800000038
2021-06-01,0.009999999776,0.009999999776
2021-06-02,0.01499999966,0.01499999966
2021-06-03,0.01499999966,0.01499999966
2021-06-04,0.01499999966,0.01499999966
2021-06-07,0.01799999923,0.01799999923
2021-06-08,0.01999999955,0.01999999955
2021-06-09,0.01999999955,0.01999999955
2021-06-10,0.01999999955,0.01999999955
2021-06-11,0.01799999923,0.01799999923
2021-06-14,0.01499999966,0.01499999966
2021-06-15,0.01999999955,0.01999999955
2021-06-16,0.02800000086,0.02800000086
2021-06-17,0.02800000086,0.02800000086
2021-06-18,0.02800000086,0.02800000086
2021-06-21,0.02999999933,0.02999999933
2021-06-22,0.03799999878,0.03799999878
2021-06-23,0.03999999911,0.03999999911
2021-06-24,0.04300000146,0.04300000146
2021-06-25,0.04300000146,0.04300000146
2021-06-28,0.03999999911,0.03999999911
2021-06-29,0.03999999911,0.03999999911
2021-06-30,0.03999999911,0.03999999911
2021-07-01,0.03999999911,0.03999999911
2021-07-02,0.03799999878,0.03799999878
2021-07-06,0.03999999911,0.03999999911
2021-07-07,0.04300000146,0.04300000146
2021-07-08,0.04300000146,0.04300000146
2021-07-09,0.04300000146,0.04300000146
2021-07-12,0.04300000146,0.04300000146
2021-07-13,0.04500000179,0.04500000179
2021-07-14,0.04500000179,0.04500000179
2021-07-15,0.03799999878,0.03799999878
2021-07-16,0.03799999878,0.03799999878
2021-07-19,0.03999999911,0.03999999911
2021-07-20,0.04500000179,0.04500000179
2021-07-21,0.04500000179,0.04500000179
2021-07-22,0.04300000146,0.04300000146
2021-07-23,0.04500000179,0.04500000179
2021-07-26,0.03999999911,0.03999999911
2021-07-27,0.04500000179,0.04500000179
2021-07-28,0.04500000179,0.04500000179
2021-07-29,0.03999999911,0.03999999911
2021-07-30,0.03999999911,0.03999999911
2021-08-02,0.03799999878,0.03799999878
2021-08-03,0.04500000179,0.04500000179
2021-08-04,0.04500000179,0.04500000179
2021-08-05,0.04300000146,0.04300000146
2021-08-06,0.04300000146,0.04300000146
2021-08-09,0.04500000179,0.04500000179
2021-08-10,0.05000000075,0.05000000075
2021-08-11,0.04500000179,0.04500000179
2021-08-12,0.04300000146,0.04300000146
2021-08-13,0.04500000179,0.04500000179
2021-08-16,0.05799999833,0.05799999833
2021-08-17,0.06300000101,0.06300000101
2021-08-18,0.0549999997,0.0549999997
2021-08-19,0.04300000146,0.04300000146
2021-08-20,0.04300000146,0.04300000146
2021-08-23,0.03999999911,0.03999999911
2021-08-24,0.04800000042,0.04800000042
2021-08-25,0.04500000179,0.04500000179
2021-08-26,0.04300000146,0.04300000146
2021-08-27,0.04300000146,0.04300000146
2021-08-30,0.03799999878,0.03799999878
2021-08-31,0.03999999911,0.03999999911
2021-09-01,0.03999999911,0.03999999911
2021-09-02,0.03999999911,0.03999999911
2021-09-03,0.03999999911,0.03999999911
2021-09-07,0.03500000015,0.03500000015
2021-09-08,0.03999999911,0.03999999911
2021-09-09,0.03799999878,0.03799999878
2021-09-10,0.03799999878,0.03799999878
2021-09-13,0.03799999878,0.03799999878
2021-09-14,0.03500000015,0.03500000015
2021-09-15,0.03500000015,0.03500000015
2021-09-16,0.02999999933,0.02999999933
2021-09-17,0.02800000086,0.02800000086
2021-09-20,0.02500000037,0.02500000037
2021-09-21,0.01999999955,0.01999999955
2021-09-22,0.02500000037,0.02500000037
2021-09-23,0.02500000037,0.02500000037
2021-09-24,0.02500000037,0.02500000037
2021-09-27,0.02500000037,0.02500000037
2021-09-28,0.02999999933,0.02999999933
2021-09-29,0.02999999933,0.02999999933
2021-09-30,0.02800000086,0.02800000086
2021-10-01,0.02800000086,0.02800000086
2021-10-04,0.02800000086,0.02800000086
2021-10-05,0.03500000015,0.03500000015
2021-10-06,0.03999999911,0.03999999911
2021-10-07,0.03999999911,0.03999999911
2021-10-08,0.03999999911,0.03999999911
2021-10-11,0.03999999911,0.03999999911
2021-10-12,0.03999999911,0.03999999911
2021-10-13,0.04500000179,0.04500000179
2021-10-14,0.03999999911,0.03999999911
2021-10-15,0.03799999878,0.03799999878
2021-10-18,0.04300000146,0.04300000146
2021-10-19,0.05000000075,0.05000000075
2021-10-20,0.05000000075,0.05000000075
2021-10-21,0.05000000075,0.05000000075
2021-10-22,0.05000000075,0.05000000075
2021-10-25,0.05000000075,0.05000000075
2021-10-26,0.05000000075,0.05000000075
2021-10-27,0.05000000075,0.05000000075
2021-10-28,0.04800000042,0.04800000042
2021-10-29,0.04800000042,0.04800000042
2021-11-01,0.03999999911,0.03999999911
2021-11-02,0.04500000179,0.04500000179
2021-11-03,0.04500000179,0.04500000179
2021-11-04,0.03500000015,0.03500000015
2021-11-05,0.03999999911,0.03999999911
2021-11-08,0.03500000015,0.03500000015
2021-11-09,0.03999999911,0.03999999911
2021-11-10,0.04500000179,0.04500000179
2021-11-11,0.03999999911,0.03999999911
2021-11-12,0.04300000146,0.04300000146
2021-11-15,0.03799999878,0.03799999878
2021-11-16,0.03999999911,0.03999999911
2021-11-17,0.04500000179,0.04500000179
2021-11-18,0.04500000179,0.04500000179
2021-11-19,0.04500000179,0.04500000179
2021-11-22,0.03999999911,0.03999999911
2021-11-23,0.04500000179,0.04500000179
2021-11-24,0.05000000075,0.05000000075
2021-11-26,0.04300000146,0.04300000146
2021-11-29,0.03799999878,0.03799999878
2021-11-30,0.04800000042,0.04800000042
2021-12-01,0.05000000075,0.05000000075
2021-12-02,0.04300000146,0.04300000146
2021-12-03,0.04300000146,0.04300000146
2021-12-06,0.04300000146,0.04300000146
2021-12-07,0.05799999833,0.05799999833
2021-12-08,0.05999999866,0.05999999866
2021-12-09,0.05299999937,0.05299999937
2021-12-10,0.05000000075,0.05000000075
2021-12-13,0.04300000146,0.04300000146
2021-12-14,0.04800000042,0.04800000042
2021-12-15,0.04500000179,0.04500000179
2021-12-16,0.03500000015,0.03500000015
2021-12-17,0.02999999933,0.02999999933
2021-12-20,0.03799999878,0.03799999878
2021-12-21,0.06499999762,0.06499999762
2021-12-22,0.06499999762,0.06499999762
2021-12-23,0.05799999833,0.05799999833
2021-12-27,0.04300000146,0.04300000146
2021-12-28,0.05000000075,0.05000000075
2021-12-29,0.04500000179,0.04500000179
2021-12-30,0.02500000037,0.02500000037
2021-12-31,0.03299999982,0.03299999982
2022-01-03,0.05299999937,0.05299999937
2022-01-04,0.07999999821,0.07999999821
2022-01-05,0.08500000089,0.08500000089
2022-01-06,0.09000000358,0.09000000358
2022-01-07,0.08799999952,0.08799999952
2022-01-10,0.09000000358,0.09000000358
2022-01-11,0.1180000007,0.1180000007
2022-01-12,0.1150000021,0.1150000021
2022-01-13,0.1099999994,0.1099999994
2022-01-14,0.1180000007,0.1180000007
2022-01-18,0.1299999952,0.1299999952
2022-01-19,0.1650000066,0.1650000066
2022-01-20,0.1679999977,0.1679999977
2022-01-21,0.1580000073,0.1580000073
2022-01-24,0.1550000012,0.1550000012
2022-01-25,0.1850000024,0.1850000024
2022-01-26,0.1780000031,0.1780000031
2022-01-27,0.1850000024,0.1850000024
2022-01-28,0.172999993,0.172999993
2022-01-31,0.172999993,0.172999993
2022-02-01,0.2029999942,0.2029999942
2022-02-02,0.1850000024,0.1850000024
2022-02-03,0.1930000037,0.1930000037
2022-02-04,0.2230000049,0.2230000049
2022-02-07,0.2029999942,0.2029999942
2022-02-08,0.275000006,0.275000006
2022-02-09,0.2700000107,0.2700000107
2022-02-10,0.3700000048,0.3700000048
2022-02-11,0.3379999995,0.3379999995
2022-02-14,0.3600000143,0.3600000143
2022-02-15,0.400000006,0.400000006
2022-02-16,0.3729999959,0.3729999959
2022-02-17,0.3449999988,0.3449999988
2022-02-18,0.3179999888,0.3179999888
2022-02-22,0.3300000131,0.3300000131
2022-02-23,0.3400000036,0.3400000036
2022-02-24,0.2829999924,0.2829999924
2022-02-25,0.2980000079,0.2980000079
2022-02-28,0.2879999876,0.2879999876
2022-03-01,0.3129999936,0.3129999936
2022-03-02,0.3249999881,0.3249999881
2022-03-03,0.3350000083,0.3350000083
2022-03-04,0.3050000072,0.3050000072
2022-03-07,0.3050000072,0.3050000072
2022-03-08,0.3600000143,0.3600000143
2022-03-09,0.3700000048,0.3700000048
2022-03-10,0.3600000143,0.3600000143
2022-03-11,0.3650000095,0.3650000095
2022-03-14,0.3779999912,0.3779999912
2022-03-15,0.4480000138,0.4480000138
2022-03-16,0.4329999983,0.4329999983
2022-03-17,0.3600000143,0.3600000143
2022-03-18,0.3829999864,0.3829999864
2022-03-21,0.4550000131,0.4550000131
2022-03-22,0.5199999809,0.5199999809
2022-03-23,0.4799999893,0.4799999893
2022-03-24,0.4830000103,0.4830000103
2022-03-25,0.5199999809,0.5199999809
2022-03-28,0.5080000162,0.5080000162
2022-03-29,0.5550000072,0.5550000072
2022-03-30,0.5249999762,0.5249999762
2022-03-31,0.4930000007,0.4930000007
2022-04-01,0.5,0.5
2022-04-04,0.5379999876,0.5379999876
2022-04-05,0.6679999828,0.6679999828
2022-04-06,0.6629999876,0.6629999876
2022-04-07,0.6600000262,0.6600000262
2022-04-08,0.6679999828,0.6679999828
2022-04-11,0.6800000072,0.6800000072
2022-04-12,0.7379999757,0.7379999757
2022-04-13,0.7400000095,0.7400000095
2022-04-14,0.7480000257,0.7480000257
2022-04-18,0.7549999952,0.7549999952
2022-04-19,0.8330000043,0.8330000043
2022-04-20,0.7950000167,0.7950000167
2022-04-21,0.8000000119,0.8000000119
2022-04-22,0.7799999714,0.7799999714
2022-04-25,0.7979999781,0.7979999781
2022-04-26,0.8330000043,0.8330000043
2022-04-27,0.8080000281,0.8080000281
2022-04-28,0.7850000262,0.7850000262
2022-04-29,0.8080000281,0.8080000281
2022-05-02,0.7649999857,0.7649999857
2022-05-03,0.8949999809,0.8949999809
2022-05-04,0.8330000043,0.8330000043
2022-05-05,0.8029999733,0.8029999733
2022-05-06,0.8149999976,0.8149999976
2022-05-09,0.8000000119,0.8000000119
2022-05-10,0.878000021,0.878000021
2022-05-11,0.8830000162,0.8830000162
2022-05-12,0.9049999714,0.9049999714
2022-05-13,0.9430000186,0.9430000186
2022-05-16,0.9800000191,0.9800000191
2022-05-17,1.037999988,1.037999988
2022-05-18,1.003000021,1.003000021
2022-05-19,1,1
2022-05-20,0.9779999852,0.9779999852
2022-05-23,0.9929999709,0.9929999709
2022-05-24,1.042999983,1.042999983
2022-05-25,1.044999957,1.044999957
2022-05-26,1.027999997,1.027999997
2022-05-27,1.024999976,1.024999976
2022-05-31,1.029999971,1.029999971
2022-06-01,1.103000045,1.103000045
2022-06-02,1.113000035,1.113000035
2022-06-03,1.13499999,1.13499999
2022-06-06,1.159999967,1.159999967
2022-06-07,1.225000024,1.225000024
2022-06-08,1.23300004,1.23300004
2022-06-09,1.238000035,1.238000035
2022-06-10,1.287999988,1.287999988
2022-06-13,1.498000026,1.498000026
2022-06-14,1.743000031,1.743000031
2022-06-15,1.695000052,1.695000052
2022-06-16,1.48300004,1.48300004
2022-06-17,1.50999999,1.50999999
2022-06-21,1.488000035,1.488000035
2022-06-22,1.544999957,1.544999957
2022-06-23,1.559999943,1.559999943
2022-06-24,1.59800005,1.59800005
2022-06-27,1.633000016,1.633000016
2022-06-28,1.738000035,1.738000035
2022-06-29,1.705000043,1.705000043
2022-06-30,1.600000024,1.600000024
2022-07-01,1.603000045,1.603000045
2022-07-05,1.629999995,1.629999995
2022-07-06,1.840000033,1.840000033
2022-07-07,1.853000045,1.853000045
2022-07-08,1.843000054,1.843000054
2022-07-11,1.952999949,1.952999949
2022-07-12,2.112999916,2.112999916
2022-07-13,2.322999954,2.322999954
2022-07-14,2.273000002,2.273000002
2022-07-15,2.24000001,2.24000001
2022-07-18,2.25999999,2.25999999
2022-07-19,2.450000048,2.450000048
2022-07-20,2.378000021,2.378000021
2022-07-21,2.359999895,2.359999895
2022-07-22,2.355000019,2.355000019
2022-07-25,2.392999887,2.392999887
2022-07-26,2.474999905,2.474999905
2022-07-27,2.382999897,2.382999897
2022-07-28,2.308000088,2.308000088
2022-07-29,2.298000097,2.298000097
2022-08-01,2.265000105,2.265000105
2022-08-02,2.463000059,2.463000059
2022-08-03,2.427999973,2.427999973
2022-08-04,2.378000021,2.378000021
2022-08-05,2.410000086,2.410000086
2022-08-08,2.460000038,2.460000038
2022-08-09,2.569999933,2.569999933
2022-08-10,2.535000086,2.535000086
2022-08-11,2.49000001,2.49000001
2022-08-12,2.5,2.5
2022-08-15,2.513000011,2.513000011
2022-08-16,2.59800005,2.59800005
2022-08-17,2.568000078,2.568000078
2022-08-18,2.565000057,2.565000057
2022-08-19,2.579999924,2.579999924
2022-08-22,2.648000002,2.648000002
2022-08-23,2.703000069,2.703000069
2022-08-24,2.713000059,2.713000059
2022-08-25,2.730000019,2.730000019
2022-08-26,2.755000114,2.755000114
2022-08-29,2.798000097,2.798000097
2022-08-30,2.872999907,2.872999907
2022-08-31,2.859999895,2.859999895
2022-09-01,2.862999916,2.862999916
2022-09-02,2.819999933,2.819999933
2022-09-06,2.845000029,2.845000029
2022-09-07,2.933000088,2.933000088
2022-09-08,2.950000048,2.950000048
2022-09-09,2.967999935,2.967999935
2022-09-12,2.994999886,2.994999886
2022-09-13,3.153000116,3.153000116
2022-09-14,3.128000021,3.128000021
2022-09-15,3.095000029,3.095000029
2022-09-16,3.069999933,3.069999933
2022-09-19,3.035000086,3.035000086
2022-09-20,3.243000031,3.243000031
2022-09-21,3.190000057,3.190000057
2022-09-22,3.130000114,3.130000114
2022-09-23,3.10800004,3.10800004
2022-09-26,3.164999962,3.164999962
2022-09-27,3.25,3.25
2022-09-28,3.230000019,3.230000019
2022-09-29,3.217999935,3.217999935
2022-09-30,3.180000067,3.180000067
2022-10-03,3.150000095,3.150000095
2022-10-04,3.315000057,3.315000057
2022-10-05,3.292999983,3.292999983
2022-10-06,3.288000107,3.288000107
2022-10-07,3.292999983,3.292999983
2022-10-10,3.285000086,3.285000086
2022-10-11,3.339999914,3.339999914
2022-10-12,3.532999992,3.532999992
2022-10-13,3.582999945,3.582999945
2022-10-14,3.628000021,3.628000021
2022-10-17,3.687999964,3.687999964
2022-10-18,3.832999945,3.832999945
2022-10-19,3.892999887,3.892999887
2022-10-20,3.890000105,3.890000105
2022-10-21,3.88499999,3.88499999
2022-10-24,3.913000107,3.913000107
2022-10-25,3.964999914,3.964999914
2022-10-26,3.930000067,3.930000067
2022-10-27,3.930000067,3.930000067
2022-10-28,3.970000029,3.970000029
2022-10-31,3.974999905,3.974999905
2022-11-01,4.050000191,4.050000191
2022-11-02,4.025000095,4.025000095
2022-11-03,4.025000095,4.025000095
2022-11-04,4.013000011,4.013000011
2022-11-07,3.98300004,3.98300004
2022-11-08,4.090000153,4.090000153
2022-11-09,4.092999935,4.092999935
2022-11-10,4.054999828,4.054999828
2022-11-11,4.063000202,4.063000202
2022-11-14,4.06799984,4.06799984
2022-11-15,4.130000114,4.130000114
2022-11-16,4.125,4.125
2022-11-17,4.112999916,4.112999916
2022-11-18,4.135000229,4.135000229
2022-11-21,4.09800005,4.09800005
2022-11-22,4.197999954,4.197999954
2022-11-23,4.199999809,4.199999809
2022-11-25,4.175000191,4.175000191
2022-11-28,4.183000088,4.183000088
2022-11-29,4.252999783,4.252999783
2022-11-30,4.252999783,4.252999783
2022-12-01,4.19299984,4.19299984
2022-12-02,4.208000183,4.208000183
2022-12-05,4.157999992,4.157999992
2022-12-06,4.21999979,4.21999979
2022-12-07,4.183000088,4.183000088
2022-12-08,4.150000095,4.150000095
2022-12-09,4.172999859,4.172999859
2022-12-12,4.168000221,4.168000221
2022-12-13,4.248000145,4.248000145
2022-12-14,4.21999979,4.21999979
2022-12-15,4.212999821,4.212999821
2022-12-16,4.163000107,4.163000107
2022-12-19,4.163000107,4.163000107
2022-12-20,4.230000019,4.230000019
2022-12-21,4.204999924,4.204999924
2022-12-22,4.208000183,4.208000183
2022-12-23,4.19299984,4.19299984
2022-12-27,4.195000172,4.195000172
2022-12-28,4.337999821,4.337999821
2022-12-29,4.295000076,4.295000076
2022-12-30,4.260000229,4.260000229
2023-01-03,4.255000114,4.255000114
2023-01-04,4.400000095,4.400000095
2023-01-05,4.498000145,4.498000145
2023-01-06,4.493000031,4.493000031
2023-01-09,4.482999802,4.482999802
2023-01-10,4.565000057,4.565000057
2023-01-11,4.554999828,4.554999828
2023-01-12,4.474999905,4.474999905
2023-01-13,4.487999916,4.487999916
2023-01-17,4.493000031,4.493000031
2023-01-18,4.53000021,4.53000021
2023-01-19,4.525000095,4.525000095
2023-01-20,4.538000107,4.538000107
2023-01-23,4.534999847,4.534999847
2023-01-24,4.572999954,4.572999954
2023-01-25,4.545000076,4.545000076
2023-01-26,4.543000221,4.543000221
2023-01-27,4.547999859,4.547999859
2023-01-30,4.534999847,4.534999847
2023-01-31,4.570000172,4.570000172
2023-02-01,4.519999981,4.519999981
2023-02-02,4.510000229,4.510000229
2023-02-03,4.522999763,4.522999763
2023-02-06,4.532999992,4.532999992
2023-02-07,4.570000172,4.570000172
2023-02-08,4.585000038,4.585000038
2023-02-09,4.612999916,4.612999916
2023-02-10,4.635000229,4.635000229
2023-02-13,4.644999981,4.644999981
2023-02-14,4.659999847,4.659999847
2023-02-15,4.643000126,4.643000126
2023-02-16,4.664999962,4.664999962
2023-02-17,4.679999828,4.679999828
2023-02-21,4.688000202,4.688000202
2023-02-22,4.695000172,4.695000172
2023-02-23,4.690000057,4.690000057
2023-02-24,4.703000069,4.703000069
2023-02-27,4.664999962,4.664999962
2023-02-28,4.710000038,4.710000038
2023-03-01,4.724999905,4.724999905
2023-03-02,4.72300005,4.72300005
2023-03-03,4.717999935,4.717999935
2023-03-06,4.728000164,4.728000164
2023-03-07,4.84499979,4.84499979
2023-03-08,4.882999897,4.882999897
2023-03-09,4.84800005,4.84800005
2023-03-10,4.802999973,4.802999973
2023-03-13,4.657999992,4.657999992
2023-03-14,4.679999828,4.679999828
2023-03-15,4.558000088,4.558000088
2023-03-16,4.53000021,4.53000021
2023-03-17,4.293000221,4.293000221
2023-03-20,4.465000153,4.465000153
2023-03-21,4.605000019,4.605000019
2023-03-22,4.563000202,4.563000202
2023-03-23,4.502999783,4.502999783
2023-03-24,4.502999783,4.502999783
2023-03-27,4.583000183,4.583000183
2023-03-28,4.627999783,4.627999783
2023-03-29,4.630000114,4.630000114
2023-03-30,4.664999962,4.664999962
2023-03-31,4.585000038,4.585000038
2023-04-03,4.570000172,4.570000172
2023-04-04,4.728000164,4.728000164
2023-04-05,4.704999924,4.704999924
2023-04-06,4.710000038,4.710000038
2023-04-10,4.837999821,4.837999821
2023-04-11,4.880000114,4.880000114
2023-04-12,4.860000134,4.860000134
2023-04-13,4.855000019,4.855000019
2023-04-14,4.902999878,4.902999878
2023-04-17,4.922999859,4.922999859
2023-04-18,5.03000021,5.03000021
2023-04-19,4.994999886,4.994999886
2023-04-20,4.945000172,4.945000172
2023-04-21,4.949999809,4.949999809
2023-04-24,4.873000145,4.873000145
2023-04-25,4.953000069,4.953000069
2023-04-26,4.985000134,4.985000134
2023-04-27,5,5
2023-04-28,4.922999859,4.922999859
2023-05-01,4.864999771,4.864999771
2023-05-02,5.039999962,5.039999962
2023-05-03,5.09499979,5.09499979
2023-05-04,5.054999828,5.054999828
2023-05-05,5.079999924,5.079999924
2023-05-08,5.083000183,5.083000183
2023-05-09,5.123000145,5.123000145
2023-05-10,5.065000057,5.065000057
2023-05-11,5.014999866,5.014999866
2023-05-12,5.027999878,5.027999878
2023-05-15,5,5
2023-05-16,5.058000088,5.058000088
2023-05-17,5.087999821,5.087999821
2023-05-18,5.125,5.125
2023-05-19,5.085000038,5.085000038
2023-05-22,5.09499979,5.09499979
2023-05-23,5.152999878,5.152999878
2023-05-24,5.184999943,5.184999943
2023-05-25,5.163000107,5.163000107
2023-05-26,5.114999771,5.114999771
2023-05-30,5.143000126,5.143000126
2023-05-31,5.248000145,5.248000145
2023-06-01,5.203000069,5.203000069
2023-06-02,5.215000153,5.215000153
2023-06-05,5.143000126,5.143000126
2023-06-06,5.157999992,5.157999992
2023-06-07,5.152999878,5.152999878
2023-06-08,5.099999905,5.099999905
2023-06-09,5.09499979,5.09499979
2023-06-12,5.09499979,5.09499979
2023-06-13,5.099999905,5.099999905
2023-06-14,5.079999924,5.079999924
2023-06-15,5.054999828,5.054999828
2023-06-16,5.065000057,5.065000057
2023-06-20,5.074999809,5.074999809
2023-06-21,5.135000229,5.135000229
2023-06-22,5.135000229,5.135000229
2023-06-23,5.138000011,5.138000011
2023-06-26,5.15500021,5.15500021
2023-06-27,5.179999828,5.179999828
2023-06-28,5.170000076,5.170000076
2023-06-29,5.175000191,5.175000191
2023-06-30,5.152999878,5.152999878
2023-07-03,5.144999981,5.144999981
2023-07-05,5.19299984,5.19299984
2023-07-06,5.212999821,5.212999821
2023-07-07,5.212999821,5.212999821
2023-07-10,5.224999905,5.224999905
2023-07-11,5.243000031,5.243000031
2023-07-12,5.230000019,5.230000019
2023-07-13,5.22300005,5.22300005
2023-07-14,5.215000153,5.215000153
2023-07-17,5.232999802,5.232999802
2023-07-18,5.248000145,5.248000145
2023-07-19,5.244999886,5.244999886
2023-07-20,5.243000031,5.243000031
2023-07-21,5.248000145,5.248000145
2023-07-24,5.25,5.25
2023-07-25,5.264999866,5.264999866
2023-07-26,5.268000126,5.268000126
2023-07-27,5.268000126,5.268000126
2023-07-28,5.255000114,5.255000114
2023-07-31,5.248000145,5.248000145
2023-08-01,5.260000229,5.260000229
2023-08-02,5.260000229,5.260000229
2023-08-03,5.257999897,5.257999897
2023-08-04,5.252999783,5.252999783
2023-08-07,5.260000229,5.260000229
2023-08-08,5.275000095,5.275000095
2023-08-09,5.28000021,5.28000021
2023-08-10,5.268000126,5.268000126
2023-08-11,5.264999866,5.264999866
2023-08-14,5.269999981,5.269999981
2023-08-15,5.28000021,5.28000021
2023-08-16,5.284999847,5.284999847
2023-08-17,5.277999878,5.277999878
2023-08-18,5.277999878,5.277999878
2023-08-21,5.28000021,5.28000021
2023-08-22,5.295000076,5.295000076
2023-08-23,5.295000076,5.295000076
2023-08-24,5.302999973,5.302999973
2023-08-25,5.315000057,5.315000057
2023-08-28,5.322999954,5.322999954
2023-08-29,5.320000172,5.320000172
2023-08-30,5.315000057,5.315000057
2023-08-31,5.297999859,5.297999859
2023-09-01,5.268000126,5.268000126
2023-09-05,5.277999878,5.277999878
2023-09-06,5.300000191,5.300000191
2023-09-07,5.282999992,5.282999992
2023-09-08,5.293000221,5.293000221
2023-09-11,5.293000221,5.293000221
2023-09-12,5.304999828,5.304999828
2023-09-13,5.304999828,5.304999828
2023-09-14,5.295000076,5.295000076
2023-09-15,5.297999859,5.297999859
2023-09-18,5.300000191,5.300000191
2023-09-19,5.309999943,5.309999943
2023-09-20,5.315000057,5.315000057
2023-09-21,5.304999828,5.304999828
2023-09-22,5.304999828,5.304999828
2023-09-25,5.313000202,5.313000202
2023-09-26,5.324999809,5.324999809
2023-09-27,5.329999924,5.329999924
2023-09-28,5.308000088,5.308000088
2023-09-29,5.300000191,5.300000191
2023-10-02,5.315000057,5.315000057
2023-10-03,5.340000153,5.340000153
2023-10-04,5.335000038,5.335000038
2023-10-05,5.324999809,5.324999809
2023-10-06,5.34800005,5.34800005
2023-10-09,5.34800005,5.34800005
2023-10-10,5.322999954,5.322999954
2023-10-11,5.335000038,5.335000038
2023-10-12,5.335000038,5.335000038
2023-10-13,5.328000069,5.328000069
2023-10-16,5.328000069,5.328000069
2023-10-17,5.340000153,5.340000153
2023-10-18,5.329999924,5.329999924
2023-10-19,5.309999943,5.309999943
2023-10-20,5.300000191,5.300000191
2023-10-23,5.293000221,5.293000221
2023-10-24,5.308000088,5.308000088
2023-10-25,5.315000057,5.315000057
2023-10-26,5.300000191,5.300000191
2023-10-27,5.304999828,5.304999828
2023-10-30,5.313000202,5.313000202
2023-10-31,5.320000172,5.320000172
2023-11-01,5.300000191,5.300000191
2023-11-02,5.269999981,5.269999981
2023-11-03,5.252999783,5.252999783
2023-11-06,5.260000229,5.260000229
2023-11-07,5.272999763,5.272999763
2023-11-08,5.268000126,5.268000126
2023-11-09,5.263000011,5.263000011
2023-11-10,5.25,5.25
2023-11-13,5.260000229,5.260000229
2023-11-14,5.252999783,5.252999783
2023-11-15,5.255000114,5.255000114
2023-11-16,5.243000031,5.243000031
2023-11-17,5.232999802,5.232999802
2023-11-20,5.237999916,5.237999916
2023-11-21,5.255000114,5.255000114
2023-11-22,5.264999866,5.264999866
2023-11-24,5.252999783,5.252999783
2023-11-27,5.257999897,5.257999897
2023-11-28,5.260000229,5.260000229
2023-11-29,5.239999771,5.239999771
2023-11-30,5.237999916,5.237999916
2023-12-01,5.215000153,5.215000153
2023-12-04,5.22300005,5.22300005
2023-12-05,5.243000031,5.243000031
2023-12-06,5.243000031,5.243000031
2023-12-07,5.232999802,5.232999802
2023-12-08,5.232999802,5.232999802
2023-12-11,5.232999802,5.232999802
2023-12-12,5.248000145,5.248000145
2023-12-13,5.22300005,5.22300005
2023-12-14,5.215000153,5.215000153
2023-12-15,5.224999905,5.224999905
2023-12-18,5.224999905,5.224999905
2023-12-19,5.237999916,5.237999916
2023-12-20,5.230000019,5.230000019
2023-12-21,5.210000038,5.210000038
2023-12-22,5.208000183,5.208000183
2023-12-26,5.203000069,5.203000069
2023-12-27,5.235000134,5.235000134
2023-12-28,5.217999935,5.217999935
2023-12-29,5.179999828,5.179999828
2024-01-02,5.212999821,5.212999821
2024-01-03,5.235000134,5.235000134
2024-01-04,5.228000164,5.228000164
2024-01-05,5.21999979,5.21999979
2024-01-08,5.21999979,5.21999979
2024-01-09,5.230000019,5.230000019
2024-01-10,5.224999905,5.224999905
2024-01-11,5.217999935,5.217999935
2024-01-12,5.197999954,5.197999954
2024-01-16,5.203000069,5.203000069
2024-01-17,5.215000153,5.215000153
2024-01-18,5.199999809,5.199999809
2024-01-19,5.197999954,5.197999954
2024-01-22,5.199999809,5.199999809
2024-01-23,5.210000038,5.210000038
2024-01-24,5.210000038,5.210000038
2024-01-25,5.195000172,5.195000172
2024-01-26,5.199999809,5.199999809
2024-01-29,5.199999809,5.199999809
2024-01-30,5.203000069,5.203000069
2024-01-31,5.188000202,5.188000202
2024-02-01,5.199999809,5.199999809
2024-02-02,5.210000038,5.210000038
2024-02-05,5.228000164,5.228000164
2024-02-06,5.22300005,5.22300005
2024-02-07,5.22300005,5.22300005
2024-02-08,5.217999935,5.217999935
2024-02-09,5.21999979,5.21999979
2024-02-12,5.228000164,5.228000164
2024-02-13,5.232999802,5.232999802
2024-02-14,5.217999935,5.217999935
2024-02-15,5.217999935,5.217999935
2024-02-16,5.22300005,5.22300005
2024-02-20,5.212999821,5.212999821
2024-02-21,5.235000134,5.235000134
2024-02-22,5.232999802,5.232999802
2024-02-23,5.239999771,5.239999771
2024-02-26,5.25,5.25
2024-02-27,5.244999886,5.244999886
2024-02-28,5.239999771,5.239999771
2024-02-29,5.22300005,5.22300005
2024-03-01,5.215000153,5.215000153
2024-03-04,5.22300005,5.22300005
2024-03-05,5.224999905,5.224999905
2024-03-06,5.230000019,5.230000019
2024-03-07,5.228000164,5.228000164
2024-03-08,5.228000164,5.228000164
2024-03-11,5.239999771,5.239999771
2024-03-12,5.239999771,5.239999771
2024-03-13,5.237999916,5.237999916
2024-03-14,5.237999916,5.237999916
2024-03-15,5.237999916,5.237999916
2024-03-18,5.237999916,5.237999916
2024-03-19,5.237999916,5.237999916
2024-03-20,5.228000164,5.228000164
2024-03-21,5.228000164,5.228000164
2024-03-22,5.21999979,5.21999979
2024-03-25,5.217999935,5.217999935
2024-03-26,5.217999935,5.217999935
2024-03-27,5.215000153,5.215000153
2024-03-28,5.203000069,5.203000069
2024-04-01,5.217999935,5.217999935
2024-04-02,5.212999821,5.212999821
2024-04-03,5.210000038,5.210000038
2024-04-04,5.203000069,5.203000069
2024-04-05,5.215000153,5.215000153
2024-04-08,5.22300005,5.22300005
2024-04-09,5.21999979,5.21999979
2024-04-10,5.243000031,5.243000031
2024-04-11,5.237999916,5.237999916
2024-04-12,5.230000019,5.230000019
2024-04-15,5.237999916,5.237999916
2024-04-16,5.232999802,5.232999802
2024-04-17,5.239999771,5.239999771
2024-04-18,5.243000031,5.243000031
2024-04-19,5.244999886,5.244999886
2024-04-22,5.244999886,5.244999886
2024-04-23,5.244999886,5.244999886
2024-04-24,5.255000114,5.255000114
2024-04-25,5.244999886,5.244999886
2024-04-26,5.237999916,5.237999916
2024-04-29,5.243000031,5.243000031
2024-04-30,5.244999886,5.244999886
2024-05-01,5.25,5.25
2024-05-02,5.237999916,5.237999916
2024-05-03,5.235000134,5.235000134
2024-05-06,5.239999771,5.239999771
2024-05-07,5.243000031,5.243000031
2024-05-08,5.244999886,5.244999886
2024-05-09,5.239999771,5.239999771
2024-05-10,5.243000031,5.243000031
2024-05-13,5.239999771,5.239999771
2024-05-14,5.235000134,5.235000134
2024-05-15,5.239999771,5.239999771
2024-05-16,5.243000031,5.243000031
2024-05-17,5.239999771,5.239999771
2024-05-20,5.239999771,5.239999771
2024-05-21,5.239999771,5.239999771
2024-05-22,5.244999886,5.244999886
2024-05-23,5.244999886,5.244999886
2024-05-24,5.244999886,5.244999886
2024-05-28,5.248000145,5.248000145
2024-05-29,5.25,5.25
2024-05-30,5.248000145,5.248000145
2024-05-31,5.244999886,5.244999886
2024-06-03,5.243000031,5.243000031
2024-06-04,5.239999771,5.239999771
2024-06-05,5.239999771,5.239999771
2024-06-06,5.232999802,5.232999802
2024-06-07,5.237999916,5.237999916
2024-06-10,5.232999802,5.232999802
2024-06-11,5.244999886,5.244999886
2024-06-12,5.243000031,5.243000031
2024-06-13,5.239999771,5.239999771
2024-06-14,5.239999771,5.239999771
2024-06-17,5.243000031,5.243000031
2024-06-18,5.235000134,5.235000134
2024-06-20,5.224999905,5.224999905
2024-06-21,5.215000153,5.215000153
2024-06-24,5.210000038,5.210000038
2024-06-25,5.22300005,5.22300005
2024-06-26,5.230000019,5.230000019
2024-06-27,5.22300005,5.22300005
2024-06-28,5.212999821,5.212999821
2024-07-01,5.217999935,5.217999935
2024-07-02,5.228000164,5.228000164
2024-07-03,5.230000019,5.230000019
2024-07-05,5.224999905,5.224999905
2024-07-08,5.217999935,5.217999935
2024-07-09,5.224999905,5.224999905
2024-07-10,5.224999905,5.224999905
2024-07-11,5.197999954,5.197999954
2024-07-12,5.197999954,5.197999954
2024-07-15,5.19299984,5.19299984
2024-07-16,5.19299984,5.19299984
2024-07-17,5.195000172,5.195000172
2024-07-18,5.19299984,5.19299984
2024-07-19,5.19299984,5.19299984
2024-07-22,5.190000057,5.190000057
2024-07-23,5.172999859,5.172999859
2024-07-24,5.170000076,5.170000076
2024-07-25,5.159999847,5.159999847
2024-07-26,5.15500021,5.15500021
2024-07-29,5.146999836,5.146999836
2024-07-30,5.135000229,5.135000229
2024-07-31,5.135000229,5.135000229
2024-08-01,5.114999771,5.114999771
2024-08-02,5.03000021,5.03000021
2024-08-05,5.059999943,5.059999943
2024-08-06,5.079999924,5.079999924
2024-08-07,5.079999924,5.079999924
2024-08-08,5.083000183,5.083000183
2024-08-09,5.074999809,5.074999809
2024-08-12,5.072999954,5.072999954
2024-08-13,5.052999973,5.052999973
2024-08-14,5.063000202,5.063000202
2024-08-15,5.079999924,5.079999924
2024-08-16,5.074999809,5.074999809
2024-08-19,5.063000202,5.063000202
2024-08-20,5.032999992,5.032999992
2024-08-21,5.005000114,5.005000114
2024-08-22,5.025000095,5.025000095
2024-08-23,5,5
2024-08-26,4.998000145,4.998000145
2024-08-27,4.967999935,4.967999935
2024-08-28,4.954999924,4.954999924
2024-08-29,4.965000153,4.965000153
2024-08-30,4.967999935,4.967999935
2024-09-03,4.96999979,4.96999979
2024-09-04,4.947999954,4.947999954
2024-09-05,4.93200016,4.93200016
2024-09-06,4.907999992,4.907999992
2024-09-09,4.894999981,4.894999981
2024-09-10,4.835000038,4.835000038
2024-09-11,4.875,4.875
2024-09-12,4.840000153,4.840000153
2024-09-13,4.763000011,4.763000011
2024-09-16,4.744999886,4.744999886
2024-09-17,4.735000134,4.735000134
2024-09-18,4.614999771,4.614999771
2024-09-19,4.592999935,4.592999935
2024-09-20,4.545000076,4.545000076
2024-09-23,4.502999783,4.502999783
2024-09-24,4.494999886,4.494999886
2024-09-25,4.486999989,4.486999989
2024-09-26,4.467999935,4.467999935
2024-09-27,4.481999874,4.481999874
2024-09-30,4.498000145,4.498000145
2024-10-01,4.481999874,4.481999874
2024-10-02,4.47300005,4.47300005
2024-10-03,4.465000153,4.465000153
2024-10-04,4.505000114,4.505000114
2024-10-07,4.525000095,4.525000095
2024-10-08,4.527999878,4.527999878
2024-10-09,4.534999847,4.534999847
2024-10-10,4.53000021,4.53000021
2024-10-11,4.514999866,4.514999866
2024-10-14,4.518000126,4.518000126
2024-10-15,4.514999866,4.514999866
2024-10-16,4.502999783,4.502999783
2024-10-17,4.514999866,4.514999866
2024-10-18,4.513000011,4.513000011
2024-10-21,4.518000126,4.518000126
2024-10-22,4.5,4.5
2024-10-23,4.505000114,4.505000114
2024-10-24,4.486999989,4.486999989
2024-10-25,4.510000229,4.510000229
2024-10-28,4.481999874,4.481999874
2024-10-29,4.480000019,4.480000019
2024-10-30,4.462999821,4.462999821
2024-10-31,4.43200016,4.43200016
2024-11-01,4.400000095,4.400000095
2024-11-04,4.418000221,4.418000221
2024-11-05,4.422999859,4.422999859
2024-11-06,4.429999828,4.429999828
2024-11-07,4.420000076,4.420000076
2024-11-08,4.422999859,4.422999859
2024-11-11,4.414999962,4.414999962
2024-11-12,4.422999859,4.422999859
2024-11-13,4.389999866,4.389999866
2024-11-14,4.382999897,4.382999897
2024-11-15,4.393000126,4.393000126
2024-11-18,4.402999878,4.402999878
2024-11-19,4.407999992,4.407999992
2024-11-20,4.409999847,4.409999847
2024-11-21,4.413000107,4.413000107
2024-11-22,4.414999962,4.414999962
2024-11-25,4.40500021,4.40500021
2024-11-26,4.394999981,4.394999981
2024-11-27,4.385000229,4.385000229
2024-11-29,4.373000145,4.373000145
2024-12-02,4.380000114,4.380000114
2024-12-03,4.356999874,4.356999874
2024-12-04,4.34499979,4.34499979
2024-12-05,4.329999924,4.329999924
2024-12-06,4.295000076,4.295000076
2024-12-09,4.293000221,4.293000221
2024-12-10,4.284999847,4.284999847
2024-12-11,4.255000114,4.255000114
2024-12-12,4.22300005,4.22300005
2024-12-13,4.217999935,4.217999935
2024-12-16,4.228000164,4.228000164
2024-12-17,4.239999771,4.239999771
2024-12-18,4.231999874,4.231999874
2024-12-19,4.21999979,4.21999979
2024-12-20,4.215000153,4.215000153
2024-12-23,4.215000153,4.215000153
2024-12-24,4.199999809,4.199999809
2024-12-26,4.215000153,4.215000153
2024-12-27,4.177999973,4.177999973
2024-12-30,4.18200016,4.18200016
2024-12-31,4.208000183,4.208000183
2025-01-02,4.208000183,4.208000183
2025-01-03,4.19299984,4.19299984
2025-01-06,4.190000057,4.190000057
2025-01-07,4.203000069,4.203000069
2025-01-08,4.204999924,4.204999924
2025-01-10,4.212999821,4.212999821
2025-01-13,4.217999935,4.217999935
2025-01-14,4.212999821,4.212999821
2025-01-15,4.204999924,4.204999924
2025-01-16,4.195000172,4.195000172
2025-01-17,4.19299984,4.19299984
2025-01-21,4.197000027,4.197000027
2025-01-22,4.215000153,4.215000153
2025-01-23,4.212999821,4.212999821
2025-01-24,4.204999924,4.204999924
2025-01-27,4.188000202,4.188000202
2025-01-28,4.190000057,4.190000057
2025-01-29,4.188000202,4.188000202
2025-01-30,4.18200016,4.18200016
2025-01-31,4.188000202,4.188000202
2025-02-03,4.190000057,4.190000057
2025-02-04,4.212999821,4.212999821
2025-02-05,4.210000038,4.210000038
2025-02-06,4.212999821,4.212999821
2025-02-07,4.228000164,4.228000164
2025-02-10,4.228000164,4.228000164
2025-02-11,4.224999905,4.224999905
2025-02-12,4.228000164,4.228000164
2025-02-13,4.212999821,4.212999821
2025-02-14,4.212999821,4.212999821
2025-02-18,4.212999821,4.212999821
2025-02-19,4.217999935,4.217999935
2025-02-20,4.204999924,4.204999924
2025-02-21,4.197000027,4.197000027
2025-02-24,4.190000057,4.190000057
2025-02-25,4.18200016,4.18200016
2025-02-26,4.19299984,4.19299984
2025-02-27,4.195000172,4.195000172
2025-02-28,4.19299984,4.19299984
2025-03-03,4.19299984,4.19299984
2025-03-04,4.195000172,4.195000172
2025-03-05,4.204999924,4.204999924
2025-03-06,4.197000027,4.197000027
2025-03-07,4.197000027,4.197000027
2025-03-10,4.184999943,4.184999943
2025-03-11,4.195000172,4.195000172
2025-03-12,4.197000027,4.197000027
2025-03-13,4.188000202,4.188000202
2025-03-14,4.188000202,4.188000202
2025-03-17,4.188000202,4.188000202
2025-03-18,4.195000172,4.195000172
2025-03-19,4.190000057,4.190000057
2025-03-20,4.18200016,4.18200016
2025-03-21,4.184999943,4.184999943
2025-03-24,4.18200016,4.18200016
2025-03-25,4.18200016,4.18200016
2025-03-26,4.190000057,4.190000057
2025-03-27,4.188000202,4.188000202
2025-03-28,4.188000202,4.188000202
2025-03-31,4.19299984,4.19299984
2025-04-01,4.199999809,4.199999809
2025-04-02,4.203000069,4.203000069
2025-04-03,4.184999943,4.184999943
2025-04-04,4.15500021,4.15500021
2025-04-07,4.150000095,4.150000095
2025-04-08,4.177999973,4.177999973
2025-04-09,4.228000164,4.228000164
2025-04-10,4.197000027,4.197000027
2025-04-11,4.212999821,4.212999821
2025-04-14,4.195000172,4.195000172
2025-04-15,4.199999809,4.199999809
2025-04-16,4.208000183,4.208000183
2025-04-17,4.204999924,4.204999924
2025-04-21,4.210000038,4.210000038
2025-04-22,4.212999821,4.212999821
2025-04-23,4.208000183,4.208000183
2025-04-24,4.197000027,4.197000027
2025-04-25,4.19299984,4.19299984
2025-04-28,4.19299984,4.19299984
2025-04-29,4.190000057,4.190000057
2025-04-30,4.190000057,4.190000057
2025-05-01,4.184999943,4.184999943
2025-05-02,4.208000183,4.208000183
2025-05-05,4.208000183,4.208000183
2025-05-06,4.210000038,4.210000038
2025-05-07,4.215000153,4.215000153
2025-05-08,4.215000153,4.215000153
2025-05-09,4.215000153,4.215000153
2025-05-12,4.28000021,4.28000021
2025-05-13,4.284999847,4.284999847
2025-05-14,4.284999847,4.284999847
2025-05-15,4.257999897,4.257999897
2025-05-16,4.236999989,4.236999989
2025-05-19,4.239999771,4.239999771
2025-05-20,4.248000145,4.248000145
2025-05-21,4.235000134,4.235000134
2025-05-22,4.231999874,4.231999874
2025-05-23,4.230000019,4.230000019
2025-05-27,4.203000069,4.203000069
2025-05-28,4.224999905,4.224999905
2025-05-29,4.230000019,4.230000019
2025-05-30,4.231999874,4.231999874
2025-06-02,4.231999874,4.231999874
2025-06-03,4.235000134,4.235000134
2025-06-04,4.239999771,4.239999771
2025-06-05,4.231999874,4.231999874
2025-06-06,4.231999874,4.231999874
2025-06-09,4.239999771,4.239999771
2025-06-10,4.25,4.25
2025-06-11,4.25,4.25
2025-06-12,4.257999897,4.257999897
2025-06-13,4.239999771,4.239999771
2025-06-16,4.248000145,4.248000145
2025-06-17,4.217999935,4.217999935
2025-06-18,4.22300005,4.22300005
2025-06-20,4.195000172,4.195000172
2025-06-23,4.157999992,4.157999992
2025-06-24,4.18200016,4.18200016
2025-06-25,4.188000202,4.188000202
2025-06-26,4.19299984,4.19299984
2025-06-27,4.197000027,4.197000027
2025-06-30,4.190000057,4.190000057
2025-07-01,4.224999905,4.224999905
2025-07-02,4.22300005,4.22300005
2025-07-03,4.239999771,4.239999771
2025-07-07,4.244999886,4.244999886
2025-07-08,4.25,4.25
2025-07-09,4.244999886,4.244999886
2025-07-10,4.239999771,4.239999771
2025-07-11,4.236999989,4.236999989
2025-07-14,4.228000164,4.228000164
2025-07-15,4.231999874,4.231999874
2025-07-16,4.224999905,4.224999905
2025-07-17,4.235000134,4.235000134
2025-07-18,4.230000019,4.230000019
2025-07-21,4.22300005,4.22300005
2025-07-22,4.230000019,4.230000019
2025-07-23,4.239999771,4.239999771
2025-07-24,4.244999886,4.244999886
2025-07-25,4.244999886,4.244999886
2025-07-28,4.235000134,4.235000134
2025-07-29,4.230000019,4.230000019
2025-07-30,4.231999874,4.231999874
2025-07-31,4.235000134,4.235000134
2025-08-01,4.18200016,4.18200016
2025-08-04,4.152999878,4.152999878
2025-08-05,4.150000095,4.150000095
2025-08-06,4.132999897,4.132999897
2025-08-07,4.138000011,4.138000011
2025-08-08,4.132999897,4.132999897
2025-08-11,4.143000126,4.143000126
2025-08-12,4.130000114,4.130000114
2025-08-13,4.110000134,4.110000134
2025-08-14,4.111999989,4.111999989
2025-08-15,4.111999989,4.111999989
2025-08-18,4.123000145,4.123000145
2025-08-19,4.110000134,4.110000134
2025-08-20,4.114999771,4.114999771
2025-08-21,4.127999783,4.127999783
2025-08-22,4.087999821,4.087999821
2025-08-25,4.092999935,4.092999935
2025-08-26,4.087999821,4.087999821
2025-08-27,4.059999943,4.059999943
2025-08-28,4.072000027,4.072000027
2025-08-29,4.043000221,4.043000221
2025-09-02,4.032000065,4.032000065
2025-09-03,4.018000126,4.018000126
2025-09-04,3.997999907,3.997999907
2025-09-05,3.910000086,3.910000086
2025-09-08,3.927999973,3.927999973
2025-09-09,3.943000078,3.943000078
2025-09-10,3.930000067,3.930000067
2025-09-11,3.927999973,3.927999973
2025-09-12,3.927999973,3.927999973
2025-09-15,3.900000095,3.900000095
2025-09-16,3.890000105,3.890000105
2025-09-17,3.868000031,3.868000031
2025-09-18,3.880000114,3.880000114
2025-09-19,3.878000021,3.878000021
2025-09-22,3.84800005,3.84800005
2025-09-23,3.845000029,3.845000029
2025-09-24,3.85800004,3.85800004
2025-09-25,3.882999897,3.882999897
2025-09-26,3.859999895,3.859999895
2025-09-29,3.862999916,3.862999916
2025-09-30,3.845000029,3.845000029
2025-10-01,3.845000029,3.845000029
2025-10-02,3.84800005,3.84800005
2025-10-03,3.85800004,3.85800004
2025-10-06,3.859999895,3.859999895
2025-10-07,3.842999935,3.842999935
2025-10-08,3.842999935,3.842999935
2025-10-09,3.852999926,3.852999926
2025-10-10,3.852999926,3.852999926
2025-10-13,3.852999926,3.852999926
2025-10-14,3.852999926,3.852999926
2025-10-15,3.85800004,3.85800004
2025-10-16,3.852999926,3.852999926
2025-10-17,3.832000017,3.832000017
2025-10-20,3.798000097,3.798000097
2025-10-21,3.785000086,3.785000086
2025-10-22,3.788000107,3.788000107
2025-10-23,3.788000107,3.788000107
2025-10-24,3.763000011,3.763000011
2025-10-27,3.717999935,3.717999935
2025-10-28,3.720000029,3.720000029
2025-10-29,3.730000019,3.730000019
2025-10-30,3.756999969,3.756999969
2025-10-31,3.717999935,3.717999935
2025-11-03,3.782999992,3.782999992
2025-11-04,3.792999983,3.792999983
2025-11-05,3.788000107,3.788000107
2025-11-06,3.763000011,3.763000011
2025-11-07,3.756999969,3.756999969
2025-11-10,3.782999992,3.782999992
2025-11-11,3.782999992,3.782999992
2025-11-12,3.778000116,3.778000116
2025-11-13,3.792999983,3.792999983
2025-11-14,3.788000107,3.788000107
2025-11-17,3.772000074,3.772000074
2025-11-18,3.772000074,3.772000074
2025-11-19,3.772000074,3.772000074
2025-11-20,3.775000095,3.775000095
2025-11-21,3.74000001,3.74000001
2025-11-24,3.730000019,3.730000019
2025-11-25,3.732000113,3.732000113
2025-11-26,3.753000021,3.753000021
2025-11-28,3.697000027,3.697000027
2025-12-01,3.693000078,3.693000078
2025-12-02,3.671999931,3.671999931
2025-12-03,3.63499999,3.63499999
2025-12-04,3.611999989,3.611999989
2025-12-05,3.602999926,3.602999926
2025-12-08,3.618000031,3.618000031
2025-12-09,3.631999969,3.631999969
2025-12-10,3.592999935,3.592999935
2025-12-11,3.568000078,3.568000078
2025-12-12,3.525000095,3.525000095
2025-12-15,3.538000107,3.538000107
2025-12-16,3.545000076,3.545000076
2025-12-17,3.542999983,3.542999983
2025-12-18,3.522000074,3.522000074
2025-12-19,3.522000074,3.522000074
2025-12-22,3.528000116,3.528000116
2025-12-23,3.546999931,3.546999931
2025-12-24,3.555000067,3.555000067
2025-12-26,3.542999983,3.542999983
2025-12-29,3.538000107,3.538000107
2025-12-30,3.539999962,3.539999962
2025-12-31,3.546999931,3.546999931
2026-01-02,3.532999992,3.532999992
2026-01-05,3.515000105,3.515000105
2026-01-06,3.519999981,3.519999981
2026-01-07,3.515000105,3.515000105
2026-01-08,3.506999969,3.506999969
2026-01-09,3.513000011,3.513000011
2026-01-12,3.532999992,3.532999992
2026-01-13,3.559999943,3.559999943
2026-01-14,3.559999943,3.559999943
2026-01-15,3.565000057,3.565000057
2026-01-16,3.556999922,3.556999922
2026-01-20,3.572000027,3.572000027
2026-01-21,3.588000059,3.588000059
2026-01-22,3.588000059,3.588000059
2026-01-23,3.582000017,3.582000017
2026-01-26,3.575000048,3.575000048
2026-01-27,3.569999933,3.569999933
2026-01-28,3.582000017,3.582000017
2026-01-29,3.579999924,3.579999924
2026-01-30,3.572000027,3.572000027
2026-02-02,3.578000069,3.578000069
2026-02-03,3.589999914,3.589999914
2026-02-04,3.595000029,3.595000029
2026-02-05,3.578000069,3.578000069
2026-02-06,3.589999914,3.589999914
2026-02-09,3.592999935,3.592999935
2026-02-10,3.589999914,3.589999914
2026-02-11,3.599999905,3.599999905
2026-02-12,3.59800005,3.59800005
2026-02-13,3.592999935,3.592999935
2026-02-17,3.592999935,3.592999935
2026-02-18,3.602999926,3.602999926
2026-02-19,3.595000029,3.595000029
2026-02-20,3.595000029,3.595000029
2026-02-23,3.588000059,3.588000059
2026-02-24,3.588000059,3.588000059
2026-02-25,3.588000059,3.588000059
2026-02-26,3.588000059,3.588000059
2026-02-27,3.578000069,3.578000069
2026-03-02,3.589999914,3.589999914
2026-03-03,3.595000029,3.595000029
2026-03-04,3.595000029,3.595000029
2026-03-05,3.588000059,3.588000059
2026-03-06,3.569999933,3.569999933
2026-03-09,3.592999935,3.592999935
2026-03-10,3.595000029,3.595000029
2026-03-11,3.599999905,3.599999905
2026-03-12,3.605000019,3.605000019
2026-03-13,3.602999926,3.602999926
2026-03-16,3.605000019,3.605000019
2026-03-17,3.605000019,3.605000019
2026-03-18,3.609999895,3.609999895
2026-03-19,3.611999989,3.611999989
2026-03-20,3.618000031,3.618000031
2026-03-23,3.611999989,3.611999989
2026-03-24,3.619999886,3.619999886
2026-03-25,3.619999886,3.619999886
2026-03-26,3.619999886,3.619999886
2026-03-27,3.607000113,3.607000113
2026-03-30,3.59800005,3.59800005
2026-03-31,3.599999905,3.599999905
2026-04-01,3.605000019,3.605000019
2026-04-02,3.607000113,3.607000113
2026-04-06,3.622999907,3.622999907
2026-04-07,3.61500001,3.61500001
2026-04-08,3.599999905,3.599999905
2026-04-09,3.588000059,3.588000059
2026-04-10,3.592999935,3.592999935
2026-04-13,3.602999926,3.602999926
2026-04-14,3.611999989,3.611999989
2026-04-15,3.611999989,3.611999989
2026-04-16,3.609999895,3.609999895
2026-04-17,3.599999905,3.599999905
2026-04-20,3.59800005,3.59800005
2026-04-21,3.59800005,3.59800005
2026-04-22,3.595000029,3.595000029
2026-04-23,3.595000029,3.595000029
2026-04-24,3.592999935,3.592999935
2026-04-27,3.589999914,3.589999914
2026-04-28,3.589999914,3.589999914
2026-04-29,3.589999914,3.589999914
2026-04-30,3.585000038,3.585000038
2026-05-01,3.575000048,3.575000048
2026-05-04,3.589999914,3.589999914
2026-05-05,3.599999905,3.599999905
2026-05-06,3.599999905,3.599999905
2026-05-07,3.59800005,3.59800005
2026-05-08,3.595000029,3.595000029
2026-05-11,3.599999905,3.599999905
2026-05-12,3.602999926,3.602999926
2026-05-13,3.599999905,3.599999905
2026-05-14,3.588000059,3.588000059
2026-05-15,3.588000059,3.588000059
2026-05-18,3.568000078,3.568000078
2026-05-19,3.575000048,3.575000048
2026-05-20,3.556999922,3.556999922
2026-05-21,3.582000017,3.582000017
2026-05-22,3.585000038,3.585000038
2026-05-26,3.582000017,3.582000017
2026-05-27,3.585000038,3.585000038
2026-05-28,3.589999914,3.589999914
2026-05-29,3.588000059,3.588000059
2026-06-01,3.619999886,3.619999886
2026-06-02,3.618000031,3.618000031
2026-06-03,3.622999907,3.622999907
2026-06-04,3.619999886,3.619999886
2026-06-05,3.625,3.625
2026-06-08,3.628000021,3.628000021
2026-06-09,3.63499999,3.63499999
2026-06-10,3.63499999,3.63499999
2026-06-11,3.622999907,3.622999907
2026-06-12,3.618000031,3.618000031
2026-06-15,3.618000031,3.618000031
2026-06-16,3.630000114,3.630000114
2026-06-17,3.647000074,3.647000074
2026-06-18,3.657999992,3.657999992
2026-06-22,3.680000067,3.680000067
2026-06-23,3.690000057,3.690000057
2026-06-24,3.690000057,3.690000057
2026-06-25,3.680000067,3.680000067
2026-06-26,3.663000107,3.663000107
2026-06-29,3.680000067,3.680000067
2026-06-30,3.732000113,3.732000113
2026-07-01,3.700000048,3.700000048
2026-07-02,3.667999983,3.667999983
2026-07-06,3.690000057,3.690000057
2026-07-07,3.724999905,3.724999905
2026-07-08,3.72300005,3.72300005
2026-07-09,3.681999922,3.681999922
2026-07-10,3.694999933,3.694999933
2026-07-13,3.727999926,3.727999926
2026-07-14,3.700000048,3.700000048
2026-07-15,3.687999964,3.687999964
2026-07-16,3.697000027,3.697000027
2026-07-17,3.707000017,3.707000017
2026-07-20,3.704999924,3.704999924
2026-07-21,3.730000019,3.730000019
2026-07-22,3.744999886,3.744999886
2026-07-23,3.799999952,3.799999952
2026-07-24,3.805000067,3.805000067
2026-07-27,3.796999931,3.796999931
2026-07-28,3.75999999,3.75999999
2026-07-29,3.657999992,3.657999992
2026-07-30,3.674999952,3.674999952
2026-07-31,3.681999922,3.681999922
2026-08-03,3.700000048,3.700000048
2026-08-04,3.730000019,3.730000019
2026-08-05,3.724999905,3.724999905
2026-08-06,3.732000113,3.732000113
2026-08-07,3.710000038,3.710000038
2026-08-10,3.717999935,3.717999935
2026-08-11,3.730000019,3.730000019
2026-08-12,3.707000017,3.707000017
2026-08-13,3.704999924,3.704999924
2026-08-14,3.697000027,3.697000027
2026-08-17,3.703000069,3.703000069
2026-08-18,3.704999924,3.704999924
2026-08-19,3.700000048,3.700000048
2026-08-20,3.703000069,3.703000069
2026-08-21,3.710000038,3.710000038
2026-08-24,3.703000069,3.703000069
2026-08-25,3.704999924,3.704999924
2026-08-26,3.690000057,3.690000057
2026-08-27,3.677999973,3.677999973
