date,close,adjclose
2006-06-21,1.128906012,0.982716918
2006-06-22,1.102344036,0.9595946074
2006-06-23,1.099063039,0.9567382336
2006-06-26,1.103124976,0.9602745175
2006-06-27,1.061874986,0.9243661165
2006-06-28,1.074844003,0.9356559515
2006-06-29,1.139843941,0.992238462
2006-06-30,1.128906012,0.982716918
2006-07-03,1.142030954,0.9941424131
2006-07-05,1.097030997,0.9549697042
2006-07-06,1.090625048,0.9493934512
2006-07-07,1.066719055,0.9285827875
2006-07-10,1.049062967,0.9132131338
2006-07-11,1.066249967,0.9281741381
2006-07-12,1.024062991,0.8914506435
2006-07-13,0.9914060235,0.8630228043
2006-07-14,0.9710940123,0.845341146
2006-07-17,0.9757810235,0.8494210243
2006-07-18,0.9812499881,0.8541818857
2006-07-19,1.002500057,0.8726801872
2006-07-20,0.9751560092,0.8488767743
2006-07-21,0.953125,0.8296988606
2006-07-24,0.9882810116,0.8603023887
2006-07-25,0.9979689717,0.8687358499
2006-07-26,1,0.8705037832
2006-07-27,0.9898440242,0.8616629243
2006-07-28,1.029374957,0.8960748911
2006-07-31,1.027343988,0.8943068385
2006-08-01,0.9921879768,0.8637031913
2006-08-02,1.01046896,0.8796170354
2006-08-03,1.027343988,0.8943068385
2006-08-04,1.017969012,0.8861458302
2006-08-07,1.00562501,0.8754003048
2006-08-08,0.9929689765,0.8643832207
2006-08-09,0.9925000072,0.8639748693
2006-08-10,1.00515604,0.8749920726
2006-08-11,0.9953129888,0.8664237857
2006-08-14,1.004374981,0.8743121028
2006-08-15,1.056718946,0.9198778272
2006-08-16,1.107030988,0.9636744261
2006-08-17,1.114063025,0.9697961807
2006-08-18,1.112499952,0.9684354663
2006-08-21,1.092188001,0.9507535696
2006-08-22,1.095000029,0.9532017708
2006-08-23,1.076563001,0.9371520877
2006-08-24,1.084843993,0.9443608522
2006-08-25,1.089063048,0.9480333924
2006-08-28,1.104688048,0.9616345763
2006-08-29,1.111719012,0.9677556753
2006-08-30,1.121562958,0.9763249159
2006-08-31,1.120313048,0.9752365351
2006-09-01,1.130468965,0.9840776324
2006-09-05,1.150781035,1.001759171
2006-09-06,1.105937958,0.9627232552
2006-09-07,1.096094012,0.9541540146
2006-09-08,1.107030988,0.9636744261
2006-09-11,1.121875048,0.976596415
2006-09-12,1.16546905,1.014545202
2006-09-13,1.178905964,1.026242018
2006-09-14,1.177656054,1.025153756
2006-09-15,1.189062953,1.035084128
2006-09-18,1.188125014,1.034267187
2006-09-19,1.173750043,1.021754026
2006-09-20,1.208593965,1.052085638
2006-09-21,1.192968965,1.038484097
2006-09-22,1.172343969,1.020530105
2006-09-25,1.215625048,1.058205962
2006-09-26,1.225625038,1.066911221
2006-09-27,1.219375014,1.061470747
2006-09-28,1.226562977,1.067727685
2006-09-29,1.217188001,1.059566855
2006-10-02,1.1875,1.033723235
2006-10-03,1.195937991,1.041068196
2006-10-04,1.250781059,1.088809729
2006-10-05,1.267187953,1.103091955
2006-10-06,1.260156035,1.096970558
2006-10-09,1.266406059,1.10241127
2006-10-10,1.273437977,1.108532548
2006-10-11,1.268749952,1.104451537
2006-10-12,1.310938001,1.141176462
2006-10-13,1.320937991,1.149881482
2006-10-16,1.323438048,1.152057886
2006-10-17,1.297656059,1.129614711
2006-10-18,1.279688001,1.113973141
2006-10-19,1.290624976,1.12349391
2006-10-20,1.293750048,1.126214385
2006-10-23,1.316874981,1.146344304
2006-10-24,1.304375052,1.135463476
2006-10-25,1.320312977,1.149337292
2006-10-26,1.341405988,1.167699218
2006-10-27,1.303437948,1.134647489
2006-10-30,1.318750024,1.147976995
2006-10-31,1.326563001,1.154778004
2006-11-01,1.290624976,1.12349391
2006-11-02,1.291875005,1.124582291
2006-11-03,1.284374952,1.118053436
2006-11-06,1.313281059,1.143216014
2006-11-07,1.339843988,1.166339517
2006-11-08,1.357969046,1.182116985
2006-11-09,1.339063048,1.165659428
2006-11-10,1.353906035,1.178580284
2006-11-13,1.375781059,1.197622776
2006-11-14,1.410938025,1.2282269
2006-11-15,1.419844031,1.235980272
2006-11-16,1.434375048,1.248628974
2006-11-17,1.431249976,1.24590826
2006-11-20,1.436718941,1.25066936
2006-11-21,1.440624952,1.254069567
2006-11-22,1.45875001,1.269847393
2006-11-24,1.449530959,1.261821985
2006-11-27,1.38421905,1.204967737
2006-11-28,1.388280988,1.208503485
2006-11-29,1.410938025,1.2282269
2006-11-30,1.406563044,1.224418044
2006-12-01,1.387812972,1.208096504
2006-12-04,1.422656059,1.23842752
2006-12-05,1.429530978,1.244411945
2006-12-06,1.419062972,1.235299468
2006-12-07,1.384374976,1.205103755
2006-12-08,1.398437977,1.217345476
2006-12-11,1.409374952,1.226866126
2006-12-12,1.390938044,1.210816741
2006-12-13,1.394531012,1.213944435
2006-12-14,1.424219012,1.239787936
2006-12-15,1.433593988,1.247949004
2006-12-18,1.400781035,1.219385147
2006-12-19,1.395313025,1.214625239
2006-12-20,1.301563025,1.206240535
2006-12-21,1.283594012,1.189587712
2006-12-22,1.259374976,1.16714251
2006-12-26,1.265625,1.172934651
2006-12-27,1.277969003,1.184374571
2006-12-28,1.267187953,1.174383283
2006-12-29,1.266250014,1.173514247
2007-01-03,1.270313025,1.177279234
2007-01-04,1.315937996,1.219562769
2007-01-05,1.296875,1.201895833
2007-01-08,1.304999948,1.209425807
2007-01-09,1.320937991,1.224196792
2007-01-10,1.355468988,1.256198764
2007-01-11,1.378124952,1.277195692
2007-01-12,1.392187953,1.290228963
2007-01-16,1.392187953,1.290228963
2007-01-17,1.366875052,1.266770005
2007-01-18,1.310938001,1.214929223
2007-01-19,1.314844012,1.218548894
2007-01-22,1.289062977,1.194656134
2007-01-23,1.282968998,1.189008474
2007-01-24,1.321874976,1.225065351
2007-01-25,1.285938025,1.191759825
2007-01-26,1.277030945,1.183505535
2007-01-29,1.284530997,1.190456152
2007-01-30,1.287968993,1.193642616
2007-01-31,1.303905964,1.208412528
2007-02-01,1.305469036,1.209860563
2007-02-02,1.316719055,1.220286965
2007-02-05,1.312188029,1.216087699
2007-02-06,1.306249976,1.210584521
2007-02-07,1.33734405,1.239401102
2007-02-08,1.33781302,1.239835978
2007-02-09,1.296093941,1.201172233
2007-02-12,1.285781026,1.191614747
2007-02-13,1.299844027,1.204647899
2007-02-14,1.338750005,1.240704417
2007-02-15,1.35296905,1.25388217
2007-02-16,1.348438025,1.249683022
2007-02-20,1.364063025,1.264163256
2007-02-21,1.372969031,1.272417188
2007-02-22,1.387500048,1.285884261
2007-02-23,1.375,1.274299502
2007-02-26,1.362499952,1.262714863
2007-02-27,1.231250048,1.14107728
2007-02-28,1.257655978,1.165549517
2007-03-01,1.244531035,1.153385878
2007-03-02,1.200937986,1.112985253
2007-03-05,1.184375048,1.097635269
2007-03-06,1.227656007,1.137746215
2007-03-07,1.216405988,1.127320051
2007-03-08,1.239063025,1.148317933
2007-03-09,1.234688044,1.144263148
2007-03-12,1.246093988,1.154834151
2007-03-13,1.198905945,1.111101985
2007-03-14,1.232187986,1.141946316
2007-03-15,1.22874999,1.138760328
2007-03-16,1.224218965,1.134560943
2007-03-19,1.248906016,1.157440305
2007-03-20,1.265625,1.172934651
2007-03-21,1.3125,1.21637702
2007-03-22,1.304687977,1.209136963
2007-03-23,1.293280959,1.198565364
2007-03-26,1.30328095,1.207832813
2007-03-27,1.289219022,1.19497323
2007-03-28,1.262500048,1.170207381
2007-03-29,1.260938048,1.168759704
2007-03-30,1.265313029,1.172814727
2007-04-02,1.260625005,1.168469787
2007-04-03,1.297031045,1.202214003
2007-04-04,1.304687977,1.209311485
2007-04-05,1.318750024,1.222345233
2007-04-09,1.312343955,1.216407776
2007-04-10,1.32249999,1.225821376
2007-04-11,1.295469046,1.200766206
2007-04-12,1.317968965,1.221621633
2007-04-13,1.322656035,1.225965977
2007-04-16,1.345780969,1.247400045
2007-04-17,1.351250052,1.25246942
2007-04-18,1.346094012,1.247690439
2007-04-19,1.347187996,1.248704791
2007-04-20,1.367499948,1.267531514
2007-04-23,1.368124962,1.268110514
2007-04-24,1.37906301,1.278249145
2007-04-25,1.418750048,1.315035105
2007-04-26,1.433593988,1.328794122
2007-04-27,1.435155988,1.330241799
2007-04-30,1.397655964,1.295483112
2007-05-01,1.40625,1.303448796
2007-05-02,1.424219012,1.32010448
2007-05-03,1.435155988,1.330241799
2007-05-04,1.438593984,1.333428502
2007-05-07,1.435312986,1.330387235
2007-05-08,1.434530973,1.329662323
2007-05-09,1.445155978,1.339510798
2007-05-10,1.408905983,1.305910826
2007-05-11,1.442031026,1.33661437
2007-05-14,1.421249986,1.317352295
2007-05-15,1.400781035,1.29837966
2007-05-16,1.426874995,1.322565913
2007-05-17,1.411563039,1.30837357
2007-05-18,1.434687972,1.329807997
2007-05-21,1.454687953,1.348345876
2007-05-22,1.456405997,1.349938393
2007-05-23,1.443593979,1.338062882
2007-05-24,1.402812958,1.300263286
2007-05-25,1.417812943,1.314166546
2007-05-29,1.435938001,1.33096683
2007-05-30,1.461405993,1.354572892
2007-05-31,1.479843974,1.371662855
2007-06-01,1.478593946,1.370504022
2007-06-04,1.482813001,1.374414921
2007-06-05,1.484843969,1.376297712
2007-06-06,1.450937986,1.344870329
2007-06-07,1.402500033,1.29997313
2007-06-08,1.440155983,1.334876299
2007-06-11,1.434375048,1.32951808
2007-06-12,1.414999962,1.311559319
2007-06-13,1.442968965,1.337483406
2007-06-14,1.468438029,1.361090899
2007-06-15,1.496093988,1.38672483
2007-06-18,1.494531035,1.385276437
2007-06-19,1.492655993,1.383538365
2007-06-20,1.465937972,1.358773351
2007-06-21,1.493438005,1.384263158
2007-06-22,1.464218974,1.357180238
2007-06-25,1.457031012,1.350517631
2007-06-26,1.440624952,1.335310936
2007-06-27,1.473438025,1.36572516
2007-06-28,1.477187991,1.369201183
2007-06-29,1.486405969,1.377745271
2007-07-02,1.505313039,1.39526999
2007-07-03,1.522655964,1.411345243
2007-07-05,1.539999962,1.427421212
2007-07-06,1.558593988,1.444655895
2007-07-09,1.559999943,1.445958972
2007-07-10,1.534530997,1.422351718
2007-07-11,1.560469031,1.446393728
2007-07-12,1.600780964,1.483758688
2007-07-13,1.624374986,1.505628228
2007-07-16,1.622655988,1.504035115
2007-07-17,1.638906002,1.519096971
2007-07-18,1.640625,1.520690203
2007-07-19,1.647812963,1.52735281
2007-07-20,1.633906007,1.514462113
2007-07-23,1.631250024,1.51200068
2007-07-24,1.586874962,1.470869303
2007-07-25,1.589063048,1.472898006
2007-07-26,1.553905964,1.440310597
2007-07-27,1.492030978,1.382959008
2007-07-30,1.534062982,1.421918392
2007-07-31,1.46875,1.3613801
2007-08-01,1.486562967,1.377890706
2007-08-02,1.515938044,1.405118465
2007-08-03,1.455780983,1.349359035
2007-08-06,1.484375,1.375862122
2007-08-07,1.502655983,1.392807245
2007-08-08,1.546718955,1.433649302
2007-08-09,1.469531059,1.362103701
2007-08-10,1.441874981,1.336469531
2007-08-13,1.460625052,1.353849173
2007-08-14,1.414062977,1.31069088
2007-08-15,1.361719012,1.262173176
2007-08-16,1.330469012,1.233207703
2007-08-17,1.377812982,1.277090788
2007-08-20,1.386718988,1.285345674
2007-08-21,1.425781012,1.3215518
2007-08-22,1.459063053,1.352401137
2007-08-23,1.453125,1.346896768
2007-08-24,1.496093988,1.38672483
2007-08-27,1.466719031,1.359497428
2007-08-28,1.403905988,1.301276445
2007-08-29,1.481094003,1.372821689
2007-08-30,1.503906012,1.393966079
2007-08-31,1.530156016,1.418296933
2007-09-04,1.583593965,1.467828393
2007-09-05,1.55093801,1.437559843
2007-09-06,1.546875,1.433793426
2007-09-07,1.495780945,1.386435032
2007-09-10,1.493438005,1.384263158
2007-09-11,1.53125,1.419310927
2007-09-12,1.537968993,1.425538778
2007-09-13,1.544687986,1.43176651
2007-09-14,1.544530988,1.431621194
2007-09-17,1.518594027,1.407580137
2007-09-18,1.59781301,1.481008053
2007-09-19,1.607344031,1.489842176
2007-09-20,1.597030997,1.48028326
2007-09-21,1.616405964,1.498241901
2007-09-24,1.633906007,1.514462113
2007-09-25,1.662343979,1.540821552
2007-09-26,1.677188039,1.55458045
2007-09-27,1.699218988,1.575000882
2007-09-28,1.689062953,1.565587282
2007-10-01,1.717968941,1.592380404
2007-10-02,1.721874952,1.596000671
2007-10-03,1.695312977,1.571380615
2007-10-04,1.703125,1.578621268
2007-10-05,1.781875014,1.651614547
2007-10-08,1.795313001,1.66407001
2007-10-09,1.815624952,1.682897329
2007-10-10,1.825780988,1.692311049
2007-10-11,1.772655964,1.643069506
2007-10-12,1.823905945,1.690572739
2007-10-15,1.793437958,1.662332296
2007-10-16,1.785156012,1.654655933
2007-10-17,1.82328105,1.68999362
2007-10-18,1.835625052,1.701435208
2007-10-19,1.747812986,1.620042562
2007-10-22,1.784687996,1.65422225
2007-10-23,1.846562982,1.71157372
2007-10-24,1.835155964,1.70100069
2007-10-25,1.814375043,1.681738734
2007-10-26,1.837188005,1.702884078
2007-10-29,1.855155945,1.71953845
2007-10-30,1.855468988,1.719828606
2007-10-31,1.913594007,1.77370441
2007-11-01,1.856250048,1.720552206
2007-11-02,1.875938058,1.73880136
2007-11-05,1.853124976,1.717655897
2007-11-06,1.883594036,1.745897174
2007-11-07,1.795469046,1.664214969
2007-11-08,1.667188048,1.545311689
2007-11-09,1.572343946,1.45740056
2007-11-12,1.489843965,1.380931973
2007-11-13,1.610468984,1.492738605
2007-11-14,1.58859396,1.472462654
2007-11-15,1.558593988,1.444655895
2007-11-16,1.589218974,1.47304213
2007-11-19,1.548750043,1.435531616
2007-11-20,1.560312986,1.446249008
2007-11-21,1.512500048,1.401931643
2007-11-23,1.549375057,1.436110973
2007-11-26,1.507812977,1.397587299
2007-11-27,1.554375052,1.440745473
2007-11-28,1.647655964,1.527206898
2007-11-29,1.660156012,1.538793445
2007-11-30,1.647812963,1.52735281
2007-12-03,1.617655993,1.499400616
2007-12-04,1.602187991,1.485063195
2007-12-05,1.658905983,1.537635088
2007-12-06,1.695937991,1.571959972
2007-12-07,1.707344055,1.582532048
2007-12-10,1.717344046,1.591801047
2007-12-11,1.643280983,1.523151755
2007-12-12,1.665313005,1.543573499
2007-12-13,1.640781045,1.520835161
2007-12-14,1.615625024,1.497517824
2007-12-17,1.541563034,1.428870201
2007-12-18,1.544374943,1.431476474
2007-12-19,1.558593988,1.444655895
2007-12-20,1.540313005,1.504449606
2007-12-21,1.59375,1.556642413
2007-12-24,1.612499952,1.574956059
2007-12-26,1.628906012,1.590980291
2007-12-27,1.583593965,1.546723127
2007-12-28,1.579218984,1.542449951
2007-12-31,1.550312996,1.5142169
2008-01-02,1.500781059,1.465838194
2008-01-03,1.509374976,1.47423172
2008-01-04,1.378749967,1.346648216
2008-01-07,1.360937953,1.329250813
2008-01-08,1.298280954,1.268052936
2008-01-09,1.339843988,1.308648467
2008-01-10,1.340625048,1.309411287
2008-01-11,1.303593993,1.273242235
2008-01-14,1.337656021,1.306511164
2008-01-15,1.276563048,1.246840596
2008-01-16,1.239063025,1.2102139
2008-01-17,1.205000043,1.17694366
2008-01-18,1.198438048,1.17053473
2008-01-22,1.133280993,1.106894851
2008-01-23,1.143280983,1.116662025
2008-01-24,1.176563025,1.149169087
2008-01-25,1.125,1.09880662
2008-01-28,1.142187953,1.11559391
2008-01-29,1.147500038,1.120782733
2008-01-30,1.146093965,1.119409442
2008-01-31,1.172656059,1.145353198
2008-02-01,1.210937977,1.18274343
2008-02-04,1.168594003,1.141385317
2008-02-05,1.112969041,1.087055683
2008-02-06,1.065624952,1.040813804
2008-02-07,1.087499976,1.062179446
2008-02-08,1.101562977,1.075915217
2008-02-11,1.126250029,1.100027561
2008-02-12,1.117969036,1.091939092
2008-02-13,1.157812953,1.130855441
2008-02-14,1.121250033,1.095143914
2008-02-15,1.117187977,1.091176271
2008-02-19,1.106562972,1.080798388
2008-02-20,1.116719007,1.09071815
2008-02-21,1.099688053,1.074084044
2008-02-22,1.109375,1.083545327
2008-02-25,1.113906026,1.087970853
2008-02-26,1.124218941,1.098043323
2008-02-27,1.13140595,1.105063558
2008-02-28,1.107030988,1.081255913
2008-02-29,1.074062943,1.049055457
2008-03-03,1.050781012,1.02631557
2008-03-04,1.059375048,1.034709454
2008-03-05,1.079687953,1.054549098
2008-03-06,1.024688005,1.000830054
2008-03-07,1.019219041,0.9954882264
2008-03-10,0.9785940051,0.9558093548
2008-03-11,1.06734395,1.042493105
2008-03-12,1.046563029,1.022195816
2008-03-13,1.063438058,1.038677573
2008-03-14,1.020624995,0.9968617558
2008-03-17,0.9943749905,0.9712227583
2008-03-18,1.080469012,1.055312037
2008-03-19,1.026563048,1.002661347
2008-03-20,1.055624962,1.03104651
2008-03-24,1.142187953,1.11559391
2008-03-25,1.150781035,1.123987317
2008-03-26,1.128124952,1.101858974
2008-03-27,1.105000019,1.07927227
2008-03-28,1.088281035,1.062942386
2008-03-31,1.092968941,1.067521453
2008-04-01,1.184844017,1.15725708
2008-04-02,1.192968965,1.165192842
2008-04-03,1.195000052,1.167176485
2008-04-04,1.200937986,1.172976255
2008-04-07,1.194218993,1.166413665
2008-04-08,1.183593988,1.156036377
2008-04-09,1.157812953,1.130855441
2008-04-10,1.185312986,1.157715201
2008-04-11,1.121719003,1.095601916
2008-04-14,1.105468988,1.079730034
2008-04-15,1.107030988,1.081255913
2008-04-16,1.188905954,1.161224484
2008-04-17,1.191406012,1.163666129
2008-04-18,1.238906026,1.21006012
2008-04-21,1.255468965,1.226237535
2008-04-22,1.231250048,1.202582717
2008-04-23,1.24437499,1.215401888
2008-04-24,1.261250019,1.231883764
2008-04-25,1.262500048,1.233105063
2008-04-28,1.266875029,1.23737812
2008-04-29,1.282500029,1.252639532
2008-04-30,1.263280988,1.233867764
2008-05-01,1.342344046,1.311090231
2008-05-02,1.357030988,1.325435281
2008-05-05,1.339530945,1.308342099
2008-05-06,1.368906021,1.337033629
2008-05-07,1.315624952,1.284992933
2008-05-08,1.31734395,1.286671877
2008-05-09,1.31656301,1.285909414
2008-05-12,1.36578095,1.333981752
2008-05-13,1.373749971,1.341764927
2008-05-14,1.362344027,1.33062458
2008-05-15,1.415624976,1.38266468
2008-05-16,1.415624976,1.38266468
2008-05-19,1.401875019,1.369235158
2008-05-20,1.376405954,1.34435904
2008-05-21,1.319844007,1.289114118
2008-05-22,1.317188025,1.286519527
2008-05-23,1.312813044,1.28224647
2008-05-27,1.357187986,1.325588584
2008-05-28,1.372969031,1.341001987
2008-05-29,1.397969007,1.365420341
2008-05-30,1.414062977,1.381139159
2008-06-02,1.382344007,1.350158691
2008-06-03,1.365468979,1.333676696
2008-06-04,1.388749957,1.356415749
2008-06-05,1.441249967,1.407693624
2008-06-06,1.345780969,1.314447045
2008-06-09,1.343124986,1.311852813
2008-06-10,1.325624943,1.294760466
2008-06-11,1.264843941,1.235394359
2008-06-12,1.267187953,1.237684011
2008-06-13,1.314687967,1.284078002
2008-06-16,1.333593965,1.302543759
2008-06-17,1.327031016,1.296133757
2008-06-18,1.297656059,1.267442346
2008-06-19,1.334375024,1.30330658
2008-06-20,1.268749952,1.239209175
2008-06-23,1.240468979,1.211586833
2008-06-24,1.232187986,1.203999758
2008-06-25,1.258749962,1.229954243
2008-06-26,1.169687986,1.142929554
2008-06-27,1.172968984,1.146135092
2008-06-30,1.146093965,1.119875193
2008-07-01,1.176094055,1.149188876
2008-07-02,1.118438005,1.092851639
2008-07-03,1.112499952,1.087049723
2008-07-07,1.129374981,1.103538632
2008-07-08,1.169374943,1.142623544
2008-07-09,1.124843955,1.099111199
2008-07-10,1.144219041,1.118043303
2008-07-11,1.108906031,1.083537698
2008-07-14,1.092813015,1.067813158
2008-07-15,1.08812499,1.063232183
2008-07-16,1.140156031,1.114073277
2008-07-17,1.135313034,1.109340668
2008-07-18,1.120937943,1.095294833
2008-07-21,1.121875048,1.096210122
2008-07-22,1.120937943,1.095294833
2008-07-23,1.146563053,1.120333552
2008-07-24,1.107344031,1.0820117
2008-07-25,1.137030959,1.111019373
2008-07-28,1.102499962,1.077278256
2008-07-29,1.13546896,1.109493256
2008-07-30,1.154999971,1.128577113
2008-07-31,1.15109396,1.124760628
2008-08-01,1.123281002,1.097584367
2008-08-04,1.100780964,1.075599074
2008-08-05,1.168437958,1.141707897
2008-08-06,1.203438044,1.175907612
2008-08-07,1.190937996,1.163693666
2008-08-08,1.237655997,1.209342599
2008-08-11,1.260938048,1.232091784
2008-08-12,1.265938044,1.236977577
2008-08-13,1.259843946,1.231022835
2008-08-14,1.289999962,1.260488987
2008-08-15,1.290781021,1.261252284
2008-08-18,1.262812972,1.233923912
2008-08-19,1.231250048,1.203083038
2008-08-20,1.224218965,1.196212769
2008-08-21,1.209687948,1.182013988
2008-08-22,1.243749976,1.215297461
2008-08-25,1.19749999,1.170105219
2008-08-26,1.19265604,1.165371776
2008-08-27,1.204530954,1.176975131
2008-08-28,1.211094022,1.183388233
2008-08-29,1.173125029,1.146287918
2008-09-02,1.143594027,1.117432117
2008-09-03,1.122655988,1.096973419
2008-09-04,1.050312996,1.026285172
2008-09-05,1.046718955,1.022773504
2008-09-08,1.034844041,1.011170268
2008-09-09,0.9959380031,0.9731542468
2008-09-10,1.004999995,0.9820088744
2008-09-11,1.045624971,1.021704912
2008-09-12,1.049687982,1.025674582
2008-09-15,0.9810940027,0.9586499929
2008-09-16,0.9875000119,0.9649094343
2008-09-17,0.8890630007,0.8687241077
2008-09-18,0.9532809854,0.9314731359
2008-09-19,0.9896879792,0.9670470357
2008-09-22,0.9148439765,0.8939155936
2008-09-23,0.8968750238,0.8763573766
2008-09-24,0.9154689908,0.8945262432
2008-09-25,0.9248440266,0.9036867619
2008-09-26,0.9187499881,0.8977321982
2008-09-29,0.7414060235,0.7244452238
2008-09-30,0.8184379935,0.7997146845
2008-10-01,0.7970309854,0.7787976265
2008-10-02,0.7328130007,0.7160487175
2008-10-03,0.6992189884,0.6832233071
2008-10-06,0.6337500215,0.6192519069
2008-10-07,0.5703129768,0.5572660565
2008-10-08,0.5557810068,0.5430666804
2008-10-09,0.5128129721,0.5010814667
2008-10-10,0.5204690099,0.5085624456
2008-10-13,0.6484379768,0.6336037517
2008-10-14,0.5882809758,0.5748230815
2008-10-15,0.4807809889,0.4697822928
2008-10-16,0.5354689956,0.5232191682
2008-10-17,0.5343750119,0.5221502781
2008-10-20,0.5703129768,0.5572660565
2008-10-21,0.512969017,0.5012339354
2008-10-22,0.4782809913,0.4673395455
2008-10-23,0.4739060104,0.4630646408
2008-10-24,0.4465630054,0.4363471568
2008-10-27,0.420468986,0.4108501375
2008-10-28,0.5084379911,0.4968066216
2008-10-29,0.513906002,0.5021495223
2008-10-30,0.5406249762,0.5282571912
2008-10-31,0.5434380174,0.5310058594
2008-11-03,0.545938015,0.5334486365
2008-11-04,0.5770310163,0.5638306141
2008-11-05,0.5140630007,0.5023030043
2008-11-06,0.4654690027,0.4548206329
2008-11-07,0.485781014,0.4746679366
2008-11-10,0.4776560068,0.4667288065
2008-11-11,0.4587500095,0.4482553303
2008-11-12,0.4123440087,0.4029110372
2008-11-13,0.4606249928,0.4500874281
2008-11-14,0.4153130054,0.4058119357
2008-11-17,0.3992190063,0.390086174
2008-11-18,0.3956249952,0.386574477
2008-11-19,0.3546879888,0.3465738595
2008-11-20,0.3223440051,0.3149697781
2008-11-21,0.3476560116,0.3397028446
2008-11-24,0.3890630007,0.3801625371
2008-11-25,0.3864060044,0.3775663674
2008-11-26,0.4182809889,0.4087120891
2008-11-28,0.4131250083,0.4036740959
2008-12-01,0.351718992,0.3436727822
2008-12-02,0.3742190003,0.365658164
2008-12-03,0.3929690123,0.3839792311
2008-12-04,0.3718749881,0.3633677065
2008-12-05,0.4017190039,0.3925289512
2008-12-08,0.4335939884,0.4236748517
2008-12-09,0.4301559925,0.4203154147
2008-12-10,0.4296880066,0.4198581576
2008-12-11,0.4059379995,0.3966515064
2008-12-12,0.4217190146,0.4120714366
2008-12-15,0.4070309997,0.3977194428
2008-12-16,0.4453130066,0.4351257384
2008-12-17,0.4348439872,0.4248962104
2008-12-18,0.4207809865,0.411154896
2008-12-19,0.4254690111,0.4157357514
2008-12-22,0.4089060128,0.3995516598
2008-12-23,0.4037500024,0.3945134282
2008-12-24,0.404843986,0.3955824673
2008-12-26,0.4051559865,0.3958873749
2008-12-29,0.3948439956,0.3858112991
2008-12-30,0.4128130078,0.4033693373
2008-12-31,0.420156002,0.4105442762
2009-01-02,0.4571880102,0.446729064
2009-01-05,0.4571880102,0.446729064
2009-01-06,0.4665629864,0.4558896124
2009-01-07,0.4404689968,0.4303925633
2009-01-08,0.4499999881,0.4397054613
2009-01-09,0.4300000072,0.4201630652
2009-01-12,0.4140630066,0.4045906365
2009-01-13,0.4135940075,0.4041323066
2009-01-14,0.3887499869,0.3798566163
2009-01-15,0.4001559913,0.3910018206
2009-01-16,0.4101560116,0.400772959
2009-01-20,0.3710939884,0.3626044989
2009-01-21,0.3995310068,0.3903910518
2009-01-22,0.3910939991,0.3821471334
2009-01-23,0.3926559985,0.3836733103
2009-01-26,0.398593992,0.389475435
2009-01-27,0.4051559865,0.3958873749
2009-01-28,0.4321880043,0.4223010242
2009-01-29,0.4114060104,0.4019943774
2009-01-30,0.3957810104,0.3867269456
2009-02-02,0.4060940146,0.3968039751
2009-02-03,0.4190630019,0.4094762206
2009-02-04,0.4193750024,0.4097811282
2009-02-05,0.4384379983,0.4284079075
2009-02-06,0.460781008,0.4502398968
2009-02-09,0.4659380019,0.4552789032
2009-02-10,0.4309380054,0.421079576
2009-02-11,0.4278129935,0.4180260599
2009-02-12,0.4375,0.4274914265
2009-02-13,0.4328129888,0.4229116738
2009-02-17,0.400000006,0.3908493221
2009-02-18,0.3989059925,0.3897803128
2009-02-19,0.3874999881,0.3786353469
2009-02-20,0.3885940015,0.3797042668
2009-02-23,0.3618749976,0.3535965383
2009-02-24,0.384375006,0.3755818009
2009-02-25,0.3799999952,0.3713068366
2009-02-26,0.359375,0.3511537015
2009-02-27,0.3518750072,0.3438252509
2009-03-02,0.3296880126,0.3221458495
2009-03-03,0.3290629983,0.3215351403
2009-03-04,0.3457809985,0.3378705978
2009-03-05,0.3257809877,0.3183281124
2009-03-06,0.3207809925,0.3134425879
2009-03-09,0.306250006,0.2992440164
2009-03-10,0.3435940146,0.3357337415
2009-03-11,0.3539060056,0.3458097577
2009-03-12,0.3778130114,0.3691698611
2009-03-13,0.3806250095,0.3719175756
2009-03-16,0.3667190075,0.3583296835
2009-03-17,0.3943749964,0.385352999
2009-03-18,0.4043749869,0.395124197
2009-03-19,0.4042190015,0.3949718475
2009-03-20,0.3925000131,0.3835209608
2009-03-23,0.4387499988,0.4287128747
2009-03-24,0.423281014,0.4135977626
2009-03-25,0.4260939956,0.4163463414
2009-03-26,0.4528129995,0.4424541295
2009-03-27,0.4346880019,0.4247438312
2009-03-30,0.4126560092,0.403215766
2009-03-31,0.4220309854,0.4123761654
2009-04-01,0.4337500036,0.4238272309
2009-04-02,0.4615629911,0.4510039687
2009-04-03,0.47843799,0.4674929082
2009-04-06,0.4756250083,0.4647442997
2009-04-07,0.4495309889,0.4392472208
2009-04-08,0.4665629864,0.4558896124
2009-04-09,0.4945310056,0.4832177758
2009-04-13,0.4932810068,0.4819963574
2009-04-14,0.4806250036,0.4696299136
2009-04-15,0.4799999893,0.4690192044
2009-04-16,0.5037500262,0.4922258258
2009-04-17,0.5040630102,0.4925318062
2009-04-20,0.4715630114,0.4607752562
2009-04-21,0.4851559997,0.4740572274
2009-04-22,0.4895310104,0.4783321619
2009-04-23,0.4996879995,0.4882568121
2009-04-24,0.5162500143,0.50443995
2009-04-27,0.5167189837,0.5048983097
2009-04-28,0.5095310211,0.4978746176
2009-04-29,0.5231249928,0.5111575723
2009-04-30,0.5331249833,0.5209288001
2009-05-01,0.5359380245,0.5236774683
2009-05-04,0.5585939884,0.5458152294
2009-05-05,0.5568749905,0.5441354513
2009-05-06,0.5567190051,0.5439831018
2009-05-07,0.5301560163,0.5180276632
2009-05-08,0.5320309997,0.5198597908
2009-05-11,0.5353130102,0.5230668783
2009-05-12,0.5220310092,0.5100885034
2009-05-13,0.4931249917,0.481843859
2009-05-14,0.5037500262,0.4922258258
2009-05-15,0.502655983,0.4911568463
2009-05-18,0.5293750167,0.5172646642
2009-05-19,0.5354689956,0.5232191682
2009-05-20,0.5310940146,0.5189442039
2009-05-21,0.5117189884,0.5000125766
2009-05-22,0.5078129768,0.4961960614
2009-05-26,0.5465630293,0.5340594053
2009-05-27,0.5375000238,0.5252040029
2009-05-28,0.5520309806,0.5394023657
2009-05-29,0.5640630126,0.5511590838
2009-06-01,0.5981249809,0.5844416618
2009-06-02,0.5981249809,0.5844416618
2009-06-03,0.5965629816,0.5829154849
2009-06-04,0.6085940003,0.5946714282
2009-06-05,0.6101559997,0.5961977243
2009-06-08,0.6054689884,0.591617763
2009-06-09,0.6156250238,0.6015415192
2009-06-10,0.610781014,0.5968083739
2009-06-11,0.6101559997,0.5961977243
2009-06-12,0.6057810187,0.5919228196
2009-06-15,0.5796880126,0.566426754
2009-06-16,0.5695310235,0.5565019846
2009-06-17,0.5790629983,0.5658159852
2009-06-18,0.5760939717,0.5629149079
2009-06-19,0.5890629888,0.5755873322
2009-06-22,0.5557810068,0.5430666804
2009-06-23,0.5526559949,0.5400132537
2009-06-24,0.5706250072,0.5575709939
2009-06-25,0.5939059854,0.580319345
2009-06-26,0.5960940123,0.5824572444
2009-06-29,0.5978130102,0.5841371417
2009-06-30,0.5953130126,0.5816943645
2009-07-01,0.5962499976,0.5826098323
2009-07-02,0.5706250072,0.5575709939
2009-07-06,0.5653129816,0.5523804426
2009-07-07,0.5370309949,0.5247455239
2009-07-08,0.5418750048,0.5294787288
2009-07-09,0.5429689884,0.5305476189
2009-07-10,0.5484380126,0.5358916521
2009-07-13,0.5687500238,0.5557388663
2009-07-14,0.5728129745,0.5597090721
2009-07-15,0.6109380126,0.5969619155
2009-07-16,0.6256250143,0.6113125682
2009-07-17,0.6323440075,0.6178780198
2009-07-20,0.6446880102,0.6299395561
2009-07-21,0.6546880007,0.639711082
2009-07-22,0.6640629768,0.6488714218
2009-07-23,0.6940630078,0.6781851649
2009-07-24,0.6934379935,0.6775745153
2009-07-27,0.6945310235,0.6786424518
2009-07-28,0.6990630031,0.6830706596
2009-07-29,0.6934379935,0.6775745153
2009-07-30,0.701406002,0.6853601336
2009-07-31,0.6965630054,0.6806280017
2009-08-03,0.7176560163,0.7012383342
2009-08-04,0.7171880007,0.7007811069
2009-08-05,0.7073439956,0.691162169
2009-08-06,0.6949999928,0.6791006327
2009-08-07,0.7109379768,0.6946742535
2009-08-10,0.7032809854,0.687192142
2009-08-11,0.6906250119,0.6748257279
2009-08-12,0.7118750215,0.6955897212
2009-08-13,0.719062984,0.7026131749
2009-08-14,0.7026559711,0.6865816712
2009-08-17,0.6617190242,0.6465812325
2009-08-18,0.6803129911,0.6647497416
2009-08-19,0.6898440123,0.6740626097
2009-08-20,0.7065629959,0.6903992295
2009-08-21,0.7240629792,0.7074987888
2009-08-24,0.7229689956,0.7064298391
2009-08-25,0.7278130054,0.711163044
2009-08-26,0.7259380221,0.7093310952
2009-08-27,0.7289059758,0.7122312188
2009-08-28,0.7306249738,0.7139105797
2009-08-31,0.7151560187,0.698795557
2009-09-01,0.6885939837,0.6728413701
2009-09-02,0.6871880293,0.671467483
2009-09-03,0.6965630054,0.6806280017
2009-09-04,0.7259380221,0.7093310952
2009-09-08,0.7404689789,0.7235296369
2009-09-09,0.7528129816,0.7355911136
2009-09-10,0.7668750286,0.7493315339
2009-09-11,0.7681249976,0.7505528331
2009-09-14,0.7742189765,0.7565074563
2009-09-15,0.7793750167,0.7615455985
2009-09-16,0.8021879792,0.783836782
2009-09-17,0.8015630245,0.7832260132
2009-09-18,0.8054689765,0.7870426178
2009-09-21,0.8089060187,0.7904009223
2009-09-22,0.8123440146,0.7937602997
2009-09-23,0.8039060235,0.7855154872
2009-09-24,0.7901560068,0.7720798254
2009-09-25,0.7764059901,0.7586442232
2009-09-28,0.8026559949,0.7842938304
2009-09-29,0.795938015,0.7777295709
2009-09-30,0.7964059711,0.7781869769
2009-10-01,0.75,0.732842505
2009-10-02,0.7448440194,0.7278043628
2009-10-05,0.7571880221,0.7398658395
2009-10-06,0.7834380269,0.7655153871
2009-10-07,0.7879689932,0.7699428797
2009-10-08,0.795156002,0.7769654989
2009-10-09,0.8032810092,0.7849046588
2009-10-12,0.8071879745,0.7887222171
2009-10-13,0.8070309758,0.7885688543
2009-10-14,0.8292189837,0.8102491498
2009-10-15,0.8262500167,0.8073481917
2009-10-16,0.8156250119,0.7969663143
2009-10-19,0.8306249976,0.811622858
2009-10-20,0.8315629959,0.8125395775
2009-10-21,0.8282809854,0.8093328476
2009-10-22,0.8356249928,0.8165086508
2009-10-23,0.8289059997,0.809943378
2009-10-26,0.8229690194,0.8041422367
2009-10-27,0.798593998,0.7803249359
2009-10-28,0.7621880174,0.7447516918
2009-10-29,0.7873439789,0.7693319917
2009-10-30,0.7453129888,0.7282626629
2009-11-02,0.7512500286,0.734063983
2009-11-03,0.7564060092,0.739102006
2009-11-04,0.7589060068,0.7415446639
2009-11-05,0.7956249714,0.777423799
2009-11-06,0.8054689765,0.7870426178
2009-11-09,0.8399999738,0.8207834959
2009-11-10,0.8426560163,0.8233787417
2009-11-11,0.8542190194,0.8346774578
2009-11-12,0.8453130126,0.8259750605
2009-11-13,0.8595309854,0.8398677707
2009-11-16,0.8770310283,0.85696733
2009-11-17,0.8817189932,0.8615481853
2009-11-18,0.8726559877,0.8526924253
2009-11-19,0.8445309997,0.8252109885
2009-11-20,0.8371880054,0.818035841
2009-11-23,0.8625000119,0.8427689075
2009-11-24,0.8570309877,0.8374249935
2009-11-25,0.8642190099,0.8444485068
2009-11-27,0.8384379745,0.8192573786
2009-11-30,0.8393750191,0.8201729655
2009-12-01,0.8571879864,0.8375784159
2009-12-02,0.8601559997,0.8404784799
2009-12-03,0.8531249762,0.8336082101
2009-12-04,0.8615630269,0.8418533206
2009-12-07,0.8531249762,0.8336082101
2009-12-08,0.8426560163,0.8233787417
2009-12-09,0.8595309854,0.8398677707
2009-12-10,0.8682810068,0.8484174609
2009-12-11,0.862030983,0.8423106074
2009-12-14,0.8778129816,0.8577316403
2009-12-15,0.8685939908,0.8487234116
2009-12-16,0.8709380031,0.8510138392
2009-12-17,0.8500000238,0.8305547833
2009-12-18,0.8765630126,0.8565101027
2009-12-21,0.8968750238,0.8763573766
2009-12-22,0.9075000286,0.886739552
2009-12-23,0.9203130007,0.8992592692
2009-12-24,0.9371880293,0.9157482982
2009-12-28,0.9465630054,0.9249086976
2009-12-29,0.939218998,0.9177328348
2009-12-30,0.9446880221,0.9230767488
2009-12-31,0.9293749928,0.9081138968
2010-01-04,0.9542189837,0.9323895574
2010-01-05,0.954843998,0.933000505
2010-01-06,0.9443749785,0.9227708578
2010-01-07,0.9445310235,0.9229233265
2010-01-08,0.9598439932,0.9378858209
2010-01-11,0.9528130293,0.9310158491
2010-01-12,0.9290630221,0.9078091383
2010-01-13,0.9512500167,0.9294885993
2010-01-14,0.9524999857,0.9307099581
2010-01-15,0.9312499762,0.9099462032
2010-01-19,0.9604690075,0.9384967685
2010-01-20,0.9335939884,0.9122364521
2010-01-21,0.9153130054,0.8943736553
2010-01-22,0.8626559973,0.8429213166
2010-01-25,0.8676559925,0.8478070498
2010-01-26,0.8695309758,0.8496388793
2010-01-27,0.8824999928,0.8623113036
2010-01-28,0.8384379745,0.8192573786
2010-01-29,0.8084380031,0.7899436951
2010-02-01,0.8253129721,0.806432426
2010-02-02,0.8404690027,0.821241796
2010-02-03,0.8501560092,0.8307073712
2010-02-04,0.8018749952,0.7835308313
2010-02-05,0.8132809997,0.7946757078
2010-02-08,0.8029689789,0.7845996618
2010-02-09,0.8195310235,0.8007829189
2010-02-10,0.8160939813,0.7974244952
2010-02-11,0.8399999738,0.8207834959
2010-02-12,0.844062984,0.8247533441
2010-02-16,0.8653129935,0.8455174565
2010-02-17,0.8745309711,0.8545247316
2010-02-18,0.8857809901,0.8655170798
2010-02-19,0.8846880198,0.864449203
2010-02-22,0.8809379935,0.8607851267
2010-02-23,0.8585940003,0.8389523029
2010-02-24,0.8754690289,0.8554412127
2010-02-25,0.8773440123,0.8572734594
2010-02-26,0.8824999928,0.8623113036
2010-03-01,0.9073439837,0.8865870237
2010-03-02,0.9128130078,0.8919308782
2010-03-03,0.9150000215,0.8940678239
2010-03-04,0.9207810163,0.8997165561
2010-03-05,0.9479690194,0.9262826443
2010-03-08,0.9523440003,0.930557549
2010-03-09,0.9653130174,0.9432297945
2010-03-10,0.9784380198,0.9560546875
2010-03-11,0.9854689837,0.9629247785
2010-03-12,0.9868749976,0.9642986059
2010-03-15,0.9828130007,0.9603295326
2010-03-16,0.9948440194,0.9720853567
2010-03-17,0.9984380007,0.9755970836
2010-03-18,1.005468965,0.9824670553
2010-03-19,0.9939060211,0.9711688161
2010-03-22,1.011718988,0.9885742068
2010-03-23,1.026250005,1.002773166
2010-03-24,1.016406059,0.9931542873
2010-03-25,1.012030959,0.9888790846
2010-03-26,1.015625,0.9923911691
2010-03-29,1.024688005,1.001246572
2010-03-30,1.03125,1.007658482
2010-03-31,1.022500038,0.999108851
2010-04-01,1.021563053,0.9981932044
2010-04-05,1.039687991,1.015903354
2010-04-06,1.045469046,1.021551967
2010-04-07,1.041563034,1.0177356
2010-04-08,1.044530988,1.020635724
2010-04-09,1.057500005,1.033307672
2010-04-12,1.059062958,1.034835219
2010-04-13,1.070000052,1.045521975
2010-04-14,1.095780969,1.070713401
2010-04-15,1.105312943,1.080027461
2010-04-16,1.079218984,1.054529905
2010-04-19,1.077343941,1.052697659
2010-04-20,1.08859396,1.063690662
2010-04-21,1.100780964,1.075599074
2010-04-22,1.112344027,1.086897016
2010-04-23,1.121875048,1.096210122
2010-04-26,1.116405964,1.090866327
2010-04-27,1.070469022,1.045980453
2010-04-28,1.071406007,1.046895981
2010-04-29,1.107499957,1.082164407
2010-04-30,1.065624952,1.041246772
2010-05-03,1.094218969,1.069186926
2010-05-04,1.028125048,1.004605174
2010-05-05,1.018125057,0.9948335886
2010-05-06,0.9507809877,0.9290302396
2010-05-07,0.9049999714,0.8842963576
2010-05-10,0.9953129888,0.9725434184
2010-05-11,0.9942190051,0.9714746475
2010-05-12,1.03125,1.007658482
2010-05-13,0.999063015,0.9762077332
2010-05-14,0.9615629911,0.939565599
2010-05-17,0.9674999714,0.9453667402
2010-05-18,0.9407809973,0.9192589521
2010-05-19,0.9242190123,0.9030758739
2010-05-20,0.8575000167,0.8378832936
2010-05-21,0.8751559854,0.855135262
2010-05-24,0.8671879768,0.8473497033
2010-05-25,0.8692190051,0.8493341804
2010-05-26,0.8481249809,0.8287225366
2010-05-27,0.9146879911,0.8937629461
2010-05-28,0.9029690027,0.8823120594
2010-06-01,0.8856250048,0.86536479
2010-06-02,0.9290630221,0.9078091383
2010-06-03,0.9454690218,0.9238398671
2010-06-04,0.8832809925,0.8630744219
2010-06-07,0.8503130078,0.830860734
2010-06-08,0.8467190266,0.8273489475
2010-06-09,0.8317189813,0.8126921058
2010-06-10,0.8790630102,0.8589528799
2010-06-11,0.8954690099,0.8749837279
2010-06-14,0.8956249952,0.8751360774
2010-06-15,0.9432809949,0.9217018485
2010-06-16,0.9523440003,0.930557549
2010-06-17,0.9578130245,0.9359015226
2010-06-18,0.9604690075,0.9384967685
2010-06-21,0.9465630054,0.9249086976
2010-06-22,0.9279689789,0.9067401886
2010-06-23,0.9214059711,0.9003270864
2010-06-24,0.8926560283,0.8722349405
2010-06-25,0.8890630007,0.8687241077
2010-06-28,0.8835939765,0.8633801937
2010-06-29,0.8154690266,0.7968136668
2010-06-30,0.7906249762,0.7725380659
2010-07-01,0.7859380245,0.7679584622
2010-07-02,0.7814059854,0.7635300756
2010-07-06,0.7854689956,0.7675000429
2010-07-07,0.8353130221,0.816203773
2010-07-08,0.844062984,0.8247533441
2010-07-09,0.8609380126,0.8412427902
2010-07-12,0.8656250238,0.8458223939
2010-07-13,0.8868749738,0.8665862083
2010-07-14,0.8971880078,0.8766632676
2010-07-15,0.8993750215,0.8788003922
2010-07-16,0.8498439789,0.8304022551
2010-07-19,0.8635939956,0.8438377976
2010-07-20,0.8834379911,0.8632279634
2010-07-21,0.8604689837,0.8407843709
2010-07-22,0.903594017,0.8829227686
2010-07-23,0.9151560068,0.894220233
2010-07-26,0.9293749928,0.9081138968
2010-07-27,0.9287499785,0.9075033665
2010-07-28,0.9145309925,0.893609643
2010-07-29,0.9007809758,0.8801742196
2010-07-30,0.905313015,0.8846024275
2010-08-02,0.9384379983,0.9169695377
2010-08-03,0.9310939908,0.9097936153
2010-08-04,0.9499999881,0.9282670021
2010-08-05,0.9454690218,0.9238398671
2010-08-06,0.9423440099,0.920786202
2010-08-09,0.9543750286,0.9325421453
2010-08-10,0.9395310283,0.918037653
2010-08-11,0.8874999881,0.8671968579
2010-08-12,0.8725000024,0.8525400758
2010-08-13,0.8603129983,0.8406318426
2010-08-16,0.8635939956,0.8438377976
2010-08-17,0.8854690194,0.8652126789
2010-08-18,0.892031014,0.8716242909
2010-08-19,0.8653129935,0.8455174565
2010-08-20,0.8675000072,0.8476544619
2010-08-23,0.8504689932,0.8310130239
2010-08-24,0.8196880221,0.8009363413
2010-08-25,0.8342189789,0.8151348233
2010-08-26,0.8149999976,0.7963555455
2010-08-27,0.8354690075,0.8163564205
2010-08-30,0.8173440099,0.7986459136
2010-08-31,0.812812984,0.7942185402
2010-09-01,0.859375,0.839715302
2010-09-02,0.8793749809,0.8592577577
2010-09-03,0.9093750119,0.888571322
2010-09-07,0.8959379792,0.8754418492
2010-09-08,0.9171879888,0.8962057233
2010-09-09,0.9240630269,0.9029234648
2010-09-10,0.9307810068,0.9094878435
2010-09-13,0.9574999809,0.9355957508
2010-09-14,0.9651560187,0.9430764914
2010-09-15,0.9775000215,0.9551380277
2010-09-16,0.9850000143,0.9624664783
2010-09-17,0.9914060235,0.9687259197
2010-09-20,1.025938034,1.002467871
2010-09-21,1.023594022,1.00017786
2010-09-22,1.020156026,0.9968184233
2010-09-23,1.019374967,0.996055007
2010-09-24,1.060469031,1.036209345
2010-09-27,1.049530983,1.025521159
2010-09-28,1.051094055,1.027048588
2010-09-29,1.044999957,1.021093726
2010-09-30,1.035781026,1.012085915
2010-10-01,1.033594012,1.00994873
2010-10-04,1.010938048,0.9878112078
2010-10-05,1.059530973,1.035292149
2010-10-06,1.042655945,1.018803477
2010-10-07,1.048437953,1.024452806
2010-10-08,1.061249971,1.036972165
2010-10-11,1.064375043,1.040025473
2010-10-12,1.080000043,1.055293083
2010-10-13,1.096719027,1.071629524
2010-10-14,1.092499971,1.067507386
2010-10-15,1.138594031,1.112546682
2010-10-18,1.135313034,1.109340668
2010-10-19,1.108281016,1.082926869
2010-10-20,1.124531031,1.098805547
2010-10-21,1.12906301,1.103233814
2010-10-22,1.14468801,1.118501067
2010-10-25,1.154062986,1.127662063
2010-10-26,1.160938025,1.134379745
2010-10-27,1.169219017,1.142471075
2010-10-28,1.173750043,1.146898627
2010-10-29,1.169844031,1.143081784
2010-11-01,1.170156002,1.14338696
2010-11-02,1.194687963,1.167357802
2010-11-03,1.206405997,1.178807259
2010-11-04,1.234843969,1.206594706
2010-11-05,1.235156059,1.206900001
2010-11-08,1.238281012,1.209953427
2010-11-09,1.222656012,1.194686055
2010-11-10,1.21875,1.190868974
2010-11-11,1.221719027,1.193770289
2010-11-12,1.180624962,1.153616309
2010-11-15,1.173280954,1.14643991
2010-11-16,1.133906007,1.107965827
2010-11-17,1.140156031,1.114073277
2010-11-18,1.17671895,1.149799347
2010-11-19,1.178437948,1.151479125
2010-11-22,1.199062943,1.17163229
2010-11-23,1.161563039,1.134990335
2010-11-24,1.207344055,1.179724336
2010-11-26,1.191094041,1.163846016
2010-11-29,1.190624952,1.163387656
2010-11-30,1.159999967,1.133463144
2010-12-01,1.209218979,1.181556344
2010-12-02,1.234688044,1.206442475
2010-12-03,1.240313053,1.211938739
2010-12-06,1.23921895,1.21086967
2010-12-07,1.241719007,1.213312745
2010-12-08,1.251405954,1.222777963
2010-12-09,1.252500057,1.223846793
2010-12-10,1.269219041,1.240183353
2010-12-13,1.26078105,1.231938481
2010-12-14,1.263437986,1.234534979
2010-12-15,1.253594041,1.224915862
2010-12-16,1.271406054,1.242320418
2010-12-17,1.27531302,1.246138096
2010-12-20,1.277969003,1.248733282
2010-12-21,1.291406035,1.261863112
2010-12-22,1.292655945,1.263084292
2010-12-23,1.285781026,1.256366849
2010-12-27,1.285938025,1.256520033
2010-12-28,1.282188058,1.252855897
2010-12-29,1.287343979,1.257894158
2010-12-30,1.280781031,1.251481175
2010-12-31,1.272343993,1.243236661
2011-01-03,1.311406016,1.281405449
2011-01-04,1.309062958,1.279115796
2011-01-05,1.331874967,1.301406026
2011-01-06,1.340000033,1.309345245
2011-01-07,1.338281035,1.307665706
2011-01-10,1.347187996,1.316368937
2011-01-11,1.350780964,1.31987977
2011-01-12,1.36984396,1.338506579
2011-01-13,1.372969031,1.341560245
2011-01-14,1.392655969,1.360796809
2011-01-18,1.400156021,1.368125081
2011-01-19,1.368749976,1.337437391
2011-01-20,1.347344041,1.316520929
2011-01-21,1.327188015,1.296826482
2011-01-24,1.36453104,1.333314896
2011-01-25,1.367499948,1.336216211
2011-01-26,1.383437991,1.351789594
2011-01-27,1.399999976,1.367972493
2011-01-28,1.328906059,1.298505425
2011-01-31,1.342188001,1.311482906
2011-02-01,1.391563058,1.359728694
2011-02-02,1.387187958,1.35545373
2011-02-03,1.391250014,1.359423041
2011-02-04,1.408125043,1.375911593
2011-02-07,1.421718955,1.389194727
2011-02-08,1.441874981,1.408889532
2011-02-09,1.435469031,1.40263021
2011-02-10,1.440624952,1.407668471
2011-02-11,1.460155964,1.426752687
2011-02-14,1.467188001,1.433623791
2011-02-15,1.46359396,1.430112004
2011-02-16,1.482969046,1.449043632
2011-02-17,1.481719017,1.447822213
2011-02-18,1.475625038,1.44186759
2011-02-22,1.388280988,1.356521368
2011-02-23,1.36578095,1.334536672
2011-02-24,1.37906301,1.347514749
2011-02-25,1.418280959,1.38583529
2011-02-28,1.425469041,1.392859459
2011-03-01,1.379999995,1.348430037
2011-03-02,1.393437982,1.361560702
2011-03-03,1.448125005,1.414996624
2011-03-04,1.432188034,1.399424314
2011-03-07,1.395156026,1.363239646
2011-03-08,1.405624986,1.373468995
2011-03-09,1.385938048,1.35423243
2011-03-10,1.344063044,1.313315511
2011-03-11,1.359375,1.328277111
2011-03-14,1.349531054,1.318657994
2011-03-15,1.312813044,1.28278017
2011-03-16,1.249531031,1.220945835
2011-03-17,1.27125001,1.242168188
2011-03-18,1.266093969,1.237130165
2011-03-21,1.3125,1.282474756
2011-03-22,1.310938001,1.280948162
2011-03-23,1.324062943,1.293772697
2011-03-24,1.374218941,1.342780948
2011-03-25,1.377655983,1.346139669
2011-03-28,1.361250043,1.330109239
2011-03-29,1.387969017,1.356216788
2011-03-30,1.401563048,1.369500041
2011-03-31,1.405781031,1.373621583
2011-04-01,1.406875014,1.374690175
2011-04-04,1.398437977,1.366446614
2011-04-05,1.389843941,1.358048916
2011-04-06,1.396563053,1.364614248
2011-04-07,1.395938039,1.36400342
2011-04-08,1.382344007,1.350720406
2011-04-11,1.373124957,1.341711998
2011-04-12,1.354843974,1.323849559
2011-04-13,1.377187967,1.34568274
2011-04-14,1.371250033,1.339880705
2011-04-15,1.366875052,1.335605502
2011-04-18,1.347187996,1.316368937
2011-04-19,1.36421895,1.333010077
2011-04-20,1.424999952,1.392400861
2011-04-21,1.447656035,1.414538026
2011-04-25,1.455937982,1.422630906
2011-04-26,1.471250057,1.437593102
2011-04-27,1.491875052,1.45774579
2011-04-28,1.488124967,1.454081535
2011-04-29,1.486875057,1.452860236
2011-05-02,1.480468988,1.446600795
2011-05-03,1.465155959,1.431638002
2011-05-04,1.462031007,1.428584576
2011-05-05,1.444375038,1.411332607
2011-05-06,1.455625057,1.422325134
2011-05-09,1.466094017,1.432554364
2011-05-10,1.490156054,1.456066251
2011-05-11,1.468281031,1.43469131
2011-05-12,1.484843969,1.450875878
2011-05-13,1.450469017,1.417287111
2011-05-16,1.399999976,1.367972493
2011-05-17,1.407188058,1.374996305
2011-05-18,1.432031035,1.399271131
2011-05-19,1.439844012,1.406904936
2011-05-20,1.417968988,1.385530472
2011-05-23,1.377500057,1.345987439
2011-05-24,1.359843969,1.328735113
2011-05-25,1.370000005,1.33865881
2011-05-26,1.387500048,1.355759144
2011-05-27,1.40109396,1.369041562
2011-05-31,1.444530964,1.411484599
2011-06-01,1.382344007,1.350720406
2011-06-02,1.388906002,1.357132554
2011-06-03,1.347656012,1.316825986
2011-06-06,1.324218988,1.293925405
2011-06-07,1.320469022,1.29026103
2011-06-08,1.300469041,1.270718932
2011-06-09,1.304219007,1.274382949
2011-06-10,1.265781045,1.236824036
2011-06-13,1.263906002,1.234992385
2011-06-14,1.295624971,1.265985131
2011-06-15,1.250156045,1.221556664
2011-06-16,1.23953104,1.211174607
2011-06-17,1.231094003,1.202930212
2011-06-20,1.243124962,1.214686275
2011-06-21,1.296093941,1.266443729
2011-06-22,1.278749943,1.24949646
2011-06-23,1.30250001,1.272702813
2011-06-24,1.257030964,1.228273988
2011-06-27,1.297813058,1.268123388
2011-06-28,1.335312963,1.304765701
2011-06-29,1.347030997,1.316215515
2011-06-30,1.381718993,1.350110054
2011-07-01,1.424062967,1.391485453
2011-07-05,1.4375,1.404614806
2011-07-06,1.445780993,1.412706256
2011-07-07,1.487499952,1.453470826
2011-07-08,1.478281021,1.444462895
2011-07-11,1.426406026,1.393774629
2011-07-12,1.402655959,1.370568037
2011-07-13,1.414844036,1.382477045
2011-07-14,1.382344007,1.350720406
2011-07-15,1.418750048,1.38629365
2011-07-18,1.404062986,1.37194252
2011-07-19,1.468281031,1.43469131
2011-07-20,1.454530954,1.421256185
2011-07-21,1.475780964,1.442020178
2011-07-22,1.50515604,1.470723391
2011-07-25,1.5,1.46568501
2011-07-26,1.505313039,1.470876575
2011-07-27,1.429219007,1.396523595
2011-07-28,1.433750033,1.400950789
2011-07-29,1.423593998,1.391027093
2011-08-01,1.413280964,1.380949974
2011-08-02,1.340312958,1.309651017
2011-08-03,1.364063025,1.332857728
2011-08-04,1.239063025,1.21071732
2011-08-05,1.222344041,1.194380283
2011-08-08,1.079218984,1.054529905
2011-08-09,1.179062963,1.152089834
2011-08-10,1.082499981,1.05773592
2011-08-11,1.177656054,1.150715351
2011-08-12,1.197343946,1.169952631
2011-08-15,1.232499957,1.204304457
2011-08-16,1.211719036,1.183999062
2011-08-17,1.198438048,1.171021938
2011-08-18,1.081719041,1.056972861
2011-08-19,1.042188048,1.018346548
2011-08-22,1.048905969,1.024910808
2011-08-23,1.13421905,1.108272433
2011-08-24,1.151718974,1.125371695
2011-08-25,1.115468979,1.089950919
2011-08-26,1.169844031,1.143081784
2011-08-29,1.237499952,1.209190011
2011-08-30,1.252344012,1.223694444
2011-08-31,1.258124948,1.229342937
2011-09-01,1.233438015,1.205221057
2011-09-02,1.175781012,1.148883104
2011-09-06,1.176249981,1.149341583
2011-09-07,1.235313058,1.207053185
2011-09-08,1.22390604,1.195907474
2011-09-09,1.169530988,1.142775893
2011-09-12,1.200624943,1.173158526
2011-09-13,1.231405973,1.203235984
2011-09-14,1.266718984,1.237740636
2011-09-15,1.304219007,1.274382949
2011-09-16,1.326406002,1.296062469
2011-09-19,1.329375029,1.29896307
2011-09-20,1.317968965,1.287818313
2011-09-21,1.271563053,1.242473602
2011-09-22,1.189375043,1.162166238
2011-09-23,1.21390605,1.186136246
2011-09-26,1.241719007,1.213312745
2011-09-27,1.267655969,1.238656163
2011-09-28,1.230155945,1.202013731
2011-09-29,1.201719046,1.174227595
2011-09-30,1.139843941,1.113767982
2011-10-03,1.080312967,1.055599093
2011-10-04,1.124531031,1.098805547
2011-10-05,1.18234396,1.155296206
2011-10-06,1.221405983,1.193464279
2011-10-07,1.206094027,1.178502679
2011-10-10,1.288594007,1.259115338
2011-10-11,1.304844022,1.274993539
2011-10-12,1.319844007,1.289650559
2011-10-13,1.344531059,1.313772798
2011-10-14,1.392969012,1.361102581
2011-10-17,1.352344036,1.32140708
2011-10-18,1.383906007,1.352246881
2011-10-19,1.330625057,1.300184608
2011-10-20,1.318750024,1.288581371
2011-10-21,1.350625038,1.319726944
2011-10-24,1.406406045,1.374232173
2011-10-25,1.352030993,1.321101069
2011-10-26,1.348124981,1.317284465
2011-10-27,1.423280954,1.390720725
2011-10-28,1.426249981,1.393621802
2011-10-31,1.379219055,1.347667217
2011-11-01,1.30656302,1.276673198
2011-11-02,1.327656031,1.297283769
2011-11-03,1.383437991,1.351789594
2011-11-04,1.369688034,1.338353992
2011-11-07,1.388594031,1.356827497
2011-11-08,1.420469046,1.387973547
2011-11-09,1.322343946,1.292092919
2011-11-10,1.318750024,1.288581371
2011-11-11,1.367969036,1.336674452
2011-11-14,1.352344036,1.32140708
2011-11-15,1.381718993,1.350110054
2011-11-16,1.334843993,1.304307342
2011-11-17,1.275781035,1.246595502
2011-11-18,1.25406301,1.225374222
2011-11-21,1.206562996,1.178960323
2011-11-22,1.212656021,1.184914708
2011-11-23,1.157812953,1.13132596
2011-11-25,1.141093969,1.114989638
2011-11-28,1.219531059,1.191632152
2011-11-29,1.205000043,1.177433491
2011-11-30,1.293905973,1.264305472
2011-12-01,1.312031031,1.282016158
2011-12-02,1.30250001,1.272702813
2011-12-05,1.332499981,1.302016854
2011-12-06,1.326094031,1.295757174
2011-12-07,1.327343941,1.296978951
2011-12-08,1.281875014,1.252550006
2011-12-09,1.322343946,1.292092919
2011-12-12,1.293437958,1.263848305
2011-12-13,1.263594031,1.234687209
2011-12-14,1.225625038,1.197586775
2011-12-15,1.217813015,1.189953208
2011-12-16,1.228906035,1.20079267
2011-12-19,1.207031012,1.179418445
2011-12-20,1.277343988,1.248122692
2011-12-21,1.24000001,1.211633086
2011-12-22,1.261250019,1.232396603
2011-12-23,1.283437967,1.254077196
2011-12-27,1.29093802,1.261405468
2011-12-28,1.263437986,1.234534979
2011-12-29,1.278905988,1.249649048
2011-12-30,1.272812963,1.243695021
2012-01-03,1.319218993,1.289039493
2012-01-04,1.330625057,1.300184608
2012-01-05,1.353281021,1.322322369
2012-01-06,1.361875057,1.33071959
2012-01-09,1.354063034,1.323086619
2012-01-10,1.373594046,1.342170715
2012-01-11,1.37984395,1.348277569
2012-01-12,1.391093969,1.359270573
2012-01-13,1.381250024,1.349651456
2012-01-17,1.403905988,1.371789336
2012-01-18,1.441406012,1.408431411
2012-01-19,1.460469007,1.427058339
2012-01-20,1.456562996,1.423241973
2012-01-23,1.456874967,1.423546314
2012-01-24,1.451719046,1.418508768
2012-01-25,1.487655997,1.453623533
2012-01-26,1.476874948,1.443089247
2012-01-27,1.487344027,1.453318596
2012-01-30,1.489063025,1.454998136
2012-01-31,1.492655993,1.458509088
2012-02-01,1.516093969,1.48141098
2012-02-02,1.526563048,1.491640091
2012-02-03,1.56812501,1.532251477
2012-02-06,1.566719055,1.530877829
2012-02-07,1.572813034,1.536832452
2012-02-08,1.58734405,1.551030993
2012-02-09,1.611719012,1.574848294
2012-02-10,1.589063048,1.552710772
2012-02-13,1.617030978,1.580038428
2012-02-14,1.625938058,1.588742256
2012-02-15,1.602499962,1.565840244
2012-02-16,1.647655964,1.609963179
2012-02-17,1.637500048,1.600039601
2012-02-21,1.645624995,1.607978463
2012-02-22,1.631562948,1.594238281
2012-02-23,1.653437972,1.615612626
2012-02-24,1.664374948,1.626299977
2012-02-27,1.668437958,1.630269647
2012-02-28,1.702188015,1.663247466
2012-02-29,1.688281059,1.649658799
2012-03-01,1.71312499,1.673934221
2012-03-02,1.711249948,1.672102332
2012-03-05,1.676874995,1.638513803
2012-03-06,1.643280983,1.605687857
2012-03-07,1.667500019,1.629353285
2012-03-08,1.704218984,1.665231824
2012-03-09,1.718593955,1.679278493
2012-03-12,1.720000029,1.680652261
2012-03-13,1.783125043,1.742333055
2012-03-14,1.797031045,1.755921245
2012-03-15,1.805469036,1.76416564
2012-03-16,1.80250001,1.761264443
2012-03-19,1.830780983,1.788898826
2012-03-20,1.836094022,1.794090271
2012-03-21,1.837031007,1.795005679
2012-03-22,1.828438044,1.786609411
2012-03-23,1.827968955,1.786151171
2012-03-26,1.890625,1.847373962
2012-03-27,1.895313025,1.851954579
2012-03-28,1.880313039,1.837297916
2012-03-29,1.868124962,1.825388551
2012-03-30,1.858593941,1.816075325
2012-04-02,1.896563053,1.853175879
2012-04-03,1.896875024,1.853481054
2012-04-04,1.845468998,1.803251147
2012-04-05,1.866719007,1.824014664
2012-04-09,1.839687943,1.797602415
2012-04-10,1.778905988,1.73821044
2012-04-11,1.797656059,1.756531596
2012-04-12,1.837188005,1.795159101
2012-04-13,1.782655954,1.741874814
2012-04-16,1.744688034,1.704775214
2012-04-17,1.813125014,1.771646976
2012-04-18,1.802968979,1.761723161
2012-04-19,1.765781045,1.725385904
2012-04-20,1.753749967,1.71363008
2012-04-23,1.723749995,1.684316397
2012-04-24,1.703125,1.664163351
2012-04-25,1.793594003,1.752562761
2012-04-26,1.815000057,1.773479104
2012-04-27,1.836562991,1.794548631
2012-04-30,1.810781002,1.769356251
2012-05-01,1.816094041,1.774547815
2012-05-02,1.824530959,1.782791972
2012-05-03,1.786563039,1.745692253
2012-05-04,1.69796896,1.659125209
2012-05-07,1.700312972,1.661415696
2012-05-08,1.6875,1.64889586
2012-05-09,1.68187499,1.643399596
2012-05-10,1.669374943,1.631185174
2012-05-11,1.670313001,1.632101774
2012-05-14,1.639688015,1.602177024
2012-05-15,1.627812982,1.590574145
2012-05-16,1.605625033,1.568893552
2012-05-17,1.537812948,1.502633095
2012-05-18,1.499063015,1.464769363
2012-05-21,1.579687953,1.543550372
2012-05-22,1.576874971,1.540801167
2012-05-23,1.585625052,1.549351454
2012-05-24,1.565000057,1.52919805
2012-05-25,1.558750033,1.523091197
2012-05-29,1.59781301,1.561260343
2012-05-30,1.571874976,1.535915852
2012-05-31,1.558437943,1.52278626
2012-06-01,1.474688053,1.440952063
2012-06-04,1.496562958,1.462326765
2012-06-05,1.50968802,1.47515142
2012-06-06,1.580000043,1.543855071
2012-06-07,1.565937996,1.530114651
2012-06-08,1.59781301,1.561260343
2012-06-11,1.546875,1.511487603
2012-06-12,1.579687953,1.543550372
2012-06-13,1.558437943,1.52278626
2012-06-14,1.570312977,1.534389019
2012-06-15,1.608749986,1.571947217
2012-06-18,1.639063001,1.601566792
2012-06-19,1.672500014,1.634238958
2012-06-20,1.677188039,1.638819814
2012-06-21,1.591874957,1.555458069
2012-06-22,1.624688029,1.587520599
2012-06-25,1.561563015,1.525839448
2012-06-26,1.582813025,1.546603322
2012-06-27,1.601250052,1.564618945
2012-06-28,1.566874981,1.531029701
2012-06-29,1.663750052,1.62568903
2012-07-02,1.674375057,1.636070728
2012-07-03,1.701874971,1.662941933
2012-07-05,1.703750014,1.664774179
2012-07-06,1.660938025,1.622941613
2012-07-09,1.65625,1.618360519
2012-07-10,1.623124957,1.585993171
2012-07-11,1.604375005,1.56767261
2012-07-12,1.575937986,1.539885759
2012-07-13,1.621562958,1.584466815
2012-07-16,1.61343801,1.576528072
2012-07-17,1.628749967,1.591489792
2012-07-18,1.673750043,1.635460138
2012-07-19,1.710000038,1.670880795
2012-07-20,1.666563034,1.628437519
2012-07-23,1.627187967,1.589963317
2012-07-24,1.59937501,1.562786818
2012-07-25,1.577188015,1.541107059
2012-07-26,1.617812991,1.580802798
2012-07-27,1.699062943,1.660194039
2012-07-30,1.693750024,1.655002475
2012-07-31,1.690937996,1.652255058
2012-08-01,1.682188034,1.64370513
2012-08-02,1.670624971,1.632406473
2012-08-03,1.732187986,1.69256115
2012-08-06,1.75999999,1.719737172
2012-08-07,1.789687991,1.748746157
2012-08-08,1.786249995,1.7453866
2012-08-09,1.797188044,1.756074548
2012-08-10,1.80093801,1.759738684
2012-08-13,1.808750033,1.767371893
2012-08-14,1.810938001,1.769509673
2012-08-15,1.820000052,1.778364658
2012-08-16,1.862499952,1.819892406
2012-08-17,1.878749967,1.835770488
2012-08-20,1.88499999,1.841877103
2012-08-21,1.870625019,1.827831268
2012-08-22,1.88468802,1.841572404
2012-08-23,1.855000019,1.812563896
2012-08-24,1.876250029,1.83332777
2012-08-27,1.882812977,1.839740515
2012-08-28,1.882812977,1.839740515
2012-08-29,1.882500052,1.839434624
2012-08-30,1.845000029,1.802792311
2012-08-31,1.870937943,1.828137279
2012-09-04,1.866250038,1.823556662
2012-09-05,1.861562967,1.818976641
2012-09-06,1.94312501,1.8986727
2012-09-07,1.937813044,1.893482208
2012-09-10,1.889688015,1.846458197
2012-09-11,1.883437991,1.840350986
2012-09-12,1.895313025,1.851954579
2012-09-13,1.943750024,1.899283648
2012-09-14,1.980312943,1.935010076
2012-09-17,1.981562972,1.936231613
2012-09-18,1.985313058,1.939895749
2012-09-19,1.991562963,1.946002722
2012-09-20,1.98843801,1.942949295
2012-09-21,1.99000001,1.944475412
2012-09-24,1.963750005,1.918825865
2012-09-25,1.909687996,1.86600101
2012-09-26,1.879999995,1.836992145
2012-09-27,1.930624962,1.886458635
2012-09-28,1.900938034,1.8574512
2012-10-01,1.892187953,1.848901153
2012-10-02,1.905313015,1.861725807
2012-10-03,1.926874995,1.882794738
2012-10-04,1.941249967,1.896840692
2012-10-05,1.919687986,1.875771642
2012-10-08,1.887187958,1.844015121
2012-10-09,1.827499986,1.78569293
2012-10-10,1.808750033,1.767371893
2012-10-11,1.794687986,1.753631592
2012-10-12,1.793750048,1.752714753
2012-10-15,1.819062948,1.777449131
2012-10-16,1.871875048,1.829052687
2012-10-17,1.870625019,1.827831268
2012-10-18,1.827813029,1.785998821
2012-10-19,1.739688039,1.699889779
2012-10-22,1.758437991,1.718210936
2012-10-23,1.723438025,1.68401134
2012-10-24,1.708438039,1.669354916
2012-10-25,1.710625052,1.671491623
2012-10-26,1.720625043,1.681262732
2012-10-31,1.699062943,1.660194039
2012-11-01,1.747812986,1.707828879
2012-11-02,1.705937982,1.66691184
2012-11-05,1.732187986,1.69256115
2012-11-06,1.739688039,1.699889779
2012-11-07,1.65625,1.618360519
2012-11-08,1.607499957,1.570725799
2012-11-09,1.619688034,1.582634807
2012-11-12,1.616875052,1.579886436
2012-11-13,1.596562982,1.560039043
2012-11-14,1.557188034,1.521564841
2012-11-15,1.545624971,1.510266304
2012-11-16,1.558750033,1.523091197
2012-11-19,1.633749962,1.596375465
2012-11-20,1.63468802,1.597291827
2012-11-21,1.642500043,1.604925275
2012-11-23,1.691249967,1.652559638
2012-11-26,1.708124995,1.669048905
2012-11-27,1.694687963,1.655919075
2012-11-28,1.723749995,1.684316397
2012-11-29,1.74406302,1.704164624
2012-11-30,1.74000001,1.700194597
2012-12-03,1.734063029,1.694393396
2012-12-04,1.726874948,1.687369704
2012-12-05,1.690624952,1.651949048
2012-12-06,1.712188005,1.673018813
2012-12-07,1.69156301,1.652866006
2012-12-10,1.702188015,1.663247466
2012-12-11,1.746875048,1.70691216
2012-12-12,1.737499952,1.697751522
2012-12-13,1.710937977,1.671797276
2012-12-14,1.679062963,1.640651464
2012-12-17,1.725000024,1.685537815
2012-12-18,1.775938034,1.735310555
2012-12-19,1.760313034,1.720043182
2012-12-20,1.759063005,1.718821287
2012-12-21,1.72437501,1.684926987
2012-12-24,1.715000033,1.675766587
2012-12-26,1.685312986,1.649223089
2012-12-27,1.679062963,1.643107057
2012-12-28,1.64625001,1.610996723
2012-12-31,1.71281302,1.676134348
2013-01-02,1.823438048,1.784390569
2013-01-03,1.80656302,1.767877102
2013-01-04,1.793437958,1.755033135
2013-01-07,1.796875,1.758396506
2013-01-08,1.791875005,1.753503203
2013-01-09,1.799999952,1.761454344
2013-01-10,1.82218802,1.783167481
2013-01-11,1.828125,1.788977146
2013-01-14,1.810938001,1.772158146
2013-01-15,1.793750048,1.755338073
2013-01-16,1.807500005,1.768794179
2013-01-17,1.824062943,1.785002112
2013-01-18,1.817499995,1.778579831
2013-01-22,1.824062943,1.785002112
2013-01-23,1.842188001,1.802739024
2013-01-24,1.794062972,1.755644441
2013-01-25,1.812188029,1.773381591
2013-01-28,1.819687963,1.780720472
2013-01-29,1.812813044,1.773993254
2013-01-30,1.814375043,1.775521994
2013-01-31,1.803750038,1.765124321
2013-02-01,1.845937967,1.806408525
2013-02-04,1.78125,1.743106008
2013-02-05,1.836562991,1.797234535
2013-02-06,1.822813034,1.783779502
2013-02-07,1.826563001,1.787448525
2013-02-08,1.863749981,1.823839307
2013-02-11,1.864063025,1.824145675
2013-02-12,1.848749995,1.809160471
2013-02-13,1.861875057,1.822004557
2013-02-14,1.859688044,1.819864511
2013-02-15,1.850625038,1.81099534
2013-02-19,1.876562953,1.836377978
2013-02-20,1.818750024,1.779802561
2013-02-21,1.779688001,1.741577387
2013-02-22,1.815000057,1.776133418
2013-02-25,1.76968801,1.731791377
2013-02-26,1.782500029,1.744329333
2013-02-27,1.818438053,1.779497743
2013-02-28,1.8125,1.773686767
2013-03-01,1.827188015,1.788060308
2013-03-04,1.844063044,1.804573894
2013-03-05,1.899688005,1.859007716
2013-03-06,1.889063001,1.848610282
2013-03-07,1.899688005,1.859007716
2013-03-08,1.901875019,1.861147881
2013-03-11,1.914999962,1.873992085
2013-03-12,1.901563048,1.860842586
2013-03-13,1.894999981,1.854420066
2013-03-14,1.908437967,1.867570162
2013-03-15,1.897812963,1.857172728
2013-03-18,1.887812972,1.847387433
2013-03-19,1.882500052,1.842187643
2013-03-20,1.901875019,1.865203977
2013-03-21,1.861562967,1.825669646
2013-03-22,1.89625001,1.859687805
2013-03-25,1.881562948,1.845283747
2013-03-26,1.903437972,1.866737008
2013-03-27,1.908125043,1.871334076
2013-03-28,1.918437958,1.88144803
2013-04-01,1.890938044,1.85447824
2013-04-02,1.920938015,1.883899808
2013-04-03,1.885938048,1.849574685
2013-04-04,1.887500048,1.851106524
2013-04-05,1.855312943,1.819540143
2013-04-08,1.875313044,1.839154482
2013-04-09,1.899062991,1.862446427
2013-04-10,1.974063039,1.936000586
2013-04-11,1.970312953,1.932322741
2013-04-12,1.96875,1.930789709
2013-04-15,1.891563058,1.855091214
2013-04-16,1.942188025,1.904740095
2013-04-17,1.866250038,1.830266237
2013-04-18,1.813750029,1.778778434
2013-04-19,1.864063025,1.828121543
2013-04-22,1.899999976,1.863365293
2013-04-23,1.936874986,1.899529457
2013-04-24,1.935312986,1.897997379
2013-04-25,1.955937982,1.918224573
2013-04-26,1.945000052,1.907498121
2013-04-29,1.980312943,1.942129731
2013-04-30,2.007812977,1.969099522
2013-05-01,1.990937948,1.952550292
2013-05-02,2.040313005,2.000972986
2013-05-03,2.088749886,2.048475981
2013-05-06,2.104063034,2.063493729
2013-05-07,2.101562977,2.061041832
2013-05-08,2.122499943,2.081576109
2013-05-09,2.118438005,2.077592134
2013-05-10,2.140938044,2.099658251
2013-05-13,2.148124933,2.106706381
2013-05-14,2.169687986,2.127853394
2013-05-15,2.178124905,2.136127472
2013-05-16,2.174375057,2.132449865
2013-05-17,2.214062929,2.171372652
2013-05-20,2.207813025,2.165243387
2013-05-21,2.211874962,2.169227839
2013-05-22,2.176563025,2.134595394
2013-05-23,2.162812948,2.121111393
2013-05-24,2.162499905,2.120804071
2013-05-28,2.190000057,2.147773981
2013-05-29,2.168750048,2.126933336
2013-05-30,2.191250086,2.148999691
2013-05-31,2.15062499,2.109157801
2013-06-03,2.159687996,2.118046045
2013-06-04,2.137187958,2.095979452
2013-06-05,2.082813025,2.042653084
2013-06-06,2.098124981,2.057670116
2013-06-07,2.157500029,2.115900755
2013-06-10,2.160624981,2.118964672
2013-06-11,2.117187977,2.076365709
2013-06-12,2.06781292,2.027942657
2013-06-13,2.118438005,2.077592134
2013-06-14,2.092499971,2.052153826
2013-06-17,2.130938053,2.089850426
2013-06-18,2.16624999,2.12448144
2013-06-19,2.11781311,2.076978445
2013-06-20,2.014374971,1.975535154
2013-06-21,1.996875048,1.958372712
2013-06-24,1.956562996,1.918837905
2013-06-25,1.983749986,1.945500612
2013-06-26,2.017499924,1.978600383
2013-06-27,2.037499905,1.998214364
2013-06-28,2.039375067,2.000052929
2013-07-01,2.068749905,2.028861046
2013-07-02,2.069375038,2.029475451
2013-07-03,2.086874962,2.046636343
2013-07-05,2.117187977,2.076365709
2013-07-08,2.120938063,2.080043793
2013-07-09,2.146874905,2.105480433
2013-07-10,2.172812939,2.130917549
2013-07-11,2.262500048,2.218876123
2013-07-12,2.279062986,2.235119581
2013-07-15,2.28968811,2.245539904
2013-07-16,2.283750057,2.239715815
2013-07-17,2.294063091,2.249830723
2013-07-18,2.282500029,2.238490343
2013-07-19,2.236249924,2.193132162
2013-07-22,2.247188091,2.203859091
2013-07-23,2.216249943,2.173517466
2013-07-24,2.229687929,2.186696291
2013-07-25,2.256249905,2.212746859
2013-07-26,2.280625105,2.236651897
2013-07-29,2.272500038,2.228683233
2013-07-30,2.295624971,2.251362085
2013-07-31,2.305624962,2.261168957
2013-08-01,2.351249933,2.305914164
2013-08-02,2.378750086,2.332885027
2013-08-05,2.382188082,2.336256981
2013-08-06,2.35374999,2.308367014
2013-08-07,2.345000029,2.299785614
2013-08-08,2.366250038,2.320625782
2013-08-09,2.34906292,2.303769827
2013-08-12,2.357812881,2.312350988
2013-08-13,2.384063005,2.33809495
2013-08-14,2.367500067,2.32185173
2013-08-15,2.288749933,2.244620323
2013-08-16,2.284374952,2.240329027
2013-08-19,2.277188063,2.233281136
2013-08-20,2.297188044,2.252894878
2013-08-21,2.28125,2.237264633
2013-08-22,2.324374914,2.279558182
2013-08-23,2.357500076,2.312044382
2013-08-26,2.358124971,2.312656879
2013-08-27,2.260624886,2.217036963
2013-08-28,2.28093791,2.236958504
2013-08-29,2.311875105,2.267299414
2013-08-30,2.281563044,2.237571001
2013-09-03,2.30531311,2.260863066
2013-09-04,2.357187986,2.311738491
2013-09-05,2.365313053,2.319707155
2013-09-06,2.370625019,2.324915648
2013-09-09,2.424999952,2.378242493
2013-09-10,2.449687958,2.402454853
2013-09-11,2.440624952,2.39356637
2013-09-12,2.435937881,2.38896966
2013-09-13,2.440313101,2.393260241
2013-09-16,2.426249981,2.379468918
2013-09-17,2.459374905,2.411954403
2013-09-18,2.517812967,2.469265938
2013-09-19,2.529375076,2.480605125
2013-09-20,2.511250019,2.462830067
2013-09-23,2.500624895,2.452409744
2013-09-24,2.501563072,2.453330278
2013-09-25,2.486562967,2.438618898
2013-09-26,2.523437977,2.474782944
2013-09-27,2.517812967,2.469265938
2013-09-30,2.49968791,2.451490402
2013-10-01,2.555624962,2.506349325
2013-10-02,2.552813053,2.503591061
2013-10-03,2.494062901,2.44597435
2013-10-04,2.535624981,2.486734867
2013-10-07,2.493750095,2.445667744
2013-10-08,2.40062499,2.354338169
2013-10-09,2.383125067,2.337175131
2013-10-10,2.481874943,2.434020519
2013-10-11,2.522813082,2.47416997
2013-10-14,2.557499886,2.508188009
2013-10-15,2.538438082,2.489493608
2013-10-16,2.595624924,2.545578241
2013-10-17,2.625313044,2.574693203
2013-10-18,2.710000038,2.657747984
2013-10-21,2.721250057,2.668780804
2013-10-22,2.725938082,2.673378468
2013-10-23,2.69749999,2.645488739
2013-10-24,2.720000029,2.66755414
2013-10-25,2.757812977,2.70463872
2013-10-28,2.760624886,2.707396269
2013-10-29,2.768438101,2.715058804
2013-10-30,2.763750076,2.71046114
2013-10-31,2.751250029,2.698202133
2013-11-01,2.752187967,2.69912219
2013-11-04,2.758749962,2.705557346
2013-11-05,2.766562939,2.713219881
2013-11-06,2.765000105,2.71168685
2013-11-07,2.66156292,2.610244751
2013-11-08,2.733438015,2.680733442
2013-11-11,2.724999905,2.672458172
2013-11-12,2.732187986,2.679507732
2013-11-13,2.799062967,2.745093346
2013-11-14,2.814374924,2.760110378
2013-11-15,2.825313091,2.770837069
2013-11-18,2.773437977,2.719962358
2013-11-19,2.754374981,2.701267242
2013-11-20,2.743750095,2.690846443
2013-11-21,2.795624971,2.741721392
2013-11-22,2.827500105,2.772982359
2013-11-25,2.839999914,2.785241365
2013-11-26,2.869688034,2.814356089
2013-11-27,2.909063101,2.852972507
2013-11-29,2.941250086,2.884539604
2013-12-02,2.926249981,2.869827509
2013-12-03,2.92156291,2.865230799
2013-12-04,2.92718792,2.870747805
2013-12-05,2.921875,2.865536928
2013-12-06,2.962812901,2.905685663
2013-12-09,2.985938072,2.928364992
2013-12-10,2.982500076,2.924993753
2013-12-11,2.90625,2.850214005
2013-12-12,2.892188072,2.83642292
2013-12-13,2.882812977,2.827228308
2013-12-16,2.914375067,2.858181238
2013-12-17,2.904062986,2.848068953
2013-12-18,2.971563101,2.914267063
2013-12-19,2.952188015,2.895265818
2013-12-20,3.011563063,2.953496218
2013-12-23,3.075313091,3.016017437
2013-12-24,3.079375029,3.020000696
2013-12-26,3.098438025,3.038695574
2013-12-27,3.082499981,3.023064852
2013-12-30,3.073124886,3.013870001
2013-12-31,3.112499952,3.052487135
2014-01-02,3.064687967,3.005596638
2014-01-03,3.02125001,2.962996721
2014-01-06,2.996562958,2.938785553
2014-01-07,3.051249981,2.992417336
2014-01-08,3.066874981,3.00774169
2014-01-09,3.045000076,2.986288548
2014-01-10,3.064687967,3.005596638
2014-01-13,2.971874952,2.914572954
2014-01-14,3.087812901,3.028275967
2014-01-15,3.136874914,3.076391697
2014-01-16,3.14031291,3.079763412
2014-01-17,3.103437901,3.04359889
2014-01-21,3.150312901,3.089570522
2014-01-22,3.168750048,3.107652426
2014-01-23,3.14593792,3.085279942
2014-01-24,3.017812967,2.959625483
2014-01-27,2.963749886,2.906604767
2014-01-28,2.959374905,2.902314425
2014-01-29,2.896563053,2.840713739
2014-01-30,2.998437881,2.94062376
2014-01-31,2.985625029,2.928058624
2014-02-03,2.851562977,2.796581268
2014-02-04,2.890000105,2.834276915
2014-02-05,2.875,2.819566965
2014-02-06,2.945625067,2.888828754
2014-02-07,3.050937891,2.992111683
2014-02-10,3.086874962,3.027356148
2014-02-11,3.156874895,3.096006155
2014-02-12,3.169374943,3.108264685
2014-02-13,3.215625048,3.153624058
2014-02-14,3.230000019,3.167721272
2014-02-18,3.261563063,3.198675632
2014-02-19,3.217187881,3.155156612
2014-02-20,3.243438005,3.180899858
2014-02-21,3.234375,3.172011852
2014-02-24,3.273124933,3.210015059
2014-02-25,3.263124943,3.200207233
2014-02-26,3.257812977,3.194998026
2014-02-27,3.300937891,3.237291574
2014-02-28,3.291874886,3.228403568
2014-03-03,3.243750095,3.181206226
2014-03-04,3.326562881,3.262422085
2014-03-05,3.345000029,3.280503988
2014-03-06,3.337188005,3.272842407
2014-03-07,3.304687977,3.240968943
2014-03-10,3.309688091,3.245873213
2014-03-11,3.282813072,3.2195158
2014-03-12,3.305624962,3.241888523
2014-03-13,3.214062929,3.152091265
2014-03-14,3.167813063,3.106733799
2014-03-17,3.225625038,3.163430929
2014-03-18,3.302813053,3.239130259
2014-03-19,3.268438101,3.20541811
2014-03-20,3.284374952,3.221048355
2014-03-21,3.204375029,3.142590523
2014-03-24,3.15062499,3.089876652
2014-03-25,3.169063091,3.107959032
2014-03-26,3.087500095,3.027968884
2014-03-27,3.053124905,2.994256496
2014-03-28,3.065937996,3.006823063
2014-03-31,3.107812881,3.047889948
2014-04-01,3.216249943,3.154236555
2014-04-02,3.233438015,3.171092987
2014-04-03,3.182812929,3.121443987
2014-04-04,3.010937929,2.952882528
2014-04-07,2.957187891,2.900169373
2014-04-08,3.009063005,2.951044083
2014-04-09,3.113125086,3.053099871
2014-04-10,2.920938015,2.864618301
2014-04-11,2.853125095,2.798112869
2014-04-14,2.896563053,2.840713739
2014-04-15,2.914999962,2.858795166
2014-04-16,2.990937948,2.933268547
2014-04-17,2.99281311,2.935107708
2014-04-21,3.038125038,2.979546309
2014-04-22,3.087188005,3.027662992
2014-04-23,3.031563044,2.973110676
2014-04-24,3.090625048,3.031033039
2014-04-25,2.990937948,2.933268547
2014-04-28,3.012500048,2.954414606
2014-04-29,3.057812929,2.99885416
2014-04-30,3.074063063,3.014791012
2014-05-01,3.09375,3.034098148
2014-05-02,3.081875086,3.022452116
2014-05-05,3.113125086,3.053099871
2014-05-06,3.031874895,2.973415852
2014-05-07,3.013437986,2.955334902
2014-05-08,3.008749962,2.950736523
2014-05-09,3.031874895,2.973415852
2014-05-12,3.129062891,3.068729877
2014-05-13,3.133125067,3.072714329
2014-05-14,3.100312948,3.040534735
2014-05-15,3.053437948,2.994563341
2014-05-16,3.092813015,3.033179522
2014-05-19,3.137500048,3.077004671
2014-05-20,3.114063025,3.054020166
2014-05-21,3.172812939,3.111636877
2014-05-22,3.198750019,3.137073994
2014-05-23,3.246875048,3.184270859
2014-05-27,3.328749895,3.264567614
2014-05-28,3.306562901,3.242808104
2014-05-29,3.348124981,3.283569336
2014-05-30,3.350312948,3.285714388
2014-06-02,3.341875076,3.277439594
2014-06-03,3.340312958,3.275907755
2014-06-04,3.362812996,3.297973156
2014-06-05,3.420624971,3.354670763
2014-06-06,3.459374905,3.392673254
2014-06-09,3.454062939,3.38746357
2014-06-10,3.464688063,3.397884607
2014-06-11,3.462812901,3.39604497
2014-06-12,3.403749943,3.338121891
2014-06-13,3.422188044,3.356203794
2014-06-16,3.42750001,3.361413479
2014-06-17,3.430938005,3.364784718
2014-06-18,3.472812891,3.405852795
2014-06-19,3.465312958,3.398496389
2014-06-20,3.471874952,3.404932976
2014-06-23,3.473750114,3.406772137
2014-06-24,3.467499971,3.400641441
2014-06-25,3.506562948,3.444539547
2014-06-26,3.509375095,3.447301865
2014-06-27,3.538749933,3.476156712
2014-06-30,3.553124905,3.490277767
2014-07-01,3.631562948,3.567327738
2014-07-02,3.642499924,3.578071833
2014-07-03,3.685312986,3.620127916
2014-07-07,3.664062977,3.599253654
2014-07-08,3.577500105,3.514221668
2014-07-09,3.630000114,3.565793276
2014-07-10,3.607500076,3.543691635
2014-07-11,3.650312901,3.58574748
2014-07-14,3.698124886,3.632713318
2014-07-15,3.672499895,3.607541561
2014-07-16,3.700313091,3.634862185
2014-07-17,3.602813005,3.539088011
2014-07-18,3.71312499,3.647447824
2014-07-21,3.704688072,3.639160156
2014-07-22,3.755000114,3.688582659
2014-07-23,3.800937891,3.733707905
2014-07-24,3.793437958,3.726340055
2014-07-25,3.75999999,3.693494558
2014-07-28,3.764374971,3.697791576
2014-07-29,3.753124952,3.686740398
2014-07-30,3.781874895,3.714982033
2014-07-31,3.627500057,3.563336849
2014-08-01,3.601562977,3.537859201
2014-08-04,3.648750067,3.584210873
2014-08-05,3.594687939,3.531105995
2014-08-06,3.587500095,3.524044275
2014-08-07,3.566250086,3.503170967
2014-08-08,3.615937948,3.55197978
2014-08-11,3.659687996,3.59495616
2014-08-12,3.654375076,3.589736938
2014-08-13,3.73406291,3.668015718
2014-08-14,3.772500038,3.705772877
2014-08-15,3.807499886,3.740153313
2014-08-18,3.86781311,3.799399614
2014-08-19,3.910312891,3.8411479
2014-08-20,3.912499905,3.843295813
2014-08-21,3.925937891,3.856496811
2014-08-22,3.936875105,3.867240667
2014-08-25,3.965625048,3.895481825
2014-08-26,3.974999905,3.904690981
2014-08-27,3.975312948,3.904998064
2014-08-28,3.963749886,3.893640041
2014-08-29,3.995625019,3.92495203
2014-09-02,4.018437862,3.947360277
2014-09-03,3.971250057,3.901007414
2014-09-04,3.960624933,3.890569925
2014-09-05,4.005000114,3.934160233
2014-09-08,4.017813206,3.946746349
2014-09-09,3.952188015,3.882282495
2014-09-10,4.013438225,3.94244957
2014-09-11,4.010313034,3.939379454
2014-09-12,3.967813015,3.897631168
2014-09-15,3.889688015,3.820888042
2014-09-16,3.958125114,3.888114929
2014-09-17,3.972500086,3.902235985
2014-09-18,4.03000021,3.958717585
2014-09-19,4.022812843,3.951657772
2014-09-22,3.950937986,3.881054163
2014-09-23,3.929063082,3.85956645
2014-09-24,4.012813091,3.941835165
2014-09-25,3.844687939,3.776683331
2014-09-26,3.928437948,3.858952284
2014-09-29,3.916874886,3.847594023
2014-09-30,3.928750038,3.859259367
2014-10-01,3.801563025,3.734321594
2014-10-02,3.799062967,3.731865883
2014-10-03,3.875313044,3.806767225
2014-10-06,3.858438015,3.790190458
2014-10-07,3.749375105,3.683056355
2014-10-08,3.898437977,3.829483271
2014-10-09,3.767499924,3.700861216
2014-10-10,3.578749895,3.515449762
2014-10-13,3.46843791,3.407088757
2014-10-14,3.466875076,3.405553341
2014-10-15,3.424999952,3.364418983
2014-10-16,3.379688025,3.319908381
2014-10-17,3.470000029,3.408623695
2014-10-20,3.57249999,3.509310484
2014-10-21,3.759375095,3.692880392
2014-10-22,3.719374895,3.65358758
2014-10-23,3.83343792,3.765633106
2014-10-24,3.891875029,3.823035955
2014-10-27,3.902188063,3.833166838
2014-10-28,4.017499924,3.946438789
2014-10-29,3.986562967,3.916048527
2014-10-30,4.005938053,3.93508172
2014-10-31,4.114375114,4.041601181
2014-11-03,4.138124943,4.064930916
2014-11-04,4.112500191,4.039759159
2014-11-05,4.110000134,4.037302971
2014-11-06,4.137499809,4.064316273
2014-11-07,4.128125191,4.05510807
2014-11-10,4.159687996,4.086112022
2014-11-11,4.183437824,4.109441757
2014-11-12,4.199062824,4.124790668
2014-11-13,4.234063148,4.159172535
2014-11-14,4.259375095,4.184036255
2014-11-17,4.23312521,4.158250332
2014-11-18,4.299063206,4.223023415
2014-11-19,4.259375095,4.184036255
2014-11-20,4.297812939,4.221792221
2014-11-21,4.31374979,4.237448215
2014-11-24,4.382500172,4.304983139
2014-11-25,4.395625114,4.317875385
2014-11-26,4.452813148,4.374053478
2014-11-28,4.492499828,4.413038254
2014-12-01,4.389999866,4.312350273
2014-12-02,4.425000191,4.346730709
2014-12-03,4.44281292,4.364229679
2014-12-04,4.435937881,4.357475281
2014-12-05,4.438125134,4.359624863
2014-12-08,4.372188091,4.29485321
2014-12-09,4.404375076,4.326470852
2014-12-10,4.263750076,4.188333035
2014-12-11,4.304687977,4.228546619
2014-12-12,4.210937977,4.136455536
2014-12-15,4.125,4.052037239
2014-12-16,3.989063025,3.918504715
2014-12-17,4.130938053,4.057870388
2014-12-18,4.335000038,4.258323669
2014-12-19,4.364062786,4.286872387
2014-12-22,4.391562939,4.316357613
2014-12-23,4.362812996,4.288101196
2014-12-24,4.36781311,4.29301548
2014-12-26,4.429687977,4.353829861
2014-12-29,4.427813053,4.351986885
2014-12-30,4.364999771,4.290251255
2014-12-31,4.273125172,4.199948311
2015-01-02,4.25531292,4.182441235
2015-01-05,4.125625134,4.054974556
2015-01-06,4.01687479,3.948086739
2015-01-07,4.117187977,4.046682358
2015-01-08,4.274687767,4.201484203
2015-01-09,4.219687939,4.147427082
2015-01-12,4.132812977,4.062039852
2015-01-13,4.126563072,4.055895805
2015-01-14,4.085625172,4.015659809
2015-01-15,3.977813005,3.90969348
2015-01-16,4.071562767,4.001838207
2015-01-20,4.134375095,4.063575268
2015-01-21,4.176249981,4.104732037
2015-01-22,4.330625057,4.256464958
2015-01-23,4.349374771,4.274892807
2015-01-26,4.340624809,4.266292572
2015-01-27,4.118124962,4.047604084
2015-01-28,4.073124886,4.003373146
2015-01-29,4.147812843,4.07678318
2015-01-30,4.087187767,4.017195225
2015-02-02,4.156562805,4.085381031
2015-02-03,4.236249924,4.163705349
2015-02-04,4.226562977,4.154183388
2015-02-05,4.300624847,4.226977825
2015-02-06,4.248437881,4.175683975
2015-02-09,4.220938206,4.148655891
2015-02-10,4.352812767,4.278272629
2015-02-11,4.385313034,4.31021595
2015-02-12,4.485312939,4.408503056
2015-02-13,4.561874866,4.483753681
2015-02-17,4.57093811,4.492661476
2015-02-18,4.584374905,4.505869389
2015-02-19,4.629063129,4.549790382
2015-02-20,4.690625191,4.610299587
2015-02-23,4.701562881,4.621049881
2015-02-24,4.707499981,4.626885414
2015-02-25,4.683125019,4.602928638
2015-02-26,4.730625153,4.649615288
2015-02-27,4.689374924,4.609071255
2015-03-02,4.773749828,4.692000866
2015-03-03,4.726874828,4.64592886
2015-03-04,4.69281292,4.612450123
2015-03-05,4.707188129,4.626578331
2015-03-06,4.598437786,4.51969099
2015-03-09,4.624063015,4.544876099
2015-03-10,4.458125114,4.381781101
2015-03-11,4.404063225,4.328645229
2015-03-12,4.463749886,4.387309551
2015-03-13,4.422500134,4.346765041
2015-03-16,4.539062977,4.461332321
2015-03-17,4.550312996,4.472390175
2015-03-18,4.641250134,4.561769009
2015-03-19,4.653749943,4.574055195
2015-03-20,4.717813015,4.637021542
2015-03-23,4.694375038,4.613986015
2015-03-24,4.660937786,4.581119537
2015-03-25,4.444687843,4.370889664
2015-03-26,4.414999962,4.341692448
2015-03-27,4.450938225,4.377035141
2015-03-30,4.559374809,4.483670712
2015-03-31,4.454688072,4.380722046
2015-04-01,4.408750057,4.335547447
2015-04-02,4.413125038,4.339849949
2015-04-06,4.48562479,4.411145687
2015-04-07,4.46999979,4.395780563
2015-04-08,4.540937901,4.465540886
2015-04-09,4.597813129,4.5214715
2015-04-10,4.634687901,4.557734489
2015-04-13,4.610938072,4.534379005
2015-04-14,4.585312843,4.509178638
2015-04-15,4.639062881,4.562036991
2015-04-16,4.627812862,4.550973892
2015-04-17,4.485312939,4.410839558
2015-04-20,4.618750095,4.542060375
2015-04-21,4.656875134,4.579552174
2015-04-22,4.707188129,4.629030704
2015-04-23,4.744999886,4.666213989
2015-04-24,4.870625019,4.789753914
2015-04-27,4.848437786,4.767934799
2015-04-28,4.825624943,4.745501518
2015-04-29,4.767813206,4.688650131
2015-04-30,4.614375114,4.537758827
2015-05-01,4.739999771,4.661297798
2015-05-04,4.752812862,4.67389822
2015-05-05,4.601874828,4.525465012
2015-05-06,4.540312767,4.464926243
2015-05-07,4.589687824,4.51347971
2015-05-08,4.702499866,4.624420643
2015-05-11,4.664374828,4.586928844
2015-05-12,4.625312805,4.548513412
2015-05-13,4.643125057,4.566031933
2015-05-14,4.777500153,4.69817543
2015-05-15,4.779687881,4.70032692
2015-05-18,4.820624828,4.74058342
2015-05-19,4.807813168,4.727983952
2015-05-20,4.813125134,4.733208656
2015-05-21,4.864999771,4.784222126
2015-05-22,4.858749866,4.778075218
2015-05-26,4.742499828,4.663755417
2015-05-27,4.894999981,4.813723564
2015-05-28,4.87375021,4.792826176
2015-05-29,4.818749905,4.738740444
2015-06-01,4.845624924,4.765168667
2015-06-02,4.816249847,4.736282349
2015-06-03,4.844375134,4.763939857
2015-06-04,4.774374962,4.695102692
2015-06-05,4.749374866,4.670517445
2015-06-08,4.653749943,4.576478958
2015-06-09,4.638750076,4.561728001
2015-06-10,4.758749962,4.679736137
2015-06-11,4.775625229,4.696331978
2015-06-12,4.697500229,4.619503498
2015-06-15,4.653124809,4.575865269
2015-06-16,4.699999809,4.621961117
2015-06-17,4.726250172,4.647776604
2015-06-18,4.86062479,4.779919147
2015-06-19,4.814374924,4.734437943
2015-06-22,4.885624886,4.804503918
2015-06-23,4.894374847,4.813107967
2015-06-24,4.846250057,4.765783787
2015-06-25,4.823124886,4.743042469
2015-06-26,4.76437521,4.685267925
2015-06-29,4.541250229,4.465848446
2015-06-30,4.571875095,4.495963573
2015-07-01,4.641250134,4.56418705
2015-07-02,4.644999981,4.567874432
2015-07-06,4.623125076,4.546362877
2015-07-07,4.641250134,4.56418705
2015-07-08,4.481874943,4.407457829
2015-07-09,4.475625038,4.401312351
2015-07-10,4.615624905,4.538988113
2015-07-13,4.772500038,4.693258286
2015-07-14,4.836249828,4.755949497
2015-07-15,4.847499847,4.767012119
2015-07-16,4.982500076,4.89977169
2015-07-17,5.127500057,5.04236412
2015-07-20,5.166874886,5.081084728
2015-07-21,5.156875134,5.071251869
2015-07-22,5.045000076,4.961233616
2015-07-23,5.002500057,4.919439316
2015-07-24,4.90749979,4.826016426
2015-07-27,4.823124886,4.743042469
2015-07-28,4.90625,4.82478857
2015-07-29,4.946875095,4.864738464
2015-07-30,4.991250038,4.908377171
2015-07-31,4.979374886,4.896698475
2015-08-03,4.95187521,4.869656086
2015-08-04,4.928750038,4.846913815
2015-08-05,5.003749847,4.920668602
2015-08-06,4.847499847,4.767012119
2015-08-07,4.831250191,4.751032829
2015-08-10,4.940625191,4.858590603
2015-08-11,4.816874981,4.736897469
2015-08-12,4.845624924,4.765168667
2015-08-13,4.828125,4.747959614
2015-08-14,4.84375,4.763324261
2015-08-17,4.924375057,4.842611313
2015-08-18,4.876874924,4.795900345
2015-08-19,4.81125021,4.731363773
2015-08-20,4.547500134,4.471993923
2015-08-21,4.15749979,4.088469505
2015-08-24,3.844374895,3.78054285
2015-08-25,3.799375057,3.736290693
2015-08-26,4.179999828,4.110595703
2015-08-27,4.389999866,4.317108154
2015-08-28,4.394999981,4.322025776
2015-08-31,4.281875134,4.21077919
2015-09-01,4.023125172,3.956325054
2015-09-02,4.241250038,4.170828342
2015-09-03,4.195000172,4.125345707
2015-09-04,4.096875191,4.028852463
2015-09-08,4.32687521,4.255031586
2015-09-09,4.231874943,4.161608696
2015-09-10,4.320000172,4.248270988
2015-09-11,4.368750095,4.29621172
2015-09-14,4.341875076,4.26978302
2015-09-15,4.442500114,4.368737698
2015-09-16,4.494375229,4.419751167
2015-09-17,4.49875021,4.424053669
2015-09-18,4.37375021,4.301129341
2015-09-21,4.399374962,4.326328754
2015-09-22,4.268750191,4.197872639
2015-09-23,4.271249771,4.200330734
2015-09-24,4.244999886,4.174516678
2015-09-25,4.170000076,4.100762367
2015-09-28,3.932499886,3.867205381
2015-09-29,3.893749952,3.829098701
2015-09-30,4.065625191,3.998119354
2015-10-01,4.103125095,4.034996986
2015-10-02,4.246874809,4.176359177
2015-10-05,4.372499943,4.299900055
2015-10-06,4.331250191,4.259334564
2015-10-07,4.380000114,4.307275295
2015-10-08,4.414999962,4.341692448
2015-10-09,4.45187521,4.377955437
2015-10-12,4.477499962,4.403156757
2015-10-13,4.415625095,4.342308998
2015-10-14,4.405624866,4.332473755
2015-10-15,4.550000191,4.474451542
2015-10-16,4.590000153,4.5137887
2015-10-19,4.64187479,4.564801216
2015-10-20,4.59375,4.517476559
2015-10-21,4.535624981,4.460315704
2015-10-22,4.721250057,4.642860413
2015-10-23,4.985000134,4.902228832
2015-10-26,4.992499828,4.909605026
2015-10-27,5.009375095,4.926199436
2015-10-28,5.09375,5.009174824
2015-10-29,5.078125,4.99380827
2015-10-30,5.033750057,4.950170994
2015-11-02,5.148749828,5.063260555
2015-11-03,5.183125019,5.097064018
2015-11-04,5.184374809,5.098295212
2015-11-05,5.149374962,5.063876629
2015-11-06,5.161874771,5.076167583
2015-11-09,5.052499771,4.968609333
2015-11-10,5.021874905,4.938491821
2015-11-11,5.011875153,4.928659439
2015-11-12,4.913125038,4.831548214
2015-11-13,4.721875191,4.643472672
2015-11-16,4.856249809,4.775617123
2015-11-17,4.862500191,4.7817626
2015-11-18,5.046249866,4.962463379
2015-11-19,5.054999828,4.971066475
2015-11-20,5.121874809,5.036831379
2015-11-23,5.094375134,5.009789944
2015-11-24,5.088125229,5.003642082
2015-11-25,5.093124866,5.008559227
2015-11-27,5.109375,5.024540424
2015-11-30,5.081874847,4.997496128
2015-12-01,5.183750153,5.097680569
2015-12-02,5.122499943,5.037445545
2015-12-03,4.946249962,4.864123344
2015-12-04,5.174375057,5.088460445
2015-12-07,5.130000114,5.044822216
2015-12-08,5.131875038,5.046666145
2015-12-09,4.974999905,4.892395973
2015-12-10,5.018125057,4.934804916
2015-12-11,4.789374828,4.709852219
2015-12-14,4.863749981,4.782993793
2015-12-15,4.920000076,4.838308334
2015-12-16,5.058125019,4.974141121
2015-12-17,4.918125153,4.836464882
2015-12-18,4.73562479,4.656995773
2015-12-21,4.833125114,4.752875805
2015-12-22,4.893125057,4.814743519
2015-12-23,4.966875076,4.887313843
2015-12-24,4.963125229,4.883622169
2015-12-28,4.953750134,4.874397755
2015-12-29,5.109375,5.02753067
2015-12-30,5.021249771,4.940816879
2015-12-31,4.897500038,4.819049358
2016-01-04,4.693124771,4.617947102
2016-01-05,4.668125153,4.593348503
2016-01-06,4.583749771,4.510324955
2016-01-07,4.29812479,4.229275227
2016-01-08,4.223124981,4.15547657
2016-01-11,4.253125191,4.184997082
2016-01-12,4.351874828,4.282165051
2016-01-13,4.048749924,3.983894587
2016-01-14,4.21875,4.151172161
2016-01-15,3.957499981,3.894107103
2016-01-19,3.97437501,3.910711288
2016-01-20,3.951874971,3.888571978
2016-01-21,3.961250067,3.897796392
2016-01-22,4.186874866,4.11980629
2016-01-25,4.065000057,3.999884129
2016-01-26,4.136875153,4.07060957
2016-01-27,3.929374933,3.866431236
2016-01-28,4.038125038,3.97344017
2016-01-29,4.207499981,4.140102863
2016-02-01,4.224374771,4.156706333
2016-02-02,4.04562521,3.980819225
2016-02-03,4.008749962,3.944535255
2016-02-04,4.007500172,3.943305969
2016-02-05,3.726249933,3.666561365
2016-02-08,3.613125086,3.555248022
2016-02-09,3.588749886,3.531263351
2016-02-10,3.61937499,3.561398268
2016-02-11,3.612499952,3.554633141
2016-02-12,3.716249943,3.656720877
2016-02-16,3.878124952,3.816003561
2016-02-17,4.058750153,3.993734598
2016-02-18,3.96875,3.905176401
2016-02-19,3.991874933,3.927930593
2016-02-22,4.119999886,4.054002762
2016-02-23,3.984375,3.920551538
2016-02-24,4.060625076,3.995580673
2016-02-25,4.138124943,4.071837425
2016-02-26,4.128749847,4.062613487
2016-02-29,4.054999828,3.990045071
2016-03-01,4.313125134,4.244035244
2016-03-02,4.317500114,4.248339653
2016-03-03,4.302499771,4.233580589
2016-03-04,4.306250095,4.237270355
2016-03-07,4.254374981,4.186224461
2016-03-08,4.179999828,4.113042355
2016-03-09,4.235000134,4.167163372
2016-03-10,4.224374771,4.156706333
2016-03-11,4.368750095,4.29876852
2016-03-14,4.381875038,4.311682701
2016-03-15,4.380000114,4.309838772
2016-03-16,4.457499981,4.386096954
2016-03-17,4.452499866,4.381177425
2016-03-18,4.469375134,4.397782326
2016-03-21,4.501874924,4.429760933
2016-03-22,4.526875019,4.454360962
2016-03-23,4.448124886,4.376871586
2016-03-24,4.450624943,4.379333019
2016-03-28,4.439374924,4.368262768
2016-03-29,4.575624943,4.502331257
2016-03-30,4.626874924,4.552759647
2016-03-31,4.612500191,4.53861475
2016-04-01,4.707499981,4.632091999
2016-04-04,4.670000076,4.595192432
2016-04-05,4.585625172,4.512169838
2016-04-06,4.73312521,4.657306671
2016-04-07,4.590624809,4.517090321
2016-04-08,4.590624809,4.517090321
2016-04-11,4.554999828,4.482034683
2016-04-12,4.633124828,4.558907986
2016-04-13,4.750625134,4.674527168
2016-04-14,4.75,4.673912048
2016-04-15,4.724999905,4.649312496
2016-04-18,4.775000095,4.6985116
2016-04-19,4.716249943,4.640701771
2016-04-20,4.721875191,4.64623642
2016-04-21,4.724374771,4.648697853
2016-04-22,4.583749771,4.510324955
2016-04-25,4.583125114,4.509709835
2016-04-26,4.541250229,4.468505859
2016-04-27,4.463125229,4.391633034
2016-04-28,4.359375,4.289543629
2016-04-29,4.309999943,4.240961075
2016-05-02,4.389999866,4.319678307
2016-05-03,4.310625076,4.241575241
2016-05-04,4.254374981,4.186224461
2016-05-05,4.253749847,4.185610771
2016-05-06,4.297500134,4.22866106
2016-05-09,4.320000172,4.250800133
2016-05-10,4.43874979,4.367646694
2016-05-11,4.360000134,4.290159225
2016-05-12,4.320000172,4.250800133
2016-05-13,4.289999962,4.221280575
2016-05-16,4.393750191,4.323368549
2016-05-17,4.284999847,4.216359615
2016-05-18,4.315000057,4.245880604
2016-05-19,4.271249771,4.202831268
2016-05-20,4.361249924,4.291387558
2016-05-23,4.349374771,4.279705048
2016-05-24,4.526875019,4.454360962
2016-05-25,4.591875076,4.51831913
2016-05-26,4.617499828,4.543533325
2016-05-27,4.664999962,4.59027195
2016-05-31,4.683750153,4.608721733
2016-06-01,4.681250095,4.606263161
2016-06-02,4.703750134,4.62840271
2016-06-03,4.65749979,4.582893848
2016-06-06,4.689374924,4.614258766
2016-06-07,4.67062521,4.595807552
2016-06-08,4.683125019,4.608108044
2016-06-09,4.666874886,4.59211731
2016-06-10,4.5625,4.489415169
2016-06-13,4.48312521,4.41131258
2016-06-14,4.487500191,4.415615559
2016-06-15,4.460000038,4.388556957
2016-06-16,4.486875057,4.415001392
2016-06-17,4.383124828,4.312914848
2016-06-20,4.433750153,4.362727642
2016-06-21,4.462500095,4.391017437
2016-06-22,4.438125134,4.36948061
2016-06-23,4.563125134,4.492546558
2016-06-24,4.192500114,4.127655506
2016-06-27,4.030624866,3.968283653
2016-06-28,4.199999809,4.135038853
2016-06-29,4.346875191,4.279642582
2016-06-30,4.447500229,4.378710747
2016-07-01,4.491875172,4.422399521
2016-07-05,4.435625076,4.3670187
2016-07-06,4.507500172,4.437783241
2016-07-07,4.536250114,4.466087341
2016-07-08,4.676249981,4.60392189
2016-07-11,4.731249809,4.658071041
2016-07-12,4.776249886,4.702376366
2016-07-13,4.755624771,4.682069302
2016-07-14,4.815625191,4.741141319
2016-07-15,4.801875114,4.727603912
2016-07-18,4.865624905,4.790369034
2016-07-19,4.82937479,4.754678726
2016-07-20,4.943124771,4.866669655
2016-07-21,4.921249866,4.845132828
2016-07-22,4.960000038,4.883284569
2016-07-25,4.962500095,4.885744572
2016-07-26,4.974999905,4.898051739
2016-07-27,5.038750172,4.960814953
2016-07-28,5.077499866,4.99896574
2016-07-29,5.096875191,5.018042564
2016-08-01,5.150000095,5.070345402
2016-08-02,5.071875095,4.99342823
2016-08-03,5.107500076,5.028502464
2016-08-04,5.135624886,5.056191921
2016-08-05,5.23312521,5.152184486
2016-08-08,5.223124981,5.14233923
2016-08-09,5.246874809,5.165720463
2016-08-10,5.21999979,5.139262676
2016-08-11,5.263750076,5.18233633
2016-08-12,5.270625114,5.189104557
2016-08-15,5.315625191,5.233408928
2016-08-16,5.257500172,5.17618227
2016-08-17,5.273125172,5.191565514
2016-08-18,5.278124809,5.196487904
2016-08-19,5.273749828,5.192181587
2016-08-22,5.28000021,5.198333263
2016-08-23,5.29812479,5.216179848
2016-08-24,5.228750229,5.147875786
2016-08-25,5.211249828,5.13064909
2016-08-26,5.227499962,5.1466465
2016-08-29,5.242499828,5.161414623
2016-08-30,5.208125114,5.127571106
2016-08-31,5.194375038,5.114033699
2016-09-01,5.221250057,5.140491962
2016-09-02,5.254374981,5.173104763
2016-09-06,5.320624828,5.238330841
2016-09-07,5.32937479,5.246945858
2016-09-08,5.264999866,5.183566093
2016-09-09,4.998125076,4.920818806
2016-09-12,5.175000191,5.094958305
2016-09-13,5.086249828,5.00758028
2016-09-14,5.137499809,5.058037758
2016-09-15,5.296249866,5.214333057
2016-09-16,5.289374828,5.207563877
2016-09-19,5.241875172,5.160799026
2016-09-20,5.261250019,5.179874897
2016-09-21,5.363124847,5.280173779
2016-09-22,5.450624943,5.366321087
2016-09-23,5.379374981,5.296171665
2016-09-26,5.290625095,5.208794594
2016-09-27,5.393125057,5.309709072
2016-09-28,5.413750172,5.330015182
2016-09-29,5.331874847,5.249406815
2016-09-30,5.408750057,5.325093746
2016-10-03,5.395625114,5.312170506
2016-10-04,5.381249905,5.298019409
2016-10-05,5.416874886,5.333091736
2016-10-06,5.413125038,5.329399586
2016-10-07,5.388750076,5.305403709
2016-10-10,5.453125,5.368781567
2016-10-11,5.296249866,5.214333057
2016-10-12,5.292500019,5.210640907
2016-10-13,5.254374981,5.173104763
2016-10-14,5.262499809,5.181105614
2016-10-17,5.23562479,5.154645443
2016-10-18,5.328125,5.245714664
2016-10-19,5.324999809,5.242637634
2016-10-20,5.315000057,5.232791901
2016-10-21,5.355000019,5.272174835
2016-10-24,5.48312521,5.398318291
2016-10-25,5.445000172,5.360782146
2016-10-26,5.374374866,5.291249275
2016-10-27,5.32687521,5.244484901
2016-10-28,5.253125191,5.171875
2016-10-31,5.243124962,5.162029266
2016-11-01,5.168125153,5.088188648
2016-11-02,5.082499981,5.00388813
2016-11-03,4.985000134,4.907896519
2016-11-04,4.946875095,4.870362282
2016-11-07,5.18625021,5.106033802
2016-11-08,5.253125191,5.171875
2016-11-09,5.297500134,5.21556282
2016-11-10,5.125625134,5.046346664
2016-11-11,5.131249905,5.051884651
2016-11-14,5.028749943,4.950969696
2016-11-15,5.168749809,5.088804722
2016-11-16,5.228125095,5.14726162
2016-11-17,5.303124905,5.221101761
2016-11-18,5.264999866,5.183566093
2016-11-21,5.371250153,5.288173199
2016-11-22,5.40625,5.322631836
2016-11-23,5.362500191,5.279558659
2016-11-25,5.395625114,5.312170506
2016-11-28,5.372499943,5.289402962
2016-11-29,5.408124924,5.324478149
2016-11-30,5.273125172,5.191565514
2016-12-01,5.096250057,5.017426491
2016-12-02,5.111875057,5.032809258
2016-12-05,5.190625191,5.110341549
2016-12-06,5.21750021,5.136800766
2016-12-07,5.348124981,5.265405655
2016-12-08,5.366250038,5.283250809
2016-12-09,5.449999809,5.36570406
2016-12-12,5.400000095,5.316478729
2016-12-13,5.536874771,5.451236725
2016-12-14,5.511875153,5.426622868
2016-12-15,5.529375076,5.443852425
2016-12-16,5.492499828,5.407546997
2016-12-19,5.536250114,5.450621128
2016-12-20,5.57937479,5.493078232
2016-12-21,5.56374979,5.481318474
2016-12-22,5.531875134,5.449915886
2016-12-23,5.538125038,5.456073284
2016-12-27,5.599374771,5.51641655
2016-12-28,5.510624886,5.428981304
2016-12-29,5.491875172,5.410509109
2016-12-30,5.382500172,5.302754879
2017-01-03,5.475625038,5.394499779
2017-01-04,5.533124924,5.451147556
2017-01-05,5.59499979,5.512105465
2017-01-06,5.693124771,5.608777046
2017-01-09,5.731249809,5.646337986
2017-01-10,5.756249905,5.670966625
2017-01-11,5.783124924,5.697443485
2017-01-12,5.765625,5.680203438
2017-01-13,5.806875229,5.720842838
2017-01-17,5.770625114,5.685129166
2017-01-18,5.796875,5.710989952
2017-01-19,5.787499905,5.701754093
2017-01-20,5.813125134,5.726999283
2017-01-23,5.821875095,5.735619545
2017-01-24,5.901249886,5.813817501
2017-01-25,6.018750191,5.929577351
2017-01-26,6.028124809,5.938813686
2017-01-27,6.051249981,5.961596012
2017-01-30,5.960625172,5.872313976
2017-01-31,5.935625076,5.84768343
2017-02-01,6.016250134,5.927114964
2017-02-02,6.005624771,5.916646957
2017-02-03,6.036874771,5.947432518
2017-02-06,6.053124905,5.963442802
2017-02-07,6.096875191,6.006545067
2017-02-08,6.119999886,6.029328346
2017-02-09,6.162499905,6.071197033
2017-02-10,6.20187521,6.10999012
2017-02-13,6.272500038,6.179568768
2017-02-14,6.3125,6.21897459
2017-02-15,6.385000229,6.290402412
2017-02-16,6.383124828,6.288554192
2017-02-17,6.43874979,6.343354225
2017-02-21,6.5,6.403697491
2017-02-22,6.505624771,6.409239292
2017-02-23,6.458749771,6.36305809
2017-02-24,6.478750229,6.382762909
2017-02-27,6.496874809,6.400618076
2017-02-28,6.455625057,6.359980106
2017-03-01,6.595624924,6.497906208
2017-03-02,6.530624866,6.433867931
2017-03-03,6.553124905,6.456036568
2017-03-06,6.525000095,6.428326607
2017-03-07,6.49875021,6.40246582
2017-03-08,6.522500038,6.425864697
2017-03-09,6.53125,6.434485435
2017-03-10,6.587500095,6.48990202
2017-03-13,6.607500076,6.509604931
2017-03-14,6.573124886,6.475739479
2017-03-15,6.65500021,6.556400776
2017-03-16,6.650000095,6.551476002
2017-03-17,6.637499809,6.539160252
2017-03-20,6.651875019,6.553322792
2017-03-21,6.45437479,6.358748436
2017-03-22,6.537499905,6.441827774
2017-03-23,6.506875038,6.411651134
2017-03-24,6.525625229,6.430126667
2017-03-27,6.551875114,6.455993176
2017-03-28,6.630000114,6.532972813
2017-03-29,6.691874981,6.593943119
2017-03-30,6.710625172,6.612419128
2017-03-31,6.703750134,6.605644703
2017-04-03,6.693749905,6.595790386
2017-04-04,6.712500095,6.614267349
2017-04-05,6.661250114,6.563767433
2017-04-06,6.667500019,6.569925308
2017-04-07,6.660624981,6.563150406
2017-04-10,6.666874886,6.569308281
2017-04-11,6.610000134,6.51326704
2017-04-12,6.554999828,6.459071636
2017-04-13,6.499374866,6.404259682
2017-04-17,6.605625153,6.508955956
2017-04-18,6.588749886,6.492327213
2017-04-19,6.607500076,6.510803223
2017-04-20,6.712500095,6.614267349
2017-04-21,6.712500095,6.614267349
2017-04-24,6.874374866,6.77377224
2017-04-25,6.974374771,6.872309208
2017-04-26,6.95437479,6.852601528
2017-04-27,7.035624981,6.932662964
2017-04-28,7.060625076,6.957296371
2017-05-01,7.179999828,7.074925423
2017-05-02,7.209374905,7.103869915
2017-05-03,7.162499905,7.057681084
2017-05-04,7.167500019,7.062607288
2017-05-05,7.21875,7.113107681
2017-05-08,7.25,7.143901825
2017-05-09,7.301249981,7.194400311
2017-05-10,7.307499886,7.200558186
2017-05-11,7.29562521,7.188858032
2017-05-12,7.328750134,7.221498966
2017-05-15,7.37375021,7.265840054
2017-05-16,7.4375,7.32865715
2017-05-17,7.056250095,6.952986717
2017-05-18,7.176249981,7.071229935
2017-05-19,7.240624905,7.134663105
2017-05-22,7.362500191,7.254754066
2017-05-23,7.374374866,7.266455173
2017-05-24,7.444375038,7.335430145
2017-05-25,7.567500114,7.456754684
2017-05-26,7.59375,7.482620239
2017-05-30,7.60812521,7.496785641
2017-05-31,7.598750114,7.487546921
2017-06-01,7.664999962,7.552827835
2017-06-02,7.831250191,7.71664381
2017-06-05,7.829999924,7.715412617
2017-06-06,7.772500038,7.658754349
2017-06-07,7.828125,7.713564396
2017-06-08,7.846250057,7.731424332
2017-06-09,7.45187521,7.342821121
2017-06-12,7.369375229,7.261528492
2017-06-13,7.488749981,7.37915659
2017-06-14,7.421875,7.313260078
2017-06-15,7.352499962,7.24490118
2017-06-16,7.299375057,7.19255352
2017-06-19,7.533750057,7.423497677
2017-06-20,7.418125153,7.309565544
2017-06-21,7.5625,7.452268124
2017-06-22,7.556875229,7.446723938
2017-06-23,7.612500191,7.501539707
2017-06-26,7.544374943,7.434407234
2017-06-27,7.270625114,7.164647579
2017-06-28,7.473124981,7.364196301
2017-06-29,7.216249943,7.111063957
2017-06-30,7.207499981,7.102442265
2017-07-03,7.069375038,6.966330528
2017-07-05,7.206874847,7.101825714
2017-07-06,7.074999809,6.97187376
2017-07-07,7.222499847,7.117223263
2017-07-10,7.322500229,7.215765953
2017-07-11,7.362500191,7.255183697
2017-07-12,7.540625095,7.430712223
2017-07-13,7.571875095,7.461505413
2017-07-14,7.686874866,7.574829102
2017-07-17,7.695000172,7.582835674
2017-07-18,7.800000191,7.686305523
2017-07-19,7.889999866,7.77499342
2017-07-20,7.909999847,7.794702053
2017-07-21,7.898749828,7.783616066
2017-07-24,7.96875,7.85259676
2017-07-25,7.934999943,7.819338322
2017-07-26,7.983749866,7.867377758
2017-07-27,7.889999866,7.77499342
2017-07-28,7.868750095,7.754054546
2017-07-31,7.798749924,7.685074806
2017-08-01,7.832499981,7.718332291
2017-08-02,7.875,7.760212898
2017-08-03,7.822500229,7.70847702
2017-08-04,7.84250021,7.728186131
2017-08-07,7.9375,7.821800709
2017-08-08,7.914999962,7.799629688
2017-08-09,7.892499924,7.777457237
2017-08-10,7.550000191,7.439949036
2017-08-11,7.663750172,7.552042484
2017-08-14,7.862500191,7.747895241
2017-08-15,7.872499943,7.757748604
2017-08-16,7.902500153,7.787312984
2017-08-17,7.579999924,7.469512463
2017-08-18,7.559999943,7.449803352
2017-08-21,7.551249981,7.441182137
2017-08-22,7.776249886,7.662901878
2017-08-23,7.71750021,7.605010033
2017-08-24,7.677499771,7.565591335
2017-08-25,7.642499924,7.531100273
2017-08-28,7.681250095,7.569285393
2017-08-29,7.744999886,7.632107735
2017-08-30,7.929999828,7.814409256
2017-08-31,8.077500343,7.959761143
2017-09-01,8.076250076,7.958528042
2017-09-05,7.927499771,7.811947823
2017-09-06,7.973750114,7.857523918
2017-09-07,8.012499809,7.895708561
2017-09-08,7.87624979,7.761444092
2017-09-11,8.046250343,7.928966522
2017-09-12,8.09125042,7.973310471
2017-09-13,8.113750458,7.995481968
2017-09-14,8.016249657,7.899403572
2017-09-15,8.067500114,7.949907303
2017-09-18,8.050000191,7.93266201
2017-09-19,8.077500343,7.959761143
2017-09-20,8.029999733,7.9129529
2017-09-21,7.925000191,7.809483528
2017-09-22,7.912499905,7.797165871
2017-09-25,7.747499943,7.634570122
2017-09-26,7.784999847,7.671525002
2017-09-27,7.923749924,7.808250904
2017-09-28,7.916250229,7.800861835
2017-09-29,8.027500153,7.910488605
2017-10-02,8.038749695,7.921575069
2017-10-03,8.078749657,7.960991859
2017-10-04,8.090000153,7.972078323
2017-10-05,8.25,8.129745483
2017-10-06,8.267499924,8.146990776
2017-10-09,8.25249958,8.132209778
2017-10-10,8.263750076,8.143296242
2017-10-11,8.313750267,8.192568779
2017-10-12,8.282500267,8.161771774
2017-10-13,8.342499733,8.220897675
2017-10-16,8.399999619,8.277560234
2017-10-17,8.418749809,8.296037674
2017-10-18,8.399999619,8.277560234
2017-10-19,8.337499619,8.2159729
2017-10-20,8.380000114,8.257850647
2017-10-23,8.271249771,8.150686264
2017-10-24,8.302499771,8.181483269
2017-10-25,8.234999657,8.114965439
2017-10-26,8.1875,8.06815815
2017-10-27,8.649999619,8.523915291
2017-10-30,8.697500229,8.570724487
2017-10-31,8.760000229,8.632312775
2017-11-01,8.756250381,8.628617287
2017-11-02,8.71625042,8.58920002
2017-11-03,8.881250381,8.751795769
2017-11-06,8.943750381,8.813385963
2017-11-07,8.953749657,8.823237419
2017-11-08,9.027500153,8.895914078
2017-11-09,8.927499771,8.797369957
2017-11-10,8.930000305,8.799835205
2017-11-13,8.948749542,8.818310738
2017-11-14,8.887499809,8.75795269
2017-11-15,8.795000076,8.666799545
2017-11-16,9.023750305,8.89221859
2017-11-17,8.954999924,8.824472427
2017-11-20,8.93999958,8.809688568
2017-11-21,9.130000114,8.996918678
2017-11-22,9.154999733,9.021554947
2017-11-24,9.222499847,9.088069916
2017-11-27,9.212499619,9.078215599
2017-11-28,9.258749962,9.123792648
2017-11-29,8.941249847,8.810919762
2017-11-30,9.085000038,8.952577591
2017-12-01,9.007499695,8.876203537
2017-12-04,8.800000191,8.671730995
2017-12-05,8.802499771,8.674194336
2017-12-06,8.882499695,8.753026962
2017-12-07,8.944999695,8.81461525
2017-12-08,9.023750305,8.89221859
2017-12-11,9.163749695,9.030176163
2017-12-12,9.137499809,9.004308701
2017-12-13,9.170000076,9.036337852
2017-12-14,9.15625,9.022787094
2017-12-15,9.356249809,9.219872475
2017-12-18,9.517499924,9.378771782
2017-12-19,9.409999847,9.272839546
2017-12-20,9.386249542,9.24943161
2017-12-21,9.387499809,9.250665665
2017-12-22,9.364999771,9.22849369
2017-12-26,9.263750076,9.128720284
2017-12-27,9.265000343,9.129951477
2017-12-28,9.28374958,9.148425102
2017-12-29,9.166250229,9.032642365
2018-01-02,9.483750343,9.345509529
2018-01-03,9.668749809,9.527813911
2018-01-04,9.703749657,9.56230545
2018-01-05,9.896249771,9.752000809
2018-01-08,9.970000267,9.824676514
2018-01-09,9.978750229,9.833296776
2018-01-10,9.923749924,9.779100418
2018-01-11,10.06124973,9.91459465
2018-01-12,10.20374966,10.05501938
2018-01-16,10.14624977,9.998355865
2018-01-17,10.36499977,10.21391869
2018-01-18,10.36874962,10.21761417
2018-01-19,10.43500042,10.2828989
2018-01-22,10.65625,10.50092316
2018-01-23,10.82999992,10.67213917
2018-01-24,10.69750023,10.54157257
2018-01-25,10.68375015,10.52801991
2018-01-26,10.99625015,10.83596611
2018-01-29,10.89750004,10.738657
2018-01-30,10.72249985,10.56620502
2018-01-31,10.80125046,10.64381027
2018-02-01,10.62250042,10.46766376
2018-02-02,10.19250011,10.04393101
2018-02-05,9.40375042,9.266679764
2018-02-06,9.882499695,9.738451958
2018-02-07,9.630000114,9.489629745
2018-02-08,8.827500343,8.698829651
2018-02-09,9.117500305,8.984602928
2018-02-12,9.449999809,9.312253952
2018-02-13,9.534999847,9.396014214
2018-02-14,9.899999619,9.755694389
2018-02-15,10.25500011,10.10552216
2018-02-16,10.17875004,10.03038216
2018-02-20,10.20374966,10.05501938
2018-02-21,10.14375019,9.995892525
2018-02-22,10.15499973,10.00697899
2018-02-23,10.55624962,10.40238094
2018-02-26,10.83374977,10.67583656
2018-02-27,10.56375027,10.40977192
2018-02-28,10.43124962,10.27920437
2018-03-01,10.10124969,9.954011917
2018-03-02,10.27750015,10.12769318
2018-03-05,10.5,10.34694958
2018-03-06,10.58749962,10.43317318
2018-03-07,10.63500023,10.47998238
2018-03-08,10.75374985,10.59699917
2018-03-09,11.16250038,10.99979401
2018-03-12,11.26500034,11.10080147
2018-03-13,10.98750019,10.82734299
2018-03-14,10.97875023,10.81872272
2018-03-15,10.94874954,10.78916073
2018-03-16,10.89624977,10.7374239
2018-03-19,10.43375015,10.28166389
2018-03-20,10.49250031,10.33956242
2018-03-21,10.39500046,10.24348164
2018-03-22,9.87749958,9.733521461
2018-03-23,9.352499962,9.216176987
2018-03-26,10.05624962,9.909667015
2018-03-27,9.392499924,9.255592346
2018-03-28,9.1875,9.053582191
2018-03-29,9.524999619,9.386161804
2018-04-02,8.977499962,8.846642494
2018-04-03,9.170000076,9.036337852
2018-04-04,9.407500267,9.270374298
2018-04-05,9.56000042,9.42065239
2018-04-06,9.098750114,8.966125488
2018-04-09,9.204999924,9.070825577
2018-04-10,9.609999657,9.469923973
2018-04-11,9.510000229,9.371380806
2018-04-12,9.727499962,9.585711479
2018-04-13,9.636249542,9.495790482
2018-04-16,9.772500038,9.63005352
2018-04-17,10.18875027,10.04023838
2018-04-18,10.23624992,10.08704567
2018-04-19,10.0625,9.915826797
2018-04-20,9.734999657,9.593096733
2018-04-23,9.682499886,9.541366577
2018-04-24,9.271249771,9.136111259
2018-04-25,9.300000191,9.164441109
2018-04-26,9.675000191,9.533974648
2018-04-27,9.691249847,9.549987793
2018-04-30,9.550000191,9.410796165
2018-05-01,9.760000229,9.61773777
2018-05-02,9.654999733,9.514266968
2018-05-03,9.648750305,9.508108139
2018-05-04,10.01249981,9.866555214
2018-05-07,10.17000008,10.02175999
2018-05-08,10.14750004,9.999587059
2018-05-09,10.38249969,10.23116302
2018-05-10,10.59249973,10.43810081
2018-05-11,10.57250023,10.41839409
2018-05-14,10.60375023,10.44918633
2018-05-15,10.36999989,10.21884537
2018-05-16,10.50874996,10.35557175
2018-05-17,10.42000008,10.26811504
2018-05-18,10.3125,10.1621809
2018-05-21,10.43249989,10.2804327
2018-05-22,10.40250015,10.25087261
2018-05-23,10.57625008,10.42208767
2018-05-24,10.56624985,10.41223431
2018-05-25,10.58874989,10.43440819
2018-05-29,10.49374962,10.34078979
2018-05-30,10.64000034,10.48491096
2018-05-31,10.62625027,10.47136021
2018-06-01,10.96000004,10.80024433
2018-06-04,11.14750004,10.98501205
2018-06-05,11.22000027,11.05645561
2018-06-06,11.35375023,11.18825531
2018-06-07,11.17625046,11.01334286
2018-06-08,11.16499996,11.00225735
2018-06-11,11.22500038,11.06138325
2018-06-12,11.34375,11.17840004
2018-06-13,11.33374977,11.16854477
2018-06-14,11.56999969,11.40135193
2018-06-15,11.48875046,11.32128811
2018-06-18,11.47500038,11.30773926
2018-06-19,11.40499973,11.23875999
2018-06-20,11.56750011,11.3988905
2018-06-21,11.36250019,11.19687653
2018-06-22,11.28999996,11.12543488
2018-06-25,10.79874992,10.64134502
2018-06-26,10.89000034,10.73126411
2018-06-27,10.58125019,10.42701626
2018-06-28,10.77375031,10.61670876
2018-06-29,10.80749989,10.64996815
2018-07-02,10.97000027,10.81009769
2018-07-03,10.71374989,10.55758286
2018-07-05,10.97999954,10.81995392
2018-07-06,11.31124973,11.14637661
2018-07-09,11.52124977,11.35331345
2018-07-10,11.53874969,11.37056065
2018-07-11,11.42374992,11.25723553
2018-07-12,11.79874992,11.62677002
2018-07-13,11.82250023,11.65017223
2018-07-16,11.77124977,11.59967232
2018-07-17,11.91874981,11.74502087
2018-07-18,11.86625004,11.69328499
2018-07-19,11.75,11.57872868
2018-07-20,11.73499966,11.56394768
2018-07-23,11.80875015,11.63662243
2018-07-24,11.91125011,11.73762989
2018-07-25,12.23750019,12.05912685
2018-07-26,11.88249969,11.70929813
2018-07-27,11.55500031,11.38657093
2018-07-30,11.22375011,11.06015015
2018-07-31,11.35249996,11.18702412
2018-08-01,11.47249985,11.30527401
2018-08-02,11.78499985,11.61321926
2018-08-03,11.85249996,11.67973709
2018-08-06,12,11.82508659
2018-08-07,12.07124996,11.89529705
2018-08-08,12.09249973,11.91623783
2018-08-09,12.08250046,11.90638542
2018-08-10,11.90250015,11.72900677
2018-08-13,11.88125038,11.70806694
2018-08-14,12.02499962,11.84972095
2018-08-15,11.73624992,11.56517887
2018-08-16,11.80125046,11.62923336
2018-08-17,11.80749989,11.63539314
2018-08-20,11.78999996,11.61814785
2018-08-21,11.87125015,11.69821262
2018-08-22,11.95874977,11.78443623
2018-08-23,11.92374992,11.7499485
2018-08-24,12.14249992,11.96550846
2018-08-27,12.38749981,12.20693588
2018-08-28,12.42625046,12.24512482
2018-08-29,12.71374989,12.52843285
2018-08-30,12.65999985,12.47546768
2018-08-31,12.68999958,12.50502968
2018-09-04,12.58749962,12.40402126
2018-09-05,12.26124954,12.08252525
2018-09-06,12.03999996,11.86450195
2018-09-07,11.96500015,11.79059601
2018-09-10,12.02000046,11.84479332
2018-09-11,12.20250034,12.02463531
2018-09-12,12.13749981,11.96058178
2018-09-13,12.375,12.19462013
2018-09-14,12.31000042,12.13056564
2018-09-17,11.96249962,11.78812981
2018-09-18,12.15375042,11.97659492
2018-09-19,12.13875008,11.96181488
2018-09-20,12.39124966,12.21062946
2018-09-21,12.26500034,12.0862236
2018-09-24,12.32499981,12.1453476
2018-09-25,12.36375046,12.18353367
2018-09-26,12.37250042,12.19215679
2018-09-27,12.58250046,12.39909649
2018-09-28,12.58500004,12.40155792
2018-10-01,12.62625027,12.44220734
2018-10-02,12.56750011,12.38431454
2018-10-03,12.60375023,12.42003441
2018-10-04,12.11499977,11.9384079
2018-10-05,11.82499981,11.65263557
2018-10-08,11.67249966,11.50235844
2018-10-09,11.73750019,11.56641197
2018-10-10,10.71500015,10.55881596
2018-10-11,10.44624996,10.29398346
2018-10-12,11.02624989,10.86553097
2018-10-15,10.74625015,10.5896101
2018-10-16,11.37125015,11.20550156
2018-10-17,11.38500023,11.21904945
2018-10-18,10.87625027,10.71771526
2018-10-19,10.83500004,10.6770668
2018-10-22,10.94874954,10.78916073
2018-10-23,10.87749958,10.71894741
2018-10-24,9.867500305,9.723669052
2018-10-25,10.53374958,10.38021088
2018-10-26,10.02875042,9.88257122
2018-10-29,9.642499924,9.501948357
2018-10-30,9.896249771,9.752000809
2018-10-31,10.35124969,10.20036888
2018-11-01,10.64999962,10.49476433
2018-11-02,10.32874966,10.17819691
2018-11-05,10.25749969,10.10798264
2018-11-06,10.41374969,10.26195526
2018-11-07,11.05749989,10.8963232
2018-11-08,10.92249966,10.76329041
2018-11-09,10.55125046,10.39745522
2018-11-12,9.927499771,9.782794952
2018-11-13,9.931249619,9.786488533
2018-11-14,9.765000343,9.622662544
2018-11-15,10.11250019,9.965098381
2018-11-16,10.04500008,9.898582458
2018-11-19,9.383749962,9.246970177
2018-11-20,9.055000305,8.923012733
2018-11-21,9.183750153,9.04988575
2018-11-23,9.050000191,8.918084145
2018-11-26,9.467499733,9.329501152
2018-11-27,9.534999847,9.396014214
2018-11-28,10.13500023,9.987267494
2018-11-29,10.07499981,9.928144455
2018-11-30,10.22999954,10.08088493
2018-12-03,10.56999969,10.41592979
2018-12-04,9.760000229,9.61773777
2018-12-06,9.899999619,9.755694389
2018-12-07,9.237500191,9.10284996
2018-12-10,9.43500042,9.297473907
2018-12-11,9.493749619,9.355366707
2018-12-12,9.662500381,9.521657944
2018-12-13,9.671250343,9.53027916
2018-12-14,9.171250343,9.037567139
2018-12-17,8.786250114,8.658180237
2018-12-18,8.882499695,8.753026962
2018-12-19,8.462499619,8.339149475
2018-12-20,8.208749771,8.089097023
2018-12-21,7.679999828,7.568054676
2018-12-24,7.315000057,7.208374977
2018-12-26,8.210000038,8.095864296
2018-12-27,8.27875042,8.163658142
2018-12-28,8.268750191,8.15379715
2018-12-31,8.398750305,8.281989098
2019-01-02,8.461250305,8.343619347
2019-01-03,7.893750191,7.78401041
2019-01-04,8.601249695,8.481674194
2019-01-07,8.774999619,8.653008461
2019-01-08,8.949999809,8.825575829
2019-01-09,9.083749771,8.957465172
2019-01-10,9.130000114,9.003073692
2019-01-11,9.074999809,8.94883728
2019-01-14,8.909999847,8.786129951
2019-01-15,9.261249542,9.132498741
2019-01-16,9.258749962,9.130032539
2019-01-17,9.390000343,9.259461403
2019-01-18,9.572500229,9.439421654
2019-01-22,9.207500458,9.079494476
2019-01-23,9.21875,9.090587616
2019-01-24,9.329999924,9.200293541
2019-01-25,9.56499958,9.432023048
2019-01-28,9.319999695,9.190430641
2019-01-29,9.137499809,9.010467529
2019-01-30,9.619999886,9.486261368
2019-01-31,9.896249771,9.758670807
2019-02-01,9.805000305,9.668689728
2019-02-04,10.04625034,9.906587601
2019-02-05,10.22749996,10.0853138
2019-02-06,10.15999985,10.01875305
2019-02-07,9.886249542,9.748808861
2019-02-08,9.917499542,9.779626846
2019-02-11,9.904999733,9.767298698
2019-02-12,10.20125008,10.05943203
2019-02-13,10.20750046,10.06559563
2019-02-14,10.22500038,10.08285141
2019-02-15,10.32124996,10.17776299
2019-02-19,10.35499954,10.21104622
2019-02-20,10.35375023,10.20981121
2019-02-21,10.26875019,10.12599087
2019-02-22,10.42500019,10.28006935
2019-02-25,10.5,10.35402584
2019-02-26,10.51875019,10.37251759
2019-02-27,10.50125027,10.35526085
2019-02-28,10.45250034,10.30718803
2019-03-01,10.60499954,10.45756626
2019-03-04,10.60000038,10.45264053
2019-03-05,10.61499977,10.46742821
2019-03-06,10.48999977,10.34416676
2019-03-07,10.23499966,10.09270859
2019-03-08,10.19874954,10.05696392
2019-03-11,10.625,10.47729111
2019-03-12,10.74499989,10.59562016
2019-03-13,10.90124989,10.74970055
2019-03-14,10.85999966,10.70902348
2019-03-15,11.04625034,10.89268303
2019-03-18,11.10375023,10.94938564
2019-03-19,11.18375015,11.02827072
2019-03-20,11.26749992,11.11868668
2019-03-21,11.61375046,11.46036243
2019-03-22,11.09375,10.94723034
2019-03-25,11.06499958,10.91886044
2019-03-26,11.16499996,11.01754189
2019-03-27,11.03250027,10.88679028
2019-03-28,11.06750011,10.92132854
2019-03-29,11.24125004,11.09278393
2019-04-01,11.54249954,11.39005375
2019-04-02,11.61375046,11.46036243
2019-04-03,11.74750042,11.5923481
2019-04-04,11.73750019,11.58247948
2019-04-05,11.85249996,11.69596386
2019-04-08,11.91374969,11.75640202
2019-04-09,11.82999992,11.6737566
2019-04-10,11.95750046,11.79957581
2019-04-11,11.89875031,11.74160004
2019-04-12,11.99625015,11.83781338
2019-04-15,11.99750042,11.83904457
2019-04-16,12.07874966,11.91922283
2019-04-17,12.15999985,11.99939919
2019-04-18,12.18624973,12.02530193
2019-04-22,12.25874996,12.09684467
2019-04-23,12.56750011,12.40151882
2019-04-24,12.48750019,12.32257557
2019-04-25,12.57250023,12.40645027
2019-04-26,12.60999966,12.44345379
2019-04-29,12.64750004,12.48046112
2019-04-30,12.46000004,12.29543686
2019-05-01,12.36375046,12.20045948
2019-05-02,12.27000046,12.1079464
2019-05-03,12.65499973,12.48785973
2019-05-06,12.50749969,12.34231091
2019-05-07,12.00500011,11.84644699
2019-05-08,11.93249989,11.77490616
2019-05-09,11.82250023,11.66635704
2019-05-10,11.84624958,11.68979168
2019-05-13,11.01500034,10.86952305
2019-05-14,11.25749969,11.10882092
2019-05-15,11.56499958,11.41225719
2019-05-16,11.80000019,11.64415646
2019-05-17,11.55875015,11.40609074
2019-05-20,11.17749977,11.02987289
2019-05-21,11.40124989,11.25066948
2019-05-22,11.30000019,11.15075684
2019-05-23,10.94874954,10.80414867
2019-05-24,10.93375015,10.78934574
2019-05-28,10.85124969,10.70793343
2019-05-29,10.67749977,10.53647995
2019-05-30,10.76875019,10.62652302
2019-05-31,10.40874958,10.27127743
2019-06-03,9.97124958,9.839556694
2019-06-04,10.51624966,10.37735748
2019-06-05,10.67125034,10.53031158
2019-06-06,10.83500004,10.6918993
2019-06-07,11.25,11.10141945
2019-06-10,11.50749969,11.35551643
2019-06-11,11.54749966,11.39498806
2019-06-12,11.42000008,11.26917458
2019-06-13,11.55249977,11.39992237
2019-06-14,11.4375,11.28644085
2019-06-17,11.58250046,11.42952824
2019-06-18,11.92000008,11.76256943
2019-06-19,12.00749969,11.84891319
2019-06-20,12.22624969,12.06477356
2019-06-21,12.19624996,12.03517056
2019-06-24,12.19250011,12.03147125
2019-06-25,11.76500034,11.61449909
2019-06-26,11.86999989,11.71815586
2019-06-27,11.96500015,11.81194019
2019-06-28,12.00125027,11.84772682
2019-07-01,12.3125,12.15499496
2019-07-02,12.41250038,12.25371552
2019-07-03,12.58874989,12.42771053
2019-07-05,12.54749966,12.38698673
2019-07-08,12.36250019,12.20435619
2019-07-09,12.48750019,12.32775784
2019-07-10,12.73124981,12.56838799
2019-07-11,12.71125031,12.54864407
2019-07-12,12.85750008,12.69302082
2019-07-15,12.92875004,12.76336002
2019-07-16,12.80000019,12.63625908
2019-07-17,12.67749977,12.51532555
2019-07-18,12.71749973,12.55481339
2019-07-19,12.50125027,12.34132957
2019-07-22,12.71625042,12.55357933
2019-07-23,12.87625027,12.71153259
2019-07-24,13.05500031,12.88799763
2019-07-25,12.80249977,12.63872433
2019-07-26,13.06000042,12.89293289
2019-07-29,12.97999954,12.81395435
2019-07-30,12.85999966,12.69548988
2019-07-31,12.51875019,12.35860825
2019-08-01,12.37749958,12.21916294
2019-08-02,12.01749992,11.86376762
2019-08-05,11.14624977,11.00366497
2019-08-06,11.47375011,11.32697487
2019-08-07,11.57250023,11.42446041
2019-08-08,12.09500027,11.94027805
2019-08-09,11.86499977,11.71321869
2019-08-12,11.59500027,11.44667149
2019-08-13,12.11499977,11.96001816
2019-08-14,11.36124992,11.21591377
2019-08-15,11.34624958,11.20110703
2019-08-16,11.70499992,11.55526543
2019-08-19,12.0625,11.90819263
2019-08-20,11.89999962,11.74777031
2019-08-21,12.10624981,11.95138168
2019-08-22,12.02750015,11.87364006
2019-08-23,11.27000046,11.12583065
2019-08-26,11.59875011,11.45037365
2019-08-27,11.55875015,11.41088772
2019-08-28,11.62625027,11.47752285
2019-08-29,11.98250008,11.82921791
2019-08-30,11.92875004,11.77615261
2019-09-03,11.69250011,11.54292488
2019-09-04,12.02999973,11.87610817
2019-09-05,12.47249985,12.31294727
2019-09-06,12.44375038,12.28456497
2019-09-09,12.38500023,12.22656631
2019-09-10,12.32625008,12.16856956
2019-09-11,12.54749966,12.38698673
2019-09-12,12.64124966,12.47953606
2019-09-13,12.55875015,12.39809513
2019-09-16,12.43249989,12.27345943
2019-09-17,12.55125046,12.3906908
2019-09-18,12.55000019,12.3894558
2019-09-19,12.58625031,12.42524242
2019-09-20,12.31999969,12.16239834
2019-09-23,12.32750034,12.16980267
2019-09-24,11.99250031,11.83908844
2019-09-25,12.26375008,12.10686874
2019-09-26,12.17374992,12.01801872
2019-09-27,11.88249969,11.7304945
2019-09-30,12.09125042,11.93657589
2019-10-01,11.89249992,11.74036598
2019-10-02,11.48375034,11.33684444
2019-10-03,11.73999977,11.58981705
2019-10-04,12.08625031,11.93163872
2019-10-07,12.00500011,11.85142803
2019-10-08,11.63249969,11.48369217
2019-10-09,11.88125038,11.72926044
2019-10-10,12.04625034,11.89215183
2019-10-11,12.35124969,12.19324875
2019-10-14,12.36250019,12.20435619
2019-10-15,12.66749954,12.50545216
2019-10-16,12.60375023,12.44251823
2019-10-17,12.67374992,12.51162243
2019-10-18,12.42875004,12.26975536
2019-10-21,12.64750004,12.48570919
2019-10-22,12.44499969,12.28579712
2019-10-23,12.49125004,12.33145809
2019-10-24,12.72749996,12.56468582
2019-10-25,12.92374992,12.75842476
2019-10-28,13.18500042,13.01633549
2019-10-29,12.98750019,12.82135868
2019-10-30,13.09125042,12.9237833
2019-10-31,13.11124992,12.94352722
2019-11-01,13.35624981,13.18539143
2019-11-04,13.51000023,13.33717537
2019-11-05,13.51500034,13.34211159
2019-11-06,13.46625042,13.29398346
2019-11-07,13.55624962,13.38283348
2019-11-08,13.66374969,13.48895931
2019-11-11,13.625,13.45070362
2019-11-12,13.69624996,13.52104378
2019-11-13,13.67749977,13.50253391
2019-11-14,13.68500042,13.50993919
2019-11-15,13.85499954,13.67776203
2019-11-18,13.90999985,13.73206043
2019-11-19,13.94124985,13.76290989
2019-11-20,13.77250004,13.59631824
2019-11-21,13.71000004,13.53461742
2019-11-22,13.72999954,13.5543623
2019-11-25,14.05249977,13.87273598
2019-11-26,14.10499954,13.92456436
2019-11-27,14.30000019,14.11707211
2019-11-29,14.16499996,13.98379707
2019-12-02,13.85249996,13.67529106
2019-12-03,13.65124989,13.47661877
2019-12-04,13.78999996,13.6135931
2019-12-05,13.84249973,13.66542244
2019-12-06,14.13125038,13.95047855
2019-12-09,14.01249981,13.83324814
2019-12-10,13.98875046,13.80980206
2019-12-11,14.13875008,13.95788288
2019-12-12,14.35000038,14.16642952
2019-12-13,14.43624973,14.25157642
2019-12-16,14.71249962,14.52429104
2019-12-17,14.72875023,14.5403347
2019-12-18,14.75,14.56131363
2019-12-19,14.94499969,14.75381756
2019-12-20,15.06875038,14.87598515
2019-12-23,15.13749981,14.94385529
2019-12-24,15.13875008,14.95126152
2019-12-26,15.41499996,15.22409248
2019-12-27,15.37749958,15.18705654
2019-12-30,15.17000008,14.98212719
2019-12-31,15.23624992,15.04755592
2020-01-02,15.73624992,15.54136372
2020-01-03,15.45750046,15.2660656
2020-01-06,15.64124966,15.44754028
2020-01-07,15.63374996,15.44013119
2020-01-08,15.86999989,15.6734581
2020-01-09,16.15125084,15.95122528
2020-01-10,16.06624985,15.86727715
2020-01-13,16.42625046,16.22281837
2020-01-14,16.30500031,16.10307121
2020-01-15,16.30750084,16.10554123
2020-01-16,16.61499977,16.40922737
2020-01-17,16.78375053,16.57589149
2020-01-21,16.76874924,16.56107521
2020-01-22,16.85375023,16.64502335
2020-01-23,16.95375061,16.74378777
2020-01-24,16.66374969,16.45737648
2020-01-27,15.97749996,15.77962494
2020-01-28,16.45999908,16.25615311
2020-01-29,16.51124954,16.3067646
2020-01-30,16.63125038,16.42527962
2020-01-31,16.09250069,15.89320278
2020-02-03,16.57125092,16.3660202
2020-02-04,17.33374977,17.1190815
2020-02-05,17.46624947,17.24993515
2020-02-06,17.75625038,17.53634453
2020-02-07,17.59625053,17.37832832
2020-02-10,18.03249931,17.80917358
2020-02-11,18.03249931,17.80917358
2020-02-12,18.38624954,18.15854263
2020-02-13,18.32500076,18.09805679
2020-02-14,18.42250061,18.19434357
2020-02-18,18.45375061,18.22520828
2020-02-19,18.79999924,18.56716919
2020-02-20,18.43499947,18.20668983
2020-02-21,17.74875069,17.52894211
2020-02-24,16.37000084,16.16726494
2020-02-25,15.48624992,15.29445934
2020-02-26,15.61999989,15.42655373
2020-02-27,14.05624962,13.88216877
2020-02-28,14.19750023,14.02167034
2020-03-02,15.53374958,15.34137154
2020-03-03,14.54249954,14.36239624
2020-03-04,15.73624992,15.54136372
2020-03-05,14.78874969,14.60559559
2020-03-06,14.28999996,14.11302662
2020-03-09,12.32250023,12.16989231
2020-03-10,13.64375019,13.47477818
2020-03-11,12.45374966,12.29951382
2020-03-12,10.14875031,10.02306461
2020-03-13,12.08250046,11.93286419
2020-03-16,9.148750305,9.035449028
2020-03-17,10.38249969,10.25391769
2020-03-18,9.732500076,9.611967087
2020-03-19,9.866250038,9.744062424
2020-03-20,9.077500343,8.965079308
2020-03-23,9.123749733,9.010755539
2020-03-24,10.51249981,10.38230705
2020-03-25,10.32374954,10.1969862
2020-03-26,11.43500042,11.2945919
2020-03-27,10.59624958,10.46613979
2020-03-30,11.40750027,11.26743031
2020-03-31,11.19750023,11.0600071
2020-04-01,10.26249981,10.13648796
2020-04-02,10.67000008,10.5389843
2020-04-03,10.38000011,10.25254536
2020-04-06,11.85624981,11.71066856
2020-04-07,11.81000042,11.66498852
2020-04-08,12.32374954,12.17242622
2020-04-09,12.35499954,12.2032938
2020-04-13,12.63875008,12.48356056
2020-04-14,13.73124981,13.56264496
2020-04-15,13.41749954,13.25274849
2020-04-16,13.92625046,13.75525093
2020-04-17,14.15625,13.98242569
2020-04-20,13.82874966,13.65894794
2020-04-21,12.80000019,12.64283085
2020-04-22,13.59125042,13.42436504
2020-04-23,13.52624989,13.36016464
2020-04-24,13.97124958,13.79969788
2020-04-27,14.14124966,13.96761131
2020-04-28,13.63749981,13.47004604
2020-04-29,14.56750011,14.38862896
2020-04-30,14.62250042,14.44295502
2020-05-01,13.73875046,13.57005405
2020-05-04,14.08250046,13.90958214
2020-05-05,14.39624977,14.21947956
2020-05-06,14.57124996,14.39233112
2020-05-07,14.95750046,14.7738409
2020-05-08,15.35000038,15.16151905
2020-05-11,15.60499954,15.4133873
2020-05-12,14.98250008,14.79853249
2020-05-13,14.60875034,14.42937088
2020-05-14,14.92749977,14.74420738
2020-05-15,15.11999989,14.93434334
2020-05-18,15.69874954,15.50598526
2020-05-19,15.59749985,15.40598011
2020-05-20,16.23250008,16.03318214
2020-05-21,15.875,15.68007278
2020-05-22,15.97375011,15.77760983
2020-05-26,15.90999985,15.71464252
2020-05-27,16.06125069,15.86403561
2020-05-28,15.99874973,15.80230331
2020-05-29,16.43375015,16.2319603
2020-06-01,16.60874939,16.40481567
2020-06-02,16.81500053,16.60853386
2020-06-03,16.96249962,16.75422096
2020-06-04,16.71999931,16.51469803
2020-06-05,17.375,17.16165352
2020-06-08,17.66124916,17.44438553
2020-06-09,17.90250015,17.68267822
2020-06-10,18.34749985,18.12221336
2020-06-11,16.53375053,16.33073616
2020-06-12,16.76499939,16.55914307
2020-06-15,17.18375015,16.97275162
2020-06-16,17.80125046,17.58267212
2020-06-17,17.88750076,17.66786194
2020-06-18,17.99875069,17.7777462
2020-06-19,17.97624969,17.75552368
2020-06-22,18.42250061,18.19629097
2020-06-23,18.71624947,18.48643684
2020-06-24,17.96624947,17.7456398
2020-06-25,18.31125069,18.08641052
2020-06-26,17.41625023,17.2023983
2020-06-29,17.78375053,17.56538582
2020-06-30,18.46125031,18.23457146
2020-07-01,18.93124962,18.69879532
2020-07-02,19.1875,18.95189667
2020-07-06,20.13624954,19.88899994
2020-07-07,19.85124969,19.60749817
2020-07-08,20.36624908,20.1161747
2020-07-09,20.70499992,20.45076752
2020-07-10,21.01375008,20.75572395
2020-07-13,20.13875008,19.89146996
2020-07-14,20.43250084,20.18161201
2020-07-15,20.47750092,20.22606468
2020-07-16,20.19124985,19.94332504
2020-07-17,20.25625038,20.00752449
2020-07-20,21.42000008,21.15698624
2020-07-21,20.96875,20.71127892
2020-07-22,21.11624908,20.85696411
2020-07-23,20.00250053,19.75688934
2020-07-24,19.61750031,19.37661934
2020-07-27,20.32500076,20.07543373
2020-07-28,19.81999969,19.57663345
2020-07-29,20.27874947,20.02975273
2020-07-30,20.48250008,20.23099899
2020-07-31,21.20999908,20.94956398
2020-08-03,21.77124977,21.50392532
2020-08-04,21.94000053,21.67060089
2020-08-05,22.05500031,21.78418922
2020-08-06,22.61624908,22.33854675
2020-08-07,22.10750008,21.83604622
2020-08-10,21.90999985,21.64097023
2020-08-11,21.09250069,20.83351135
2020-08-12,22.15374947,21.88172531
2020-08-13,22.24124908,21.96814919
2020-08-14,22.20000076,21.92741013
2020-08-17,22.69249916,22.41386032
2020-08-18,23.13500023,22.85093117
2020-08-19,22.83250046,22.55214119
2020-08-20,23.46500015,23.17687607
2020-08-21,23.77750015,23.4855442
2020-08-24,24.08499908,23.78925896
2020-08-25,24.45999908,24.15965462
2020-08-26,25.49749947,25.18441772
2020-08-27,25.32749939,25.0165081
2020-08-28,25.59250069,25.27825546
2020-08-31,26.04000092,25.72025681
2020-09-01,26.89999962,26.56969833
2020-09-02,27.40250015,27.06602669
2020-09-03,24.59250069,24.29053307
2020-09-04,23.94000053,23.64604187
2020-09-08,21.65749931,21.39156914
2020-09-09,22.92000008,22.63857079
2020-09-10,21.97999954,21.71010971
2020-09-11,21.70249939,21.43601418
2020-09-14,22.45750046,22.18174744
2020-09-15,23.09749985,22.81389046
2020-09-16,22.33499908,22.06075287
2020-09-17,21.67000008,21.40391922
2020-09-18,21.09749985,20.83844566
2020-09-21,21.28000069,21.01870537
2020-09-22,22.04249954,21.77183914
2020-09-23,20.6875,20.43348122
2020-09-24,20.89500046,20.63843727
2020-09-25,21.88500023,21.6162796
2020-09-28,22.76250076,22.48300171
2020-09-29,22.55750084,22.28052139
2020-09-30,22.91250038,22.63116074
2020-10-01,23.60750008,23.31762695
2020-10-02,22.27750015,22.00395775
2020-10-05,23.24250031,22.95710945
2020-10-06,22.37999916,22.10519791
2020-10-07,23.20000076,22.91513062
2020-10-08,23.40999985,23.12254715
2020-10-09,24.12000084,23.82383537
2020-10-12,25.60250092,25.28812981
2020-10-13,25.58499908,25.27084351
2020-10-14,25.17749977,24.86834908
2020-10-15,24.82250023,24.51770592
2020-10-16,24.5625,24.26089859
2020-10-19,23.73500061,23.44355965
2020-10-20,23.88249969,23.58924675
2020-10-21,23.82250023,23.52998543
2020-10-22,23.82999992,23.53739548
2020-10-23,23.9375,23.64357376
2020-10-26,23.18000031,22.8953743
2020-10-27,23.53750038,23.24848557
2020-10-28,21.71500015,21.44836617
2020-10-29,22.4375,22.16199493
2020-10-30,21.375,21.11253738
2020-11-02,21.43499947,21.17180634
2020-11-03,22.15250015,21.88049507
2020-11-04,24.13500023,23.83865166
2020-11-05,25.40500069,25.09305573
2020-11-06,25.44750023,25.13503456
2020-11-09,24.37000084,24.07076645
2020-11-10,23.53499985,23.24602318
2020-11-11,24.57749939,24.27571297
2020-11-12,24.34499931,24.04606819
2020-11-13,24.79249954,24.48807716
2020-11-16,25.12249947,24.81402206
2020-11-17,24.95999908,24.65351868
2020-11-18,24.60750008,24.30534744
2020-11-19,24.97999954,24.67327118
2020-11-20,24.65999985,24.35720634
2020-11-23,24.65749931,24.35473442
2020-11-24,25.36249924,25.0510788
2020-11-25,25.68000031,25.36467743
2020-11-27,26.13500023,25.81409073
2020-11-30,26.20249939,25.88075829
2020-12-01,26.95000076,26.61908531
2020-12-02,26.96999931,26.63883781
2020-12-03,27.03249931,26.70057106
2020-12-04,27.28750038,26.95244026
2020-12-07,27.57500076,27.23641014
2020-12-08,27.74500084,27.40432167
2020-12-09,26.52750015,26.20177078
2020-12-10,26.70000076,26.37215424
2020-12-11,26.60250092,26.2758503
2020-12-14,26.95000076,26.61908531
2020-12-15,27.54999924,27.21171761
2020-12-16,27.85499954,27.51297188
2020-12-17,28.21750069,27.87101746
2020-12-18,28.02249908,27.6784153
2020-12-21,27.95000076,27.60680389
2020-12-22,28.08499908,27.74014854
2020-12-23,27.80500031,27.46358681
2020-12-24,28.04750061,27.70310402
2020-12-28,28.61750031,28.26610756
2020-12-29,28.67000008,28.31796455
2020-12-30,28.64500046,28.29327583
2020-12-31,28.77750015,28.42414474
2021-01-04,27.96750069,27.62408829
2021-01-05,28.42250061,28.07350159
2021-01-06,27.65999985,27.32036781
2021-01-07,29.01000023,28.65379143
2021-01-08,29.73999977,29.37482643
2021-01-11,28.85499954,28.50069237
2021-01-12,28.78499985,28.43155289
2021-01-13,29.15749931,28.79947853
2021-01-14,28.83749962,28.48340607
2021-01-15,28.38999939,28.04140472
2021-01-19,29.22999954,28.87108612
2021-01-20,30.56749916,30.19216156
2021-01-21,31.08250046,30.70084381
2021-01-22,30.88750076,30.50823402
2021-01-25,31.43499947,31.04900932
2021-01-26,31.47999954,31.09345818
2021-01-27,29.78499985,29.41926956
2021-01-28,30.08250046,29.71312141
2021-01-29,28.84250069,28.4883461
2021-02-01,30.26000023,29.88844109
2021-02-02,31.25250053,30.86875534
2021-02-03,30.98250008,30.60206985
2021-02-04,31.72249985,31.33298302
2021-02-05,31.94499969,31.55275154
2021-02-08,32.34500122,31.94784546
2021-02-09,32.33499908,31.93796921
2021-02-10,32.17750168,31.78240013
2021-02-11,32.53499985,32.13550568
2021-02-12,32.89500046,32.49108124
2021-02-16,32.72499847,32.32317352
2021-02-17,32.40750122,32.00957489
2021-02-18,32.11249924,31.71819305
2021-02-19,31.84250069,31.4515152
2021-02-22,30.19249916,29.82177162
2021-02-23,30.00499916,29.63657188
2021-02-24,30.49500084,30.12055588
2021-02-25,28.33499908,27.98707771
2021-02-26,28.63500023,28.28339005
2021-03-01,30.32749939,29.95511436
2021-03-02,29.34499931,28.98467636
2021-03-03,27.65500069,27.31542969
2021-03-04,26.72750092,26.39931679
2021-03-05,27.54750061,27.2092495
2021-03-08,25.97999954,25.66099358
2021-03-09,28.03499985,27.69075966
2021-03-10,27.86750031,27.52531815
2021-03-11,29.15999985,28.80194855
2021-03-12,28.67250061,28.32043457
2021-03-15,29.29249954,28.93282318
2021-03-16,29.61249924,29.24888992
2021-03-17,29.84749985,29.48100471
2021-03-18,28.00749969,27.66359901
2021-03-19,28.26000023,27.9129982
2021-03-22,29.27499962,28.91553688
2021-03-23,28.97249985,28.61675072
2021-03-24,28.01250076,27.66854095
2021-03-25,27.93250084,27.5895195
2021-03-26,28.76499939,28.41179848
2021-03-29,28.73999977,28.38710594
2021-03-30,28.45999908,28.11054039
2021-03-31,29.29750061,28.93776321
2021-04-01,30.32500076,29.95264244
2021-04-05,31.54000092,31.15272331
2021-04-06,31.47249985,31.08605385
2021-04-07,31.62750053,31.239151
2021-04-08,32.29249954,31.89598274
2021-04-09,32.6875,32.28613663
2021-04-12,32.59249878,32.19229889
2021-04-13,33.35250092,32.94297028
2021-04-14,32.54999924,32.15032578
2021-04-15,33.52750015,33.11582565
2021-04-16,33.61750031,33.20471954
2021-04-19,32.99750137,32.59232712
2021-04-20,32.49499893,32.09598923
2021-04-21,33.06999969,32.66393661
2021-04-22,32.27500153,31.87870598
2021-04-23,33.08499908,32.67876053
2021-04-26,33.51250076,33.10100937
2021-04-27,33.20500183,32.79727554
2021-04-28,32.94250107,32.53800201
2021-04-29,33.21749878,32.80963135
2021-04-30,32.76750183,32.3651619
2021-05-03,32.43249893,32.03426743
2021-05-04,31.26000023,30.87616348
2021-05-05,31.03499985,30.65392494
2021-05-06,31.52000046,31.13297462
2021-05-07,32.01499939,31.62189484
2021-05-10,30.38750076,30.01438141
2021-05-11,30.32999992,29.95758057
2021-05-12,28.76000023,28.40686226
2021-05-13,29.20499992,28.84639549
2021-05-14,30.47999954,30.1057415
2021-05-17,30.11249924,29.74274826
2021-05-18,29.69750023,29.33284569
2021-05-19,29.76749992,29.40198898
2021-05-20,30.92000008,30.54033661
2021-05-21,30.56999969,30.1946373
2021-05-24,31.60750008,31.21939468
2021-05-25,31.69000053,31.30088425
2021-05-26,31.89999962,31.5083046
2021-05-27,31.67000008,31.28112793
2021-05-28,31.84499931,31.45397758
2021-06-01,31.64999962,31.26137161
2021-06-02,31.77000046,31.37989998
2021-06-03,31.08499908,30.70331192
2021-06-04,32.18000031,31.78486633
2021-06-07,32.34500122,31.94784546
2021-06-08,32.36999893,31.97253036
2021-06-09,32.40000153,32.00216675
2021-06-10,33.08000183,32.67381668
2021-06-11,33.24000168,32.83184433
2021-06-14,33.875,33.45904922
2021-06-15,33.42499924,33.01457977
2021-06-16,33.18500137,32.77752686
2021-06-17,34.02500153,33.60721207
2021-06-18,33.49499893,33.08372498
2021-06-21,33.90000153,33.48374557
2021-06-22,34.53499985,34.11094666
2021-06-23,34.56000137,34.13564301
2021-06-24,34.99000168,34.56035995
2021-06-25,34.91500092,34.48628235
2021-06-28,35.75500107,35.31597137
2021-06-29,36.00999832,35.56783676
2021-06-30,35.90499878,35.46412659
2021-07-01,35.93000031,35.48881531
2021-07-02,36.74000168,36.28887939
2021-07-06,37.04999924,36.59506226
2021-07-07,37.18000031,36.7234726
2021-07-08,36.77999878,36.32838058
2021-07-09,37.22499847,36.76791382
2021-07-12,37.50999832,37.0494194
2021-07-13,37.49499893,37.0345993
2021-07-14,37.625,37.16300583
2021-07-15,37.09500122,36.63951492
2021-07-16,36.5,36.05183029
2021-07-19,35.90000153,35.45918655
2021-07-20,36.73500061,36.28393173
2021-07-21,37.27500153,36.8173027
2021-07-22,37.79499817,37.33091354
2021-07-23,38.65499878,38.18036652
2021-07-26,38.74000168,38.26432037
2021-07-27,37.88999939,37.42475128
2021-07-28,38.15999985,37.69143677
2021-07-29,38.31000137,37.83959198
2021-07-30,37.90000153,37.43463135
2021-08-02,37.89500046,37.42969131
2021-08-03,38.35499954,37.88404465
2021-08-04,38.47999954,38.00750351
2021-08-05,38.96500015,38.48654938
2021-08-06,38.61000061,38.13591003
2021-08-09,38.75,38.27419281
2021-08-10,38.36000061,37.88898087
2021-08-11,38.23500061,37.76551819
2021-08-12,38.50500107,38.0322113
2021-08-13,38.75500107,38.27912903
2021-08-16,38.78499985,38.30876923
2021-08-17,38.10499954,37.63711166
2021-08-18,37.36500168,36.90620422
2021-08-19,37.73500061,37.27165985
2021-08-20,38.52000046,38.04701996
2021-08-23,39.65999985,39.17302322
2021-08-24,39.90499878,39.41501617
2021-08-25,39.95000076,39.45946121
2021-08-26,39.48500061,39.00016785
2021-08-27,40.25999832,39.76564407
2021-08-30,41.16500092,40.65953827
2021-08-31,41.08000183,40.57558823
2021-09-01,41.22499847,40.71879959
2021-09-02,41.17499924,40.66941071
2021-09-03,41.43500137,40.92622757
2021-09-07,41.53499985,41.02499771
2021-09-08,41.26499939,40.75831604
2021-09-09,40.93999863,40.43730164
2021-09-10,40.33000183,39.83480072
2021-09-13,40.27500153,39.7804718
2021-09-14,40.04000092,39.5483551
2021-09-15,40.63000107,40.13110733
2021-09-16,40.70500183,40.20518112
2021-09-17,39.74000168,39.25204086
2021-09-20,38.08499908,37.61735535
2021-09-21,38.15999985,37.69143677
2021-09-22,38.88999939,38.41247177
2021-09-23,39.59999847,39.11375427
2021-09-24,39.66500092,39.17795944
2021-09-27,39.04999924,38.57051086
2021-09-28,36.81999969,36.3678894
2021-09-29,36.72999954,36.2789917
2021-09-30,36.38499832,35.93823624
2021-10-01,36.875,36.42221451
2021-10-04,35.34500122,34.9109993
2021-10-05,36.29000092,35.84440231
2021-10-06,36.74499893,36.29380417
2021-10-07,37.41999817,36.96052551
2021-10-08,37.04000092,36.58518982
2021-10-11,36.47499847,36.0271225
2021-10-12,36.22999954,35.78514099
2021-10-13,36.79999924,36.34814453
2021-10-14,38.15000153,37.68156052
2021-10-15,38.63000107,38.15567017
2021-10-18,39.40999985,38.92608643
2021-10-19,39.98500061,39.49403
2021-10-20,39.88999939,39.40019226
2021-10-21,40.38000107,39.88417435
2021-10-22,39.68999863,39.20264816
2021-10-25,40.5,40.00269699
2021-10-26,40.72499847,40.22493744
2021-10-27,40.93500137,40.4323616
2021-10-28,41.86000061,41.34600449
2021-10-29,42.27000046,41.75097656
2021-11-01,42.55500031,42.03247833
2021-11-02,42.91500092,42.38805008
2021-11-03,43.81999969,43.28194046
2021-11-04,44.93000031,44.37830734
2021-11-05,45.02000046,44.46719742
2021-11-08,44.90000153,44.3486824
2021-11-09,44.26499939,43.72148132
2021-11-10,42.97499847,42.44730759
2021-11-11,43.21500015,42.68436432
2021-11-12,44.11999893,43.57825089
2021-11-15,44.10499954,43.56344223
2021-11-16,44.72499847,44.17583084
2021-11-17,44.76499939,44.21533966
2021-11-18,45.68500137,45.1240387
2021-11-19,46.18999863,45.62283325
2021-11-22,45.13499832,44.58078003
2021-11-23,44.70999908,44.16101456
2021-11-24,45.02500153,44.4721489
2021-11-26,43.22499847,42.69424438
2021-11-29,45.14500046,44.59067154
2021-11-30,43.80500031,43.26712799
2021-12-01,42.31999969,41.80035782
2021-12-02,42.94499969,42.41767883
2021-12-03,41.45000076,40.94104767
2021-12-06,42.13000107,41.61269379
2021-12-07,44.66500092,44.1165657
2021-12-08,45.04000092,44.48696136
2021-12-09,43.70999908,43.17329025
2021-12-10,44.65499878,44.10668182
2021-12-13,43.36000061,42.82758713
2021-12-14,42.49000168,41.96827698
2021-12-15,44.38999939,43.84493637
2021-12-16,42.11999893,41.60281372
2021-12-17,41.68999863,41.17808914
2021-12-20,40.84999847,40.34840775
2021-12-21,42.68000031,42.15593719
2021-12-22,43.72999954,43.1930542
2021-12-23,44.40000153,43.85482025
2021-12-27,45.82500076,45.26232147
2021-12-28,45.45000076,44.891922
2021-12-29,45.40999985,44.85241699
2021-12-30,45.09500122,44.54128647
2021-12-31,44.50999832,43.96345901
2022-01-03,45.43500137,44.87711334
2022-01-04,44.24499893,43.70171738
2022-01-05,41.49499893,40.98549271
2022-01-06,41.46500015,40.95585632
2022-01-07,40.54999924,40.05209351
2022-01-10,40.64500046,40.1459198
2022-01-11,41.84000015,41.32625198
2022-01-12,42.16999817,41.65219879
2022-01-13,40.03499985,39.54341507
2022-01-14,40.54000092,40.04221344
2022-01-18,38.54999924,38.07664871
2022-01-19,37.65999985,37.19758224
2022-01-20,36.66500092,36.21479034
2022-01-21,34.59999847,34.17514801
2022-01-24,35.02000046,34.58998489
2022-01-25,33.27000046,32.8614769
2022-01-26,33.32500076,32.91580582
2022-01-27,32.54999924,32.15032578
2022-01-28,34.63499832,34.20972061
2022-01-31,36.85499954,36.40246582
2022-02-01,37.29499817,36.83706284
2022-02-02,37.91999817,37.45438004
2022-02-03,34.81000137,34.38256836
2022-02-04,35.70000076,35.26164627
2022-02-07,35.13999939,34.70851898
2022-02-08,35.93000031,35.48881531
2022-02-09,37.45500183,36.99510193
2022-02-10,35.75,35.31103134
2022-02-11,33.49499893,33.08372498
2022-02-14,33.58499908,33.17261505
2022-02-15,35.22999954,34.79741287
2022-02-16,35.19499969,34.76283646
2022-02-17,33.10499954,32.69851303
2022-02-18,32.34000015,31.9428997
2022-02-22,31.68499947,31.29594231
2022-02-23,30.07500076,29.70571136
2022-02-24,32.09000015,31.69597054
2022-02-25,33.08000183,32.67381668
2022-02-28,33.33499908,32.92568588
2022-03-01,32.24000168,31.84413147
2022-03-02,33.29999924,32.89110565
2022-03-03,32.34999847,31.95277405
2022-03-04,31.44000053,31.05395508
2022-03-07,29.10499954,28.74762535
2022-03-08,28.81999969,28.46612358
2022-03-09,30.93000031,30.55021477
2022-03-10,30.23500061,29.86374855
2022-03-11,28.95499992,28.59946442
2022-03-14,27.86000061,27.5179081
2022-03-15,29.57999992,29.21678925
2022-03-16,31.79500008,31.40459251
2022-03-17,32.53499985,32.13550568
2022-03-18,33.88999939,33.47386551
2022-03-21,33.70000076,33.28619766
2022-03-22,35.00999832,34.58012009
2022-03-23,34.00500107,33.58746338
2022-03-24,35.52000046,35.08385849
2022-03-25,35.47000122,35.03447342
2022-03-28,36.56499863,36.1160202
2022-03-29,37.79499817,37.33091354
2022-03-30,36.99000168,36.53580475
2022-03-31,35.95999908,35.51844406
2022-04-01,35.93500137,35.49375916
2022-04-04,37.38000107,36.92100906
2022-04-05,35.74499893,35.30609131
2022-04-06,34.15000153,33.73067856
2022-04-07,34.33499908,33.91340256
2022-04-08,33.36000061,32.95037842
2022-04-11,31.79000092,31.3996582
2022-04-12,31.54000092,31.15272331
2022-04-13,32.79000092,32.38737869
2022-04-14,31.28499985,30.90085602
2022-04-18,31.38500023,30.99962807
2022-04-19,32.71500015,32.31329727
2022-04-20,31.76000023,31.37002182
2022-04-21,30.48999977,30.11561775
2022-04-22,28.86000061,28.5056324
2022-04-25,29.62000084,29.25629997
2022-04-26,27.33499908,26.99935722
2022-04-27,27.30500031,26.96972656
2022-04-28,29.22500038,28.8661499
2022-04-29,26.60000038,26.27338219
2022-05-02,27.49500084,27.15739059
2022-05-03,27.57999992,27.24135017
2022-05-04,29.43000031,29.06863403
2022-05-05,26.50499916,26.17955208
2022-05-06,25.84000015,25.52271843
2022-05-09,23.79000092,23.49788857
2022-05-10,24.375,24.07570267
2022-05-11,22.90999985,22.62868881
2022-05-12,22.80999947,22.52991676
2022-05-13,24.47500038,24.17447472
2022-05-16,23.92499924,23.63122749
2022-05-17,25.15999985,24.85106277
2022-05-18,22.65999985,22.38176155
2022-05-19,22.43499947,22.1595211
2022-05-20,22.28000069,22.00642776
2022-05-23,23.02499962,22.74227905
2022-05-24,22.04000092,21.76937485
2022-05-25,22.67000008,22.39163971
2022-05-26,23.91500092,23.62135315
2022-05-27,25.5,25.18689156
2022-05-31,25.33499908,25.02391243
2022-06-01,24.96500015,24.65845871
2022-06-02,26.34000015,26.01657104
2022-06-03,24.93000031,24.62388802
2022-06-06,25.12000084,24.81155777
2022-06-07,25.56500053,25.251091
2022-06-08,25.18000031,24.870821
2022-06-09,23.80500031,23.51270294
2022-06-10,22.11000061,21.83851433
2022-06-13,20.07500076,19.82849884
2022-06-14,20.17000008,19.92233276
2022-06-15,21.15500069,20.89524078
2022-06-16,19.45999908,19.22105217
2022-06-17,19.90999985,19.66552734
2022-06-21,20.91500092,20.65818977
2022-06-22,20.84499931,20.58904457
2022-06-23,21.46500015,21.201437
2022-06-24,22.97500038,22.69289207
2022-06-27,22.58499908,22.30768013
2022-06-28,21.20000076,20.93968773
2022-06-29,21.26000023,20.99895096
2022-06-30,20.70499992,20.45076752
2022-07-01,20.97500038,20.7174511
2022-07-05,21.69499969,21.42861366
2022-07-06,21.95999908,21.69035912
2022-07-07,22.89500046,22.61387634
2022-07-08,22.96999931,22.68795586
2022-07-11,21.95999908,21.69035912
2022-07-12,21.54500008,21.28045273
2022-07-13,21.46500015,21.201437
2022-07-14,21.61000061,21.34465408
2022-07-15,22.37999916,22.10519791
2022-07-18,22.00499916,21.73480415
2022-07-19,23.34499931,23.05834961
2022-07-20,24.08499908,23.78925896
2022-07-21,24.77499962,24.47079277
2022-07-22,23.90500069,23.61147308
2022-07-25,23.64999962,23.35960579
2022-07-26,22.69499969,22.41633034
2022-07-27,24.61499977,24.31275177
2022-07-28,25.07999992,24.77204132
2022-07-29,26.01000023,25.69062805
2022-08-01,25.97999954,25.66099358
2022-08-02,25.80500031,25.48814201
2022-08-03,27.20999908,26.87589264
2022-08-04,27.44499969,27.10800743
2022-08-05,27.01000023,26.67835045
2022-08-08,26.83499908,26.50549698
2022-08-09,26.21999931,25.8980484
2022-08-10,27.68000031,27.34012032
2022-08-11,27.36499977,27.02898788
2022-08-12,28.44499969,28.09572601
2022-08-15,28.875,28.52044868
2022-08-16,28.73999977,28.38710594
2022-08-17,28.07500076,27.73027229
2022-08-18,28.21999931,27.87349319
2022-08-19,27.11000061,26.77712059
2022-08-22,25.67499924,25.3597393
2022-08-23,25.62999916,25.31529427
2022-08-24,25.77499962,25.45851135
2022-08-25,26.67000008,26.34252167
2022-08-26,24.47999954,24.17941475
2022-08-29,24,23.70530891
2022-08-30,23.45999908,23.17193794
2022-08-31,23.18499947,22.90031242
2022-09-01,23.20000076,22.91513062
2022-09-02,22.53499985,22.25829315
2022-09-06,22.20999908,21.93728447
2022-09-07,23.10000038,22.81635666
2022-09-08,23.33499908,23.04846954
2022-09-09,24.34499931,24.04606819
2022-09-12,24.92000008,24.61401367
2022-09-13,22.17499924,21.90271568
2022-09-14,22.54000092,22.26323509
2022-09-15,21.76000023,21.4928112
2022-09-16,21.49500084,21.23106575
2022-09-19,21.84000015,21.57183075
2022-09-20,21.47500038,21.21131134
2022-09-21,20.70000076,20.44582558
2022-09-22,20.20000076,19.95196915
2022-09-23,19.54000092,19.30007172
2022-09-26,19.34499931,19.10746574
2022-09-27,19.39500046,19.15684891
2022-09-28,20.14999962,19.90258026
2022-09-29,19.01499939,18.78151512
2022-09-30,18.32999992,18.10492706
2022-10-03,19.19499969,18.95930862
2022-10-04,20.39999962,20.14950752
2022-10-05,20.36499977,20.11494064
2022-10-06,20.04000092,19.79393005
2022-10-07,18.50499916,18.27777481
2022-10-10,18.11000061,17.88763237
2022-10-11,17.65999985,17.44315338
2022-10-12,17.62999916,17.41352272
2022-10-13,18.43000031,18.2036953
2022-10-14,17.30999947,17.09745216
2022-10-17,18.48500061,18.25802803
2022-10-18,18.77499962,18.54446411
2022-10-19,18.61499977,18.38642693
2022-10-20,18.40500069,18.17901039
2022-10-21,19.28499985,19.04820061
2022-10-24,19.70499992,19.46304321
2022-10-25,20.51000023,20.25815964
2022-10-26,19.59000015,19.34945488
2022-10-27,18.86499977,18.63335991
2022-10-28,20.03000069,19.7840538
2022-10-31,19.54000092,19.30007172
2022-11-01,19.14500046,18.90992165
2022-11-02,17.83499908,17.61600494
2022-11-03,17.13999939,16.92953682
2022-11-04,17.68499947,17.46784782
2022-11-07,18.06999969,17.84811783
2022-11-08,18.31999969,18.0950489
2022-11-09,17.45999908,17.24560928
2022-11-10,20.04000092,19.79393005
2022-11-11,20.78000069,20.52484512
2022-11-14,20.40500069,20.15445137
2022-11-15,20.97999954,20.72238731
2022-11-16,20.39500046,20.1445713
2022-11-17,20.29000092,20.04086494
2022-11-18,20.29500008,20.04580116
2022-11-21,19.87000084,19.62602043
2022-11-22,20.44000053,20.18901634
2022-11-23,20.84499931,20.58904457
2022-11-25,20.55999947,20.30754471
2022-11-28,19.95000076,19.70503807
2022-11-29,19.65500069,19.41366386
2022-11-30,21.45000076,21.1866188
2022-12-01,21.48999977,21.22612381
2022-12-02,21.31999969,21.05821609
2022-12-05,20.57999992,20.32729912
2022-12-06,19.72999954,19.48773575
2022-12-07,19.55999947,19.31982613
2022-12-08,20.03499985,19.78899002
2022-12-09,19.77499962,19.5321846
2022-12-12,20.25499916,20.00628853
2022-12-13,20.69499969,20.44088936
2022-12-14,20.375,20.12481689
2022-12-15,19.00499916,18.77164078
2022-12-16,18.62999916,18.40124321
2022-12-19,18.125,17.90244484
2022-12-20,18.07500076,17.85306168
2022-12-21,18.60499954,18.37655449
2022-12-22,17.62999916,17.46467972
2022-12-23,17.71500015,17.54888535
2022-12-27,17.18000031,17.01890564
2022-12-28,16.72500038,16.56817055
2022-12-29,17.53499985,17.37057114
2022-12-30,17.52000046,17.35571671
2023-01-03,17.27499962,17.11301422
2023-01-04,17.44000053,17.27646637
2023-01-05,16.87000084,16.71180725
2023-01-06,17.79999924,17.63308907
2023-01-09,18.03499985,17.86588478
2023-01-10,18.34000015,18.16802597
2023-01-11,18.95999908,18.7822113
2023-01-12,19.13999939,18.9605217
2023-01-13,19.40500069,19.22303772
2023-01-17,19.46999931,19.28742599
2023-01-18,18.96999931,18.79211617
2023-01-19,18.59000015,18.41567802
2023-01-20,19.62999916,19.44592857
2023-01-23,20.48999977,20.29786491
2023-01-24,20.39500046,20.20375443
2023-01-25,20.28499985,20.09478951
2023-01-26,21.06999969,20.87242699
2023-01-27,21.48500061,21.28353691
2023-01-30,20.60000038,20.40683365
2023-01-31,21.23500061,21.03587723
2023-02-01,22.15500069,21.94725418
2023-02-02,23.71500015,23.49262238
2023-02-03,22.86000061,22.64564133
2023-02-06,22.47999954,22.26920128
2023-02-07,23.41500092,23.19543839
2023-02-08,22.55999947,22.34845543
2023-02-09,22.14500046,21.9373436
2023-02-10,21.86499977,21.65997314
2023-02-13,22.56999969,22.35836029
2023-02-14,22.875,22.66050148
2023-02-15,23.24500084,23.02703094
2023-02-16,22.33499908,22.12556458
2023-02-17,22.01499939,21.80856323
2023-02-21,20.96999931,20.77336121
2023-02-22,21,20.80308342
2023-02-23,21.36499977,21.16466141
2023-02-24,20.62999916,20.43655205
2023-02-27,20.93499947,20.73868942
2023-02-28,20.86499977,20.66934967
2023-03-01,20.53000069,20.33749008
2023-03-02,20.87999916,20.68420792
2023-03-03,21.72999954,21.52623749
2023-03-06,21.76000023,21.55595589
2023-03-07,21.22500038,21.02597046
2023-03-08,21.44499969,21.24390984
2023-03-09,20.65999985,20.46627426
2023-03-10,20.08499908,19.89666557
2023-03-13,20.38999939,20.19880295
2023-03-14,21.32999992,21.12998772
2023-03-15,21.54000092,21.33802032
2023-03-16,22.66500092,22.45247078
2023-03-17,22.44000053,22.22958183
2023-03-20,22.60499954,22.39303207
2023-03-21,23.23500061,23.01712799
2023-03-22,22.60000038,22.38807869
2023-03-23,23.14999962,22.93291855
2023-03-24,23.30500031,23.08646774
2023-03-27,22.96999931,22.75461197
2023-03-28,22.73999977,22.52676582
2023-03-29,23.57500076,23.35393906
2023-03-30,23.98999977,23.76504517
2023-03-31,24.78499985,24.55258942
2023-04-03,24.65999985,24.42876434
2023-04-04,24.49500084,24.2653141
2023-04-05,23.98500061,23.76009369
2023-04-06,24.32999992,24.10185623
2023-04-10,24.27499962,24.04737282
2023-04-11,23.96500015,23.74028015
2023-04-12,23.53000069,23.3093586
2023-04-13,24.45000076,24.22073364
2023-04-14,24.34499931,24.11671448
2023-04-17,24.37000084,24.14148331
2023-04-18,24.38500023,24.15633965
2023-04-19,24.35499954,24.12662506
2023-04-20,23.97999954,23.7551403
2023-04-21,24.01000023,23.7848587
2023-04-24,23.90500069,23.68084145
2023-04-25,23.01000023,22.79423523
2023-04-26,23.27000046,23.05179596
2023-04-27,24.53499985,24.30493927
2023-04-28,24.87000084,24.63679314
2023-05-01,24.80500031,24.57240677
2023-05-02,24.36000061,24.13157845
2023-05-03,24.05999947,23.83438683
2023-05-04,23.875,23.65112495
2023-05-05,24.875,24.64174652
2023-05-08,24.98999977,24.75566673
2023-05-09,24.67499924,24.44362068
2023-05-10,25.20999908,24.9736042
2023-05-11,25.36000061,25.12220001
2023-05-12,25.17499924,24.93893242
2023-05-15,25.44499969,25.20640564
2023-05-16,25.48999977,25.25097847
2023-05-17,26.11499977,25.870121
2023-05-18,27.05500031,26.80130196
2023-05-19,26.93499947,26.68243027
2023-05-22,27.09499931,26.84092903
2023-05-23,26.41500092,26.16730499
2023-05-24,26.13500023,25.88993263
2023-05-25,27.38999939,27.13316536
2023-05-26,28.79500008,28.52498817
2023-05-30,29.04000092,28.76769066
2023-05-31,28.65999985,28.39125252
2023-06-01,29.37000084,29.09459686
2023-06-02,29.79999924,29.52056313
2023-06-05,29.83499908,29.55523682
2023-06-06,29.82500076,29.54533195
2023-06-07,28.79999924,28.52993965
2023-06-08,29.49500084,29.21842766
2023-06-09,29.70999908,29.43140984
2023-06-12,30.72500038,30.43689156
2023-06-13,31.17499924,30.88267326
2023-06-14,31.62999916,31.33340454
2023-06-15,32.36000061,32.05656433
2023-06-16,31.94000053,31.64049721
2023-06-20,31.86499977,31.56620216
2023-06-21,30.99500084,30.70435905
2023-06-22,31.70999908,31.41265297
2023-06-23,31.06999969,30.7786541
2023-06-26,30.23500061,29.95148849
2023-06-27,31.26499939,30.97182655
2023-06-28,31.37000084,31.07584381
2023-06-29,31.22999954,30.93715477
2023-06-30,32.18999863,31.88815308
2023-07-03,32.34500122,32.04170227
2023-07-05,32.31999969,32.01693726
2023-07-06,31.81999969,31.52162361
2023-07-07,31.59000015,31.29377747
2023-07-10,31.62999916,31.33340454
2023-07-11,31.92000008,31.62068558
2023-07-12,32.72999954,32.42308807
2023-07-13,33.80500031,33.48801041
2023-07-14,33.79000092,33.47314835
2023-07-17,34.40499878,34.08237839
2023-07-18,34.97999954,34.65198898
2023-07-19,34.88999939,34.56283569
2023-07-20,33.31000137,32.99765396
2023-07-21,33.10499954,32.79456711
2023-07-24,33.20999908,32.89859009
2023-07-25,33.66999817,33.35427094
2023-07-26,33.43500137,33.12148666
2023-07-27,33.25,32.93821335
2023-07-28,34.45500183,34.13191605
2023-07-31,34.51499939,34.19135284
2023-08-01,34.31999969,33.9981842
2023-08-02,32.79999924,32.49242783
2023-08-03,32.68000031,32.37355042
2023-08-04,32.36500168,32.06151199
2023-08-07,32.91500092,32.60635757
2023-08-08,32.34000015,32.03674698
2023-08-09,31.62000084,31.32349968
2023-08-10,31.72500038,31.42751694
2023-08-11,31.30999947,31.01640511
2023-08-14,32.02000046,31.71974754
2023-08-15,31.32500076,31.03126717
2023-08-16,30.64500046,30.35763931
2023-08-17,29.95999908,29.67905998
2023-08-18,29.87999916,29.59981155
2023-08-21,30.85000038,30.56071472
2023-08-22,30.75499916,30.46660805
2023-08-23,31.71500015,31.41760635
2023-08-24,30.31999969,30.03568459
2023-08-25,30.81500053,30.52604866
2023-08-28,31.28000069,30.9866848
2023-08-29,32.61999893,32.31411743
2023-08-30,32.97999954,32.67074585
2023-08-31,33.13999939,32.82924271
2023-09-01,33.09500122,32.78467178
2023-09-05,33.15499878,32.8441124
2023-09-06,32.56999969,32.26459122
2023-09-07,32.08000183,31.77919197
2023-09-08,32.15499878,31.85348129
2023-09-11,32.91500092,32.60635757
2023-09-12,32.18500137,31.88319969
2023-09-13,32.41999817,32.11599731
2023-09-14,32.93500137,32.62617493
2023-09-15,31.78000069,31.48199844
2023-09-18,31.86000061,31.56124687
2023-09-19,31.71999931,31.42255783
2023-09-20,30.79999924,30.59606934
2023-09-21,29.63500023,29.43878746
2023-09-22,29.65999985,29.46361923
2023-09-25,29.92499924,29.72686577
2023-09-26,29.01499939,28.82288742
2023-09-27,29.17000008,28.97686577
2023-09-28,29.62999916,29.4338131
2023-09-29,29.67499924,29.47851372
2023-10-02,30.14999962,29.95037079
2023-10-03,29.08499908,28.89242363
2023-10-04,29.87000084,29.67222786
2023-10-05,29.67499924,29.47851372
2023-10-06,30.65500069,30.452034
2023-10-09,30.97500038,30.76991272
2023-10-10,31.29500008,31.08779335
2023-10-11,31.75,31.53978157
2023-10-12,31.49500084,31.28646851
2023-10-13,30.71500015,30.51163483
2023-10-16,31.42000008,31.21196556
2023-10-17,31.20499992,30.99838829
2023-10-18,30.32500076,30.12421608
2023-10-19,29.78000069,29.58282661
2023-10-20,28.89500046,28.70368767
2023-10-23,29.04999924,28.85765648
2023-10-24,29.62999916,29.4338131
2023-10-25,28.15999985,27.97354889
2023-10-26,27.07500076,26.89573288
2023-10-27,27.33499908,27.15401077
2023-10-30,27.92499924,27.74010658
2023-10-31,28.20999908,28.02321815
2023-11-01,29.19000053,28.99673271
2023-11-02,30.22500038,30.02487755
2023-11-03,30.92499924,30.72024155
2023-11-06,31.16500092,30.95865631
2023-11-07,31.74500084,31.53481865
2023-11-08,31.79500008,31.58448029
2023-11-09,31.29000092,31.08282852
2023-11-10,32.65999985,32.44374847
2023-11-13,32.46500015,32.25004196
2023-11-14,33.84999847,33.62586975
2023-11-15,33.89500046,33.67058563
2023-11-16,33.95500183,33.73018265
2023-11-17,33.95000076,33.7252121
2023-11-20,34.77999878,34.54971695
2023-11-21,34.33499908,34.10766602
2023-11-22,34.63000107,34.40071487
2023-11-24,34.50999832,34.28150558
2023-11-27,34.45000076,34.22191238
2023-11-28,34.61999893,34.39077759
2023-11-29,34.54000092,34.31130981
2023-11-30,34.35499954,34.12753296
2023-12-01,34.55500031,34.32621384
2023-12-04,33.88999939,33.66560364
2023-12-05,34.05500031,33.82951736
2023-12-06,33.65999985,33.43712616
2023-12-07,34.60499954,34.37587738
2023-12-08,34.875,34.64408875
2023-12-11,35.47499847,35.24011612
2023-12-12,36.04000092,35.80137634
2023-12-13,36.93999863,36.6954155
2023-12-14,36.86000061,36.61594391
2023-12-15,37.13000107,36.88415909
2023-12-18,37.66999817,37.420578
2023-12-19,38.04000092,37.78813171
2023-12-20,36.85499954,36.64855576
2023-12-21,37.70999908,37.49876785
2023-12-22,37.81499863,37.6031723
2023-12-26,38.25500107,38.04070282
2023-12-27,38.40000153,38.18489838
2023-12-28,38.33000183,38.11528778
2023-12-29,38,37.78713989
2024-01-02,36.72000122,36.51431656
2024-01-03,35.93500137,35.73370743
2024-01-04,35.54000092,35.34091949
2024-01-05,35.63000107,35.43041992
2024-01-08,37.09000015,36.88223648
2024-01-09,37.23500061,37.02642822
2024-01-10,37.72000122,37.50870895
2024-01-11,37.84000015,37.62804031
2024-01-12,37.88999939,37.67775345
2024-01-16,37.875,37.66283798
2024-01-17,37.43000031,37.2203331
2024-01-18,38.5,38.28434372
2024-01-19,39.99499893,39.77096558
2024-01-22,40.09500122,39.87040329
2024-01-23,40.41500092,40.18861389
2024-01-24,40.84500122,40.61620331
2024-01-25,40.92499924,40.69576263
2024-01-26,40.42499924,40.19855118
2024-01-29,41.26499939,41.03384781
2024-01-30,40.68999863,40.46206665
2024-01-31,39.09999847,38.88098145
2024-02-01,40.02999878,39.80576706
2024-02-02,41.36999893,41.1382637
2024-02-05,41.22000122,40.98910904
2024-02-06,41.06999969,40.83993912
2024-02-07,41.89500046,41.66032028
2024-02-08,42.02999878,41.79456711
2024-02-09,42.84000015,42.60002518
2024-02-12,42.49000168,42.25198746
2024-02-13,41.15499878,40.92446899
2024-02-14,42.06000137,41.82439804
2024-02-15,42.27000046,42.03322601
2024-02-16,41.50500107,41.27250671
2024-02-20,40.86999893,40.64106369
2024-02-21,40.52999878,40.30296326
2024-02-22,42.89500046,42.65472031
2024-02-23,42.61999893,42.38125992
2024-02-26,42.56999969,42.33153915
2024-02-27,42.77500153,42.53538895
2024-02-28,42.29000092,42.05311203
2024-02-29,43.02000046,42.77902603
2024-03-01,44.30500031,44.05682373
2024-03-04,43.94499969,43.69883728
2024-03-05,42.38000107,42.14260101
2024-03-06,42.90000153,42.65969849
2024-03-07,44.18999863,43.94247055
2024-03-08,42.88000107,42.63980865
2024-03-11,42.55500031,42.31661987
2024-03-12,43.79000092,43.54470444
2024-03-13,43.08000183,42.83868408
2024-03-14,42.85499954,42.61494446
2024-03-15,41.81999969,41.58573532
2024-03-18,42.61000061,42.371315
2024-03-19,42.81000137,42.57019806
2024-03-20,43.79999924,43.5826416
2024-03-21,44.18000031,43.96075821
2024-03-22,44.25500107,44.03538895
2024-03-25,43.94499969,43.7269249
2024-03-26,43.65999985,43.44333649
2024-03-27,43.95000076,43.73190308
2024-03-28,43.74000168,43.52294159
2024-04-01,43.94499969,43.7269249
2024-04-02,43.16500092,42.95079422
2024-04-03,43.33499908,43.11995316
2024-04-04,41.98500061,41.77665329
2024-04-05,42.98500061,42.771698
2024-04-08,43.00999832,42.79656982
2024-04-09,43.31000137,43.09507751
2024-04-10,42.52000046,42.30899811
2024-04-11,43.89500046,43.67717743
2024-04-12,42.47499847,42.26422501
2024-04-15,41.06000137,40.85623932
2024-04-16,41.06000137,40.85623932
2024-04-17,40.05500031,39.85623169
2024-04-18,39.56499863,39.36865616
2024-04-19,37.93999863,37.75172424
2024-04-22,38.68500137,38.49303055
2024-04-23,39.84500122,39.64726639
2024-04-24,40.10499954,39.90597916
2024-04-25,39.68000031,39.48309326
2024-04-26,40.91500092,40.71196365
2024-04-29,41.22999954,41.02540207
2024-04-30,39.65999985,39.4631958
2024-05-01,39.07500076,38.8810997
2024-05-02,40.06000137,39.86121368
2024-05-03,41.65999985,41.45326233
2024-05-06,42.59000015,42.37865067
2024-05-07,42.56999969,42.35874557
2024-05-08,42.52500153,42.31397629
2024-05-09,42.68000031,42.46820831
2024-05-10,42.88499832,42.67218399
2024-05-13,43.07500076,42.86124802
2024-05-14,43.61000061,43.39359283
2024-05-15,44.95000076,44.72694016
2024-05-16,44.76499939,44.54285812
2024-05-17,44.72000122,44.49808121
2024-05-20,45.33000183,45.10506058
2024-05-21,45.48500061,45.25928116
2024-05-22,45.47000122,45.24435806
2024-05-23,45.02999878,44.80654144
2024-05-24,45.88000107,45.65232849
2024-05-28,46.20500183,45.97571182
2024-05-29,45.55500031,45.32894135
2024-05-30,44.56000137,44.33887482
2024-05-31,44.56000137,44.33887482
2024-06-03,44.84500122,44.62246323
2024-06-04,45.06999969,44.84634781
2024-06-05,46.88999939,46.65730667
2024-06-06,46.84999847,46.61751175
2024-06-07,46.74000168,46.50805664
2024-06-10,47.11000061,46.87622452
2024-06-11,47.73500061,47.49811935
2024-06-12,48.99000168,48.74689865
2024-06-13,49.49499893,49.24938583
2024-06-14,49.98500061,49.73695755
2024-06-17,51.20000076,50.94592285
2024-06-18,51.21500015,50.96084976
2024-06-20,50.40000153,50.14989471
2024-06-21,50.09999847,49.85137558
2024-06-24,48.97499847,48.73197174
2024-06-25,50.09000015,49.84143829
2024-06-26,50.24000168,50.04364395
2024-06-27,50.47000122,50.27274704
2024-06-28,49.90499878,49.70994186
2024-07-01,50.51499939,50.31756592
2024-07-02,51.56000137,51.35847855
2024-07-03,52.39500046,52.19022369
2024-07-05,53.45999908,53.25104904
2024-07-08,53.72499847,53.51501846
2024-07-09,53.77999878,53.56980515
2024-07-10,54.91500092,54.70037079
2024-07-11,52.47000122,52.26492691
2024-07-12,53.06499863,52.85759735
2024-07-15,53.36000061,53.1514473
2024-07-16,53.38999939,53.18132782
2024-07-17,50.24499893,50.04861832
2024-07-18,49.75,49.55555725
2024-07-19,48.84500122,48.6540947
2024-07-22,50.27500153,50.07850647
2024-07-23,49.93000031,49.73485565
2024-07-24,46.31999969,46.13896561
2024-07-25,45.30500031,45.12792587
2024-07-26,46.22000122,46.03935623
2024-07-29,46.36000061,46.17880249
2024-07-30,45.08000183,44.90380859
2024-07-31,47.75500107,47.56835175
2024-08-01,45.44499969,45.26738358
2024-08-02,43.25,43.08096313
2024-08-05,40.74499893,40.58574295
2024-08-06,41.45000076,41.2879982
2024-08-07,40.52999878,40.37158585
2024-08-08,43.02000046,42.85186386
2024-08-09,43.45500183,43.28516006
2024-08-12,43.61500168,43.4445343
2024-08-13,45.76499939,45.58613205
2024-08-14,45.79999924,45.62099457
2024-08-15,48.09000015,47.9020462
2024-08-16,48.17499924,47.98671722
2024-08-19,49.43999863,49.24676895
2024-08-20,49.22000122,49.02762604
2024-08-21,49.69499969,49.50076675
2024-08-22,48.08000183,47.8920784
2024-08-23,49.11500168,48.92303848
2024-08-26,48.14500046,47.95682907
2024-08-27,48.43000031,48.24071884
2024-08-28,47.31000137,47.12509155
2024-08-29,47.16500092,46.98065948
2024-08-30,48.27500153,48.08631897
2024-09-03,45.31000137,45.13290787
2024-09-04,45.06999969,44.89384842
2024-09-05,45.15999985,44.98349762
2024-09-06,42.72000122,42.55303192
2024-09-09,43.79000092,43.61884689
2024-09-10,44.58499908,44.41073608
2024-09-11,46.48500061,46.30331039
2024-09-12,47.43500137,47.24960327
2024-09-13,47.81499863,47.62812042
2024-09-16,47.38000107,47.19482422
2024-09-17,47.43000031,47.24461746
2024-09-18,46.98500061,46.8013649
2024-09-19,49.38499832,49.19197845
2024-09-20,49.15999985,48.96786499
2024-09-23,49.41999817,49.22684479
2024-09-24,49.88999939,49.69500732
2024-09-25,49.98500061,49.81509781
2024-09-26,50.69499969,50.522686
2024-09-27,50.09999847,49.92970276
2024-09-30,50.34999847,50.1788559
2024-10-01,48.92499924,48.75870132
2024-10-02,49.09000015,48.92314148
2024-10-03,49.00999832,48.84341049
2024-10-04,50.17499924,50.00445175
2024-10-07,49.04499817,48.87829208
2024-10-08,50.50999832,50.33831406
2024-10-09,51.29499817,51.12064362
2024-10-10,51.18500137,51.01102066
2024-10-11,51.29000092,51.11566544
2024-10-14,52.15000153,51.97274399
2024-10-15,50.75,50.57749557
2024-10-16,50.76499939,50.59244919
2024-10-17,50.84500122,50.67218399
2024-10-18,51.46500015,51.29006958
2024-10-21,51.65999985,51.4844017
2024-10-22,51.75999832,51.58406448
2024-10-23,50.15999985,49.98950195
2024-10-24,50.96500015,50.79176712
2024-10-25,51.54999924,51.37477875
2024-10-28,51.56999969,51.39471054
2024-10-29,52.54499817,52.36638641
2024-10-30,51.75,51.57409286
2024-10-31,49.13999939,48.97296906
2024-11-01,49.82500076,49.65564346
2024-11-04,49.51499939,49.34669113
2024-11-05,50.77999878,50.60739136
2024-11-06,53.54000092,53.35801315
2024-11-07,55.22499847,55.03728104
2024-11-08,55.29999924,55.11202621
2024-11-11,55.22999954,55.04227448
2024-11-12,55.03499985,54.84793091
2024-11-13,54.88000107,54.69345856
2024-11-14,54.09000015,53.90615082
2024-11-15,51.47499847,51.30002594
2024-11-18,52.20999908,52.03253555
2024-11-19,52.90499878,52.72517395
2024-11-20,52.84000015,52.66039276
2024-11-21,53.22499847,53.04408264
2024-11-22,53.36000061,53.1786232
2024-11-25,53.52500153,53.34306717
2024-11-26,54.08499908,53.90116119
2024-11-27,53.22499847,53.04408264
2024-11-29,54.10499954,53.9210968
2024-12-02,55.28499985,55.09708405
2024-12-03,55.63499832,55.44589233
2024-12-04,56.99000168,56.79628754
2024-12-05,56.67499924,56.48235703
2024-12-06,57.66500092,57.46899414
2024-12-09,56.74000168,56.54713821
2024-12-10,56.32500076,56.13354874
2024-12-11,58.35499954,58.15664673
2024-12-12,57.59000015,57.39424515
2024-12-13,58.43999863,58.24136353
2024-12-16,60.125,59.92062759
2024-12-17,59.59000015,59.38744354
2024-12-18,55.29000092,55.10206223
2024-12-19,54.75500107,54.56888199
2024-12-20,55.72499847,55.53558731
2024-12-23,56.74000168,56.57810593
2024-12-24,58.27000046,58.10374069
2024-12-26,58.16500092,57.99904251
2024-12-27,56.58000183,56.41856384
2024-12-30,55.06499863,54.90788269
2024-12-31,54.11999893,53.96557999
2025-01-02,53.88000107,53.72626495
2025-01-03,55.63999939,55.48124695
2025-01-06,56.90499878,56.74263382
2025-01-07,54.85499954,54.69848251
2025-01-08,54.86500168,54.70845795
2025-01-10,53.11500168,52.96345139
2025-01-13,52.78499985,52.63439178
2025-01-14,52.65999985,52.50974274
2025-01-15,55.04000092,54.88295364
2025-01-16,54.30500031,54.15005112
2025-01-17,56.09500122,55.93494415
2025-01-21,56.70000076,56.53821945
2025-01-22,58.18000031,58.01399994
2025-01-23,58.43500137,58.26826859
2025-01-24,57.74499893,57.58024216
2025-01-27,54.33000183,54.17498398
2025-01-28,55.96500015,55.80531311
2025-01-29,55.74000168,55.58095932
2025-01-30,56.20500183,56.04463196
2025-01-31,56.00500107,55.84520721
2025-02-03,55.11500168,54.9577446
2025-02-04,56.45999908,56.2989006
2025-02-05,56.95500183,56.79249191
2025-02-06,57.52999878,57.36584854
2025-02-07,56.07500076,55.91500092
2025-02-10,57.39500046,57.2312355
2025-02-11,57.125,56.96200562
2025-02-12,57.18999863,57.02682114
2025-02-13,58.81999969,58.65216827
2025-02-14,59.27000046,59.1008873
2025-02-18,59.52999878,59.36014557
2025-02-19,59.56000137,59.39005661
2025-02-20,59.02999878,58.86157227
2025-02-21,56.56999969,56.40858841
2025-02-24,55.20500183,55.04748917
2025-02-25,53.80500031,53.65147781
2025-02-26,54.04999924,53.89578247
2025-02-27,51.06999969,50.92428589
2025-02-28,52.64500046,52.49478912
2025-03-03,50.39500046,50.25120926
2025-03-04,50.02500153,49.882267
2025-03-05,51.33499908,51.18852615
2025-03-06,48.50999832,48.37158585
2025-03-07,49.18000031,49.03967667
2025-03-10,45.45500183,45.32530975
2025-03-11,45.125,44.99624252
2025-03-12,46.16500092,46.03327942
2025-03-13,44.47499847,44.34809875
2025-03-14,46.59500122,46.46205521
2025-03-17,47.19499969,47.06033707
2025-03-18,45.59999847,45.46989059
2025-03-19,46.75999832,46.62657547
2025-03-20,46.45000076,46.31747055
2025-03-21,46.77999878,46.64652634
2025-03-24,48.75,48.61090469
2025-03-25,49.33000183,49.18925095
2025-03-26,47.50500107,47.38194275
2025-03-27,46.93999863,46.81840134
2025-03-28,44.47000122,44.35480499
2025-03-31,44.43999863,44.32487869
2025-04-01,45.13499832,45.01807785
2025-04-02,45.79499817,45.6763649
2025-04-03,40.90000153,40.79405594
2025-04-04,35.90499878,35.81198502
2025-04-07,36.00999832,35.91671753
2025-04-08,34.66999817,34.58018875
2025-04-09,42.81499863,42.70409012
2025-04-10,39.31499863,39.21315765
2025-04-11,40.70500183,40.59955978
2025-04-14,41.27000046,41.16309357
2025-04-15,41.36500168,41.25784683
2025-04-16,38.88000107,38.77928543
2025-04-17,38.81999969,38.71944046
2025-04-21,36.91999817,36.82435608
2025-04-22,38.80500031,38.70447922
2025-04-23,40.52999878,40.42500305
2025-04-24,42.83499908,42.72403717
2025-04-25,43.77999878,43.66659164
2025-04-28,43.75999832,43.64664459
2025-04-29,44.29999924,44.18524551
2025-04-30,44.29000092,44.17527008
2025-05-01,45.375,45.25745773
2025-05-02,46.77000046,46.64883804
2025-05-05,46.22000122,46.10027313
2025-05-06,45.36999893,45.25246811
2025-05-07,45.70999908,45.59158707
2025-05-08,46.61999893,46.49923706
2025-05-09,46.54000092,46.41944504
2025-05-12,50.33000183,50.19962311
2025-05-13,51.84500122,51.71070099
2025-05-14,52.46500015,52.32909012
2025-05-15,52.58000183,52.44379807
2025-05-16,53.02999878,52.89262772
2025-05-19,53.10499954,52.96743393
2025-05-20,52.72499847,52.58841705
2025-05-21,51.25999832,51.12721634
2025-05-22,51.45000076,51.31671906
2025-05-23,50.47000122,50.33926392
2025-05-27,52.81499863,52.67818451
2025-05-28,52.36500168,52.22935486
2025-05-29,52.55500031,52.41885757
2025-05-30,52.36500168,52.22935486
2025-06-02,53.16999817,53.03226089
2025-06-03,54.01499939,53.87507629
2025-06-04,54.29499817,54.1543541
2025-06-05,53.44499969,53.30655289
2025-06-06,54.47499847,54.33388138
2025-06-09,54.625,54.48350143
2025-06-10,55.35499954,55.21160889
2025-06-11,54.97000122,54.82759857
2025-06-12,55.22000122,55.0769577
2025-06-13,53.80500031,53.66562271
2025-06-16,55.28499985,55.14178848
2025-06-17,54.18500137,54.04463577
2025-06-18,54.15999985,54.0196991
2025-06-20,53.67499924,53.53595734
2025-06-23,54.79499817,54.65305328
2025-06-24,56.45500183,56.30875778
2025-06-25,56.66500092,56.58035278
2025-06-26,57.73500061,57.64875031
2025-06-27,58.11500168,58.0281868
2025-06-30,58.85499954,58.76707458
2025-07-01,57.83000183,57.7436142
2025-07-02,58.64500046,58.55739212
2025-07-03,59.74499893,59.65574646
2025-07-07,58.84999847,58.76208496
2025-07-08,58.89500046,58.80701828
2025-07-09,59.72499847,59.63578033
2025-07-10,59.53499985,59.446064
2025-07-11,59.25,59.16148758
2025-07-14,59.65499878,59.56588364
2025-07-15,59.75,59.6607399
2025-07-16,59.88000107,59.79055023
2025-07-17,60.84000015,60.74911499
2025-07-18,60.68500137,60.59434891
2025-07-21,61.31000137,61.21841431
2025-07-22,60.66500092,60.57437515
2025-07-23,61.20999908,61.11856079
2025-07-24,61.47999954,61.38815689
2025-07-25,61.72499847,61.6327858
2025-07-28,62.11500168,62.02221298
2025-07-29,61.93000031,61.83748627
2025-07-30,62.07500076,61.98226929
2025-07-31,61.38499832,61.29329681
2025-08-01,58.93500137,58.84696198
2025-08-04,61.09999847,61.0087204
2025-08-05,60.25500107,60.16498947
2025-08-06,61.77000046,61.67772675
2025-08-07,62.18500137,62.09210587
2025-08-08,63.31000137,63.21542358
2025-08-11,62.90000153,62.8060379
2025-08-12,64.5,64.40364075
2025-08-13,64.55000305,64.4535675
2025-08-14,64.43499756,64.33873749
2025-08-15,63.83000183,63.73464966
2025-08-18,63.79000092,63.69470978
2025-08-19,62.04000092,61.94731903
2025-08-20,61.28499985,61.19345093
2025-08-21,60.72499847,60.63428116
2025-08-22,62.56999969,62.47652817
2025-08-25,62.19499969,62.10208893
2025-08-26,62.69499969,62.60134125
2025-08-27,62.86999893,62.77608109
2025-08-28,63.63499832,63.53993607
2025-08-29,62.11000061,62.01721573
2025-09-02,61.08000183,60.98875427
2025-09-03,62.00999832,61.91736603
2025-09-04,63.13999939,63.04567719
2025-09-05,63.27999878,63.18547058
2025-09-08,63.90000153,63.80454254
2025-09-09,64.24500275,64.14903259
2025-09-10,64.28500366,64.18896484
2025-09-11,65.01499939,64.9178772
2025-09-12,65.57499695,65.47703552
2025-09-15,66.69000244,66.59037018
2025-09-16,66.54000092,66.44059753
2025-09-17,66.25499725,66.15601349
2025-09-18,67.48000336,67.37919617
2025-09-19,68.36000061,68.25788116
2025-09-22,69.15499878,69.05168915
2025-09-23,68.22000122,68.1180954
2025-09-24,67.72499847,67.64414978
2025-09-25,67.11499786,67.03488159
2025-09-26,67.65499878,67.57423401
2025-09-29,68.26000214,68.1785202
2025-09-30,68.59999847,68.51811218
2025-10-01,69.26000214,69.17732239
2025-10-02,69.81999969,69.73665619
2025-10-03,69.19000244,69.10741425
2025-10-06,70.23500061,70.15116119
2025-10-07,69.48000336,69.39706421
2025-10-08,71.05999756,70.97517395
2025-10-09,70.875,70.79039764
2025-10-10,65.90499878,65.82632446
2025-10-13,68.71499634,68.63297272
2025-10-14,67.80000305,67.71906281
2025-10-15,68.72000122,68.63796997
2025-10-16,68.20999908,68.12857056
2025-10-17,69.08000183,68.99754333
2025-10-20,70.80500031,70.72048187
2025-10-21,70.76499939,70.68053436
2025-10-22,69.36000061,69.27720642
2025-10-23,70.55000305,70.46578979
2025-10-24,71.98999786,71.90406799
2025-10-27,74.56999969,74.48097992
2025-10-28,75.69499969,75.60464478
2025-10-29,76.38500214,76.29381561
2025-10-30,74.02500153,73.93663788
2025-10-31,74.73999786,74.65077972
2025-11-03,75.41000366,75.31999207
2025-11-04,72.31999969,72.2336731
2025-11-05,73.26999664,73.18253326
2025-11-06,70.52999878,70.44580078
2025-11-07,70.05500031,69.97137451
2025-11-10,73.125,73.0377121
2025-11-11,72.73500061,72.6481781
2025-11-12,72.61000061,72.52333069
2025-11-13,69.625,69.54188538
2025-11-14,69.69499969,69.61180115
2025-11-17,68.5,68.41822815
2025-11-18,66.83499908,66.75521851
2025-11-19,67.59500122,67.51431274
2025-11-20,64.41000366,64.33311462
2025-11-21,65.36000061,65.28198242
2025-11-24,68.73000336,68.64795685
2025-11-25,69.51000214,69.42702484
2025-11-26,70.73999786,70.65556335
2025-11-28,71.80999756,71.72427368
2025-12-01,71.34999847,71.26482391
2025-12-02,72.47000122,72.38349915
2025-12-03,72.79000092,72.70310974
2025-12-04,72.62000275,72.53330994
2025-12-05,73.22000122,73.13259125
2025-12-08,72.88999939,72.80298615
2025-12-09,73.09999847,73.01273346
2025-12-10,73.66000366,73.57207489
2025-12-11,73.18000031,73.09264374
2025-12-12,70.33999634,70.25602722
2025-12-15,69.62999725,69.54688263
2025-12-16,69.90000153,69.81655884
2025-12-17,67.27999878,67.19969177
2025-12-18,69.23999786,69.157341
2025-12-19,71.05000305,70.9651947
2025-12-22,71.66999817,71.58444214
2025-12-23,72.36000061,72.27362823
2025-12-24,72.73000336,72.66628265
2025-12-26,72.68000031,72.61632538
2025-12-29,71.95999908,71.8969574
2025-12-30,71.61000061,71.54725647
2025-12-31,70.41000366,70.34832001
2026-01-02,70.09999847,70.03858185
2026-01-05,71.19999695,71.13761139
2026-01-06,72.45999908,72.39651489
2026-01-07,72.58999634,72.52640533
2026-01-08,71.75,71.68713379
2026-01-09,73.13999939,73.0759201
2026-01-12,73.26999664,73.20580292
2026-01-13,73.01000214,72.94603729
2026-01-14,71.48999786,71.42736816
2026-01-15,71.94000244,71.87697601
2026-01-16,71.75,71.68713379
2026-01-20,68.73000336,68.66979218
2026-01-21,70.54000092,70.47819519
2026-01-22,71.61000061,71.54725647
2026-01-23,72.05000305,71.98687744
2026-01-26,72.66000366,72.59634399
2026-01-27,73.95999908,73.89520264
2026-01-28,74.36000061,74.29485321
2026-01-29,73.51999664,73.45558167
2026-01-30,71.70999908,71.64717865
2026-02-02,72.73000336,72.66628265
2026-02-03,70.45999908,70.39826965
2026-02-04,67.98000336,67.9204483
2026-02-05,66.04000092,65.98214722
2026-02-06,68.79000092,68.72973633
2026-02-09,69.83000183,69.76882935
2026-02-10,69.18000031,69.11938477
2026-02-11,69.51999664,69.45909119
2026-02-12,66.69000244,66.63157654
2026-02-13,66.91999817,66.8613739
2026-02-17,66.76999664,66.71150208
2026-02-18,67.75,67.69064331
2026-02-19,67.23999786,67.18109131
2026-02-20,68.40000153,68.34008026
2026-02-23,66.75,66.69151306
2026-02-24,68.12999725,68.0703125
2026-02-25,70.08000183,70.01860809
2026-02-26,68.44000244,68.3800354
2026-02-27,67.98999786,67.93043518
2026-03-02,68.12999725,68.0703125
2026-03-03,66.68000031,66.62158203
2026-03-04,68.65000153,68.58985901
2026-03-05,68.26000214,68.20019531
2026-03-06,66.19000244,66.13201904
2026-03-09,67.94000244,67.88047791
2026-03-10,67.91000366,67.85050964
2026-03-11,67.90000153,67.84051514
2026-03-12,65.58000183,65.52254486
2026-03-13,64.76000214,64.70326996
2026-03-16,66.19000244,66.13201904
2026-03-17,66.84999847,66.79143524
2026-03-18,64.94999695,64.89308929
2026-03-19,64.52999878,64.47346497
2026-03-20,62.13000107,62.07556915
2026-03-23,63.58000183,63.52429962
2026-03-24,62.63999939,62.58511734
2026-03-25,63.43000031,63.38758469
2026-03-26,60.43000031,60.38959122
2026-03-27,58.04999924,58.01118088
2026-03-30,57.15999985,57.12177658
2026-03-31,61,60.95920944
2026-04-01,62.49000168,62.44821548
2026-04-02,62.59999847,62.55813599
2026-04-06,63.34999847,63.30763626
2026-04-07,63.38999939,63.34761047
2026-04-08,67.08000183,67.03514862
2026-04-09,68.01000214,67.96452332
2026-04-10,68.19000244,68.14440155
2026-04-13,69.58999634,69.54346466
2026-04-14,72.09999847,72.05178833
2026-04-15,74.11000061,74.06044006
2026-04-16,74.80000305,74.74998474
2026-04-17,76.73000336,76.67869568
2026-04-20,76.26999664,76.21899414
2026-04-21,75.66999817,75.61940002
2026-04-22,78.18000031,78.12772369
2026-04-23,77.30000305,77.2483139
2026-04-24,80.23999786,80.18634033
2026-04-27,80.29000092,80.23631287
2026-04-28,78.66999817,78.61739349
2026-04-29,79.63999939,79.58674622
2026-04-30,81.05000305,80.99580383
2026-05-01,82.59999847,82.54476166
2026-05-04,82.27999878,82.22497559
2026-05-05,84.38999939,84.33356476
2026-05-06,87.84999847,87.79125214
2026-05-07,87.66000366,87.60138702
2026-05-08,91.72000122,91.65866852
2026-05-11,92.26000214,92.19831085
2026-05-12,90.69000244,90.62935638
2026-05-13,92.55000305,92.4881134
2026-05-14,93.90000153,93.83721161
2026-05-15,91.02999878,90.96912384
2026-05-18,90.19999695,90.13967896
2026-05-19,89.12999725,89.07039642
2026-05-20,92.05000305,91.9884491
2026-05-21,92.37999725,92.31822205
2026-05-22,93.09999847,93.03774261
2026-05-26,96.40000153,96.33554077
2026-05-27,96.19000244,96.12567902
2026-05-28,97.79000092,97.72460938
2026-05-29,98.45999908,98.39415741
2026-06-01,99.62999725,99.56337738
2026-06-02,100.5299988,100.4627762
2026-06-03,100,99.93312836
2026-06-04,99.01999664,98.95378113
2026-06-05,89.54000092,89.48012543
2026-06-08,92.25,92.18830872
2026-06-09,90.12000275,90.05973816
2026-06-10,86.51000214,86.45215607
2026-06-11,92.18000031,92.11836243
2026-06-12,93.37999725,93.31755066
2026-06-15,99.18000031,99.11367798
2026-06-16,95.45999908,95.39616394
2026-06-17,93.55999756,93.49743652
2026-06-18,97.91000366,97.8445282
2026-06-22,97.68000031,97.61468506
2026-06-23,91.22000122,91.15900421
2026-06-24,90.37000275,90.37000275
2026-06-25,91.76999664,91.76999664
2026-06-26,89.12000275,89.12000275
2026-06-29,93.68000031,93.68000031
2026-06-30,96.76000214,96.76000214
2026-07-01,93.90000153,93.90000153
2026-07-02,90.61000061,90.61000061
2026-07-06,93.13999939,93.13999939
2026-07-07,89.69000244,89.69000244
2026-07-08,90.13999939,90.13999939
2026-07-09,93.13999939,93.13999939
2026-07-10,93.69999695,93.69999695
2026-07-13,90.12999725,90.12999725
2026-07-14,92.12999725,92.12999725
2026-07-15,91.61000061,91.61000061
2026-07-16,88.56999969,88.56999969
2026-07-17,85.91000366,85.91000366
2026-07-20,86.02999878,86.02999878
2026-07-21,89.23000336,89.23000336
2026-07-22,88.27999878,88.27999878
2026-07-23,85,85
2026-07-24,83,83
2026-07-27,82.48000336,82.48000336
2026-07-28,80.87000275,80.87000275
2026-07-29,77.58000183,77.58000183
2026-07-30,82.68000031,82.68000031
2026-07-31,83.66999817,83.66999817
2026-08-03,86.62000275,86.62000275
2026-08-04,92.45999908,92.45999908
2026-08-05,90.80000305,90.80000305
2026-08-06,90.12999725,90.12999725
2026-08-07,92.20999908,92.20999908
2026-08-10,91.62999725,91.62999725
2026-08-11,90.98000336,90.98000336
2026-08-12,92.31999969,92.31999969
2026-08-13,94.43000031,94.43000031
2026-08-14,94.15000153,94.15000153
2026-08-17,93.83999634,93.83999634
2026-08-18,90.65000153,90.65000153
2026-08-19,90.25,90.25
2026-08-20,88.94999695,88.94999695
2026-08-21,89.52999878,89.52999878
2026-08-24,87.72000122,87.72000122
2026-08-25,88.80000305,88.80000305
2026-08-26,88.93000031,88.93000031
2026-08-27,91.37999725,91.37999725
