date,close,adjclose
1999-03-10,51.0625,43.02704239
1999-03-11,51.3125,43.23770905
1999-03-12,50.0625,42.18442535
1999-03-15,51.5,43.39572144
1999-03-16,51.9375,43.76436996
1999-03-17,51.5625,43.44838715
1999-03-18,52.5625,44.29101181
1999-03-19,51.21875,43.15871811
1999-03-22,50.59375,42.63206863
1999-03-23,48.8125,41.13112259
1999-03-24,50.46875,42.5267334
1999-03-25,52.3125,44.08035278
1999-03-26,51.75,43.60636902
1999-03-29,53.625,45.18629837
1999-03-30,53.25,44.87030411
1999-03-31,52.46875,44.21202087
1999-04-01,53.5625,45.1336441
1999-04-05,55.5,46.76623535
1999-04-06,55.609375,46.85842896
1999-04-07,55.03125,46.3712616
1999-04-08,55.46875,46.73992157
1999-04-09,55.8125,47.02957153
1999-04-12,55.4375,46.71356583
1999-04-13,54.6875,46.081604
1999-04-14,52.8125,44.50165939
1999-04-15,53.53125,45.10730743
1999-04-16,51.96875,43.79069138
1999-04-19,49.53125,41.73675919
1999-04-20,50.65625,42.6847496
1999-04-21,53.15625,44.79131317
1999-04-22,54.59375,46.00262833
1999-04-23,55.3125,46.60826492
1999-04-26,56.5859375,47.68131256
1999-04-27,55.71875,46.95056152
1999-04-28,53.8125,45.34429169
1999-04-29,53.375,44.97565079
1999-04-30,53.71875,45.26531219
1999-05-03,53.4375,45.02832031
1999-05-04,52.59375,44.31735611
1999-05-05,54.1875,45.66028595
1999-05-06,52.21875,44.0013504
1999-05-07,52.96875,44.63332367
1999-05-10,53.5,45.08097839
1999-05-11,54.34375,45.79195786
1999-05-12,55.46875,46.73992157
1999-05-13,54.4375,45.87094879
1999-05-14,53.40625,45.00197983
1999-05-17,54.3671875,45.81171417
1999-05-18,54.125,45.60762787
1999-05-19,54.875,46.23960114
1999-05-20,53.3671875,44.96905899
1999-05-21,52.875,44.55433273
1999-05-24,51.53125,43.4220314
1999-05-25,49.84375,42.00009155
1999-05-26,51.234375,43.17188644
1999-05-27,51.1875,43.13238907
1999-05-28,52.03125,43.8433609
1999-06-01,50.875,42.86904144
1999-06-02,51.734375,43.59317017
1999-06-03,51,42.97438431
1999-06-04,52.5625,44.29101181
1999-06-07,53.65625,45.21264267
1999-06-08,52.3125,44.08035278
1999-06-09,53.1875,44.81765747
1999-06-10,52.578125,44.30418396
1999-06-11,51.78125,43.63271332
1999-06-14,50.8046875,42.80979538
1999-06-15,51.5625,43.44838715
1999-06-16,54.2109375,45.6800499
1999-06-17,54.8125,46.18692398
1999-06-18,55.0625,46.39758682
1999-06-21,56.7109375,47.78663635
1999-06-22,55,46.34493637
1999-06-23,55.8671875,47.07564926
1999-06-24,54.7578125,46.14083862
1999-06-25,54.6875,46.081604
1999-06-28,55.984375,47.17440033
1999-06-29,56.75,47.81951904
1999-06-30,57.625,48.55684662
1999-07-01,58.015625,48.88600159
1999-07-02,58.75,49.50481033
1999-07-06,58.375,49.18883514
1999-07-07,58.46875,49.26782608
1999-07-08,59.25,49.92612457
1999-07-09,59.84375,50.42642975
1999-07-12,59.53125,50.16313934
1999-07-13,59.25,49.92612457
1999-07-14,60.2578125,50.77533722
1999-07-15,60.8125,51.24274445
1999-07-16,61.375,51.71673584
1999-07-19,60.75,51.19009018
1999-07-20,58.40625,49.21516037
1999-07-21,58.6875,49.45212555
1999-07-22,57.1953125,48.19476318
1999-07-23,57.28125,48.26719666
1999-07-26,55.875,47.08223343
1999-07-27,57,48.03019714
1999-07-28,58.1171875,48.97158432
1999-07-29,56.875,47.92486191
1999-07-30,56.59375,47.68787766
1999-08-02,56.4375,47.55622482
1999-08-03,56.0703125,47.24679565
1999-08-04,55.0546875,46.39101791
1999-08-05,55.9296875,47.12831879
1999-08-06,55.328125,46.62144089
1999-08-09,54.6171875,46.02234268
1999-08-10,54.125,45.60762787
1999-08-11,55.90625,47.1085701
1999-08-12,55.25,46.55558777
1999-08-13,57.65625,48.58317947
1999-08-16,58.1171875,48.97158432
1999-08-17,58.40625,49.21516037
1999-08-18,57.75,48.66218567
1999-08-19,57.0625,48.08286667
1999-08-20,57.96875,48.84650421
1999-08-23,59.8125,50.40011215
1999-08-24,60.21875,50.74241638
1999-08-25,61.5,51.82205582
1999-08-26,60.4765625,50.95967865
1999-08-27,59.875,50.45275879
1999-08-30,59.03125,49.74179459
1999-08-31,59.6875,50.29476929
1999-09-01,60.1171875,50.65683746
1999-09-02,59.90625,50.47911453
1999-09-03,62.65625,52.79635239
1999-09-07,62.375,52.55936432
1999-09-08,61.53125,51.84838104
1999-09-09,62.40625,52.58569717
1999-09-10,63.125,53.1913414
1999-09-13,62.3671875,52.55278778
1999-09-14,62.7109375,52.8424263
1999-09-15,61.5,51.82205582
1999-09-16,61.46875,51.79573822
1999-09-17,63.3125,53.34934616
1999-09-20,63.4609375,53.47439194
1999-09-21,61.9375,52.1907196
1999-09-22,62.59375,52.74369431
1999-09-23,60,50.55809784
1999-09-24,60.078125,50.6239357
1999-09-27,60.5,50.97941971
1999-09-28,60.78125,51.21640778
1999-09-29,59.5625,50.18945694
1999-09-30,60.1875,50.71609497
1999-10-01,60.2109375,50.73583984
1999-10-04,61.5625,51.87473297
1999-10-05,62,52.24338913
1999-10-06,63.2421875,53.29008865
1999-10-07,63.09375,53.1650238
1999-10-08,63.7578125,53.72458267
1999-10-11,64.65625,54.48162842
1999-10-12,63.1875,53.24401093
1999-10-13,61.3125,51.66406631
1999-10-14,61.6953125,51.98662949
1999-10-15,59.875,50.45275879
1999-10-18,59.1171875,49.81422806
1999-10-19,59.4375,50.08411789
1999-10-20,61.25,51.61140823
1999-10-21,62.25,52.45404053
1999-10-22,61.96875,52.21703339
1999-10-25,62,52.24338913
1999-10-26,61.5,51.82205582
1999-10-27,61.40625,51.74306488
1999-10-28,63.53125,53.53364563
1999-10-29,65.75,55.40325928
1999-11-01,65.40625,55.11360931
1999-11-02,65.4453125,55.14651871
1999-11-03,66.75,56.24589157
1999-11-04,67.5,56.87789536
1999-11-05,68.1875,57.45716095
1999-11-08,69.5625,58.61578751
1999-11-09,69.09375,58.22083282
1999-11-10,70,58.98446274
1999-11-11,71.25,60.03771973
1999-11-12,72.1875,60.82777023
1999-11-15,72.046875,60.70923233
1999-11-16,73.875,62.24966431
1999-11-17,72.875,61.40701675
1999-11-18,75.109375,63.28976059
1999-11-19,75.78125,63.85594559
1999-11-22,74.625,62.88166428
1999-11-23,74.96875,63.17131424
1999-11-24,77.4375,65.25156403
1999-11-26,77.6875,65.46219635
1999-11-29,76.40625,64.38262939
1999-11-30,73.5,61.93369293
1999-12-01,75.09375,63.2766304
1999-12-02,77.4765625,65.2844696
1999-12-03,79.125,66.67354584
1999-12-06,79.84375,67.27915192
1999-12-07,79.84375,67.27915192
1999-12-08,78.875,66.46287537
1999-12-09,79.25,66.77886963
1999-12-10,79.90625,67.33181
1999-12-13,80.9921875,68.24685669
1999-12-14,79.53125,67.01581573
1999-12-15,81.0625,68.30610657
1999-12-16,83.0625,69.99137878
1999-12-17,83.78125,70.59703827
1999-12-20,84.875,71.51865387
1999-12-21,89.4375,75.36315918
1999-12-22,89.15625,75.12617493
1999-12-23,90.21875,76.02146912
1999-12-27,89.6875,75.57377625
1999-12-28,89.125,75.09986877
1999-12-29,92.5,77.94378662
1999-12-30,91.5,77.10110474
1999-12-31,91.375,76.99578857
2000-01-03,94.75,79.83966827
2000-01-04,88.25,74.36255646
2000-01-05,86,72.46659851
2000-01-06,80.09375,67.48983002
2000-01-07,90,75.83715057
2000-01-10,92.5,77.94378662
2000-01-11,88,74.1519165
2000-01-12,86.0625,72.51925659
2000-01-13,91.25,76.8904953
2000-01-14,93.375,78.68106842
2000-01-18,93.875,79.1023941
2000-01-19,96,80.89299774
2000-01-20,95.0625,80.10296631
2000-01-21,96.25,81.10361481
2000-01-24,91.625,77.20645142
2000-01-25,93,78.36508942
2000-01-26,89.25,75.20519257
2000-01-27,90.5625,76.31112671
2000-01-28,86,72.46659851
2000-01-31,89.6875,75.57377625
2000-02-01,92.09375,77.60141754
2000-02-02,92.875,78.25972748
2000-02-03,96.5,81.3142395
2000-02-04,97.15625,81.86729431
2000-02-07,98.5,82.99956512
2000-02-08,102.625,86.47541809
2000-02-09,99,83.42089081
2000-02-10,102.25,86.15944672
2000-02-11,99.875,84.15814972
2000-02-14,99.75,84.05287933
2000-02-15,100.46875,84.6585083
2000-02-16,100,84.26351166
2000-02-17,102.125,86.05408478
2000-02-18,98.4375,82.94693756
2000-02-22,98.75,83.21021271
2000-02-23,104.25,87.84474945
2000-02-24,106.5,89.74060822
2000-02-25,104.0625,87.6867218
2000-02-28,104,87.6340332
2000-02-29,106.75,89.95130157
2000-03-01,107.625,90.68858337
2000-03-02,105.1328125,88.58859253
2000-03-03,111.0625,93.58516693
2000-03-06,111.9375,94.32245636
2000-03-07,110.25,92.90049744
2000-03-08,111.25,93.74317932
2000-03-09,115,96.90304565
2000-03-10,114.5,96.4817276
2000-03-13,111.5,93.95381165
2000-03-14,107.375,90.47793579
2000-03-15,102.875,86.68608093
2000-03-16,108.75,91.63657379
2000-03-17,110.8125,93.37449646
2000-03-20,107.6875,90.74126434
2000-03-21,111.75,94.16446686
2000-03-22,114,96.06039429
2000-03-23,116,97.74565125
2000-03-24,117.5625,99.06226349
2000-03-27,117.75,99.22027588
2000-03-28,114.75,96.69235992
2000-03-29,110,92.68987274
2000-03-30,107.25,90.37259674
2000-03-31,109.5,92.26856995
2000-04-03,102.9375,86.73880005
2000-04-04,101.9375,85.89611816
2000-04-05,100.125,84.36885071
2000-04-06,102.5,86.37010193
2000-04-07,106.625,89.84597778
2000-04-10,100.125,84.36885071
2000-04-11,97.75,82.36754608
2000-04-12,92,77.52237701
2000-04-13,88,74.1519165
2000-04-14,80.375,67.7268219
2000-04-17,89.625,75.52118683
2000-04-18,92,77.52237701
2000-04-19,89.1875,75.1525116
2000-04-20,87.25,73.51994324
2000-04-24,84.75,71.41334534
2000-04-25,90.46875,76.23217773
2000-04-26,87.375,73.62525177
2000-04-27,91.25,76.8904953
2000-04-28,94.75,79.83966827
2000-05-01,95.625,80.57698059
2000-05-02,90.125,75.94245911
2000-05-03,89.125,75.09986877
2000-05-04,89.3125,75.25786591
2000-05-05,91.4375,77.04841614
2000-05-08,87.875,74.04656219
2000-05-09,86,72.46659851
2000-05-10,79.75,67.20015717
2000-05-11,84.625,71.3079834
2000-05-12,84.625,71.3079834
2000-05-15,88.3125,74.41520691
2000-05-16,90.8125,76.52179718
2000-05-17,88.9375,74.94185638
2000-05-18,85.75,72.25595093
2000-05-19,81.6875,68.83272552
2000-05-22,81.625,68.78010559
2000-05-23,74.8125,63.03963852
2000-05-24,79.5,66.98950195
2000-05-25,77.75,65.51487732
2000-05-26,77.75,65.51487732
2000-05-30,85.5625,72.09793854
2000-05-31,83.125,70.04402161
2000-06-01,87.375,73.62525177
2000-06-02,93.625,78.89174652
2000-06-05,93.859375,79.08918762
2000-06-06,91.25,76.8904953
2000-06-07,93.6875,78.94438934
2000-06-08,93.25,78.57572937
2000-06-09,93.75,78.99703979
2000-06-12,90.75,76.46912384
2000-06-13,94.25,79.41838837
2000-06-14,92.125,77.62773895
2000-06-15,93.75,78.99703979
2000-06-16,94.25,79.41838837
2000-06-19,98,82.57824707
2000-06-20,97.625,82.26224518
2000-06-21,98.875,83.31555939
2000-06-22,95.25,80.2609787
2000-06-23,91.5,77.10110474
2000-06-26,94,79.20772552
2000-06-27,92.875,78.25972748
2000-06-28,94,79.20772552
2000-06-29,91.640625,77.21959686
2000-06-30,93.4375,78.7337265
2000-07-03,95.25,80.2609787
2000-07-05,91.5625,77.15380096
2000-07-06,94,79.20772552
2000-07-07,95.9375,80.84030914
2000-07-10,94.484375,79.61585236
2000-07-11,95,80.050354
2000-07-12,97.25,81.94625854
2000-07-13,98.5,82.99956512
2000-07-14,100.625,84.79016113
2000-07-17,101.75,85.73808289
2000-07-18,99.5,83.84217072
2000-07-19,97.25,81.94625854
2000-07-20,100.375,84.57949066
2000-07-21,97,81.73561859
2000-07-24,95,80.050354
2000-07-25,95.75,80.68228912
2000-07-26,95.625,80.57698059
2000-07-27,91.875,77.41708374
2000-07-28,86.875,73.20391846
2000-07-31,89.4375,75.36315918
2000-08-01,88.25,74.36255646
2000-08-02,86.6875,73.04595184
2000-08-03,90.4375,76.20579529
2000-08-04,90.125,75.94245911
2000-08-07,92.25,77.73308563
2000-08-08,94.125,79.31305695
2000-08-09,91.625,77.20645142
2000-08-10,89.8125,75.67914581
2000-08-11,91.0625,76.73246765
2000-08-14,93,78.36508942
2000-08-15,93,78.36508942
2000-08-16,93.9375,79.15503693
2000-08-17,95.75,80.68228912
2000-08-18,95.25,80.2609787
2000-08-21,95.5,80.47166443
2000-08-22,95.5,80.47166443
2000-08-23,97.0625,81.78827667
2000-08-24,98.5625,83.05225372
2000-08-25,98.03125,82.60456085
2000-08-28,98.5,82.99956512
2000-08-29,99,83.42089081
2000-08-30,98.875,83.31555939
2000-08-31,101.625,85.63279724
2000-09-01,102.625,86.47541809
2000-09-05,99.5,83.84217072
2000-09-06,96,80.89299774
2000-09-07,98.125,82.68354034
2000-09-08,95.125,80.15563965
2000-09-11,92.8125,78.20708466
2000-09-12,91.375,76.99578857
2000-09-13,93.5,78.7864151
2000-09-14,93,78.36508942
2000-09-15,91.3125,76.9431076
2000-09-18,89.875,75.73179626
2000-09-19,93.1875,78.52305603
2000-09-20,94.625,79.73438263
2000-09-21,87.75,73.94120026
2000-09-22,92.9375,78.31245422
2000-09-25,90.46875,76.23217773
2000-09-26,89.4375,75.36315918
2000-09-27,89.5625,75.46848297
2000-09-28,91.5625,77.15380096
2000-09-29,88.75,74.78382874
2000-10-02,86.75,73.09860229
2000-10-03,84,70.78132629
2000-10-04,85.625,72.15060425
2000-10-05,85.875,72.36128998
2000-10-06,83,69.93872833
2000-10-09,82.625,69.62272644
2000-10-10,78.3125,65.98883057
2000-10-11,77.0625,64.93556976
2000-10-12,75.125,63.3029213
2000-10-13,81.25,68.46411133
2000-10-16,82,69.09607697
2000-10-17,78.25,65.93618011
2000-10-18,78,65.72550964
2000-10-19,85.0625,71.67662811
2000-10-20,86.3125,72.72993469
2000-10-23,86.1875,72.6246109
2000-10-24,82.5,69.51741028
2000-10-25,77.875,65.62020874
2000-10-26,79.875,67.30549622
2000-10-27,79.71875,67.17379761
2000-10-30,76.765625,64.68540192
2000-10-31,81.703125,68.84593201
2000-11-01,81,68.25344086
2000-11-02,82,69.09607697
2000-11-03,83.0625,69.99137878
2000-11-06,82.4375,69.46472168
2000-11-07,82.125,69.20140076
2000-11-08,75.703125,63.79008865
2000-11-09,75.6875,63.77696609
2000-11-10,71.75,60.4590416
2000-11-13,71.859375,60.55124283
2000-11-14,75.84375,63.90864182
2000-11-15,77.375,65.19887543
2000-11-16,72.875,61.40701675
2000-11-17,72.828125,61.36755371
2000-11-20,69.859375,58.86595535
2000-11-21,69.75,58.77384567
2000-11-22,66.625,56.14054871
2000-11-24,70.4375,59.35311508
2000-11-27,69.5625,58.61578751
2000-11-28,65.453125,55.15307999
2000-11-29,62.9375,53.03334045
2000-11-30,62.984375,53.07284927
2000-12-01,64,53.92864227
2000-12-04,65,54.77128601
2000-12-05,70.6875,59.56378174
2000-12-06,68,57.29917908
2000-12-07,66.5,56.03525162
2000-12-08,68,57.29917908
2000-12-11,74.375,62.67098618
2000-12-12,71.65625,60.38005829
2000-12-13,68.734375,57.91801453
2000-12-14,65.375,55.08724594
2000-12-15,63.875,53.82332993
2000-12-18,64,53.92864227
2000-12-19,59.125,49.82080078
2000-12-20,55.734375,46.9637413
2000-12-21,56.0625,47.24021912
2000-12-22,60.5,50.97941971
2000-12-26,60.875,51.29541397
2000-12-27,61.5625,51.87473297
2000-12-28,61.4375,51.76939774
2000-12-29,58.375,49.18883514
2001-01-02,53.4375,45.02832031
2001-01-03,62.4375,52.61204147
2001-01-04,61.3125,51.66406631
2001-01-05,56.625,47.71422195
2001-01-08,57.25,48.2408638
2001-01-09,57.25,48.2408638
2001-01-10,60.1875,50.71609497
2001-01-11,61.9375,52.1907196
2001-01-12,62.734375,52.86217499
2001-01-16,61.984375,52.23020935
2001-01-17,63.875,53.82332993
2001-01-18,66.5625,56.08791351
2001-01-19,66.3125,55.8772583
2001-01-22,66.375,55.92991257
2001-01-23,67.765625,57.10168839
2001-01-24,67.125,56.56187057
2001-01-25,64.5,54.34997559
2001-01-26,65.546875,55.2321167
2001-01-29,67,56.45656586
2001-01-30,66.75,56.24589157
2001-01-31,64.30000305,54.18143845
2001-02-01,65.15000153,54.897686
2001-02-02,61.54999924,51.86420441
2001-02-05,61.5,51.82205582
2001-02-06,61.59999847,51.90630341
2001-02-07,60.59999847,51.06369781
2001-02-08,58.79000092,49.53853226
2001-02-09,56.40000153,47.52463531
2001-02-12,57.08000183,48.09761047
2001-02-13,55.25,46.55558777
2001-02-14,57.45000076,48.40938568
2001-02-15,58.40000153,49.20989609
2001-02-16,55.13000107,46.45446777
2001-02-20,52.99000168,44.65121841
2001-02-21,51.5,43.39572144
2001-02-22,51,42.97438431
2001-02-23,51.18000031,43.12607574
2001-02-26,52.15000153,43.94343185
2001-02-27,49,41.28912354
2001-02-28,47.45000076,39.9830246
2001-03-01,48.79999924,41.12058258
2001-03-02,46.70000076,39.35104752
2001-03-05,47.54999924,40.06731033
2001-03-06,49.40000153,41.62618256
2001-03-07,49.41999817,41.64302826
2001-03-08,48.5,40.8678093
2001-03-09,45.09999847,38.00283813
2001-03-12,42.29999924,35.64347076
2001-03-13,44.45000076,37.45513535
2001-03-14,43.75,36.86526108
2001-03-15,42.15000153,35.5170784
2001-03-16,41.20000076,34.71655273
2001-03-19,43.25999832,36.45238876
2001-03-20,40.34999847,34.00031281
2001-03-21,40.34999847,34.00031281
2001-03-22,42.79999924,36.06478119
2001-03-23,42.79999924,36.06478119
2001-03-26,41.81000137,35.23058319
2001-03-27,43.25,36.44396591
2001-03-28,39.70000076,33.45259094
2001-03-29,38.95000076,32.82063675
2001-03-30,39.15000153,32.98915863
2001-04-02,37.40000153,31.51455307
2001-04-03,34.65999985,29.20573425
2001-04-04,34.04999924,28.69172096
2001-04-05,37.31000137,31.43873787
2001-04-06,35.95000076,30.29272652
2001-04-09,37.04999924,31.21964455
2001-04-10,39.79999924,33.53686523
2001-04-11,41,34.54803848
2001-04-12,42.79999924,36.06478119
2001-04-16,40.25,33.91605377
2001-04-17,41.25,34.75870514
2001-04-18,45.54999924,38.38203049
2001-04-19,48.29999924,40.69926453
2001-04-20,48.40000153,40.78354263
2001-04-23,45.15000153,38.04495621
2001-04-24,44.29999924,37.32872772
2001-04-25,45.09999847,38.00283813
2001-04-26,43.95000076,37.03381348
2001-04-27,45.15000153,38.04495621
2001-04-30,46.15000153,38.88761139
2001-05-01,48.04999924,40.48862457
2001-05-02,48.97999954,41.27227783
2001-05-03,46.79999924,39.43533707
2001-05-04,48.20000076,40.61500931
2001-05-07,47.20000076,39.77238083
2001-05-08,48.20000076,40.61500931
2001-05-09,46.54999924,39.22466278
2001-05-10,45.77000046,38.5674324
2001-05-11,45.54999924,38.38203049
2001-05-14,44.81999969,37.76691818
2001-05-15,45.15000153,38.04495621
2001-05-16,47.15000153,39.73025131
2001-05-17,47.90000153,40.36221695
2001-05-18,48.04000092,40.48019409
2001-05-21,51.04999924,43.01652145
2001-05-22,50.90000153,42.89011002
2001-05-23,48.65000153,40.99419403
2001-05-24,49.90000153,42.04748917
2001-05-25,48.99000168,41.28068542
2001-05-29,46.11999893,38.86233521
2001-05-30,44.43000031,37.43828583
2001-05-31,44.72999954,37.69106674
2001-06-01,46.04999924,38.80335236
2001-06-04,45.83000183,38.61796188
2001-06-05,47.84999847,40.32008362
2001-06-06,47.47999954,40.00833511
2001-06-07,48.70000076,41.03632736
2001-06-08,47.34999847,39.89876556
2001-06-11,46.04999924,38.80335236
2001-06-12,45.79999924,38.5926857
2001-06-13,44.54999924,37.53939056
2001-06-14,42.25,35.60132599
2001-06-15,42.59999847,35.89625168
2001-06-18,42.02999878,35.41594696
2001-06-19,41.81999969,35.23897934
2001-06-20,42.77000046,36.03949738
2001-06-21,43.34999847,36.52822495
2001-06-22,43.25,36.44396591
2001-06-25,43.36000061,36.53665161
2001-06-26,43.50999832,36.66305923
2001-06-27,43.79000092,36.89897919
2001-06-28,44.34999847,37.37086487
2001-06-29,45.70000076,38.50841904
2001-07-02,45.45000076,38.29776382
2001-07-03,45.63999939,38.45785904
2001-07-05,43.45000076,36.61249542
2001-07-06,41.65000153,35.09574509
2001-07-09,42.00999832,35.39910889
2001-07-10,40.5,34.12672043
2001-07-11,41,34.54803848
2001-07-12,43.59999847,36.73891449
2001-07-13,43.15000153,36.35971832
2001-07-16,42.34999847,35.6856041
2001-07-17,43.29999924,36.4860878
2001-07-18,41.65000153,35.09574509
2001-07-19,42.63999939,35.92993546
2001-07-20,41.65000153,35.09574509
2001-07-23,40.61000061,34.21940231
2001-07-24,40.15000153,33.83178711
2001-07-25,40.5,34.12672043
2001-07-26,41.09999847,34.63231277
2001-07-27,41.95000076,35.34852982
2001-07-30,41.70000076,35.13788605
2001-07-31,41.75999832,35.18844223
2001-08-01,43.09999847,36.31756592
2001-08-02,43.90999985,37.00011826
2001-08-03,43.18000031,36.38498306
2001-08-06,42.5,35.81199265
2001-08-07,42.27999878,35.62660217
2001-08-08,40.5,34.12672043
2001-08-09,40.66999817,34.26996613
2001-08-10,40.27999878,33.94135284
2001-08-13,41.09999847,34.63231277
2001-08-14,40.59999847,34.21100616
2001-08-15,39.09999847,32.9470253
2001-08-16,39.56000137,33.33465195
2001-08-17,37.75999832,31.81790543
2001-08-20,38.27999878,32.25607681
2001-08-21,36.68999863,30.91628075
2001-08-22,37.68999863,31.75890732
2001-08-23,37.31999969,31.44714355
2001-08-24,39.29999924,33.11555862
2001-08-27,39.34999847,33.15768433
2001-08-28,38.11999893,32.12124252
2001-08-29,37.56000137,31.64935303
2001-08-30,36.16999817,30.47811508
2001-08-31,36.63000107,30.86573601
2001-09-04,35.47000122,29.88826752
2001-09-05,35.33000183,29.77028465
2001-09-06,33.90000153,28.56531334
2001-09-07,33.70000076,28.39680672
2001-09-10,34.09999847,28.73385429
2001-09-17,31.20000076,26.29021835
2001-09-18,30.5,25.70036888
2001-09-19,29.96999931,25.25377655
2001-09-20,28.96999931,24.41113663
2001-09-21,28.19000053,23.75388527
2001-09-24,29.61000061,24.95042229
2001-09-25,29.70000076,25.02626801
2001-09-26,28.67000008,24.15834808
2001-09-27,28.47999954,23.99825287
2001-09-28,28.97999954,24.41955948
2001-10-01,28.72999954,24.20890427
2001-10-02,28.81999969,24.28474236
2001-10-03,31,26.12169456
2001-10-04,31.29999924,26.37447739
2001-10-05,31.76000023,26.76208496
2001-10-08,31.86000061,26.84635735
2001-10-09,31.09000015,26.19752312
2001-10-10,32.5,27.38564301
2001-10-11,34.70000076,29.23944473
2001-10-12,34.54999924,29.11303711
2001-10-15,34.40000153,28.98665237
2001-10-16,34.95999908,29.45851135
2001-10-17,32.45000076,27.34350014
2001-10-18,33.33000183,28.0850296
2001-10-19,33.54999924,28.27041054
2001-10-22,34.45000076,29.02877426
2001-10-23,34.63000107,29.18045425
2001-10-24,35.38000107,29.81243324
2001-10-25,36.79999924,31.00896263
2001-10-26,36.00999832,30.34329224
2001-10-29,34.04000092,28.6832962
2001-10-30,33.38000107,28.12715721
2001-10-31,33.90000153,28.56531334
2001-11-01,35.34000015,29.77871895
2001-11-02,35.59999847,29.99780655
2001-11-05,36.75999832,30.9752636
2001-11-06,38.18999863,32.18024063
2001-11-07,38.13999939,32.13809204
2001-11-08,37.75,31.80946159
2001-11-09,37.72999954,31.79262543
2001-11-12,38,32.02014923
2001-11-13,39.36000061,33.16611862
2001-11-14,39.63999939,33.40202713
2001-11-15,39.47999954,33.26723862
2001-11-16,39.36999893,33.1745491
2001-11-19,40.49000168,34.11828613
2001-11-20,38.61999893,32.54257584
2001-11-21,38.41999817,32.37402344
2001-11-23,39.27999878,33.09869766
2001-11-26,40.25,33.91605377
2001-11-27,40.20000076,33.87393951
2001-11-28,38.75,32.65210342
2001-11-29,39.95000076,33.66327667
2001-11-30,39.65000153,33.41049194
2001-12-03,38.97000122,32.83749771
2001-12-04,40.83000183,34.40478897
2001-12-05,42.84999847,36.10692215
2001-12-06,42.90999985,36.15747833
2001-12-07,41.72999954,35.1631546
2001-12-10,41,34.54803848
2001-12-11,41.22999954,34.74183655
2001-12-12,41.56000137,35.01991653
2001-12-13,39.75999832,33.50315857
2001-12-14,40.11000061,33.79809189
2001-12-17,40.79999924,34.37949753
2001-12-18,41.25999832,34.76713943
2001-12-19,40.50999832,34.13515854
2001-12-20,38.79000092,32.68582153
2001-12-21,39.47999954,33.26723862
2001-12-24,39.31999969,33.13242722
2001-12-26,39.68999863,33.44419861
2001-12-27,40.00999832,33.71383667
2001-12-28,40.33000183,33.98347473
2001-12-31,38.90999985,32.7869339
2002-01-02,40.11000061,33.79809189
2002-01-03,41.5,34.96936417
2002-01-04,41.66999817,35.11260223
2002-01-07,41.20999908,34.72499466
2002-01-08,41.49000168,34.96094513
2002-01-09,41.11000061,34.64072418
2002-01-10,41.38000107,34.8682251
2002-01-11,40.84999847,34.42164993
2002-01-14,39.95999908,33.67170715
2002-01-15,40.34000015,33.99191666
2002-01-16,38.77999878,32.67739105
2002-01-17,39.65000153,33.41049194
2002-01-18,38.59000015,32.51729965
2002-01-22,37.40000153,31.51455307
2002-01-23,38.43000031,32.38247299
2002-01-24,38.93999863,32.81220627
2002-01-25,38.83000183,32.71950531
2002-01-28,39.04999924,32.90488434
2002-01-29,37.97999954,32.00329208
2002-01-30,38.27000046,32.24763489
2002-01-31,38.50999832,32.44987488
2002-02-01,38.13999939,32.13809204
2002-02-04,36.91999817,31.11009979
2002-02-05,36.31000137,30.59608078
2002-02-06,36.06000137,30.38542175
2002-02-07,35.18999863,29.65233994
2002-02-08,36.16999817,30.47811508
2002-02-11,36.63000107,30.86573601
2002-02-12,36.33000183,30.61294174
2002-02-13,36.95000076,31.13536453
2002-02-14,36.88000107,31.07638931
2002-02-15,35.77999878,30.14948654
2002-02-19,34.68000031,29.2225647
2002-02-20,35.15000153,29.61862373
2002-02-21,33.47999954,28.21142769
2002-02-22,33.65000153,28.35467339
2002-02-25,35.00999832,29.50065231
2002-02-26,34.88000107,29.39110565
2002-02-27,34.40000153,28.98665237
2002-02-28,33.77999878,28.46421432
2002-03-01,35.74000168,30.11577606
2002-03-04,37.15000153,31.30390167
2002-03-05,37.41999817,31.53141022
2002-03-06,37.59999847,31.68307114
2002-03-07,37.68000031,31.75049973
2002-03-08,38.66999817,32.58472061
2002-03-11,38.52999878,32.46674347
2002-03-12,38,32.02014923
2002-03-13,37.08000183,31.24491119
2002-03-14,36.86000061,31.0595417
2002-03-15,37.22999954,31.37130928
2002-03-18,37.43999863,31.54826164
2002-03-19,37.38000107,31.49770927
2002-03-20,36.06000137,30.38542175
2002-03-21,37.02000046,31.19437027
2002-03-22,36.68000031,30.90786362
2002-03-25,35.56000137,29.96410561
2002-03-26,35.88999939,30.24217033
2002-03-27,35.61000061,30.00625038
2002-03-28,36.06000137,30.38542175
2002-04-01,36.75,30.96684647
2002-04-02,35.09000015,29.56807709
2002-04-03,35.02999878,29.51750946
2002-04-04,34.75999832,29.28999329
2002-04-05,34.36999893,28.96136475
2002-04-08,34.79999924,29.32369423
2002-04-09,33.59000015,28.30410385
2002-04-10,33.84000015,28.51477432
2002-04-11,33,27.80695724
2002-04-12,33.52000046,28.24512672
2002-04-15,33.79000092,28.47265053
2002-04-16,35.20000076,29.66075325
2002-04-17,35.02000046,29.5090847
2002-04-18,34.34999847,28.94451904
2002-04-19,34.45999908,29.03720474
2002-04-22,33.59000015,28.30410385
2002-04-23,33.00999832,27.81537819
2002-04-24,32.5,27.38564301
2002-04-25,32.41999817,27.31822777
2002-04-26,31.04000092,26.15540123
2002-04-29,31.12000084,26.22281456
2002-04-30,31.72999954,26.73680878
2002-05-01,31.55999947,26.5935688
2002-05-02,30.51000023,25.70880127
2002-05-03,29.73999977,25.05997467
2002-05-06,28.96999931,24.41113663
2002-05-07,28.70000076,24.18362808
2002-05-08,31.77000046,26.77052116
2002-05-09,30.95000076,26.07955742
2002-05-10,29.55999947,24.90829468
2002-05-13,30.76000023,25.91946411
2002-05-14,32.56999969,27.44462585
2002-05-15,32.81000137,27.6468544
2002-05-16,32.86000061,27.68898582
2002-05-17,32.93000031,27.74796867
2002-05-20,32.20999908,27.1412735
2002-05-21,31.32999992,26.39976501
2002-05-22,31.39999962,26.45874214
2002-05-23,32.02999878,26.98959351
2002-05-24,31.23999977,26.32392502
2002-05-28,31.10000038,26.20595741
2002-05-29,30.28000069,25.51498604
2002-05-30,30.54000092,25.73407555
2002-05-31,30.04000092,25.31275558
2002-06-03,28.97999954,24.41955948
2002-06-04,29.36000061,24.73976135
2002-06-05,29.65999985,24.99255562
2002-06-06,28.87999916,24.33530235
2002-06-07,28.29999924,23.84658051
2002-06-10,28.25,23.80444145
2002-06-11,27.45999908,23.13876534
2002-06-12,27.86000061,23.47582245
2002-06-13,27.68000031,23.32414818
2002-06-14,27.62000084,23.27357674
2002-06-17,28.55999947,24.06565666
2002-06-18,29.02000046,24.45327377
2002-06-19,27.34000015,23.03764534
2002-06-20,26.45999908,22.2961235
2002-06-21,25.81999969,21.75684166
2002-06-24,26.32999992,22.18657303
2002-06-25,25.45999908,21.45349503
2002-06-26,25.64999962,21.61358452
2002-06-27,26.20999908,22.08546448
2002-06-28,26.10000038,21.99277496
2002-07-01,24.85000038,20.93949318
2002-07-02,23.95000076,20.18110847
2002-07-03,24.75,20.8552227
2002-07-05,26.34000015,22.19499779
2002-07-08,25.37999916,21.38607407
2002-07-09,24.65999985,20.77938461
2002-07-10,23.89999962,20.13897514
2002-07-11,24.79999924,20.89733696
2002-07-12,24.79999924,20.89733696
2002-07-15,25.56999969,21.54618263
2002-07-16,25.19000053,21.22597885
2002-07-17,25.64999962,21.61358452
2002-07-18,24.72999954,20.83837509
2002-07-19,23.98999977,20.21481514
2002-07-22,23.39999962,19.71766853
2002-07-23,22.39999962,18.87503242
2002-07-24,23.62000084,19.90304565
2002-07-25,22.25,18.74863434
2002-07-26,22.67000008,19.10254478
2002-07-29,23.82999992,20.07999802
2002-07-30,24.30999947,20.48445892
2002-07-31,23.85000038,20.09684372
2002-08-01,22.72999954,19.15308762
2002-08-02,22.25,18.74863434
2002-08-05,21.44000053,18.06608009
2002-08-06,22.5,18.95928764
2002-08-07,22.79999924,19.21208
2002-08-08,23.56999969,19.86090469
2002-08-09,23.32999992,19.65867424
2002-08-12,23.39999962,19.71766853
2002-08-13,22.60000038,19.04355812
2002-08-14,24.04000092,20.25695038
2002-08-15,24.53000069,20.66983795
2002-08-16,24.70000076,20.81309128
2002-08-19,25.29999924,21.31866455
2002-08-20,25.19000053,21.22597885
2002-08-21,25.75,21.69786072
2002-08-22,26.15999985,22.04333496
2002-08-23,25.14999962,21.19227409
2002-08-26,25.25,21.27652931
2002-08-27,24.37000084,20.53501892
2002-08-28,23.47999954,19.7850647
2002-08-29,23.79000092,20.04629326
2002-08-30,23.48999977,19.79349518
2002-09-03,22.63999939,19.07725334
2002-09-04,22.72999954,19.15308762
2002-09-05,22.17000008,18.68121338
2002-09-06,22.85000038,19.25420952
2002-09-09,23.07999992,19.44801521
2002-09-10,23.64999962,19.92832184
2002-09-11,23.45000076,19.75979996
2002-09-12,22.80999947,19.22051239
2002-09-13,22.98999977,19.37217331
2002-09-16,22.65999985,19.0941124
2002-09-17,22.18000031,18.6896553
2002-09-18,21.93000031,18.47897911
2002-09-19,21.57999992,18.18406105
2002-09-20,21.67000008,18.25990486
2002-09-23,21.02000046,17.71218681
2002-09-24,21.03000069,17.72061348
2002-09-25,21.87000084,18.42843628
2002-09-26,21.60000038,18.2009201
2002-09-27,21.30999947,17.95656204
2002-09-30,20.71999931,17.45940018
2002-10-01,21.97999954,18.52112007
2002-10-02,21.25,17.90599632
2002-10-03,20.73999977,17.47625351
2002-10-04,20.35000038,17.14762497
2002-10-07,20.15999985,16.98752594
2002-10-08,20.20000076,17.0212307
2002-10-09,20.05999947,16.90326309
2002-10-10,21.07999992,17.76274681
2002-10-11,22.21999931,18.72333908
2002-10-14,22.47999954,18.94244003
2002-10-15,23.55999947,19.85247803
2002-10-16,22.78000069,19.1952343
2002-10-17,23.54999924,19.84405708
2002-10-18,23.80999947,20.06313515
2002-10-21,24.29000092,20.4676075
2002-10-22,24.13999939,20.34121132
2002-10-23,24.60000038,20.72882652
2002-10-24,23.97999954,20.2063942
2002-10-25,24.70000076,20.81309128
2002-10-28,24.48999977,20.63613892
2002-10-29,23.92000008,20.15583229
2002-10-30,24.55999947,20.69511414
2002-10-31,24.54999924,20.68669319
2002-11-01,25.25,21.27652931
2002-11-04,25.89999962,21.82424545
2002-11-05,26.10000038,21.99277496
2002-11-06,26.46999931,22.30454826
2002-11-07,25.54000092,21.52090073
2002-11-08,25.06999969,21.12486267
2002-11-11,24.30999947,20.48445892
2002-11-12,24.93000031,21.00689125
2002-11-13,25.22999954,21.25968361
2002-11-14,26.10000038,21.99277496
2002-11-15,26.44000053,22.27927208
2002-11-18,26.04999924,21.95064926
2002-11-19,25.64999962,21.61358452
2002-11-20,26.73999977,22.53206062
2002-11-21,27.72999954,23.36627007
2002-11-22,27.71999931,23.35784912
2002-11-25,27.98999977,23.58536339
2002-11-26,27.04999924,22.79327583
2002-11-27,27.90999985,23.51794434
2002-11-29,27.71999931,23.35784912
2002-12-02,28,23.59377289
2002-12-03,27.17000008,22.89440536
2002-12-04,26.56999969,22.38881874
2002-12-05,26.20000076,22.07703209
2002-12-06,26.46999931,22.30454826
2002-12-09,25.21999931,21.25125885
2002-12-10,25.60000038,21.57146072
2002-12-11,25.71999931,21.67257309
2002-12-12,25.86000061,21.7905426
2002-12-13,25.04000092,21.09958839
2002-12-16,25.85000038,21.78211594
2002-12-17,25.93000031,21.84953308
2002-12-18,25.37999916,21.38607407
2002-12-19,25.05999947,21.11643982
2002-12-20,25.31999969,21.33551979
2002-12-23,25.67000008,21.63044548
2002-12-24,25.35000038,21.36079407
2002-12-26,25.28000069,21.3018074
2002-12-27,24.81999969,20.91420555
2002-12-30,24.62999916,20.75410271
2002-12-31,24.37000084,20.53501892
2003-01-02,25.39999962,21.40293503
2003-01-03,25.68000031,21.63886833
2003-01-06,26.31999969,22.1781559
2003-01-07,26.64999962,22.45622826
2003-01-08,25.89999962,21.82424545
2003-01-09,26.70000076,22.49835777
2003-01-10,27.10000038,22.83541489
2003-01-13,26.94000053,22.7005825
2003-01-14,27.07999992,22.81855011
2003-01-15,26.73999977,22.53206062
2003-01-16,26.44000053,22.27927208
2003-01-17,25.30999947,21.32710075
2003-01-21,25.03000069,21.09115982
2003-01-22,24.93000031,21.00689125
2003-01-23,25.51000023,21.49562645
2003-01-24,24.81999969,20.91420555
2003-01-27,24.53000069,20.66983795
2003-01-28,24.78000069,20.8805027
2003-01-29,25.14999962,21.19227409
2003-01-30,24.5,20.64456177
2003-01-31,24.44000053,20.59399414
2003-02-03,24.48999977,20.63613892
2003-02-04,24.19000053,20.38333893
2003-02-05,24.07999992,20.29064751
2003-02-06,24.20999908,20.40019226
2003-02-07,23.80999947,20.06313515
2003-02-10,24.02000046,20.24009705
2003-02-11,24.14999962,20.34963226
2003-02-12,23.81999969,20.07156372
2003-02-13,23.94000053,20.17268753
2003-02-14,24.48999977,20.63613892
2003-02-18,25.25,21.27652931
2003-02-19,25.07999992,21.13328934
2003-02-20,24.97999954,21.04903412
2003-02-21,25.17000008,21.20912361
2003-02-24,24.73999977,20.8467865
2003-02-25,24.77000046,20.87207985
2003-02-26,24.21999931,20.40861702
2003-02-27,24.77000046,20.87207985
2003-02-28,25.15999985,21.20070839
2003-03-03,24.64999962,20.77096367
2003-03-04,24.5,20.64456177
2003-03-05,24.54999924,20.68669319
2003-03-06,24.48999977,20.63613892
2003-03-07,24.54000092,20.67826462
2003-03-10,24.01000023,20.23168182
2003-03-11,23.79999924,20.05470657
2003-03-12,24.22999954,20.41704941
2003-03-13,25.62000084,21.58831215
2003-03-14,25.71999931,21.67257309
2003-03-17,26.60000038,22.41410255
2003-03-18,26.93000031,22.69216537
2003-03-19,26.70000076,22.49835777
2003-03-20,26.79999924,22.58261681
2003-03-21,27.17000008,22.89440536
2003-03-24,26.04000092,21.94221687
2003-03-25,26.40999985,22.25398827
2003-03-26,26.55999947,22.38037872
2003-03-27,26.37000084,22.22028351
2003-03-28,26.07999992,21.97592354
2003-03-31,25.25,21.27652931
2003-04-01,25.45000076,21.44505501
2003-04-02,26.14999962,22.03490829
2003-04-03,26.47999954,22.31297684
2003-04-04,26.04999924,21.95064926
2003-04-07,26.09000015,21.98435593
2003-04-08,26.05999947,21.9590683
2003-04-09,25.45999908,21.45349503
2003-04-10,25.77000046,21.7147007
2003-04-11,25.51000023,21.49562645
2003-04-14,26.03000069,21.9337883
2003-04-15,26.28000069,22.14443779
2003-04-16,26.21999931,22.09389877
2003-04-17,26.81999969,22.59947395
2003-04-21,26.92000008,22.68372917
2003-04-22,27.43000031,23.11347198
2003-04-23,27.62999916,23.28201294
2003-04-24,27.47999954,23.15561104
2003-04-25,26.95000076,22.70901108
2003-04-28,27.47999954,23.15561104
2003-04-29,27.72999954,23.36627007
2003-04-30,27.45000076,23.13033867
2003-05-01,27.69000053,23.33256912
2003-05-02,28.28000069,23.82972145
2003-05-05,28.25,23.80444145
2003-05-06,28.61000061,24.10778427
2003-05-07,28.29000092,23.83814049
2003-05-08,27.77000046,23.39997482
2003-05-09,28.40999985,23.93925285
2003-05-12,28.84000015,24.30159569
2003-05-13,28.65999985,24.14992142
2003-05-14,28.60000038,24.09936905
2003-05-15,28.92000008,24.36901093
2003-05-16,28.70000076,24.18362808
2003-05-19,27.69000053,23.33256912
2003-05-20,27.77000046,23.39997482
2003-05-21,27.69000053,23.33256912
2003-05-22,28.09000015,23.6696167
2003-05-23,28.10000038,23.67804527
2003-05-27,29.10000038,24.52068901
2003-05-28,29.19000053,24.59652328
2003-05-29,29.30999947,24.69762039
2003-05-30,29.79000092,25.10209084
2003-06-02,29.57999992,24.92514992
2003-06-03,29.86000061,25.16108513
2003-06-04,30.42000008,25.63296127
2003-06-05,30.63999939,25.81834412
2003-06-06,30.12999916,25.38860321
2003-06-09,29.72999954,25.05154228
2003-06-10,30.18000031,25.43072891
2003-06-11,30.52000046,25.71722412
2003-06-12,30.64999962,25.82676506
2003-06-13,29.95999908,25.24534225
2003-06-16,30.87999916,26.02056885
2003-06-17,30.76000023,25.91946411
2003-06-18,30.92000008,26.05427933
2003-06-19,30.42000008,25.63296127
2003-06-20,30.37999916,25.59925461
2003-06-23,29.90999985,25.20321655
2003-06-24,29.68000031,25.00940323
2003-06-25,29.52000046,24.87458801
2003-06-26,30.21999931,25.46442795
2003-06-27,29.82999992,25.13580132
2003-06-30,29.95000076,25.23691368
2003-07-01,30.35000038,25.57398033
2003-07-02,30.96999931,26.09641457
2003-07-03,30.57999992,25.76778221
2003-07-07,31.88999939,26.87162971
2003-07-08,32.27999878,27.20025826
2003-07-09,32.20000076,27.13285637
2003-07-10,31.60000038,26.62727737
2003-07-11,31.84000015,26.82949829
2003-07-14,32.22000122,27.14971733
2003-07-15,32.25999832,27.18340683
2003-07-16,32.15999985,27.09914207
2003-07-17,31.18000031,26.27336502
2003-07-18,31.28000069,26.35762978
2003-07-21,30.87999916,26.02056885
2003-07-22,31.34000015,26.40818977
2003-07-23,31.60000038,26.62727737
2003-07-24,31.18000031,26.27336502
2003-07-25,31.79999924,26.79579163
2003-07-28,31.88999939,26.87162971
2003-07-29,31.64999962,26.66939735
2003-07-30,31.42000008,26.47558403
2003-07-31,31.79999924,26.79579163
2003-08-01,31.45999908,26.50930214
2003-08-04,31.45000076,26.50087929
2003-08-05,30.20999908,25.45600128
2003-08-06,30.19000053,25.43915558
2003-08-07,30.30999947,25.54026222
2003-08-08,30.06999969,25.33803177
2003-08-11,30.39999962,25.61610413
2003-08-12,30.86000061,26.00372124
2003-08-13,30.87000084,26.0121479
2003-08-14,30.89999962,26.03742981
2003-08-15,31.17000008,26.26493263
2003-08-18,31.96999931,26.93904495
2003-08-19,32.36999893,27.27609444
2003-08-20,32.29000092,27.20868683
2003-08-21,32.63999939,27.50361633
2003-08-22,32.43999863,27.33507919
2003-08-25,32.50999832,27.39405441
2003-08-26,32.54000092,27.41934776
2003-08-27,32.79999924,27.63842392
2003-08-28,33.09000015,27.88279343
2003-08-29,33.38999939,28.13558769
2003-09-02,33.86999893,28.54005814
2003-09-03,33.84999847,28.52319717
2003-09-04,34.15999985,28.78442192
2003-09-05,33.93999863,28.59903717
2003-09-08,34.5,29.07090378
2003-09-09,34.09000015,28.72542763
2003-09-10,33.27000046,28.03447533
2003-09-11,33.63999939,28.3462429
2003-09-12,33.81999969,28.49791718
2003-09-15,33.49000168,28.21985817
2003-09-16,34.40000153,28.98665237
2003-09-17,34.25999832,28.86866188
2003-09-18,34.77999878,29.30685806
2003-09-19,34.58000183,29.13833046
2003-09-22,33.91999817,28.58218575
2003-09-23,34.52000046,29.08777237
2003-09-24,33.22000122,27.99233246
2003-09-25,32.79000092,27.6300106
2003-09-26,32.58000183,27.45305443
2003-09-29,33.13999939,27.92493439
2003-09-30,32.41999817,27.31822777
2003-10-01,33.15000153,27.9333477
2003-10-02,33.25999832,28.02604866
2003-10-03,34.18999863,28.80968857
2003-10-06,34.43999863,29.0203495
2003-10-07,34.65000153,29.19730568
2003-10-08,34.43000031,29.01192093
2003-10-09,34.68999863,29.23101044
2003-10-10,35.00999832,29.50065231
2003-10-13,35.24000168,29.69446373
2003-10-14,35.33000183,29.77028465
2003-10-15,35.18000031,29.64390373
2003-10-16,35.45999908,29.87984467
2003-10-17,34.61000061,29.16361046
2003-10-20,35.04000092,29.52593613
2003-10-21,35.25,29.70289612
2003-10-22,34.56999969,29.12988663
2003-10-23,34.16999817,28.79284859
2003-10-24,34.20000076,28.81813049
2003-10-27,34.20999908,28.82655334
2003-10-28,35.36000061,29.79558372
2003-10-29,35.31999969,29.76187897
2003-10-30,35.38999939,29.82086563
2003-10-31,35.18000031,29.64390373
2003-11-03,35.75999832,30.13263321
2003-11-04,35.52000046,29.93039513
2003-11-05,35.84000015,30.20003891
2003-11-06,35.93999863,30.28429985
2003-11-07,35.63000107,30.02308273
2003-11-10,35.18999863,29.65233994
2003-11-11,35.06000137,29.54278946
2003-11-12,35.81000137,30.17474747
2003-11-13,35.77000046,30.14105606
2003-11-14,35.04000092,29.52593613
2003-11-17,34.68000031,29.2225647
2003-11-18,33.88000107,28.54848289
2003-11-19,34.20999908,28.82655334
2003-11-20,33.88000107,28.54848289
2003-11-21,34.22999954,28.84340477
2003-11-24,35.18000031,29.64390373
2003-11-25,35.18000031,29.64390373
2003-11-26,35.34000015,29.77871895
2003-11-28,35.38000107,29.81243324
2003-12-01,35.90000153,30.25060654
2003-12-02,35.70000076,30.0820713
2003-12-03,35.25,29.70289612
2003-12-04,35.63000107,30.02308273
2003-12-05,35.04000092,29.52593613
2003-12-08,35.24000168,29.69446373
2003-12-09,34.43000031,29.01192093
2003-12-10,34.56000137,29.12147713
2003-12-11,35.29999924,29.74500847
2003-12-12,35.24000168,29.69446373
2003-12-15,34.77999878,29.30685806
2003-12-16,34.84999847,29.3658371
2003-12-17,34.90999985,29.41638374
2003-12-18,35.56000137,29.96410561
2003-12-19,35.45999908,29.87984467
2003-12-22,35.56999969,29.97252083
2003-12-23,35.84000015,30.20003891
2003-12-24,35.90000153,30.26243019
2003-12-26,35.84999847,30.22026825
2003-12-29,36.43999863,30.71762085
2003-12-30,36.56000137,30.81878281
2003-12-31,36.45999908,30.73449326
2004-01-02,36.36000061,30.65016747
2004-01-05,37.09000015,31.26555824
2004-01-06,37.34000015,31.4762764
2004-01-07,37.68000031,31.76290321
2004-01-08,37.97999954,32.01579285
2004-01-09,37.72999954,31.8050499
2004-01-12,38.33000183,32.31081772
2004-01-13,37.95000076,31.9904995
2004-01-14,38.08000183,32.10006332
2004-01-15,38.18000031,32.1844101
2004-01-16,38.56999969,32.51314545
2004-01-20,38.54000092,32.48783493
2004-01-21,38.38000107,32.35297012
2004-01-22,38.15000153,32.15909195
2004-01-23,38.00999832,32.0410881
2004-01-26,38.59000015,32.53000641
2004-01-27,37.74000168,31.81347656
2004-01-28,37.09999847,31.27399254
2004-01-29,37.24000168,31.3919735
2004-01-30,37.06999969,31.24867821
2004-02-02,36.97000122,31.16439819
2004-02-03,36.93000031,31.13068199
2004-02-04,36.33000183,30.62490273
2004-02-05,36.47000122,30.74293327
2004-02-06,37.13000107,31.29927635
2004-02-09,37.11999893,31.29083443
2004-02-10,37.18000031,31.34142876
2004-02-11,37.58000183,31.67860603
2004-02-12,37.25,31.40043259
2004-02-13,36.93999863,31.13910103
2004-02-17,37.43999863,31.56058693
2004-02-18,37.54999924,31.65333366
2004-02-19,36.97999954,31.17282486
2004-02-20,36.86000061,31.07167625
2004-02-23,36.45000076,30.7260437
2004-02-24,36.36000061,30.65016747
2004-02-25,36.58000183,30.83563232
2004-02-26,36.66999817,30.9114933
2004-02-27,36.56999969,30.8272171
2004-03-01,37.04999924,31.23184013
2004-03-02,36.61999893,30.86935806
2004-03-03,36.41999817,30.70077133
2004-03-04,36.75999832,30.98736954
2004-03-05,36.63000107,30.87779808
2004-03-08,35.77000046,30.15283394
2004-03-09,35.65999985,30.06012344
2004-03-10,35.18999863,29.66393089
2004-03-11,34.86999893,29.39416695
2004-03-12,35.50999832,29.93366241
2004-03-15,34.88999939,29.41102791
2004-03-16,34.95000076,29.46160507
2004-03-17,35.5,29.92524338
2004-03-18,35.34000015,29.79035187
2004-03-19,34.75,29.29302597
2004-03-22,34.31000137,28.92211533
2004-03-23,34.02999878,28.68607903
2004-03-24,34.41999817,29.01482391
2004-03-25,35.34000015,29.79035187
2004-03-26,35.22000122,29.68921661
2004-03-29,35.79000092,30.16969109
2004-03-30,35.90999985,30.27085304
2004-03-31,35.84000015,30.21184158
2004-04-01,36.15999985,30.4815979
2004-04-02,37.09999847,31.27399254
2004-04-05,37.45000076,31.56900024
2004-04-06,36.97999954,31.17282486
2004-04-07,36.93999863,31.13910103
2004-04-08,36.93999863,31.13910103
2004-04-12,37.16999817,31.33298302
2004-04-13,36.63000107,30.87779808
2004-04-14,36.81000137,31.02953529
2004-04-15,36.15000153,30.47317505
2004-04-16,36.09000015,30.42258072
2004-04-19,36.52999878,30.79348183
2004-04-20,35.68000031,30.07696533
2004-04-21,35.99000168,30.33828354
2004-04-22,36.91999817,31.12225723
2004-04-23,37.20999908,31.36671257
2004-04-26,36.93999863,31.13910103
2004-04-27,36.86999893,31.08010292
2004-04-28,36.20000076,30.51532364
2004-04-29,35.63999939,30.04323959
2004-04-30,34.77000046,29.30986595
2004-05-03,35.09999847,29.58805275
2004-05-04,35.25,29.71450043
2004-05-05,35.52999878,29.95051765
2004-05-06,35.25999832,29.72290802
2004-05-07,34.97000122,29.4784565
2004-05-10,34.66999817,29.22556877
2004-05-11,35.18999863,29.66393089
2004-05-12,35.25999832,29.72290802
2004-05-13,35.00999832,29.51217651
2004-05-14,34.75,29.29302597
2004-05-17,34.41999817,29.01482391
2004-05-18,34.72999954,29.27615547
2004-05-19,34.68999863,29.24243355
2004-05-20,34.84999847,29.37731171
2004-05-21,35.02000046,29.52062035
2004-05-24,35.25999832,29.72290802
2004-05-25,35.95999908,30.31300926
2004-05-26,36.18999863,30.50687408
2004-05-27,36.41999817,30.70077133
2004-05-28,36.54999924,30.81034088
2004-06-01,36.5,30.76819992
2004-06-02,36.41999817,30.70077133
2004-06-03,35.97999954,30.32985878
2004-06-04,36.18999863,30.50687408
2004-06-07,37.04999924,31.23184013
2004-06-08,37.09999847,31.27399254
2004-06-09,36.58000183,30.83563232
2004-06-10,36.84000015,31.05478477
2004-06-14,36.31999969,30.61646652
2004-06-15,36.79000092,31.01266479
2004-06-16,36.72999954,30.96208954
2004-06-17,36.38999939,30.6754837
2004-06-18,36.43999863,30.71762085
2004-06-21,36.15000153,30.47317505
2004-06-22,36.68000031,30.91993904
2004-06-23,37.11999893,31.29083443
2004-06-24,37.04999924,31.23184013
2004-06-25,37.33000183,31.4678669
2004-06-28,37.02000046,31.20655823
2004-06-29,37.36999893,31.50157356
2004-06-30,37.74000168,31.81347656
2004-07-01,37.04000092,31.22340393
2004-07-02,36.81999969,31.03793716
2004-07-06,36.02999878,30.37200356
2004-07-07,36.09999847,30.43100929
2004-07-08,35.70000076,30.09383202
2004-07-09,35.75,30.13597107
2004-07-12,35.59999847,30.00953102
2004-07-13,35.54999924,29.96739769
2004-07-14,35.18999863,29.66393089
2004-07-15,35.06999969,29.56275749
2004-07-16,34.66999817,29.22556877
2004-07-19,34.59999847,29.16656494
2004-07-20,35.43000031,29.86623001
2004-07-21,34.40000153,28.99798203
2004-07-22,34.86999893,29.39416695
2004-07-23,34.20999908,28.83781624
2004-07-26,34.06000137,28.71136665
2004-07-27,34.52999878,29.10757065
2004-07-28,34.38000107,28.98111153
2004-07-29,34.77999878,29.31830597
2004-07-30,34.88999939,29.41102791
2004-08-02,34.95999908,29.47002411
2004-08-03,34.22999954,28.85467529
2004-08-04,34.24000168,28.86310768
2004-08-05,33.59999847,28.32360649
2004-08-06,32.72000122,27.58180809
2004-08-09,32.79999924,27.64922333
2004-08-10,33.20999908,27.99485397
2004-08-11,32.91999817,27.75037956
2004-08-12,32.47000122,27.37105942
2004-08-13,32.52000046,27.41319656
2004-08-16,32.88999939,27.72510719
2004-08-17,33.25999832,28.03700066
2004-08-18,33.84999847,28.53434181
2004-08-19,33.66999817,28.38261986
2004-08-20,34.00999832,28.66921425
2004-08-23,34.09000015,28.73665619
2004-08-24,34.08000183,28.72823524
2004-08-25,34.54999924,29.12441826
2004-08-26,34.40000153,28.99798203
2004-08-27,34.56000137,29.13285637
2004-08-30,33.97999954,28.64392853
2004-08-31,34.02000046,28.67765236
2004-09-01,34.27000046,28.88838387
2004-09-02,34.77999878,29.31830597
2004-09-03,34.13999939,28.77880669
2004-09-07,34.43000031,29.02326012
2004-09-08,34.29999924,28.91367912
2004-09-09,34.59000015,29.158144
2004-09-10,35.11999893,29.60490799
2004-09-13,35.58000183,29.99266434
2004-09-14,35.63000107,30.03481483
2004-09-15,35.25,29.71450043
2004-09-16,35.31999969,29.77350998
2004-09-17,35.43000031,29.86623001
2004-09-20,35.43000031,29.86623001
2004-09-21,35.56999969,29.98423576
2004-09-22,34.95000076,29.46160507
2004-09-23,34.91999817,29.43631744
2004-09-24,34.79999924,29.33515358
2004-09-27,34.5,29.08226395
2004-09-28,34.56999969,29.14126968
2004-09-29,35.08000183,29.57118988
2004-09-30,35.13999939,29.62176895
2004-10-01,36.09999847,30.43100929
2004-10-04,36.31000137,30.60803604
2004-10-05,36.36000061,30.65016747
2004-10-06,36.65000153,30.89464188
2004-10-07,36.24000168,30.54903603
2004-10-08,35.58000183,29.99266434
2004-10-11,35.75,30.13597107
2004-10-12,35.68999863,30.08539772
2004-10-13,35.61000061,30.01797676
2004-10-14,35.45000076,29.88308525
2004-10-15,35.63000107,30.03481483
2004-10-18,36.13999939,30.46473122
2004-10-19,35.88000107,30.24556732
2004-10-20,36.04999924,30.38887024
2004-10-21,36.59999847,30.8524971
2004-10-22,35.79999924,30.17811966
2004-10-25,35.63000107,30.03481483
2004-10-26,35.81999969,30.19497681
2004-10-27,36.72999954,30.96208954
2004-10-28,36.95999908,31.1559639
2004-10-29,36.90000153,31.10537148
2004-11-01,37.04000092,31.22340393
2004-11-02,37.15999985,31.32455444
2004-11-03,37.40999985,31.5352993
2004-11-04,37.61999893,31.71232605
2004-11-05,37.95999908,31.99893951
2004-11-08,38,32.03266525
2004-11-09,37.91999817,31.96521187
2004-11-10,37.79000092,31.85561752
2004-11-11,38.29000092,32.27711487
2004-11-12,38.65999985,32.5890007
2004-11-15,38.83000183,32.7322998
2004-11-16,38.59000015,32.53000641
2004-11-17,39.11000061,32.96834183
2004-11-18,39.29000092,33.12007523
2004-11-19,38.68000031,32.60587311
2004-11-22,39.04999924,32.91773987
2004-11-23,38.99000168,32.86716843
2004-11-24,39.33000183,33.15378952
2004-11-26,39.20999908,33.05263519
2004-11-29,39.20000076,33.04421616
2004-11-30,39.11999893,32.97677231
2004-12-01,39.91999817,33.65113831
2004-12-02,40.06999969,33.77758026
2004-12-03,40.13000107,33.8281517
2004-12-06,40.27000046,33.94616699
2004-12-07,39.58000183,33.36452866
2004-12-08,39.81000137,33.55841827
2004-12-09,40.04999924,33.76074219
2004-12-10,39.93000031,33.65956879
2004-12-13,40.27999878,33.95461655
2004-12-14,40.47999954,34.12319565
2004-12-15,40.33000183,33.99675369
2004-12-16,39.95000076,33.67643356
2004-12-17,39.47000122,33.59047699
2004-12-20,39.20000076,33.36070633
2004-12-21,39.68000031,33.7691803
2004-12-22,39.72999954,33.81174088
2004-12-23,39.75999832,33.83725739
2004-12-27,39.59000015,33.69261932
2004-12-28,39.97000122,34.01599503
2004-12-29,40.02000046,34.05853653
2004-12-30,39.99000168,34.03302383
2004-12-31,39.91999817,33.97344208
2005-01-03,39.5,33.61600876
2005-01-04,38.77999878,33.00325775
2005-01-05,38.54000092,32.79899597
2005-01-06,38.34999847,32.63731766
2005-01-07,38.54999924,32.80752563
2005-01-10,38.52999878,32.79050827
2005-01-11,38.25999832,32.56070709
2005-01-12,38.58000183,32.8330574
2005-01-13,38.06999969,32.39902115
2005-01-14,38.43000031,32.70539856
2005-01-18,38.72000122,32.95220947
2005-01-19,38.08000183,32.40750885
2005-01-20,37.34999847,31.78626251
2005-01-21,37.04999924,31.53096962
2005-01-24,36.52999878,31.08841324
2005-01-25,36.70999908,31.24160004
2005-01-26,37.15000153,31.61606979
2005-01-27,37.09999847,31.57352448
2005-01-28,36.91999817,31.42033577
2005-01-31,37.40000153,31.82881927
2005-02-01,37.52000046,31.93094826
2005-02-02,37.58000183,31.98201561
2005-02-03,37.15000153,31.61606979
2005-02-04,37.75,32.12667465
2005-02-07,37.66999817,32.05862427
2005-02-08,37.74000168,32.11817551
2005-02-09,37.11000061,31.5820179
2005-02-10,37.15000153,31.61606979
2005-02-11,37.70000076,32.08413696
2005-02-14,37.86999893,32.22880554
2005-02-15,38.11999893,32.44156647
2005-02-16,37.97999954,32.32243347
2005-02-17,37.47000122,31.88838196
2005-02-18,37.34999847,31.78626251
2005-02-22,36.88999939,31.39477539
2005-02-23,36.93999863,31.43734169
2005-02-24,37.40999985,31.83733559
2005-02-25,37.61999893,32.01605988
2005-02-28,37.22000122,31.67564392
2005-03-01,37.63000107,32.02458191
2005-03-02,37.61000061,32.00753784
2005-03-03,37.29999924,31.7437191
2005-03-04,37.52000046,31.93094826
2005-03-07,38.06000137,32.39050674
2005-03-08,37.68000031,32.0671196
2005-03-09,37.56999969,31.97350883
2005-03-10,37.52000046,31.93094826
2005-03-11,37.16999817,31.63308144
2005-03-14,37.34000015,31.77774811
2005-03-15,37.04000092,31.52245331
2005-03-16,36.61999893,31.16501617
2005-03-17,36.70999908,31.24160004
2005-03-18,36.50999832,31.07141495
2005-03-21,36.58000183,31.13096809
2005-03-22,36.13000107,30.74801636
2005-03-23,36.25999832,30.85863113
2005-03-24,36.27000046,30.86715317
2005-03-28,36.34000015,30.92672539
2005-03-29,36.04999924,30.67992592
2005-03-30,36.72999954,31.25863647
2005-03-31,36.56999969,31.12247276
2005-04-01,36.20000076,30.80759048
2005-04-04,36.45999908,31.02885818
2005-04-05,36.56000137,31.11395645
2005-04-06,36.5,31.0628891
2005-04-07,36.93999863,31.43734169
2005-04-08,36.63999939,31.18204308
2005-04-11,36.47999954,31.04586029
2005-04-12,36.65999985,31.19906616
2005-04-13,36.06000137,30.68843269
2005-04-14,35.54999924,30.25441742
2005-04-15,34.74000168,29.56506729
2005-04-18,34.75,29.57358742
2005-04-19,34.99000168,29.77782249
2005-04-20,34.70000076,29.53102684
2005-04-21,35.61999893,30.31397629
2005-04-22,35.09000015,29.86293983
2005-04-25,35.38000107,30.10972786
2005-04-26,35.04999924,29.82888222
2005-04-27,35.09999847,29.87143898
2005-04-28,34.75,29.57358742
2005-04-29,34.97999954,29.76930428
2005-05-02,35.11999893,29.88845634
2005-05-03,35.29999924,30.04163551
2005-05-04,35.72999954,30.4075985
2005-05-05,35.75999832,30.43312645
2005-05-06,35.86000061,30.51822472
2005-05-09,36.02999878,30.66289902
2005-05-10,35.77000046,30.44162941
2005-05-11,35.95000076,30.5948143
2005-05-12,35.84999847,30.50971031
2005-05-13,36.24000168,30.84162712
2005-05-16,36.47999954,31.04586029
2005-05-17,36.70000076,31.23310852
2005-05-18,37.20000076,31.65861702
2005-05-19,37.50999832,31.92243385
2005-05-20,37.65999985,32.05010223
2005-05-23,37.84999847,32.2117691
2005-05-24,37.97000122,32.31391525
2005-05-25,37.81000137,32.17774582
2005-05-26,38.18999863,32.50114441
2005-05-27,38.20999908,32.51816177
2005-05-31,38.08000183,32.40750885
2005-06-01,38.38999939,32.67134857
2005-06-02,38.65999985,32.90113068
2005-06-03,38.09999847,32.4245491
2005-06-06,38.11000061,32.43306351
2005-06-07,37.79000092,32.16072083
2005-06-08,37.70999908,32.09265518
2005-06-09,37.95000076,32.29689407
2005-06-10,37.54999924,31.95650101
2005-06-13,37.72999954,32.10966873
2005-06-14,37.58000183,31.98201561
2005-06-15,37.70000076,32.08413696
2005-06-16,37.90000153,32.25434494
2005-06-17,37.86999893,32.25862122
2005-06-20,37.86999893,32.25862122
2005-06-21,37.84999847,32.24155426
2005-06-22,37.81000137,32.20749283
2005-06-23,37.38999939,31.84973717
2005-06-24,36.97000122,31.49194908
2005-06-27,36.79999924,31.34715271
2005-06-28,37.15000153,31.64528656
2005-06-29,37.06999969,31.57714081
2005-06-30,36.77999878,31.33012009
2005-07-01,36.72999954,31.28752518
2005-07-05,37.11000061,31.61121559
2005-07-06,36.93000031,31.45788765
2005-07-07,37.06000137,31.56862068
2005-07-08,37.77000046,32.17342377
2005-07-11,38.11999893,32.47154999
2005-07-12,38.29999924,32.62488556
2005-07-13,38.38999939,32.70155334
2005-07-14,38.77000046,33.02524948
2005-07-15,38.88999939,33.12746429
2005-07-18,38.72999954,32.99117279
2005-07-19,39.18000031,33.37450027
2005-07-20,39.45999908,33.61299515
2005-07-21,39.47000122,33.62150574
2005-07-22,39.41999817,33.57892227
2005-07-25,39.27000046,33.45114899
2005-07-26,39.41999817,33.57892227
2005-07-27,39.72000122,33.83448029
2005-07-28,39.90999985,33.99633408
2005-07-29,39.58000183,33.71521759
2005-08-01,39.65000153,33.77485275
2005-08-02,40.08000183,34.14113235
2005-08-03,40.06000137,34.12408447
2005-08-04,39.66999817,33.79187012
2005-08-05,39.47999954,33.63003922
2005-08-08,39.18999863,33.38301849
2005-08-09,39.45000076,33.60448074
2005-08-10,39.11000061,33.31486893
2005-08-11,39.43000031,33.58745193
2005-08-12,39.20999908,33.40005112
2005-08-15,39.45000076,33.60448074
2005-08-16,38.81000137,33.05931091
2005-08-17,39.04000092,33.25524521
2005-08-18,38.84000015,33.08486557
2005-08-19,38.81999969,33.06785965
2005-08-22,38.84000015,33.08486557
2005-08-23,38.72999954,32.99117279
2005-08-24,38.5,32.79525757
2005-08-25,38.59000015,32.87191772
2005-08-26,38.45999908,32.76117325
2005-08-29,38.75999832,33.01674271
2005-08-30,38.61999893,32.89744949
2005-08-31,38.97999954,33.20412064
2005-09-01,38.91999817,33.15301895
2005-09-02,38.77000046,33.02524948
2005-09-06,39.34000015,33.51078415
2005-09-07,39.40999985,33.57040787
2005-09-08,39.40000153,33.56189346
2005-09-09,39.61999893,33.74930191
2005-09-12,39.72999954,33.84299088
2005-09-13,39.63000107,33.7578125
2005-09-14,39.18000031,33.37450027
2005-09-15,39.15999985,33.35746384
2005-09-16,39.40000153,33.56189346
2005-09-19,39.09000015,33.29782867
2005-09-20,38.93000031,33.16152573
2005-09-21,38.5,32.79525757
2005-09-22,38.63999939,32.91451263
2005-09-23,38.75,33.00820541
2005-09-26,38.75999832,33.01674271
2005-09-27,38.66999817,32.94008255
2005-09-28,38.68000031,32.94857025
2005-09-29,39.20000076,33.3915329
2005-09-30,39.45999908,33.61299515
2005-10-03,39.56000137,33.69818878
2005-10-04,39.29999924,33.47671509
2005-10-05,38.75999832,33.01674271
2005-10-06,38.25,32.58230591
2005-10-07,38.34000015,32.65895081
2005-10-10,38.13000107,32.48006439
2005-10-11,37.93999863,32.31822586
2005-10-12,37.49000168,31.93491364
2005-10-13,37.77999878,32.18193436
2005-10-14,38.06000137,32.42046738
2005-10-17,38.18000031,32.52267075
2005-10-18,37.90999985,32.2926712
2005-10-19,38.66999817,32.94008255
2005-10-20,38.31000137,32.63341522
2005-10-21,38.54999924,32.83782578
2005-10-24,39.15999985,33.35746384
2005-10-25,39.00999832,33.22967911
2005-10-26,38.81000137,33.05931091
2005-10-27,38.02999878,32.39490128
2005-10-28,38.31999969,32.641922
2005-10-31,38.86999893,33.11041641
2005-11-01,38.84000015,33.08486557
2005-11-02,39.34999847,33.51931
2005-11-03,39.93999863,34.02187729
2005-11-04,40.08000183,34.14113235
2005-11-07,40.13000107,34.18373108
2005-11-08,40.13999939,34.19224167
2005-11-09,40.15999985,34.20927429
2005-11-10,40.59999847,34.5840683
2005-11-11,40.70999908,34.67776871
2005-11-14,40.70999908,34.67776871
2005-11-15,40.52000046,34.51594543
2005-11-16,40.77000046,34.72888947
2005-11-17,41.31000137,35.18887711
2005-11-18,41.45000076,35.3081398
2005-11-21,41.54999924,35.39331436
2005-11-22,41.70000076,35.52109528
2005-11-23,41.79999924,35.60626221
2005-11-25,41.88999939,35.68293381
2005-11-28,41.54000092,35.38480377
2005-11-29,41.34000015,35.21443558
2005-11-30,41.24000168,35.12926483
2005-12-01,42.00999832,35.78515244
2005-12-02,42.11000061,35.87033844
2005-12-05,41.79999924,35.60626221
2005-12-06,41.93999863,35.72552872
2005-12-07,41.86000061,35.65737152
2005-12-08,41.56000137,35.40184402
2005-12-09,41.72000122,35.53810883
2005-12-12,41.86999893,35.66588974
2005-12-13,42.04000092,35.81072998
2005-12-14,41.90000153,35.69144821
2005-12-15,41.97000122,35.75107193
2005-12-16,41.58000183,35.50432968
2005-12-19,40.91999817,34.94074631
2005-12-20,40.95000076,34.966362
2005-12-21,41.13000107,35.12007141
2005-12-22,41.40000153,35.35062027
2005-12-23,41.40000153,35.35062027
2005-12-27,41.04000092,35.04322433
2005-12-28,40.99000168,35.0005188
2005-12-29,40.72000122,34.76997757
2005-12-30,40.40999985,34.50527573
2006-01-03,41.31000137,35.27376938
2006-01-04,41.74000168,35.64093018
2006-01-05,41.91999817,35.79461288
2006-01-06,42.68000031,36.44358444
2006-01-09,42.84999847,36.58872986
2006-01-10,42.88000107,36.61435699
2006-01-11,43.20999908,36.89614868
2006-01-12,43,36.71681213
2006-01-13,42.97999954,36.69974899
2006-01-17,42.70000076,36.46066284
2006-01-18,42.20999908,36.04224777
2006-01-19,42.52000046,36.30696106
2006-01-20,41.25,35.22252655
2006-01-23,41.25999832,35.2310791
2006-01-24,41.43999863,35.38477325
2006-01-25,41.25999832,35.2310791
2006-01-26,41.54999924,35.47868729
2006-01-27,42.11000061,35.95685959
2006-01-30,42.18999863,36.02516937
2006-01-31,42,35.86293793
2006-02-01,42.15000153,35.99103165
2006-02-02,41.43000031,35.3762207
2006-02-03,40.91999817,34.94074631
2006-02-06,40.81000137,34.84682465
2006-02-07,40.63000107,34.69311523
2006-02-08,41.09999847,35.09444809
2006-02-09,40.70999908,34.76142883
2006-02-10,40.95999908,34.97491074
2006-02-13,40.49000168,34.57359314
2006-02-14,40.90000153,34.92368317
2006-02-15,41.15999985,35.1456871
2006-02-16,41.54000092,35.47015762
2006-02-17,41.20999908,35.18836594
2006-02-21,40.75,34.79558945
2006-02-22,41.25999832,35.2310791
2006-02-23,41.15000153,35.13713455
2006-02-24,41.25999832,35.2310791
2006-02-27,41.72000122,35.62384415
2006-02-28,41.09999847,35.09444809
2006-03-01,41.65999985,35.57262421
2006-03-02,41.68999863,35.59823227
2006-03-03,41.45000076,35.39331436
2006-03-06,41.09000015,35.08591843
2006-03-07,40.84999847,34.88095474
2006-03-08,40.86999893,34.89805222
2006-03-09,40.52000046,34.5992012
2006-03-10,40.56000137,34.63334274
2006-03-13,40.68000031,34.7358284
2006-03-14,41.36999893,35.32500458
2006-03-15,41.72000122,35.62384415
2006-03-16,41.36999893,35.32500458
2006-03-17,41.45000076,35.4181366
2006-03-20,41.54999924,35.50357819
2006-03-21,41.11000061,35.1276207
2006-03-22,41.20999908,35.21305847
2006-03-23,41.09000015,35.11051941
2006-03-24,41.29999924,35.28995132
2006-03-27,41.31000137,35.29850769
2006-03-28,41.13999939,35.15325165
2006-03-29,41.91999817,35.81973648
2006-03-30,42.04999924,35.93082047
2006-03-31,41.93000031,35.82829285
2006-04-03,41.97999954,35.87101364
2006-04-04,42.20999908,36.06754303
2006-04-05,42.61000061,36.40932083
2006-04-06,42.72999954,36.51187134
2006-04-07,42.31999969,36.16152954
2006-04-10,42.25999832,36.11027145
2006-04-11,41.91999817,35.81973648
2006-04-12,41.93000031,35.82829285
2006-04-13,42.09999847,35.97356033
2006-04-17,41.65999985,35.59758759
2006-04-18,42.45999908,36.281147
2006-04-19,42.65000153,36.44351959
2006-04-20,42.5,36.31533813
2006-04-21,42,35.88809204
2006-04-24,41.95999908,35.85390854
2006-04-25,41.86999893,35.77702332
2006-04-26,41.86000061,35.76845932
2006-04-27,42.25999832,36.11027145
2006-04-28,41.84999847,35.75991058
2006-05-01,41.43999863,35.40959549
2006-05-02,41.54999924,35.50357819
2006-05-03,41.49000168,35.45230865
2006-05-04,41.83000183,35.74282455
2006-05-05,42.15999985,36.02481842
2006-05-08,42.20000076,36.05900192
2006-05-09,42.04000092,35.92227936
2006-05-10,41.66999817,35.6061058
2006-05-11,40.74000168,34.81146622
2006-05-12,40.18999863,34.34148788
2006-05-15,40.15999985,34.3158493
2006-05-16,39.86000061,34.05951309
2006-05-17,39.31999969,33.59809113
2006-05-18,39.04999924,33.36739731
2006-05-19,39.34999847,33.62373734
2006-05-22,38.97000122,33.29902649
2006-05-23,38.59000015,32.97432327
2006-05-24,38.84999847,33.1965065
2006-05-25,39.36000061,33.63228989
2006-05-26,39.49000168,33.74335861
2006-05-30,38.63999939,33.01706696
2006-05-31,38.81999969,33.17086792
2006-06-01,39.74000168,33.95697021
2006-06-02,39.63999939,33.87151718
2006-06-05,38.77999878,33.13668442
2006-06-06,38.75,33.11105347
2006-06-07,38.45999908,32.86323929
2006-06-08,38.40000153,32.81196976
2006-06-09,38.15000153,32.59836197
2006-06-12,37.40000153,31.95750618
2006-06-13,37.25,31.82932854
2006-06-14,37.63000107,32.15404892
2006-06-15,38.65000153,33.0255928
2006-06-16,38.34000015,32.78275681
2006-06-19,38.02999878,32.51771164
2006-06-20,38.08000183,32.56045151
2006-06-21,38.68000031,33.07349014
2006-06-22,38.18999863,32.65450287
2006-06-23,38.15000153,32.62029648
2006-06-26,38.25,32.70580673
2006-06-27,37.52999878,32.09016418
2006-06-28,37.81000137,32.32957458
2006-06-29,38.95999908,33.31289291
2006-06-30,38.77000046,33.15044022
2006-07-03,39,33.34708405
2006-07-05,38.15000153,32.62029648
2006-07-06,38.11000061,32.58611298
2006-07-07,37.68999863,32.22697067
2006-07-10,37.36000061,31.94480705
2006-07-11,37.63999939,32.1842308
2006-07-12,36.93000031,31.57713699
2006-07-13,36.31000137,31.04699326
2006-07-14,35.93999863,30.7306366
2006-07-17,36.02999878,30.80758286
2006-07-18,36.15000153,30.91020393
2006-07-19,36.61999893,31.31207275
2006-07-20,36.08000183,30.85033035
2006-07-21,35.70000076,30.52541161
2006-07-24,36.40999985,31.13251305
2006-07-25,36.61999893,31.31207275
2006-07-26,36.59000015,31.2864151
2006-07-27,36.34999847,31.08120728
2006-07-28,37.11000061,31.73106384
2006-07-31,37.09999847,31.72248268
2006-08-01,36.47999954,31.1923542
2006-08-02,36.88999939,31.54293633
2006-08-03,37.11999893,31.73958778
2006-08-04,36.95000076,31.59423447
2006-08-07,36.70999908,31.38902664
2006-08-08,36.47999954,31.1923542
2006-08-09,36.52999878,31.23511124
2006-08-10,36.79000092,31.45743752
2006-08-11,36.52999878,31.23511124
2006-08-14,36.77000046,31.44032478
2006-08-15,37.70000076,32.23551941
2006-08-16,38.59000015,32.99651718
2006-08-17,38.72999954,33.11623383
2006-08-18,38.79000092,33.16753769
2006-08-21,38.41999817,32.85115814
2006-08-22,38.43000031,32.85971451
2006-08-23,38.13999939,32.61174393
2006-08-24,38.25,32.70580673
2006-08-25,38.31999969,32.76567078
2006-08-28,38.61000061,33.01363373
2006-08-29,38.72999954,33.11623383
2006-08-30,38.90999985,33.2701416
2006-08-31,38.86999893,33.23592377
2006-09-01,39.08000183,33.41550446
2006-09-05,39.45999908,33.74040985
2006-09-06,38.66999817,33.06494141
2006-09-07,38.49000168,32.91100693
2006-09-08,38.72000122,33.10767746
2006-09-11,38.95999908,33.31289291
2006-09-12,39.68000031,33.92853546
2006-09-13,39.95000076,34.15940094
2006-09-14,39.99000168,34.19359589
2006-09-15,40.11000061,34.31594467
2006-09-18,40.11999893,34.32450104
2006-09-19,39.84999847,34.09350586
2006-09-20,40.43000031,34.58970642
2006-09-21,40.18000031,34.37582779
2006-09-22,39.86999893,34.11060333
2006-09-25,40.56999969,34.70949936
2006-09-26,40.77000046,34.88060379
2006-09-27,40.72000122,34.83782196
2006-09-28,40.83000183,34.93193054
2006-09-29,40.65000153,34.77793503
2006-10-02,40.13999939,34.34160614
2006-10-03,40.31000137,34.4870491
2006-10-04,41.29999924,35.33404922
2006-10-05,41.5,35.50514984
2006-10-06,41.40999985,35.42815018
2006-10-09,41.54999924,35.54793549
2006-10-10,41.61999893,35.60780334
2006-10-11,41.54000092,35.53937912
2006-10-12,42.20000076,36.10404205
2006-10-13,42.43000031,36.30082321
2006-10-16,42.47000122,36.3350296
2006-10-17,42,35.93292618
2006-10-18,41.79999924,35.7618103
2006-10-19,41.90000153,35.84738159
2006-10-20,42,35.93292618
2006-10-23,42.43000031,36.30082321
2006-10-24,42.13999939,36.05270767
2006-10-25,42.43000031,36.30082321
2006-10-26,42.81999969,36.63447571
2006-10-27,42.20999908,36.1125946
2006-10-30,42.47999954,36.34357834
2006-10-31,42.58000183,36.429142
2006-11-01,42,35.93292618
2006-11-02,42.04000092,35.96715546
2006-11-03,41.93000031,35.87304306
2006-11-06,42.54000092,36.39492416
2006-11-07,42.83000183,36.64301682
2006-11-08,43.02999878,36.81414032
2006-11-09,42.83000183,36.64301682
2006-11-10,43.02999878,36.81414032
2006-11-13,43.47000122,37.19057465
2006-11-14,43.93000031,37.58412552
2006-11-15,44.11000061,37.73811722
2006-11-16,44.29999924,37.90067291
2006-11-17,44.29999924,37.90067291
2006-11-20,44.38999939,37.97767639
2006-11-21,44.45000076,38.02902222
2006-11-22,44.72999954,38.26856232
2006-11-24,44.65000153,38.20012665
2006-11-27,43.63999939,37.33602524
2006-11-28,43.77000046,37.44725418
2006-11-29,44.06999969,37.70391464
2006-11-30,44.04000092,37.67824173
2006-12-01,43.65999985,37.35313034
2006-12-04,44.25999832,37.86645508
2006-12-05,44.41999817,38.00335312
2006-12-06,44.25999832,37.86645508
2006-12-07,43.70000076,37.38734818
2006-12-08,43.90000153,37.55847168
2006-12-11,44.06000137,37.69533539
2006-12-12,43.79999924,37.47289658
2006-12-13,43.88000107,37.54135895
2006-12-14,44.36999893,37.96056366
2006-12-15,44.43000031,38.05821609
2006-12-18,43.99000168,37.68132401
2006-12-19,43.84999847,37.56138992
2006-12-20,43.68999863,37.42433548
2006-12-21,43.38000107,37.15880203
2006-12-22,42.93000031,36.77331924
2006-12-26,43.11000061,36.92752838
2006-12-27,43.33000183,37.11597824
2006-12-28,43.11999893,36.93608856
2006-12-29,43.15999985,36.97034454
2007-01-03,43.24000168,37.03888702
2007-01-04,44.06000137,37.74126434
2007-01-05,43.84999847,37.56138992
2007-01-08,43.88000107,37.58708954
2007-01-09,44.09999847,37.77553558
2007-01-10,44.61999893,38.22097015
2007-01-11,45.08000183,38.61501312
2007-01-12,45.31000137,38.81201935
2007-01-16,45.27999878,38.78631592
2007-01-17,44.90999985,38.46937561
2007-01-18,44.08000183,37.75840378
2007-01-19,44.16999817,37.83550644
2007-01-22,43.68999863,37.42433548
2007-01-23,43.58000183,37.33012009
2007-01-24,44.29999924,37.94685745
2007-01-25,43.72999954,37.45860291
2007-01-26,43.56999969,37.32154846
2007-01-29,43.61000061,37.35580826
2007-01-30,43.63000107,37.37293243
2007-01-31,44.06999969,37.74985123
2007-02-01,44,37.68989563
2007-02-02,44.15999985,37.82692337
2007-02-05,44.11999893,37.79267502
2007-02-06,44.06000137,37.74126434
2007-02-07,44.45999908,38.0839119
2007-02-08,44.45000076,38.07535172
2007-02-09,43.88000107,37.58708954
2007-02-12,43.70999908,37.44149399
2007-02-13,43.86000061,37.56997299
2007-02-14,44.59999847,38.20385361
2007-02-15,44.86000061,38.42654037
2007-02-16,44.70999908,38.29807281
2007-02-20,45.04999924,38.58930588
2007-02-21,45.18999863,38.70922089
2007-02-22,45.41999817,38.90622711
2007-02-23,45.25999832,38.76918793
2007-02-26,45.04000092,38.58073044
2007-02-27,43.18999863,36.99604416
2007-02-28,43.33000183,37.11597824
2007-03-01,43.13000107,36.94465256
2007-03-02,42.47999954,36.3878746
2007-03-05,42.15000153,36.10517883
2007-03-06,42.84999847,36.70480728
2007-03-07,42.68000031,36.55918884
2007-03-08,42.97000122,36.80760193
2007-03-09,42.93000031,36.77331924
2007-03-12,43.20999908,37.01318359
2007-03-13,42.36999893,36.2936554
2007-03-14,42.99000168,36.82472992
2007-03-15,42.88999939,36.73906708
2007-03-16,42.83000183,36.71077347
2007-03-19,43.27000046,37.08794403
2007-03-20,43.58000183,37.3536377
2007-03-21,44.41999817,38.07363129
2007-03-22,44.25999832,37.93647003
2007-03-23,44.11999893,37.81648636
2007-03-26,44.29999924,37.97075272
2007-03-27,43.99000168,37.70505142
2007-03-28,43.52000046,37.30221558
2007-03-29,43.56999969,37.34506607
2007-03-30,43.52999878,37.31076813
2007-04-02,43.59000015,37.36220551
2007-04-03,44.15999985,37.85076523
2007-04-04,44.34000015,38.00504684
2007-04-05,44.56000137,38.19361496
2007-04-09,44.45000076,38.09933472
2007-04-10,44.68000031,38.29646683
2007-04-11,44.20999908,37.89362335
2007-04-12,44.56000137,38.19361496
2007-04-13,44.65000153,38.2707634
2007-04-16,45.06000137,38.62218857
2007-04-17,45.15999985,38.70789337
2007-04-18,45.00999832,38.57932281
2007-04-19,45.15000153,38.69932556
2007-04-20,45.40000153,38.91360855
2007-04-23,45.47000122,38.97359467
2007-04-24,45.70000076,39.17075729
2007-04-25,46.31000137,39.69358444
2007-04-26,46.54999924,39.89931107
2007-04-27,46.56999969,39.91646194
2007-04-30,45.95999908,39.39360046
2007-05-01,45.91999817,39.35931778
2007-05-02,46.41999817,39.78787994
2007-05-03,46.59000015,39.93360519
2007-05-04,46.63000107,39.96787643
2007-05-07,46.63000107,39.96787643
2007-05-08,46.72999954,40.05358887
2007-05-09,46.83000183,40.13928604
2007-05-10,46.18999863,39.59072495
2007-05-11,46.77999878,40.09644699
2007-05-14,46.45999908,39.82215881
2007-05-15,46.09999847,39.51358414
2007-05-16,46.54999924,39.89931107
2007-05-17,46.33000183,39.71074295
2007-05-18,46.70999908,40.03646088
2007-05-21,47.00999832,40.29357529
2007-05-22,47.04999924,40.3278656
2007-05-23,46.83000183,40.13928604
2007-05-24,46.15999985,39.56504059
2007-05-25,46.45000076,39.81360245
2007-05-29,46.81000137,40.12216568
2007-05-30,47.18999863,40.44786453
2007-05-31,47.40999985,40.63643646
2007-06-01,47.43999863,40.66215897
2007-06-04,47.58000183,40.78215027
2007-06-05,47.58000183,40.78215027
2007-06-06,47.06999969,40.34500504
2007-06-07,46.34000015,39.71931839
2007-06-08,46.90999985,40.2078743
2007-06-11,46.81999969,40.13074493
2007-06-12,46.54000092,39.890728
2007-06-13,47.04999924,40.3278656
2007-06-14,47.36000061,40.59356689
2007-06-15,47.75999832,40.96844864
2007-06-18,47.77000046,40.97701263
2007-06-19,47.75999832,40.96844864
2007-06-20,47.31000137,40.58241272
2007-06-21,47.74000168,40.95127487
2007-06-22,47.29000092,40.5652771
2007-06-25,47.09000015,40.39372635
2007-06-26,46.81999969,40.16210175
2007-06-27,47.54000092,40.77972794
2007-06-28,47.52000046,40.76256561
2007-06-29,47.59999847,40.8311882
2007-07-02,48.02999878,41.20004654
2007-07-03,48.31000137,41.44021606
2007-07-05,48.65999985,41.74043655
2007-07-06,48.86000061,41.91199112
2007-07-09,48.88999939,41.93774796
2007-07-10,48.47999954,41.58605194
2007-07-11,48.81000137,41.86912537
2007-07-12,49.56000137,42.51246262
2007-07-13,49.90000153,42.8041153
2007-07-16,49.84999847,42.76122665
2007-07-17,50.22999954,43.08718491
2007-07-18,50.16999817,43.03572464
2007-07-19,50.31999969,43.16441345
2007-07-20,50.04999924,42.93278503
2007-07-23,50.06999969,42.94995117
2007-07-24,49.33000183,42.31516647
2007-07-25,49.40000153,42.37522507
2007-07-26,48.97999954,42.01495361
2007-07-27,47.99000168,41.16575241
2007-07-30,48.54999924,41.64609528
2007-07-31,47.52999878,40.77112961
2007-08-01,47.90000153,41.08853912
2007-08-02,48.34000015,41.46595001
2007-08-03,47.41999817,40.67679214
2007-08-06,47.97000122,41.14857483
2007-08-07,48.31000137,41.44021606
2007-08-08,48.84000015,41.89487839
2007-08-09,47.70999908,40.92554855
2007-08-10,47.27999878,40.55669022
2007-08-13,47.59999847,40.8311882
2007-08-14,46.79000092,40.13638306
2007-08-15,45.90000153,39.37293243
2007-08-16,45.45000076,38.98693466
2007-08-17,46.31000137,39.724617
2007-08-20,46.52999878,39.91334534
2007-08-21,47.02000046,40.33366776
2007-08-22,47.65999985,40.88267517
2007-08-23,47.52999878,40.77112961
2007-08-24,48.20000076,41.34586716
2007-08-27,47.88000107,41.0713768
2007-08-28,46.74000168,40.09348297
2007-08-29,48.08000183,41.24293137
2007-08-30,48.33000183,41.45738602
2007-08-31,48.86999893,41.92059326
2007-09-04,49.68000031,42.61540985
2007-09-05,49.18000031,42.18651962
2007-09-06,49.13999939,42.15218735
2007-09-07,48.22999954,41.37159348
2007-09-10,48.20000076,41.34586716
2007-09-11,48.93000031,41.97204971
2007-09-12,48.93999863,41.98064804
2007-09-13,49.18000031,42.18651962
2007-09-14,49.22000122,42.22081375
2007-09-17,48.81000137,41.86912537
2007-09-18,50.04000092,42.92420578
2007-09-19,50.16999817,43.03572464
2007-09-20,50.02999878,42.91565323
2007-09-21,50.36000061,43.22117233
2007-09-24,50.59000015,43.41857147
2007-09-25,51.06999969,43.83052826
2007-09-26,51.31999969,44.04508972
2007-09-27,51.58000183,44.26823807
2007-09-28,51.40999985,44.1223259
2007-10-01,52,44.62868881
2007-10-02,52.00999832,44.63726425
2007-10-03,51.65000153,44.32829666
2007-10-04,51.77000046,44.43128967
2007-10-05,52.81999969,45.33246231
2007-10-08,53.15000153,45.61568069
2007-10-09,53.38000107,45.8130722
2007-10-10,53.50999832,45.92463303
2007-10-11,52.65999985,45.19513321
2007-10-12,53.52999878,45.94180298
2007-10-15,53.11999893,45.58992386
2007-10-16,52.86999893,45.37535095
2007-10-17,53.54999924,45.95897293
2007-10-18,53.77999878,46.15637589
2007-10-19,52.43999863,45.00630188
2007-10-22,53.06999969,45.54701233
2007-10-23,54.18000031,46.49966431
2007-10-24,53.77000046,46.14779282
2007-10-25,53.04999924,45.52985001
2007-10-26,53.93000031,46.28511047
2007-10-29,54.15000153,46.4739151
2007-10-30,54.25999832,46.56831741
2007-10-31,55.02999878,47.22917557
2007-11-01,54,46.34519577
2007-11-02,54.41999817,46.70563126
2007-11-05,54.06999969,46.40526581
2007-11-06,54.68000031,46.92878723
2007-11-07,53.34999847,45.787323
2007-11-08,51.72999954,44.39697647
2007-11-09,50,42.91220093
2007-11-12,48.72999954,41.82223129
2007-11-13,50.74000168,43.54730606
2007-11-14,50.09000015,42.98945999
2007-11-15,49.81999969,42.75772858
2007-11-16,50.27999878,43.1525116
2007-11-19,49.70000076,42.65474319
2007-11-20,49.90000153,42.82638168
2007-11-21,49.31000137,42.32001114
2007-11-23,49.84000015,42.77489853
2007-11-26,48.97999954,42.03678894
2007-11-27,49.95999908,42.87787247
2007-11-28,51.47999954,44.18239975
2007-11-29,51.70000076,44.37122345
2007-11-30,51.31000137,44.0365181
2007-12-03,50.88000107,43.66744614
2007-12-04,50.66999817,43.48724365
2007-12-05,51.58000183,44.26823807
2007-12-06,52.31999969,44.90333939
2007-12-07,52.33000183,44.91190338
2007-12-10,52.54000092,45.09213257
2007-12-11,51.31999969,44.04508972
2007-12-12,51.77999878,44.43987656
2007-12-13,51.5,44.19955444
2007-12-14,50.97000122,43.74468994
2007-12-17,49.72999954,42.68046188
2007-12-18,49.88999939,42.8177948
2007-12-19,49.88000107,42.80921173
2007-12-20,50.90000153,43.68461609
2007-12-21,51.84999847,44.54632187
2007-12-24,52.24000168,44.88142014
2007-12-26,52.5,45.10477066
2007-12-27,51.86999893,44.56350708
2007-12-28,51.81999969,44.52056122
2007-12-31,51.22000122,44.00506592
2008-01-02,50.40999985,43.30918503
2008-01-03,50.61999893,43.48958969
2008-01-04,48.40000153,41.58230209
2008-01-07,48.16999817,41.38470459
2008-01-08,46.91999817,40.3107872
2008-01-09,47.91999817,41.16992188
2008-01-10,47.99000168,41.23007965
2008-01-11,47.04999924,40.42246628
2008-01-14,47.86999893,41.1269722
2008-01-15,46.54999924,39.99290085
2008-01-16,46.04999924,39.56330872
2008-01-17,45.40999985,39.01350403
2008-01-18,45.34999847,38.96194839
2008-01-22,44.18000031,37.95675278
2008-01-23,44.00999832,37.81066895
2008-01-24,44.90999985,38.5839119
2008-01-25,43.99000168,37.79350662
2008-01-28,44.33000183,38.08562469
2008-01-29,44.40999985,38.15433884
2008-01-30,44.36999893,38.11996078
2008-01-31,45.13000107,38.77292633
2008-02-01,45.59000015,39.16813278
2008-02-04,44.95000076,38.61828995
2008-02-05,43.66999817,37.51859665
2008-02-06,42.81000137,36.77972794
2008-02-07,43.11000061,37.03747559
2008-02-08,43.59999847,37.45843887
2008-02-11,44.06999969,37.8622551
2008-02-12,43.81999969,37.64746094
2008-02-13,44.77999878,38.47222519
2008-02-14,43.97000122,37.77632904
2008-02-15,43.81999969,37.64746094
2008-02-19,43.74000168,37.57872391
2008-02-20,43.93999863,37.75056458
2008-02-21,43.52000046,37.38972855
2008-02-22,43.68000031,37.52717209
2008-02-25,43.90000153,37.71618271
2008-02-26,44.06999969,37.8622551
2008-02-27,44.29000092,38.0512619
2008-02-28,44.11999893,37.90520477
2008-02-29,42.95000076,36.90000916
2008-03-03,42.66999817,36.6594429
2008-03-04,42.90999985,36.86563492
2008-03-05,43.11999893,37.04606628
2008-03-06,42.16999817,36.22986603
2008-03-07,42.06999969,36.14395142
2008-03-10,41.25999832,35.44804382
2008-03-11,42.83000183,36.7969017
2008-03-12,42.70999908,36.69381332
2008-03-13,43.04000092,36.97733307
2008-03-14,42.25,36.29860687
2008-03-17,41.47999954,35.63708496
2008-03-18,43.33000183,37.22647095
2008-03-19,42.25999832,36.30720139
2008-03-20,43.09000015,37.04921722
2008-03-24,44.58000183,38.33033371
2008-03-25,44.83000183,38.54528046
2008-03-26,44.70000076,38.43350601
2008-03-27,43.70999908,37.58229065
2008-03-28,43.49000168,37.39313889
2008-03-31,43.72000122,37.59088898
2008-04-01,45.59000015,39.19872284
2008-04-02,45.49000168,39.11276245
2008-04-03,45.59000015,39.19872284
2008-04-04,45.86000061,39.43087769
2008-04-07,45.75999832,39.34491348
2008-04-08,45.40999985,39.0439682
2008-04-09,44.90000153,38.60546494
2008-04-10,45.54000092,39.15574265
2008-04-11,44.27999878,38.07239532
2008-04-14,44.08000183,37.90042114
2008-04-15,44.13999939,37.95201492
2008-04-16,45.36999893,39.00958252
2008-04-17,45.27000046,38.9235878
2008-04-18,46.70999908,40.16173935
2008-04-21,47.04000092,40.44545746
2008-04-22,46.34000015,39.84358978
2008-04-23,46.84999847,40.28209305
2008-04-24,47.27000046,40.64323044
2008-04-25,47.15000153,40.54003525
2008-04-28,47.24000168,40.61742401
2008-04-29,47.59999847,40.92694855
2008-04-30,47.20999908,40.59164429
2008-05-01,48.70000076,41.87276077
2008-05-02,48.77000046,41.93293762
2008-05-05,48.63000107,41.81256485
2008-05-06,48.93000031,42.07049561
2008-05-07,48.04000092,41.30527496
2008-05-08,48.40000153,41.61479568
2008-05-09,48.20999908,41.45144272
2008-05-12,49.09000015,42.20808411
2008-05-13,49.22000122,42.31985092
2008-05-14,49.11000061,42.22527695
2008-05-15,49.97000122,42.96470642
2008-05-16,50.00999832,42.99909592
2008-05-19,49.65000153,42.68958664
2008-05-20,49.27000046,42.36284637
2008-05-21,48.18000031,41.42564011
2008-05-22,48.34999847,41.57182693
2008-05-23,48.20000076,41.44284821
2008-05-27,49.04999924,42.17367935
2008-05-28,49.25,42.3456459
2008-05-29,49.68999863,42.72395706
2008-05-30,50.00999832,42.99909592
2008-06-02,49.40000153,42.47462082
2008-06-03,49.13000107,42.24248886
2008-06-04,49.75999832,42.78414536
2008-06-05,50.54999924,43.46338654
2008-06-06,49.02999878,42.15649033
2008-06-09,48.77000046,41.93293762
2008-06-10,48.54000092,41.7351799
2008-06-11,47.36999893,40.72919464
2008-06-12,47.41999817,40.77218628
2008-06-13,48.36999893,41.58902359
2008-06-16,48.79999924,41.9587326
2008-06-17,48.54000092,41.7351799
2008-06-18,48.02000046,41.28807449
2008-06-19,48.77000046,41.93293762
2008-06-20,47.41999817,40.80062485
2008-06-23,47.04999924,40.48229218
2008-06-24,46.81000137,40.27579117
2008-06-25,47.56999969,40.92971039
2008-06-26,45.65000153,39.27772903
2008-06-27,45.65000153,39.27772903
2008-06-30,45.16999817,38.86471176
2008-07-01,45.81000137,39.41537094
2008-07-02,44.70999908,38.46892166
2008-07-03,44.63000107,38.40009689
2008-07-07,44.90000153,38.63240051
2008-07-08,45.97000122,39.55304718
2008-07-09,44.75,38.50333405
2008-07-10,45.27999878,38.95934296
2008-07-11,44.56000137,38.33987808
2008-07-14,44.22999954,38.05591965
2008-07-15,44.24000168,38.0645256
2008-07-16,45.34000015,39.01097107
2008-07-17,45.63999939,39.26910782
2008-07-18,44.59000015,38.36568069
2008-07-21,44.77999878,38.52914047
2008-07-22,44.77999878,38.52914047
2008-07-23,45.36999893,39.03680801
2008-07-24,44.68999863,38.45171738
2008-07-25,45.27000046,38.95074463
2008-07-28,44.41999817,38.21940994
2008-07-29,45.34000015,39.01097107
2008-07-30,45.56999969,39.20886612
2008-07-31,45.45999908,39.11423111
2008-08-01,44.88000107,38.6152153
2008-08-04,44.43000031,38.22800446
2008-08-05,45.93000031,39.51862717
2008-08-06,46.63000107,40.12091446
2008-08-07,46.27000046,39.81116486
2008-08-08,47.31999969,40.71461105
2008-08-11,47.75,41.08457184
2008-08-12,47.79999924,41.12759781
2008-08-13,47.70000076,41.04155731
2008-08-14,48.25,41.51477432
2008-08-15,48.15999985,41.43732071
2008-08-18,47.59999847,40.95549774
2008-08-19,47.00999832,40.44787216
2008-08-20,47.09000015,40.51670837
2008-08-21,46.86999893,40.32741165
2008-08-22,47.49000168,40.86086655
2008-08-25,46.49000168,40.00046158
2008-08-26,46.43000031,39.94882202
2008-08-27,46.72999954,40.20695496
2008-08-28,47.11000061,40.5338974
2008-08-29,46.11999893,39.6821022
2008-09-02,45.54999924,39.19165802
2008-09-03,45.11999893,38.82170105
2008-09-04,43.65999985,37.56550217
2008-09-05,43.45000076,37.38480759
2008-09-08,43.36999893,37.31597519
2008-09-09,42.45000076,36.52440262
2008-09-10,42.79999924,36.82556915
2008-09-11,43.59999847,37.5138588
2008-09-12,43.43000031,37.3676033
2008-09-15,42.08000183,36.20604324
2008-09-16,42.40999985,36.48997498
2008-09-17,40.20999908,34.59706879
2008-09-18,41.56999969,35.76724243
2008-09-19,42.90000153,36.93645859
2008-09-22,40.88000107,35.19726944
2008-09-23,40.56999969,34.93034744
2008-09-24,40.84999847,35.17142487
2008-09-25,41.5,35.73109436
2008-09-26,41.08000183,35.36945724
2008-09-29,37.81999969,32.56264114
2008-09-30,38.90999985,33.50111389
2008-10-01,38.5,33.14810562
2008-10-02,36.75,31.64137268
2008-10-03,36.18000031,31.15061378
2008-10-06,34.86000061,30.01410675
2008-10-07,32.65000153,28.11131859
2008-10-08,32.38999939,27.88746452
2008-10-09,31.52000046,27.13839149
2008-10-10,31.31999969,26.96621132
2008-10-13,35.13000107,30.24657631
2008-10-14,33.61000061,28.93787193
2008-10-15,30.60000038,26.34628868
2008-10-16,32.25999832,27.77553749
2008-10-17,32.29999924,27.80996704
2008-10-20,33.20000076,28.58486938
2008-10-21,31.47999954,27.10396767
2008-10-22,30.61000061,26.35489273
2008-10-23,30.48999977,26.25157738
2008-10-24,29.51000023,25.40781212
2008-10-27,28.69000053,24.70180321
2008-10-28,31.86000061,27.43114281
2008-10-29,31.78000069,27.36225319
2008-10-30,32.84000015,28.27490044
2008-10-31,32.88999939,28.31794357
2008-11-03,32.81999969,28.25768852
2008-11-04,33.75,29.05841064
2008-11-05,31.98999977,27.54306412
2008-11-06,30.55999947,26.31184578
2008-11-07,31.19000053,26.85428238
2008-11-10,30.77000046,26.49265289
2008-11-11,30.10000038,25.91579247
2008-11-12,28.70999908,24.71902084
2008-11-13,30.45999908,26.22575378
2008-11-14,28.97999954,24.95148659
2008-11-17,28.37000084,24.42627525
2008-11-18,28.34000015,24.40045166
2008-11-19,26.86000061,23.12618828
2008-11-20,25.55999947,22.00688934
2008-11-21,26.67000008,22.96260452
2008-11-24,28.29999924,24.36601257
2008-11-25,28.17000008,24.25408363
2008-11-26,29.35000038,25.27005386
2008-11-28,29.12000084,25.07202339
2008-12-01,26.93000031,23.18646812
2008-12-02,27.82999992,23.96134567
2008-12-03,28.62000084,24.64153099
2008-12-04,27.80999947,23.94413757
2008-12-05,28.94000053,24.9170475
2008-12-08,30.07999992,25.89857483
2008-12-09,30.01000023,25.83830643
2008-12-10,29.90999985,25.7522049
2008-12-11,29.09000015,25.04619408
2008-12-12,29.68000031,25.55417061
2008-12-15,29.15999985,25.10646057
2008-12-16,30.55999947,26.31184578
2008-12-17,30.19000053,25.99328613
2008-12-18,29.65999985,25.53696251
2008-12-19,29.86000061,25.74648094
2008-12-22,29.20999908,25.18602371
2008-12-23,29.05999947,25.05669785
2008-12-24,29.13999939,25.12566948
2008-12-26,29.12999916,25.11704445
2008-12-29,28.88999939,24.91010857
2008-12-30,29.48999977,25.42745972
2008-12-31,29.73999977,25.64301491
2009-01-02,31.03000069,26.75530624
2009-01-05,31.02000046,26.74668121
2009-01-06,31.32999992,27.01396561
2009-01-07,30.44000053,26.24658585
2009-01-08,30.76000023,26.52249718
2009-01-09,30.06999969,25.92755508
2009-01-12,29.52000046,25.45332527
2009-01-13,29.53000069,25.46194458
2009-01-14,28.62999916,24.68593025
2009-01-15,29.10000038,25.09118271
2009-01-16,29.42000008,25.36709023
2009-01-20,27.95999908,24.10822296
2009-01-21,29.14999962,25.1342926
2009-01-22,28.76000023,24.79801178
2009-01-23,28.89999962,24.91872787
2009-01-26,29.11000061,25.09980583
2009-01-27,29.31999969,25.28087044
2009-01-28,30.35000038,26.16897964
2009-01-29,29.57999992,25.50504875
2009-01-30,29.05999947,25.05669785
2009-02-02,29.40999985,25.35847282
2009-02-03,29.87000084,25.75510025
2009-02-04,29.90999985,25.78959084
2009-02-05,30.56999969,26.3586731
2009-02-06,31.37000084,27.04846573
2009-02-09,31.5,27.16055107
2009-02-10,30.34000015,26.16035652
2009-02-11,30.20000076,26.03964043
2009-02-12,30.56999969,26.3586731
2009-02-13,30.43000031,26.23796654
2009-02-17,29.21999931,25.19464684
2009-02-18,29.23999977,25.21189499
2009-02-19,28.79000092,24.82389069
2009-02-20,28.87000084,24.89286804
2009-02-23,27.86000061,24.0220108
2009-02-24,28.78000069,24.81526566
2009-02-25,28.59000015,24.65144157
2009-02-26,27.79000092,23.96165085
2009-02-27,27.53000069,23.73746109
2009-03-02,26.63999939,22.97006798
2009-03-03,26.62000084,22.95282555
2009-03-04,27.32999992,23.56501579
2009-03-05,26.51000023,22.85797882
2009-03-06,26.29999924,22.67690659
2009-03-09,25.73999977,22.19405937
2009-03-10,27.32999992,23.56501579
2009-03-11,27.75,23.92716026
2009-03-12,28.67000008,24.72042084
2009-03-13,28.73999977,24.78077888
2009-03-16,28.26000023,24.36689949
2009-03-17,29.32999992,25.28949547
2009-03-18,29.70000076,25.60853004
2009-03-19,29.68000031,25.59127045
2009-03-20,29.18000031,25.20176888
2009-03-23,30.89999962,26.6872673
2009-03-24,30.32999992,26.19497681
2009-03-25,30.46999931,26.3158989
2009-03-26,31.40999985,27.12774086
2009-03-27,30.81999969,26.61816597
2009-03-30,30.05999947,25.9617939
2009-03-31,30.31999969,26.18634224
2009-04-01,30.77000046,26.57499504
2009-04-02,31.76000023,27.43002892
2009-04-03,32.34999847,27.93958092
2009-04-06,32.27000046,27.87049675
2009-04-07,31.42000008,27.13638306
2009-04-08,31.95000076,27.59412193
2009-04-09,32.93999863,28.44913864
2009-04-13,32.88999939,28.40596581
2009-04-14,32.49000168,28.06050301
2009-04-15,32.40000153,27.9827652
2009-04-16,33.24000168,28.70825195
2009-04-17,33.31000137,28.76870537
2009-04-20,32.24000168,27.84458351
2009-04-21,32.68999863,28.23323441
2009-04-22,32.79000092,28.31960297
2009-04-23,33.11000061,28.59598351
2009-04-24,33.68999863,29.09689522
2009-04-27,33.72999954,29.13144493
2009-04-28,33.47999954,28.91552353
2009-04-29,33.93999863,29.31280518
2009-04-30,34.27999878,29.60646057
2009-05-01,34.36999893,29.68418312
2009-05-04,35.04999924,30.27148438
2009-05-05,35.02000046,30.24556351
2009-05-06,35.02999878,30.25421906
2009-05-07,34.20999908,29.54599953
2009-05-08,34.22999954,29.56328011
2009-05-11,34.34999847,29.66692162
2009-05-12,33.93000031,29.30418587
2009-05-13,33.02000046,28.51823807
2009-05-14,33.38999939,28.83778763
2009-05-15,33.36999893,28.8205204
2009-05-18,34.24000168,29.57192612
2009-05-19,34.40000153,29.7101059
2009-05-20,34.27999878,29.60646057
2009-05-21,33.65000153,29.06235123
2009-05-22,33.54000092,28.96735954
2009-05-26,34.79000092,30.04693031
2009-05-27,34.54999924,29.83964157
2009-05-28,34.95000076,30.18511772
2009-05-29,35.38000107,30.55648804
2009-06-01,36.38999939,31.42879677
2009-06-02,36.43999863,31.47197151
2009-06-03,36.33000183,31.37698174
2009-06-04,36.74000168,31.7310791
2009-06-05,36.77999878,31.76561546
2009-06-08,36.66999817,31.67061615
2009-06-09,36.95000076,31.91244888
2009-06-10,36.81999969,31.80017853
2009-06-11,36.81999969,31.80017853
2009-06-12,36.65000153,31.65335655
2009-06-15,35.90000153,31.00559998
2009-06-16,35.54999924,30.70330429
2009-06-17,35.88999939,30.99697304
2009-06-18,35.81999969,30.93651199
2009-06-19,36.15999985,31.26855278
2009-06-22,35.08000183,30.33465767
2009-06-23,35,30.26548767
2009-06-24,35.59000015,30.77565575
2009-06-25,36.29000092,31.38097763
2009-06-26,36.36999893,31.45016098
2009-06-29,36.45000076,31.51932526
2009-06-30,36.38000107,31.45879555
2009-07-01,36.40000153,31.47608948
2009-07-02,35.59999847,30.78431892
2009-07-06,35.40999985,30.61999893
2009-07-07,34.52999878,29.85905457
2009-07-08,34.70999908,30.01469994
2009-07-09,34.77000046,30.06659317
2009-07-10,34.91999817,30.1962986
2009-07-13,35.59000015,30.77565575
2009-07-14,35.72000122,30.88807869
2009-07-15,36.91999817,31.92574883
2009-07-16,37.36000061,32.30624008
2009-07-17,37.56000137,32.47918701
2009-07-20,37.91999817,32.79047012
2009-07-21,38.18000031,33.01531219
2009-07-22,38.5,33.29204178
2009-07-23,39.34999847,34.02705002
2009-07-24,39.04999924,33.7676239
2009-07-27,39.34999847,34.02705002
2009-07-28,39.08000183,33.7935791
2009-07-29,39.34000015,34.01839066
2009-07-30,39.56999969,34.21727371
2009-07-31,39.45000076,34.11351013
2009-08-03,40.04000092,34.62371445
2009-08-04,40.04000092,34.62371445
2009-08-05,39.72999954,34.35564041
2009-08-06,39.38000107,34.0529747
2009-08-07,39.88000107,34.48535156
2009-08-10,39.59999847,34.24322891
2009-08-11,39.25999832,33.94923019
2009-08-12,39.86999893,34.47669983
2009-08-13,40.09000015,34.66693497
2009-08-14,39.63000107,34.26917267
2009-08-17,38.47999954,33.27475739
2009-08-18,39.02999878,33.75032806
2009-08-19,39.29999924,33.98381424
2009-08-20,39.75999832,34.38159561
2009-08-21,40.29000092,34.8398819
2009-08-24,40.25,34.80529785
2009-08-25,40.36999893,34.90906525
2009-08-26,40.29999924,34.84854126
2009-08-27,40.40000153,34.93499756
2009-08-28,40.43999863,34.96960068
2009-08-31,40.02999878,34.6150589
2009-09-01,39.27999878,33.9665184
2009-09-02,39.25,33.9405632
2009-09-03,39.50999832,34.1653862
2009-09-04,40.36000061,34.90042877
2009-09-08,40.74000168,35.22901154
2009-09-09,41.09000015,35.53167343
2009-09-10,41.47999954,35.86891556
2009-09-11,41.52000046,35.90351105
2009-09-14,41.68000031,36.0418663
2009-09-15,41.81000137,36.15429306
2009-09-16,42.41999817,36.68175888
2009-09-17,42.40999985,36.67311478
2009-09-18,42.43999863,36.73455429
2009-09-21,42.56999969,36.8470993
2009-09-22,42.65000153,36.91633606
2009-09-23,42.45000076,36.74321747
2009-09-24,42.06999969,36.41431046
2009-09-25,41.70000076,36.09405518
2009-09-28,42.40999985,36.70859909
2009-09-29,42.22000122,36.54413986
2009-09-30,42.25,36.57011032
2009-10-01,41,35.48813629
2009-10-02,40.88000107,35.38430405
2009-10-05,41.20999908,35.66992188
2009-10-06,41.93999863,36.3017807
2009-10-07,42.06000137,36.40565491
2009-10-08,42.24000168,36.56146622
2009-10-09,42.47999954,36.7691803
2009-10-12,42.56999969,36.8470993
2009-10-13,42.58000183,36.85574341
2009-10-14,43.15999985,37.35776901
2009-10-15,43.06000137,37.27121353
2009-10-16,42.77999878,37.028862
2009-10-19,43.20999908,37.40106583
2009-10-20,43.22000122,37.4097023
2009-10-21,43.13999939,37.34046936
2009-10-22,43.31000137,37.48761368
2009-10-23,43.13000107,37.33180618
2009-10-26,42.99000168,37.21062851
2009-10-27,42.34000015,36.6480217
2009-10-28,41.38999939,35.82572556
2009-10-29,42.09000015,36.43160629
2009-10-30,40.95999908,35.45353699
2009-11-02,41.13000107,35.60070038
2009-11-03,41.25999832,35.71319962
2009-11-04,41.33000183,35.77378464
2009-11-05,42.34999847,36.65667343
2009-11-06,42.59999847,36.87306976
2009-11-09,43.50999832,37.6607132
2009-11-10,43.61999893,37.75592041
2009-11-11,43.90000153,37.99829102
2009-11-12,43.65000153,37.78190994
2009-11-13,44.00999832,38.09348679
2009-11-16,44.45999908,38.48300552
2009-11-17,44.59999847,38.60418701
2009-11-18,44.34999847,38.38779068
2009-11-19,43.65999985,37.79055405
2009-11-20,43.43999863,37.60012054
2009-11-23,44.13999939,38.20602798
2009-11-24,43.99000168,38.07619476
2009-11-25,44.18000031,38.24064255
2009-11-27,43.50999832,37.6607132
2009-11-30,43.56000137,37.7040062
2009-12-01,44.00999832,38.09348679
2009-12-02,44.06999969,38.14543915
2009-12-03,43.88999939,37.98962402
2009-12-04,44.11999893,38.1887207
2009-12-07,43.90999985,38.00692368
2009-12-08,43.63999939,37.77323914
2009-12-09,44.08000183,38.15409851
2009-12-10,44.29999924,38.3445015
2009-12-11,44.13000107,38.19736099
2009-12-14,44.54999924,38.56089783
2009-12-15,44.29999924,38.3445015
2009-12-16,44.36000061,38.3964386
2009-12-17,43.81999969,37.92904282
2009-12-18,44.45999908,38.54721451
2009-12-21,44.95999908,38.98072052
2009-12-22,45.22999954,39.21480942
2009-12-23,45.56000137,39.50093842
2009-12-24,45.97999954,39.86508179
2009-12-28,46.22000122,40.07314682
2009-12-29,46.02999878,39.90841293
2009-12-30,46.16999817,40.02981949
2009-12-31,45.75,39.66566086
2010-01-04,46.41999817,40.24656296
2010-01-05,46.41999817,40.24656296
2010-01-06,46.13999939,40.00380325
2010-01-07,46.16999817,40.02981949
2010-01-08,46.54999924,40.35926437
2010-01-11,46.36000061,40.19453049
2010-01-12,45.77999878,39.69166183
2010-01-13,46.34999847,40.18586349
2010-01-14,46.38999939,40.22055817
2010-01-15,45.84999847,39.75237274
2010-01-19,46.59000015,40.39395523
2010-01-20,45.91999817,39.81306076
2010-01-21,45.49000168,39.44024658
2010-01-22,44.15999985,38.287117
2010-01-25,44.31000137,38.41717148
2010-01-26,44.34999847,38.45184708
2010-01-27,44.70000076,38.75530624
2010-01-28,43.54999924,37.75823593
2010-01-29,42.79000092,37.09931946
2010-02-01,43.25999832,37.50679398
2010-02-02,43.65000153,37.84494781
2010-02-03,43.88999939,38.05302048
2010-02-04,42.61999893,36.95191574
2010-02-05,42.97999954,37.26405716
2010-02-08,42.66999817,36.9952774
2010-02-09,43.11000061,37.37678146
2010-02-10,43.02000046,37.29872894
2010-02-11,43.66999817,37.86229706
2010-02-12,43.75999832,37.94029999
2010-02-16,44.31999969,38.42583466
2010-02-17,44.56999969,38.64258575
2010-02-18,44.84999847,38.88536072
2010-02-19,44.83000183,38.86800766
2010-02-22,44.74000168,38.78998566
2010-02-23,44.15999985,38.287117
2010-02-24,44.61000061,38.6772728
2010-02-25,44.59999847,38.66860199
2010-02-26,44.75999832,38.80732346
2010-03-01,45.40999985,39.37088776
2010-03-02,45.54999924,39.49225616
2010-03-03,45.59999847,39.53561401
2010-03-04,45.75,39.66566086
2010-03-05,46.43999863,40.26390076
2010-03-08,46.52999878,40.3419342
2010-03-09,46.79000092,40.56735611
2010-03-10,47.16999817,40.89681244
2010-03-11,47.34999847,41.05288315
2010-03-12,47.36000061,41.06154633
2010-03-15,47.24000168,40.9575119
2010-03-16,47.54000092,41.21760941
2010-03-17,47.66999817,41.33031845
2010-03-18,47.83000183,41.46902084
2010-03-19,47.49000168,41.21821594
2010-03-22,47.91999817,41.59141159
2010-03-23,48.25,41.87783432
2010-03-24,48.02000046,41.67821503
2010-03-25,47.95000076,41.61746979
2010-03-26,48,41.66085052
2010-03-29,48.22999954,41.86048508
2010-03-30,48.38999939,41.99935532
2010-03-31,48.15999985,41.79970551
2010-04-01,48.15999985,41.79970551
2010-04-05,48.61000061,42.19029617
2010-04-06,48.75,42.31180573
2010-04-07,48.63000107,42.20766068
2010-04-08,48.74000168,42.30312729
2010-04-09,49.02999878,42.55483246
2010-04-12,49.06999969,42.58953857
2010-04-13,49.31999969,42.80653763
2010-04-14,49.90999985,43.31860733
2010-04-15,50.13000107,43.50957489
2010-04-16,49.52999878,42.98878479
2010-04-19,49.5,42.96275711
2010-04-20,49.75,43.17973328
2010-04-21,50.02999878,43.42277908
2010-04-22,50.31000137,43.66578674
2010-04-23,50.52000046,43.84804916
2010-04-26,50.40999985,43.75258255
2010-04-27,49.34000015,42.8238945
2010-04-28,49.36999893,42.84993362
2010-04-29,50.22999954,43.59635544
2010-04-30,49.24000168,42.73710632
2010-05-03,49.93000031,43.33596802
2010-05-04,48.43000031,42.03407288
2010-05-05,48.18000031,41.81708908
2010-05-06,46.56999969,40.41971588
2010-05-07,45.40999985,39.41291809
2010-05-10,47.77000046,41.46123123
2010-05-11,47.72000122,41.41783524
2010-05-12,48.61999893,42.19896698
2010-05-13,47.84999847,41.53066254
2010-05-14,46.93000031,40.73215103
2010-05-17,47.08000183,40.86235428
2010-05-18,46.43000031,40.29819489
2010-05-19,46.06000137,39.97705841
2010-05-20,44.34999847,38.49289322
2010-05-21,44.84000015,38.91818237
2010-05-24,44.65999985,38.76194382
2010-05-25,44.70000076,38.79667282
2010-05-26,44.20000076,38.36271286
2010-05-27,45.86999893,39.81215668
2010-05-28,45.59999847,39.57781601
2010-06-01,45.18000031,39.21328354
2010-06-02,46.25,40.14196777
2010-06-03,46.68999863,40.52386093
2010-06-04,45.09000015,39.13518524
2010-06-07,44.27000046,38.42345047
2010-06-08,44.18999863,38.35402298
2010-06-09,43.81999969,38.03286743
2010-06-10,45.06999969,39.11781693
2010-06-11,45.5,39.49102783
2010-06-14,45.49000168,39.4823494
2010-06-15,46.70999908,40.5412178
2010-06-16,46.90000153,40.7061348
2010-06-17,47.04999924,40.83633041
2010-06-18,47,40.87023926
2010-06-21,46.59999847,40.52240753
2010-06-22,46.24000168,40.20935059
2010-06-23,46.04999924,40.04413223
2010-06-24,45.34999847,39.43542862
2010-06-25,45.27000046,39.44327927
2010-06-28,45.11000061,39.30387497
2010-06-29,43.36999893,37.78780746
2010-06-30,42.70999908,37.21277237
2010-07-01,42.59000015,37.10821152
2010-07-02,42.47000122,37.00366974
2010-07-06,42.59999847,37.11693192
2010-07-07,43.95999908,38.30189514
2010-07-08,44.20000076,38.51100159
2010-07-09,44.61999893,38.87693405
2010-07-12,44.75,38.99020386
2010-07-13,45.33000183,39.49554825
2010-07-14,45.56000137,39.69594574
2010-07-15,45.59999847,39.730793
2010-07-16,44.34000015,38.63297653
2010-07-19,44.72000122,38.96406555
2010-07-20,45.25999832,39.43455887
2010-07-21,44.63999939,38.89435196
2010-07-22,45.77000046,39.87890625
2010-07-23,46.06000137,40.1315918
2010-07-26,46.43999863,40.46269608
2010-07-27,46.41999817,40.44524765
2010-07-28,46.04999924,40.12286758
2010-07-29,45.70999908,39.82663727
2010-07-30,45.81000137,39.91376114
2010-08-02,46.66999817,40.66308594
2010-08-03,46.47000122,40.48881531
2010-08-04,46.93999863,40.89831543
2010-08-05,46.83000183,40.80249023
2010-08-06,46.75999832,40.74149704
2010-08-09,47.08000183,41.02030182
2010-08-10,46.66999817,40.66308594
2010-08-11,45.40000153,39.55655289
2010-08-12,45.04000092,39.24287796
2010-08-13,44.72000122,38.96406555
2010-08-16,44.79999924,39.03376389
2010-08-17,45.36999893,39.53040314
2010-08-18,45.54999924,39.68722916
2010-08-19,44.86000061,39.08603668
2010-08-20,44.91999817,39.13832855
2010-08-23,44.47999954,38.75495911
2010-08-24,43.65000153,38.03178024
2010-08-25,44.06999969,38.39771652
2010-08-26,43.54000092,37.93594742
2010-08-27,44.06999969,38.39771652
2010-08-30,43.61000061,37.99692535
2010-08-31,43.45999908,37.86623001
2010-09-01,44.75999832,38.99891281
2010-09-02,45.25999832,39.43455887
2010-09-03,46.00999832,40.08802032
2010-09-07,45.70000076,39.81793213
2010-09-08,46.25,40.2971344
2010-09-09,46.43000031,40.45396042
2010-09-10,46.59999847,40.60209656
2010-09-13,47.25,41.16842651
2010-09-14,47.45000076,41.34267807
2010-09-15,47.75,41.60406494
2010-09-16,47.93999863,41.76960373
2010-09-17,47.99000168,41.91109467
2010-09-20,48.83000183,42.64469528
2010-09-21,48.81999969,42.63594055
2010-09-22,48.68999863,42.52242661
2010-09-23,48.66999817,42.50495148
2010-09-24,49.65999985,43.36955261
2010-09-27,49.38999939,43.13375854
2010-09-28,49.36999893,43.11629105
2010-09-29,49.29000092,43.04641342
2010-09-30,49.06999969,42.85427475
2010-10-01,49.00999832,42.80188751
2010-10-04,48.47999954,42.33901215
2010-10-05,49.65999985,43.36955261
2010-10-06,49.22999954,42.99403381
2010-10-07,49.40999985,43.15122604
2010-10-08,49.75,43.44815063
2010-10-11,49.77000046,43.46563339
2010-10-12,50.11000061,43.76255798
2010-10-13,50.52000046,44.12060928
2010-10-14,50.41999817,44.03327942
2010-10-15,51.49000168,44.96775436
2010-10-18,51.29999924,44.8018074
2010-10-19,50.81999969,44.38261414
2010-10-20,51.18999863,44.70575333
2010-10-21,51.29000092,44.79306793
2010-10-22,51.63999939,45.09875107
2010-10-25,51.88999939,45.31707382
2010-10-26,52.02999878,45.43935013
2010-10-27,52.18999863,45.5790863
2010-10-28,52.29999924,45.67514038
2010-10-29,52.18000031,45.5703392
2010-11-01,52.22000122,45.6052742
2010-11-02,52.77999878,46.09433746
2010-11-03,53.02000046,46.303936
2010-11-04,53.66999817,46.87161636
2010-11-05,53.66999817,46.87161636
2010-11-08,53.74000168,46.932724
2010-11-09,53.45000076,46.67946243
2010-11-10,53.72000122,46.91527176
2010-11-11,53.38000107,46.61834335
2010-11-12,52.50999832,45.85853195
2010-11-15,52.31000137,45.68387222
2010-11-16,51.45000076,44.93281174
2010-11-17,51.59999847,45.0638237
2010-11-18,52.43000031,45.78868103
2010-11-19,52.47000122,45.82361221
2010-11-22,52.90999985,46.20785522
2010-11-23,52.06999969,45.4742775
2010-11-24,53.11999893,46.39127731
2010-11-26,52.77000046,46.08560181
2010-11-29,52.72999954,46.05068588
2010-11-30,52.09000015,45.49174118
2010-12-01,53.18999863,46.45239258
2010-12-02,53.72999954,46.92401505
2010-12-03,53.86999893,47.04627228
2010-12-06,53.84999847,47.02882385
2010-12-07,53.88000107,47.05500793
2010-12-08,54.08000183,47.22967148
2010-12-09,54.13000107,47.27332687
2010-12-10,54.49000168,47.58774948
2010-12-13,54.29999924,47.42180252
2010-12-14,54.40000153,47.50912857
2010-12-15,54.15999985,47.29953766
2010-12-16,54.58000183,47.66632843
2010-12-17,54.52000046,47.70835114
2010-12-20,54.56000137,47.74334335
2010-12-21,54.88999939,48.03209686
2010-12-22,54.88000107,48.02336502
2010-12-23,54.74000168,47.90085983
2010-12-27,54.77000046,47.92710114
2010-12-28,54.66999817,47.83958817
2010-12-29,54.79000092,47.94460297
2010-12-30,54.65999985,47.83084869
2010-12-31,54.45999908,47.65582657
2011-01-03,55.31000137,48.3996315
2011-01-04,55.27000046,48.36465073
2011-01-05,55.74000168,48.77590942
2011-01-06,55.91999817,48.93342972
2011-01-07,55.86999893,48.88967514
2011-01-10,56.08000183,49.07343674
2011-01-11,56.15999985,49.14344025
2011-01-12,56.56000137,49.49346924
2011-01-13,56.58000183,49.51096725
2011-01-14,57,49.87849045
2011-01-18,57.15999985,50.01850891
2011-01-19,56.50999832,49.4496994
2011-01-20,56.11000061,49.09967804
2011-01-21,55.68000031,48.72341156
2011-01-24,56.45000076,49.39720535
2011-01-25,56.52999878,49.46721649
2011-01-26,56.83000183,49.72971725
2011-01-27,57.18000031,50.03600693
2011-01-28,55.72999954,48.76716995
2011-01-31,56,49.00343323
2011-02-01,57.04999924,49.92224121
2011-02-02,56.95999908,49.84348679
2011-02-03,57.06000137,49.93097687
2011-02-04,57.38000107,50.21101379
2011-02-07,57.65000153,50.44729614
2011-02-08,58.02999878,50.77981186
2011-02-09,57.93000031,50.6923027
2011-02-10,58.02000046,50.7710495
2011-02-11,58.43999863,51.13859177
2011-02-14,58.58000183,51.26110077
2011-02-15,58.5,51.191082
2011-02-16,58.88000107,51.52359009
2011-02-17,58.86000061,51.50609589
2011-02-18,58.72999954,51.39234161
2011-02-22,57.02999878,49.90475082
2011-02-23,56.56000137,49.49346924
2011-02-24,56.86000061,49.75598145
2011-02-25,57.65000153,50.44729614
2011-02-28,57.77000046,50.55229187
2011-03-01,56.84000015,49.73848724
2011-03-02,57.13999939,50.00099564
2011-03-03,58.27000046,50.98982239
2011-03-04,57.97000122,50.72729874
2011-03-07,57.18999863,50.0447464
2011-03-08,57.41999817,50.2460022
2011-03-09,57.02999878,49.90475082
2011-03-10,56.13999939,49.12591553
2011-03-11,56.49000168,49.43222046
2011-03-14,56.29000092,49.25719833
2011-03-15,55.49000168,48.55714417
2011-03-16,54.15000153,47.38457108
2011-03-17,54.65000153,47.82209396
2011-03-18,54.45000076,47.71430588
2011-03-21,55.5,48.63441849
2011-03-22,55.40000153,48.54679871
2011-03-23,55.70999908,48.81844711
2011-03-24,56.70000076,49.68599319
2011-03-25,56.84000015,49.80866623
2011-03-28,56.52999878,49.53701401
2011-03-29,57.08000183,50.01897049
2011-03-30,57.34999847,50.25556564
2011-03-31,57.43000031,50.32566833
2011-04-01,57.45999908,50.35197067
2011-04-04,57.27000046,50.18546677
2011-04-05,57.11999893,50.05403137
2011-04-06,57.25999832,50.17671585
2011-04-07,57.22000122,50.14166641
2011-04-08,56.95000076,49.90504837
2011-04-11,56.75999832,49.73854065
2011-04-12,56.36999893,49.39680862
2011-04-13,56.84999847,49.81742477
2011-04-14,56.75,49.7297821
2011-04-15,56.65000153,49.64216232
2011-04-18,56.25,49.29164505
2011-04-19,56.59999847,49.59835815
2011-04-20,57.88000107,50.72000885
2011-04-21,58.34000015,51.12310791
2011-04-25,58.49000168,51.25453186
2011-04-26,58.81999969,51.54372025
2011-04-27,59.22000122,51.89424515
2011-04-28,59.13000107,51.81538391
2011-04-29,59.08000183,51.77156448
2011-05-02,58.97000122,51.6751709
2011-05-03,58.68999863,51.42980957
2011-05-04,58.59999847,51.35094452
2011-05-05,58.27999878,51.07053757
2011-05-06,58.47000122,51.23702621
2011-05-09,58.68999863,51.42980957
2011-05-10,59.18999863,51.86795425
2011-05-11,58.75999832,51.4911499
2011-05-12,59.11000061,51.79785538
2011-05-13,58.40999985,51.18445206
2011-05-16,57.40000153,50.29938889
2011-05-17,57.56000137,50.43960571
2011-05-18,58.04000092,50.8602066
2011-05-19,58.20999908,51.00916672
2011-05-20,57.77000046,50.62361908
2011-05-23,56.91999817,49.87876892
2011-05-24,56.56999969,49.57204819
2011-05-25,56.79000092,49.76484299
2011-05-26,57.13999939,50.07154465
2011-05-27,57.43000031,50.32566833
2011-05-31,58.36000061,51.14063644
2011-06-01,57.09000015,50.02772903
2011-06-02,57.20999908,50.13289642
2011-06-03,56.34999847,49.37927246
2011-06-06,55.88999939,48.97618103
2011-06-07,55.79000092,48.88855362
2011-06-08,55.38999939,48.5380249
2011-06-09,55.49000168,48.62565613
2011-06-10,54.63999939,47.88080978
2011-06-13,54.63999939,47.88080978
2011-06-14,55.34000015,48.49422836
2011-06-15,54.29000092,47.57411575
2011-06-16,54.08000183,47.39009094
2011-06-17,53.79000092,47.24166107
2011-06-20,54.06999969,47.48757172
2011-06-21,55.22999954,48.50636673
2011-06-22,54.83000183,48.155056
2011-06-23,55.34000015,48.60297394
2011-06-24,54.38000107,47.7598381
2011-06-27,55.25,48.52391434
2011-06-28,56.06999969,49.24408722
2011-06-29,56.29999924,49.44608688
2011-06-30,57.04999924,50.10478592
2011-07-01,57.90999985,50.86009598
2011-07-05,58.20000076,51.11479187
2011-07-06,58.38999939,51.28165817
2011-07-07,59.18999863,51.98426056
2011-07-08,59.02999878,51.84373856
2011-07-11,57.95999908,50.90400696
2011-07-12,57.52000046,50.51757431
2011-07-13,57.75999832,50.72835159
2011-07-14,57.09000015,50.13991165
2011-07-15,57.84999847,50.80740356
2011-07-18,57.54000092,50.53513718
2011-07-19,58.84999847,51.68566132
2011-07-20,58.59999847,51.46609497
2011-07-21,58.99000168,51.80862808
2011-07-22,59.59999847,52.34435654
2011-07-25,59.47999954,52.23897171
2011-07-26,59.63000107,52.37070465
2011-07-27,58.09000015,51.01818848
2011-07-28,58.18999863,51.10600662
2011-07-29,58,50.93912506
2011-08-01,57.72999954,50.70201874
2011-08-02,56.27000046,49.41975784
2011-08-03,56.81000137,49.89400482
2011-08-04,54.16999817,47.57540894
2011-08-05,53.83000183,47.27678299
2011-08-08,50.59000015,44.43122482
2011-08-09,53.02999878,46.57416916
2011-08-10,50.86000061,44.66835785
2011-08-11,53.09999847,46.63565063
2011-08-12,53.56999969,47.0484314
2011-08-15,54.36000061,47.74226761
2011-08-16,53.90000153,47.33826447
2011-08-17,53.58000183,47.05722809
2011-08-18,50.95000076,44.74740219
2011-08-19,50.02999878,43.93940735
2011-08-22,50.20999908,44.09747696
2011-08-23,52.27999878,45.9154892
2011-08-24,52.68999863,46.27557755
2011-08-25,51.83000183,45.52027512
2011-08-26,53.13000107,46.66200256
2011-08-29,54.61000061,47.96184158
2011-08-30,54.97000122,48.27801132
2011-08-31,55.06000137,48.35704803
2011-09-01,54.56000137,47.91792297
2011-09-02,53.27999878,46.79374695
2011-09-06,53.29000092,46.80252838
2011-09-07,54.63999939,47.98818207
2011-09-08,54.38999939,47.76860809
2011-09-09,53.18000031,46.70591354
2011-09-12,53.86000061,47.30314255
2011-09-13,54.58000183,47.93547821
2011-09-14,55.36000061,48.62053299
2011-09-15,56.18000031,49.3406868
2011-09-16,56.59000015,49.79295731
2011-09-19,56.61000061,49.81056213
2011-09-20,56.36000061,49.59058762
2011-09-21,55.38000107,48.72829819
2011-09-22,53.58000183,47.14448166
2011-09-23,54.15000153,47.64604187
2011-09-26,54.77999878,48.20036697
2011-09-27,55.34999847,48.70189285
2011-09-28,54.52999878,47.98038864
2011-09-29,53.88000107,47.40844727
2011-09-30,52.49000168,46.18541336
2011-10-03,51.13999939,44.99754715
2011-10-04,52.18999863,45.92144775
2011-10-05,53.52999878,47.10050583
2011-10-06,54.43000031,47.89239502
2011-10-07,54.06999969,47.57564163
2011-10-10,55.93999863,49.22103882
2011-10-11,56.31999969,49.55538559
2011-10-12,56.59999847,49.80176926
2011-10-13,57.11999893,50.25931549
2011-10-14,58.18000031,51.19197845
2011-10-17,57.27999878,50.40010452
2011-10-18,57.99000168,51.02481842
2011-10-19,56.86999893,50.03932953
2011-10-20,56.59000015,49.79295731
2011-10-21,57.29999924,50.41768646
2011-10-24,58.49000168,51.4647522
2011-10-25,57.34000015,50.45288849
2011-10-26,57.27000046,50.3912735
2011-10-27,58.84999847,51.78151703
2011-10-28,58.93999863,51.86069489
2011-10-31,57.95000076,50.98960495
2011-11-01,56.43999863,49.66098785
2011-11-02,56.91999817,50.08333206
2011-11-03,58.09999847,51.12159729
2011-11-04,57.79999924,50.85762024
2011-11-07,58.20999908,51.2183876
2011-11-08,58.88000107,51.80789948
2011-11-09,56.81000137,49.98653412
2011-11-10,56.77999878,49.96014023
2011-11-11,57.84999847,50.90162277
2011-11-14,57.49000168,50.58486938
2011-11-15,58.13000107,51.147995
2011-11-16,57.16999817,50.30329895
2011-11-17,55.83000183,49.12424469
2011-11-18,55.40000153,48.74589157
2011-11-21,54.34000015,47.81320572
2011-11-22,54.52000046,47.97158051
2011-11-23,53.29000092,46.88931656
2011-11-25,52.88000107,46.52859116
2011-11-28,54.72000122,48.14758682
2011-11-29,54.38000107,47.84841156
2011-11-30,56.38999939,49.61699295
2011-12-01,56.77999878,49.96014023
2011-12-02,56.61999893,49.81935501
2011-12-05,57.24000168,50.3649025
2011-12-06,57.08000183,50.22412872
2011-12-07,57.08000183,50.22412872
2011-12-08,56.11999893,49.37940979
2011-12-09,57.02000046,50.17131424
2011-12-12,56.38000107,49.60820007
2011-12-13,55.75999832,49.0626564
2011-12-14,54.88999939,48.29714966
2011-12-15,54.74000168,48.16517639
2011-12-16,54.86000061,48.41315079
2011-12-19,54.31999969,47.93660736
2011-12-20,55.93000031,49.35741425
2011-12-21,55.13000107,48.65143204
2011-12-22,55.59999847,49.06618118
2011-12-23,56.08000183,49.48979187
2011-12-27,56.24000168,49.67438507
2011-12-28,55.59000015,49.10025787
2011-12-29,55.99000168,49.45357513
2011-12-30,55.83000183,49.31225204
2012-01-03,56.90000153,50.25735092
2012-01-04,57.13999939,50.46930313
2012-01-05,57.61000061,50.88444901
2012-01-06,57.81000137,51.06110001
2012-01-09,57.61999893,50.89326096
2012-01-10,58.04000092,51.26423645
2012-01-11,58.15999985,51.37024689
2012-01-12,58.38999939,51.57338333
2012-01-13,58.18000031,51.38788986
2012-01-17,58.70999908,51.85601807
2012-01-18,59.49000168,52.54497147
2012-01-19,59.86000061,52.87177277
2012-01-20,59.77000046,52.79228973
2012-01-23,59.79000092,52.80994415
2012-01-24,59.68000031,52.71278763
2012-01-25,60.43000031,53.3752327
2012-01-26,60.22000122,53.18974686
2012-01-27,60.40000153,53.34874725
2012-01-30,60.45000076,53.39289856
2012-01-31,60.52999878,53.46354675
2012-02-01,61.02000046,53.89634705
2012-02-02,61.20999908,54.06418228
2012-02-03,62.04999924,54.80608749
2012-02-06,62,54.76193237
2012-02-07,62.13000107,54.87677765
2012-02-08,62.45999908,55.16823578
2012-02-09,62.90999985,55.5657196
2012-02-10,62.47000122,55.17708206
2012-02-13,63.04999924,55.68937302
2012-02-14,63.20999908,55.83069992
2012-02-15,62.77000046,55.44206238
2012-02-16,63.63000107,56.20164871
2012-02-17,63.43000031,56.02500916
2012-02-21,63.61000061,56.18398666
2012-02-22,63.31999969,55.92783737
2012-02-23,63.74000168,56.2988205
2012-02-24,63.95999908,56.49313354
2012-02-27,64.05000305,56.57262421
2012-02-28,64.69999695,57.14673615
2012-02-29,64.41000366,56.89060593
2012-03-01,64.91999817,57.34106445
2012-03-02,64.87000275,57.29689407
2012-03-05,64.19999695,56.7050972
2012-03-06,63.56999969,56.14865112
2012-03-07,64.05999756,56.58145905
2012-03-08,64.75,57.19088364
2012-03-09,65.01999664,57.42935944
2012-03-12,65.05000305,57.4558754
2012-03-13,66.26000214,58.5246048
2012-03-14,66.48999786,58.72774506
2012-03-15,66.68000031,58.89558792
2012-03-16,66.51999664,58.85401154
2012-03-19,66.98999786,59.26984406
2012-03-20,67.11000061,59.37599564
2012-03-21,67.12000275,59.38486481
2012-03-22,66.98000336,59.26099396
2012-03-23,66.94000244,59.2256012
2012-03-26,68.11000061,60.26076889
2012-03-27,68.20999908,60.34922409
2012-03-28,67.94000244,60.11035919
2012-03-29,67.68000031,59.88033295
2012-03-30,67.55000305,59.76529694
2012-04-02,68.25,60.38465118
2012-04-03,68.23000336,60.36691666
2012-04-04,67.30000305,59.54412842
2012-04-05,67.72000122,59.91573334
2012-04-09,67.20999908,59.46448135
2012-04-10,66.12999725,58.50893402
2012-04-11,66.44999695,58.79207993
2012-04-12,67.20999908,59.46448135
2012-04-13,66.19000244,58.56203461
2012-04-16,65.44999695,57.90732574
2012-04-17,66.77999878,59.0840416
2012-04-18,66.61000061,58.93361664
2012-04-19,65.86000061,58.27006149
2012-04-20,65.68000031,58.11079788
2012-04-23,65.08000183,57.57995987
2012-04-24,64.73000336,57.270298
2012-04-25,66.44999695,58.79207993
2012-04-26,66.83999634,59.13713455
2012-04-27,67.23999786,59.49101639
2012-04-30,66.76000214,59.06634521
2012-05-01,66.87000275,59.16366577
2012-05-02,67.05999756,59.33177567
2012-05-03,66.34999847,58.70358658
2012-05-04,64.69999695,57.2437439
2012-05-07,64.76000214,57.29683685
2012-05-08,64.51999664,57.0844841
2012-05-09,64.31999969,56.90753174
2012-05-10,64.19000244,56.79251862
2012-05-11,64.18000031,56.78366852
2012-05-14,63.58000183,56.25282288
2012-05-15,63.36999893,56.06702805
2012-05-16,62.93999863,55.68658066
2012-05-17,61.61000061,54.50984573
2012-05-18,60.81000137,53.80205154
2012-05-21,62.50999832,55.3061142
2012-05-22,62.43999863,55.24419785
2012-05-23,62.56000137,55.35036469
2012-05-24,62.15000153,54.98760223
2012-05-25,62.06999969,54.91683578
2012-05-29,62.86000061,55.61579132
2012-05-30,62.33000183,55.1468811
2012-05-31,62.06000137,54.90798187
2012-06-01,60.40999985,53.44815445
2012-06-04,60.86999893,53.85514069
2012-06-05,61.11999893,54.07631683
2012-06-06,62.52000046,55.31498337
2012-06-07,62.27000046,55.09379196
2012-06-08,62.86999893,55.62464523
2012-06-11,61.81000137,54.68680191
2012-06-12,62.56000137,55.35036469
2012-06-13,62.13000107,54.96993256
2012-06-14,62.36000061,55.17342758
2012-06-15,62.99000168,55.85890579
2012-06-18,63.58000183,56.38210678
2012-06-19,64.23999786,56.96738052
2012-06-20,64.29000092,57.01173019
2012-06-21,62.68999863,55.59286118
2012-06-22,63.34999847,56.17816162
2012-06-25,62.13000107,55.09625626
2012-06-26,62.52000046,55.4421196
2012-06-27,62.90000153,55.77909851
2012-06-28,62.20000076,55.15834045
2012-06-29,64.16000366,56.89645386
2012-07-02,64.34999847,57.06493378
2012-07-03,64.88999939,57.54380035
2012-07-05,64.93000031,57.57926941
2012-07-06,64.12000275,56.86096954
2012-07-09,64,56.75456619
2012-07-10,63.36999893,56.19589615
2012-07-11,63.02000046,55.88550949
2012-07-12,62.43000031,55.36229706
2012-07-13,63.38000107,56.20474243
2012-07-16,63.20000076,56.0451355
2012-07-17,63.52999878,56.33776474
2012-07-18,64.38999939,57.10041809
2012-07-19,65.09999847,57.73002243
2012-07-20,64.23999786,56.96738052
2012-07-23,63.45999908,56.27568054
2012-07-24,62.95999908,55.83229828
2012-07-25,62.54000092,55.45985413
2012-07-26,63.36999893,56.19589615
2012-07-27,64.87000275,57.52606964
2012-07-30,64.81999969,57.4817276
2012-07-31,64.80000305,57.46399307
2012-08-01,64.61000061,57.29549789
2012-08-02,64.37999725,57.09154129
2012-08-03,65.59999847,58.1734314
2012-08-06,66.09999847,58.6168251
2012-08-07,66.65000153,59.10456085
2012-08-08,66.62000275,59.07797241
2012-08-09,66.81999969,59.25530624
2012-08-10,66.86000061,59.2907753
2012-08-13,67.01999664,59.43266678
2012-08-14,67.05000305,59.45927048
2012-08-15,67.22000122,59.61001205
2012-08-16,68.01999664,60.31947708
2012-08-17,68.31999969,60.58547974
2012-08-20,68.41999817,60.67416763
2012-08-21,68.15000153,60.43473434
2012-08-22,68.43000031,60.68302536
2012-08-23,67.87000275,60.18642807
2012-08-24,68.29000092,60.55888748
2012-08-27,68.40000153,60.65645218
2012-08-28,68.40000153,60.65645218
2012-08-29,68.40000153,60.65645218
2012-08-30,67.70999908,60.04455948
2012-08-31,68.16000366,60.4435997
2012-09-04,68.08999634,60.38151932
2012-09-05,68.01999664,60.31947708
2012-09-06,69.52999878,61.65849304
2012-09-07,69.43000031,61.56983566
2012-09-10,68.54000092,60.78057861
2012-09-11,68.43000031,60.68302536
2012-09-12,68.62999725,60.86040878
2012-09-13,69.55999756,61.68509674
2012-09-14,70.18000031,62.2349205
2012-09-17,70.20999908,62.2615242
2012-09-18,70.26999664,62.31471634
2012-09-19,70.40000153,62.43001175
2012-09-20,70.33000183,62.36793137
2012-09-21,70.15000153,62.38574219
2012-09-24,69.73999786,62.02108383
2012-09-25,68.76000214,61.14956284
2012-09-26,68.19999695,60.65156555
2012-09-27,69.13999939,61.4875145
2012-09-28,68.56999969,60.98061752
2012-10-01,68.47000122,60.89166641
2012-10-02,68.66999817,61.06952667
2012-10-03,69.11000061,61.46083069
2012-10-04,69.34999847,61.67427063
2012-10-05,68.98000336,61.34522629
2012-10-08,68.34999847,60.78495789
2012-10-09,67.26000214,59.81559753
2012-10-10,66.91999817,59.51321793
2012-10-11,66.70999908,59.32646561
2012-10-12,66.68000031,59.29978943
2012-10-15,67.16999817,59.73558426
2012-10-16,68.12000275,60.58041382
2012-10-17,68.08000183,60.54484177
2012-10-18,67.29000092,59.84227753
2012-10-19,65.68000031,58.41047287
2012-10-22,66.01999664,58.71286774
2012-10-23,65.38999939,58.15254974
2012-10-24,65.16000366,57.94803238
2012-10-25,65.16000366,57.94803238
2012-10-26,65.34999847,58.11701584
2012-10-31,64.94999695,57.76126862
2012-11-01,65.87000275,58.57943726
2012-11-02,65.16999817,57.95693207
2012-11-05,65.59999847,58.33932877
2012-11-06,65.72000122,58.44604111
2012-11-07,64.16999817,57.06758499
2012-11-08,63.15999985,56.169384
2012-11-09,63.43000031,56.40950012
2012-11-12,63.41999817,56.40060806
2012-11-13,62.97999954,56.00931168
2012-11-14,62.24000168,55.35121918
2012-11-15,62.02999878,55.16445541
2012-11-16,62.29999924,55.40456772
2012-11-19,63.77999878,56.72077942
2012-11-20,63.79999924,56.73855972
2012-11-21,63.93000031,56.85416794
2012-11-23,64.90000153,57.7168045
2012-11-26,65.18000031,57.96580887
2012-11-27,64.95999908,57.77014923
2012-11-28,65.51999664,58.2681694
2012-11-29,65.91000366,58.61504364
2012-11-30,65.80000305,58.51717758
2012-12-03,65.66999817,58.40156937
2012-12-04,65.62999725,58.36601639
2012-12-05,64.90000153,57.7168045
2012-12-06,65.31999969,58.09031296
2012-12-07,64.93000031,57.74348068
2012-12-10,65.12000275,57.91244888
2012-12-11,65.97000122,58.66837692
2012-12-12,65.83000183,58.54386902
2012-12-13,65.30999756,58.08141708
2012-12-14,64.69000244,57.53003311
2012-12-17,65.55000305,58.29485703
2012-12-18,66.55000305,59.18416595
2012-12-19,66.26000214,58.92627335
2012-12-20,66.26000214,58.92627335
2012-12-21,65.19999695,58.30654907
2012-12-24,65.06999969,58.19028854
2012-12-26,64.5,57.68057251
2012-12-27,64.40000153,57.59113312
2012-12-28,63.77999878,57.03667831
2012-12-31,65.12999725,58.24393082
2013-01-02,67.19999695,60.09509277
2013-01-03,66.84999847,59.78210831
2013-01-04,66.62999725,59.58534622
2013-01-07,66.65000153,59.60325241
2013-01-08,66.51999664,59.48698425
2013-01-09,66.76999664,59.7105484
2013-01-10,67.16999817,60.0682869
2013-01-11,67.26000214,60.14874649
2013-01-14,66.95999908,59.88047028
2013-01-15,66.62999725,59.58534622
2013-01-16,66.90000153,59.82680511
2013-01-17,67.22000122,60.112957
2013-01-18,67.06999969,59.97883606
2013-01-22,67.18000031,60.07720566
2013-01-23,67.58999634,60.44384766
2013-01-24,66.66000366,59.61216736
2013-01-25,67,59.9162178
2013-01-28,67.15000153,60.05036926
2013-01-29,67.16000366,60.0593071
2013-01-30,67.01999664,59.93413162
2013-01-31,66.87000275,59.79998779
2013-02-01,67.66000366,60.50645065
2013-02-04,66.48000336,59.45120239
2013-02-05,67.45999908,60.32759094
2013-02-06,67.23999786,60.13085938
2013-02-07,67.30000305,60.18450928
2013-02-08,67.98999786,60.80156708
2013-02-11,68.01000214,60.8194313
2013-02-12,67.73000336,60.56905365
2013-02-13,67.97000122,60.78367996
2013-02-14,67.94999695,60.76578903
2013-02-15,67.75,60.58693695
2013-02-19,68.23999786,61.02513123
2013-02-20,67.19000244,60.08613586
2013-02-21,66.47000122,59.44228363
2013-02-22,67.13999939,60.04146194
2013-02-25,66.30999756,59.29918671
2013-02-26,66.55999756,59.52275085
2013-02-27,67.23999786,60.13085938
2013-02-28,67.09999847,60.0056572
2013-03-01,67.37999725,60.25605392
2013-03-04,67.68000031,60.52433777
2013-03-05,68.68000031,61.41862869
2013-03-06,68.51000214,61.26659775
2013-03-07,68.69000244,61.42753601
2013-03-08,68.76999664,61.49907303
2013-03-11,68.97000122,61.67795563
2013-03-12,68.72000122,61.45437622
2013-03-13,68.62999725,61.37390137
2013-03-14,68.86000061,61.57958221
2013-03-15,68.51000214,61.40838623
2013-03-18,68.36000061,61.2739296
2013-03-19,68.23000336,61.15739441
2013-03-20,68.70999908,61.58765411
2013-03-21,67.93000031,60.88850403
2013-03-22,68.58999634,61.48007965
2013-03-25,68.33999634,61.25598526
2013-03-26,68.70999908,61.58765411
2013-03-27,68.80000305,61.66830444
2013-03-28,68.97000122,61.82070923
2013-04-01,68.5,61.39941025
2013-04-02,69.04000092,61.88343811
2013-04-03,68.41000366,61.31876373
2013-04-04,68.43000031,61.33666229
2013-04-05,67.86000061,60.8257637
2013-04-08,68.22000122,61.14846039
2013-04-09,68.68000031,61.56077576
2013-04-10,70.01999664,62.76185989
2013-04-11,69.98999786,62.73497009
2013-04-12,69.94000244,62.69015884
2013-04-15,68.55999756,61.45320892
2013-04-16,69.47000122,62.2688942
2013-04-17,68.11000061,61.04985428
2013-04-18,67.16999817,60.20730591
2013-04-19,68.08999634,61.03191757
2013-04-22,68.79000092,61.65937805
2013-04-23,69.44999695,62.25091171
2013-04-24,69.41999817,62.22405243
2013-04-25,69.79000092,62.55570221
2013-04-26,69.56999969,62.35851669
2013-04-29,70.20999908,62.93216705
2013-04-30,70.72000122,63.38928604
2013-05-01,70.38999939,63.09349823
2013-05-02,71.27999878,63.89122009
2013-05-03,72.12000275,64.64417267
2013-05-06,72.40000153,64.89517212
2013-05-07,72.36000061,64.85927582
2013-05-08,72.70999908,65.17301178
2013-05-09,72.61000061,65.08338165
2013-05-10,73.05000305,65.47777557
2013-05-13,73.13999939,65.55845642
2013-05-14,73.51999664,65.89905548
2013-05-15,73.66999817,66.0335083
2013-05-16,73.58999634,65.96178436
2013-05-17,74.30000305,66.59818268
2013-05-20,74.19000244,66.49962616
2013-05-21,74.26999664,66.57131195
2013-05-22,73.62000275,65.98866272
2013-05-23,73.44999695,65.83631134
2013-05-24,73.41000366,65.80047607
2013-05-28,73.88999939,66.23069
2013-05-29,73.54000092,65.91696167
2013-05-30,73.93000031,66.26656342
2013-05-31,73.25,65.6570282
2013-06-03,73.37999725,65.77355957
2013-06-04,73,65.43296814
2013-06-05,72.05000305,64.58143616
2013-06-06,72.40000153,64.89517212
2013-06-07,73.38999939,65.78251648
2013-06-10,73.41999817,65.80943298
2013-06-11,72.69000244,65.15509796
2013-06-12,71.84999847,64.40215302
2013-06-13,72.76000214,65.21780396
2013-06-14,72.27999878,64.78759766
2013-06-17,72.98000336,65.4150238
2013-06-18,73.58000183,65.95282745
2013-06-19,72.76000214,65.21780396
2013-06-20,71.02999878,63.66717529
2013-06-21,70.43000031,63.32906342
2013-06-24,69.73000336,62.69965744
2013-06-25,70.23999786,63.15820312
2013-06-26,70.87000275,63.72471237
2013-06-27,71.16999817,63.99446869
2013-06-28,71.26999664,64.0843811
2013-07-01,71.70999908,64.48001099
2013-07-02,71.73999786,64.50700378
2013-07-03,72.02999878,64.76777649
2013-07-05,72.58000183,65.26232147
2013-07-08,72.65000153,65.32524109
2013-07-09,73.08999634,65.72083282
2013-07-10,73.51000214,66.09854889
2013-07-11,74.97000122,67.41132355
2013-07-12,75.30000305,67.70804596
2013-07-15,75.47000122,67.86093903
2013-07-16,75.37000275,67.77100372
2013-07-17,75.55999756,67.94184875
2013-07-18,75.37000275,67.77100372
2013-07-19,74.58999634,67.06965637
2013-07-22,74.80999756,67.26745605
2013-07-23,74.26000214,66.7729187
2013-07-24,74.5,66.98872375
2013-07-25,74.97000122,67.41132355
2013-07-26,75.37000275,67.77100372
2013-07-29,75.23000336,67.64512634
2013-07-30,75.62999725,68.00479126
2013-07-31,75.76999664,68.13070679
2013-08-01,76.54000092,68.82302856
2013-08-02,76.97000122,69.20970154
2013-08-05,77.01999664,69.25465393
2013-08-06,76.55999756,68.84104919
2013-08-07,76.41999817,68.71513367
2013-08-08,76.80000305,69.05683136
2013-08-09,76.48999786,68.77805328
2013-08-12,76.66999817,68.93993378
2013-08-13,77.09999847,69.3265686
2013-08-14,76.80999756,69.0657959
2013-08-15,75.51000214,67.89691162
2013-08-16,75.48000336,67.86990356
2013-08-19,75.34999847,67.75300598
2013-08-20,75.68000031,68.04975128
2013-08-21,75.41999817,67.81594849
2013-08-22,76.16000366,68.4813385
2013-08-23,76.66999817,68.93993378
2013-08-26,76.70999908,68.97592163
2013-08-27,75.13999939,67.56420135
2013-08-28,75.43000031,67.82493591
2013-08-29,75.95999908,68.30153656
2013-08-30,75.47000122,67.86093903
2013-09-03,75.90000153,68.24756622
2013-09-04,76.70999908,68.97592163
2013-09-05,76.83999634,69.09277344
2013-09-06,76.93000031,69.17372131
2013-09-09,77.83000183,69.98299408
2013-09-10,78.20999908,70.32465363
2013-09-11,78.05999756,70.1897583
2013-09-12,78.01000214,70.14484406
2013-09-13,78.05999756,70.1897583
2013-09-16,77.84999847,70.00098419
2013-09-17,78.37000275,70.46855164
2013-09-18,79.30999756,71.31375885
2013-09-19,79.5,71.48459625
2013-09-20,78.98999786,71.23928833
2013-09-23,78.83000183,71.09499359
2013-09-24,78.83000183,71.09499359
2013-09-25,78.55999756,70.85149384
2013-09-26,79.16999817,71.40161133
2013-09-27,79.06999969,71.3114624
2013-09-30,78.87999725,71.14009857
2013-10-01,79.68000031,71.86160278
2013-10-02,79.65000153,71.83454132
2013-10-03,78.72000122,70.99581909
2013-10-04,79.40000153,71.60906219
2013-10-07,78.73999786,71.01383972
2013-10-08,77.22000122,69.64298248
2013-10-09,76.98000336,69.42651367
2013-10-10,78.61000061,70.8965683
2013-10-11,79.23000336,71.45573425
2013-10-14,79.79000092,71.96081543
2013-10-15,79.48000336,71.68122864
2013-10-16,80.37999725,72.4928894
2013-10-17,80.83999634,72.90778351
2013-10-18,82.15000153,74.0892334
2013-10-21,82.33000183,74.25159454
2013-10-22,82.44999695,74.35979462
2013-10-23,81.94999695,73.90883636
2013-10-24,82.30999756,74.23352814
2013-10-25,82.90000153,74.76565552
2013-10-28,82.91999817,74.78369141
2013-10-29,83.05999756,74.90994263
2013-10-30,82.98000336,74.83779907
2013-10-31,82.79000092,74.66642761
2013-11-01,82.80999756,74.68445587
2013-11-04,82.93000031,74.79268646
2013-11-05,83.01999664,74.87384033
2013-11-06,83,74.85583496
2013-11-07,81.44000244,73.44889832
2013-11-08,82.54000092,74.44094849
2013-11-11,82.41000366,74.32371521
2013-11-12,82.54000092,74.44094849
2013-11-13,83.54000092,75.34284973
2013-11-14,83.80000305,75.57732391
2013-11-15,83.95999908,75.72163391
2013-11-18,83.13999939,74.98208618
2013-11-19,82.90000153,74.76565552
2013-11-20,82.69999695,74.58529663
2013-11-21,83.54000092,75.34284973
2013-11-22,83.98999786,75.748703
2013-11-25,84.19000244,75.92906189
2013-11-26,84.62999725,76.32587433
2013-11-27,85.22000122,76.85798645
2013-11-29,85.73000336,77.31797028
2013-12-02,85.48000336,77.09247589
2013-12-03,85.41000366,77.02935791
2013-12-04,85.48999786,77.10150146
2013-12-05,85.37999725,77.00229645
2013-12-06,86,77.5614624
2013-12-09,86.34999847,77.87712097
2013-12-10,86.29000092,77.82302094
2013-12-11,85.18000031,76.82192993
2013-12-12,84.95999908,76.62348175
2013-12-13,84.84999847,76.52429962
2013-12-16,85.31999969,76.94818115
2013-12-17,85.15000153,76.79486084
2013-12-18,86.13999939,77.68774414
2013-12-19,85.90000153,77.47128296
2013-12-20,86.5,78.26022339
2013-12-23,87.41000366,79.08352661
2013-12-24,87.44999695,79.11972046
2013-12-26,87.73999786,79.38204956
2013-12-27,87.51999664,79.18302917
2013-12-30,87.38999939,79.06544495
2013-12-31,87.95999908,79.58112335
2014-01-02,87.26999664,78.9568634
2014-01-03,86.63999939,78.38687134
2014-01-06,86.31999969,78.09734344
2014-01-07,87.12000275,78.82117462
2014-01-08,87.30999756,78.99305725
2014-01-09,87.01999664,78.73069
2014-01-10,87.30000305,78.98400879
2014-01-13,86.01000214,77.81686401
2014-01-14,87.65000153,79.3006897
2014-01-15,88.37000275,79.9520874
2014-01-16,88.37999725,79.96115112
2014-01-17,87.87999725,79.50873566
2014-01-21,88.55000305,80.1149292
2014-01-22,88.77999878,80.32304382
2014-01-23,88.48000336,80.05156708
2014-01-24,86.73999786,78.47735596
2014-01-27,85.90000153,77.71736145
2014-01-28,85.84999847,77.67212677
2014-01-29,84.93000031,76.83975983
2014-01-30,86.5,78.26022339
2014-01-31,86.26999664,78.05211639
2014-02-03,84.29000092,76.26071167
2014-02-04,84.91000366,76.82167053
2014-02-05,84.69000244,76.62260437
2014-02-06,85.76999664,77.59973907
2014-02-07,87.30000305,78.98400879
2014-02-10,87.80000305,79.43637085
2014-02-11,88.80000305,80.34111786
2014-02-12,88.97000122,80.49491882
2014-02-13,89.62999725,81.09204102
2014-02-14,89.80999756,81.25489044
2014-02-18,90.25,81.65298462
2014-02-19,89.62999725,81.09204102
2014-02-20,90.05000305,81.47202301
2014-02-21,89.93000031,81.36347961
2014-02-24,90.41000366,81.79776764
2014-02-25,90.30999756,81.70730591
2014-02-26,90.23000336,81.63489532
2014-02-27,90.44000244,82.16457367
2014-02-28,90.33999634,82.07372284
2014-03-03,89.66999817,81.46498871
2014-03-04,90.80999756,82.50069427
2014-03-05,91.05999756,82.72780609
2014-03-06,90.98000336,82.65514374
2014-03-07,90.52999878,82.246315
2014-03-10,90.61000061,82.31900024
2014-03-11,90.22000122,81.96465302
2014-03-12,90.55999756,82.27359009
2014-03-13,89.27999878,81.11069489
2014-03-14,88.66999817,80.5565033
2014-03-17,89.44999695,81.26513672
2014-03-18,90.52999878,82.246315
2014-03-19,90.04000092,81.80114746
2014-03-20,90.29000092,82.02826691
2014-03-21,89,81.04124451
2014-03-24,88.22000122,80.33098602
2014-03-25,88.51000214,80.59503937
2014-03-26,87.37000275,79.55699921
2014-03-27,86.87999725,79.11078644
2014-03-28,87.05000305,79.26557159
2014-03-31,87.66999817,79.83016968
2014-04-01,89.20999908,81.23245239
2014-04-02,89.44000244,81.44186401
2014-04-03,88.73000336,80.79534149
2014-04-04,86.37000275,78.64643097
2014-04-07,85.55000305,77.89971161
2014-04-08,86.33999634,78.61907959
2014-04-09,87.81999969,79.96672821
2014-04-10,85.09999847,77.4899826
2014-04-11,84.11000061,76.58848572
2014-04-14,84.76999664,77.18946838
2014-04-15,85.05000305,77.44447327
2014-04-16,86.18000031,78.47341919
2014-04-17,86.19999695,78.49160767
2014-04-21,86.83999634,79.0743866
2014-04-22,87.52999878,79.70267487
2014-04-23,86.76000214,79.00152588
2014-04-24,87.58999634,79.75728607
2014-04-25,86.19000244,78.4825058
2014-04-28,86.47000122,78.73744965
2014-04-29,87.16000366,79.36577606
2014-04-30,87.38999939,79.57518768
2014-05-01,87.65000153,79.81195831
2014-05-02,87.48999786,79.66625214
2014-05-05,87.94999695,80.08509827
2014-05-06,86.80999756,79.04705811
2014-05-07,86.55999756,78.8194046
2014-05-08,86.48000336,78.74659729
2014-05-09,86.80000305,79.03797913
2014-05-12,88.23000336,80.34008026
2014-05-13,88.29000092,80.39466858
2014-05-14,87.83000183,79.97584534
2014-05-15,87.13999939,79.34755707
2014-05-16,87.70999908,79.86655426
2014-05-19,88.31999969,80.42201233
2014-05-20,88,80.13061523
2014-05-21,88.83999634,80.89554596
2014-05-22,89.23000336,81.25064087
2014-05-23,89.87999725,81.84255219
2014-05-27,91,82.86235809
2014-05-28,90.72000122,82.60742188
2014-05-29,91.30000305,83.13556671
2014-05-30,91.30999756,83.14466095
2014-06-02,91.22000122,83.06266022
2014-06-03,91.18000031,83.02626038
2014-06-04,91.51999664,83.33586884
2014-06-05,92.29000092,84.03702545
2014-06-06,92.81999969,84.5196228
2014-06-09,92.75,84.45587921
2014-06-10,92.91000366,84.60154724
2014-06-11,92.88999939,84.58335876
2014-06-12,92.05000305,83.81845856
2014-06-13,92.31999969,84.06433105
2014-06-16,92.40000153,84.13716125
2014-06-17,92.44999695,84.18273163
2014-06-18,92.97000122,84.65619659
2014-06-19,92.91000366,84.60154724
2014-06-20,92.76999664,84.70109558
2014-06-23,92.79000092,84.71932983
2014-06-24,92.69999695,84.63717651
2014-06-25,93.29000092,85.17584991
2014-06-26,93.33999634,85.22151947
2014-06-27,93.75,85.5958252
2014-06-30,93.91000366,85.74192047
2014-07-01,94.94000244,86.68237305
2014-07-02,95.09999847,86.82843781
2014-07-03,95.69999695,87.3762207
2014-07-07,95.41000366,87.11147308
2014-07-08,94.26000214,86.06149292
2014-07-09,94.95999908,86.70059967
2014-07-10,94.66000366,86.42671204
2014-07-11,95.26999664,86.98361969
2014-07-14,95.83999634,87.50405121
2014-07-15,95.51000214,87.20278931
2014-07-16,95.88999939,87.54970551
2014-07-17,94.62000275,86.39015961
2014-07-18,96.12000275,87.75970459
2014-07-21,96,87.65013123
2014-07-22,96.61000061,88.20708466
2014-07-23,97.23000336,88.77316284
2014-07-24,97.12000275,88.67275238
2014-07-25,96.73999786,88.32577515
2014-07-28,96.76999664,88.35316467
2014-07-29,96.59999847,88.1979599
2014-07-30,96.98000336,88.5449295
2014-07-31,95.01999664,86.75534821
2014-08-01,94.66999817,86.43584442
2014-08-04,95.31999969,87.02929688
2014-08-05,94.58999634,86.36279297
2014-08-06,94.51999664,86.2988739
2014-08-07,94.22000122,86.02497101
2014-08-08,94.90000153,86.64582825
2014-08-11,95.45999908,87.15712738
2014-08-12,95.41999817,87.12058258
2014-08-13,96.43000031,88.04275513
2014-08-14,96.93000031,88.49925232
2014-08-15,97.40000153,88.92838287
2014-08-18,98.15000153,89.61315918
2014-08-19,98.69999695,90.11528778
2014-08-20,98.69999695,90.11528778
2014-08-21,98.90000153,90.29792786
2014-08-22,99.05000305,90.43488312
2014-08-25,99.40000153,90.75440216
2014-08-26,99.5,90.84573364
2014-08-27,99.51999664,90.86396027
2014-08-28,99.41000366,90.76358032
2014-08-29,99.77999878,91.10137939
2014-09-02,100.0699997,91.36616516
2014-09-03,99.48000336,90.82746887
2014-09-04,99.38999939,90.74532318
2014-09-05,99.88999939,91.20181274
2014-09-08,100.0800018,91.3752594
2014-09-09,99.25,90.61750031
2014-09-10,100.0699997,91.36616516
2014-09-11,99.98999786,91.29309845
2014-09-12,99.48000336,90.82746887
2014-09-15,98.51999664,89.95095825
2014-09-16,99.37999725,90.73618317
2014-09-17,99.52999878,90.87313843
2014-09-18,100.2799988,91.55788422
2014-09-19,99.98000336,91.50113678
2014-09-22,99.05000305,90.65001678
2014-09-23,98.77999878,90.40288544
2014-09-24,99.83999634,91.37301636
2014-09-25,97.73999786,89.45107269
2014-09-26,98.77999878,90.40288544
2014-09-29,98.65000153,90.28394318
2014-09-30,98.79000092,90.41207886
2014-10-01,97.20999908,88.96607208
2014-10-02,97.20999908,88.96607208
2014-10-03,98.16999817,89.84462738
2014-10-06,97.95999908,89.65248108
2014-10-07,96.56999969,88.38032532
2014-10-08,98.44999695,90.10088348
2014-10-09,96.86000061,88.64575195
2014-10-10,94.44000244,86.4309845
2014-10-13,92.95999908,85.07646942
2014-10-14,92.97000122,85.08561707
2014-10-15,92.37000275,84.53652191
2014-10-16,91.79000092,84.0056839
2014-10-17,93,85.11306
2014-10-20,94.38999939,86.38520813
2014-10-21,96.87000275,88.65487671
2014-10-22,96.37000275,88.19733429
2014-10-23,97.81999969,89.52433777
2014-10-24,98.62000275,90.25648499
2014-10-27,98.69000244,90.32053375
2014-10-28,100.1800003,91.68419647
2014-10-29,99.80999756,91.34555817
2014-10-30,100.0199966,91.53771973
2014-10-31,101.4000015,92.80075073
2014-11-03,101.6999969,93.07528687
2014-11-04,101.3600006,92.76411438
2014-11-05,101.3700027,92.77326202
2014-11-06,101.6900024,93.06614685
2014-11-07,101.5999985,92.98377228
2014-11-10,101.9599991,93.31323242
2014-11-11,102.2799988,93.60608673
2014-11-12,102.4599991,93.77085876
2014-11-13,102.9000015,94.17350769
2014-11-14,103.2200012,94.46633911
2014-11-17,102.9100037,94.18265533
2014-11-18,103.6800003,94.88735962
2014-11-19,103.2099991,94.45721436
2014-11-20,103.6699982,94.87820435
2014-11-21,103.8700027,95.06128693
2014-11-24,104.6800003,95.80255127
2014-11-25,104.8399963,95.94898987
2014-11-26,105.5199966,96.57133484
2014-11-28,106.0100021,97.01977539
2014-12-01,104.8099976,95.92150116
2014-12-02,105.2300034,96.30592346
2014-12-03,105.4199982,96.47979736
2014-12-04,105.3700027,96.43402863
2014-12-05,105.3799973,96.44319916
2014-12-08,104.6299973,95.75679779
2014-12-09,104.9599991,96.058815
2014-12-10,103.3099976,94.54872894
2014-12-11,103.8000031,94.99720001
2014-12-12,102.6699982,93.96298981
2014-12-15,101.6100006,92.99291229
2014-12-16,99.98000336,91.50113678
2014-12-17,101.8000031,93.16678619
2014-12-18,104.25,95.40903473
2014-12-19,104.3199997,95.8288269
2014-12-22,104.5800018,96.0676651
2014-12-23,104.2099991,95.72776794
2014-12-24,104.3000031,95.81044769
2014-12-26,105.0400009,96.49019623
2014-12-29,105.0199966,96.4718399
2014-12-30,104.3199997,95.8288269
2014-12-31,103.25,94.84589386
2015-01-02,102.9400024,94.56116486
2015-01-05,101.4300003,93.17407227
2015-01-06,100.0699997,91.92475891
2015-01-07,101.3600006,93.10975647
2015-01-08,103.3000031,94.89186096
2015-01-09,102.6200027,94.26720428
2015-01-12,101.5500031,93.28429413
2015-01-13,101.5199966,93.25675201
2015-01-14,100.9599991,92.74230957
2015-01-15,99.65000153,91.53894806
2015-01-16,100.8199997,92.61372375
2015-01-20,101.6200027,93.34859467
2015-01-21,102.1399994,93.82627106
2015-01-22,104.0299988,95.56240082
2015-01-23,104.2600021,95.7736969
2015-01-26,104.1399994,95.66345978
2015-01-27,101.4400024,93.18325043
2015-01-28,100.9199982,92.70558167
2015-01-29,101.8899994,93.59661865
2015-01-30,101.0999985,92.8709259
2015-02-02,101.9800034,93.67926788
2015-02-03,102.9599991,94.57952118
2015-02-04,102.8700027,94.49684906
2015-02-05,103.7600021,95.31439209
2015-02-06,103.1299973,94.73566437
2015-02-09,102.8000031,94.43253326
2015-02-10,104.4000015,95.9023056
2015-02-11,104.7799988,96.25137329
2015-02-12,106,97.37208557
2015-02-13,106.9100037,98.20799255
2015-02-17,107.0100021,98.29987335
2015-02-18,107.1600037,98.43766022
2015-02-19,107.6900024,98.92449951
2015-02-20,108.4100037,99.58592224
2015-02-23,108.5199966,99.68696594
2015-02-24,108.5999985,99.76043701
2015-02-25,108.3300018,99.51243591
2015-02-26,108.8799973,100.0176697
2015-02-27,108.4000015,99.57672882
2015-03-02,109.3799973,100.4769592
2015-03-03,108.8700027,100.0084686
2015-03-04,108.4499969,99.62262726
2015-03-05,108.6399994,99.79718018
2015-03-06,107.4100037,98.66730499
2015-03-09,107.7200012,98.95209503
2015-03-10,105.7200012,97.11484528
2015-03-11,105.1100006,96.55450439
2015-03-12,105.8000031,97.18836975
2015-03-13,105.3399963,96.76579285
2015-03-16,106.6999969,98.01512146
2015-03-17,106.8700027,98.17127228
2015-03-18,107.9199982,99.13579559
2015-03-19,108.0800018,99.28279114
2015-03-20,108.5299988,99.9254303
2015-03-23,108.3199997,99.73207855
2015-03-24,107.9300003,99.3730011
2015-03-25,105.4599991,97.09884644
2015-03-26,105.0999985,96.76740265
2015-03-27,105.5199966,97.15409851
2015-03-30,106.7300034,98.2681427
2015-03-31,105.5999985,97.22774506
2015-04-01,105.0500031,96.72135162
2015-04-02,105.1200027,96.78580475
2015-04-06,105.9800034,97.5776062
2015-04-07,105.8000031,97.41188812
2015-04-08,106.6399994,98.18527985
2015-04-09,107.3099976,98.80218506
2015-04-10,107.75,99.20728302
2015-04-13,107.4800034,98.95870209
2015-04-14,107.1699982,98.67326355
2015-04-15,107.8399963,99.29013062
2015-04-16,107.6900024,99.15202332
2015-04-17,106.0100021,97.6052475
2015-04-20,107.5999985,99.06917572
2015-04-21,108.0599976,99.49267578
2015-04-22,108.6500015,100.0359116
2015-04-23,109.0599976,100.413414
2015-04-24,110.5400009,101.7760773
2015-04-27,110.2600021,101.5182648
2015-04-28,110.0400009,101.315712
2015-04-29,109.3499985,100.6804199
2015-04-30,107.6299973,99.09680176
2015-05-01,109.0500031,100.4042053
2015-05-04,109.2300034,100.5699234
2015-05-05,107.4499969,98.93106079
2015-05-06,106.7099991,98.24971771
2015-05-07,107.3499985,98.838974
2015-05-08,108.6900024,100.0727692
2015-05-11,108.2699966,99.6860733
2015-05-12,107.7799988,99.2348938
2015-05-13,108,99.43746185
2015-05-14,109.5800018,100.892189
2015-05-15,109.5800018,100.892189
2015-05-18,110.0599976,101.3341064
2015-05-19,109.9400024,101.2236404
2015-05-20,110.0100021,101.2880783
2015-05-21,110.5800018,101.812912
2015-05-22,110.4700012,101.711647
2015-05-26,109.1999969,100.5422974
2015-05-27,110.9599991,102.1627808
2015-05-28,110.7099991,101.9326096
2015-05-29,110.0500031,101.3249359
2015-06-01,110.4199982,101.6655884
2015-06-02,110.0699997,101.3433228
2015-06-03,110.4000015,101.6471634
2015-06-04,109.5599976,100.873764
2015-06-05,109.3000031,100.634407
2015-06-08,108.1900024,99.6124115
2015-06-09,108.0100021,99.4466629
2015-06-10,109.4899979,100.8093262
2015-06-11,109.6500015,100.9566498
2015-06-12,108.75,100.1279831
2015-06-15,108.2099991,99.63080597
2015-06-16,108.8000031,100.1740265
2015-06-17,109.0999985,100.4502487
2015-06-18,110.6900024,101.9141769
2015-06-19,109.8899994,101.4103088
2015-06-22,110.6999969,102.1577988
2015-06-23,110.7900009,102.2408676
2015-06-24,110.2200012,101.7148361
2015-06-25,110,101.5118256
2015-06-26,109.2699966,100.83815
2015-06-29,106.6900024,98.45727539
2015-06-30,107.0699997,98.80792999
2015-07-01,107.9199982,99.59230804
2015-07-02,107.9499969,99.62001801
2015-07-06,107.6999969,99.38929749
2015-07-07,107.9700012,99.63848877
2015-07-08,106.0899963,97.90355682
2015-07-09,106.0299988,97.84817505
2015-07-10,107.6500015,99.34316254
2015-07-13,109.5400009,101.0873413
2015-07-14,110.2600021,101.75177
2015-07-15,110.3799973,101.8624954
2015-07-16,111.9400024,103.302124
2015-07-17,113.5899963,104.8247986
2015-07-20,113.9800034,105.1847305
2015-07-21,113.9100037,105.1201248
2015-07-22,112.6200027,103.9296646
2015-07-23,112.1999969,103.5420303
2015-07-24,111.0999985,102.5269547
2015-07-27,110.1800003,101.6779404
2015-07-28,111.1299973,102.5546341
2015-07-29,111.5500031,102.9422073
2015-07-30,112.0800018,103.4313049
2015-07-31,111.9499969,103.3113632
2015-08-03,111.5999985,102.9883728
2015-08-04,111.3899994,102.7945862
2015-08-05,112.25,103.5882111
2015-08-06,110.4499969,101.9270935
2015-08-07,110.3099976,101.797905
2015-08-10,111.5699997,102.9606934
2015-08-11,110.1399994,101.6410522
2015-08-12,110.5199966,101.9916916
2015-08-13,110.3399963,101.8255692
2015-08-14,110.5100021,101.9824753
2015-08-17,111.4300003,102.8314667
2015-08-18,110.8600006,102.305481
2015-08-19,110.1299973,101.631752
2015-08-20,107.0800018,98.81715393
2015-08-21,102.4000015,94.49827576
2015-08-24,98.45999908,90.86231995
2015-08-25,98.08999634,90.52085876
2015-08-26,103.0299988,95.07967377
2015-08-27,105.6399994,97.48827362
2015-08-28,105.6200027,97.469841
2015-08-31,104.3099976,96.26091766
2015-09-01,101.0500031,93.25246429
2015-09-02,103.9000015,95.88254547
2015-09-03,103.3899994,95.41190338
2015-09-04,102.1600037,94.27682495
2015-09-08,105.0400009,96.93456268
2015-09-09,103.8600006,95.84562683
2015-09-10,104.9899979,96.88841248
2015-09-11,105.5699997,97.42368317
2015-09-14,105.25,97.12836456
2015-09-15,106.4899979,98.27266693
2015-09-16,107.0899963,98.82637024
2015-09-17,107.1299973,98.86329651
2015-09-18,105.3499985,97.45717621
2015-09-21,105.6800003,97.7624588
2015-09-22,104.0999985,96.30082703
2015-09-23,104.1800003,96.37480927
2015-09-24,103.8000031,96.02331543
2015-09-25,102.9199982,95.2092514
2015-09-28,99.98999786,92.49874115
2015-09-29,99.47000122,92.01772308
2015-09-30,101.7600021,94.1361618
2015-10-01,102.2200012,94.56168365
2015-10-02,104.0100021,96.21754456
2015-10-05,105.5,97.59593201
2015-10-06,105,97.13341522
2015-10-07,105.6299973,97.71617126
2015-10-08,106.0500031,98.10475159
2015-10-09,106.5299988,98.54879761
2015-10-12,106.7900009,98.78931427
2015-10-13,106.0999985,98.15097809
2015-10-14,105.9300003,97.99372864
2015-10-15,107.6699982,99.60338593
2015-10-16,108.1200027,100.0196457
2015-10-19,108.7399979,100.5932083
2015-10-20,108.1800003,100.0751572
2015-10-21,107.5199966,99.46459961
2015-10-22,109.7099991,101.490509
2015-10-23,112.7799988,104.330513
2015-10-26,112.8499985,104.3952484
2015-10-27,113.0800018,104.608017
2015-10-28,114.0199966,105.4776306
2015-10-29,113.8399963,105.3111115
2015-10-30,113.3300018,104.839325
2015-11-02,114.6100006,106.0234146
2015-11-03,115.0100021,106.3934402
2015-11-04,115.0199966,106.4026871
2015-11-05,114.7099991,106.1159058
2015-11-06,114.7900009,106.1899261
2015-11-09,113.5699997,105.0613251
2015-11-10,113.2799988,104.7930603
2015-11-11,113.1399994,104.6635437
2015-11-12,112.0400009,103.6459732
2015-11-13,109.8399963,101.6107712
2015-11-16,111.4199982,103.0724106
2015-11-17,111.4899979,103.1371765
2015-11-18,113.6299973,105.1168365
2015-11-19,113.7099991,105.1908493
2015-11-20,114.4800034,105.9031525
2015-11-23,114.1500015,105.5978775
2015-11-24,114.0500031,105.5053482
2015-11-25,114.1500015,105.5978775
2015-11-27,114.3099976,105.7458878
2015-11-30,114.0199966,105.4776306
2015-12-01,115.1600037,106.5322342
2015-12-02,114.4499969,105.8754044
2015-12-03,112.5100021,104.0807877
2015-12-04,115.1399994,106.5136795
2015-12-07,114.6200027,106.0326691
2015-12-08,114.6299973,106.0419159
2015-12-09,112.8899994,104.4322968
2015-12-10,113.4000015,104.9040756
2015-12-11,110.7900009,102.489624
2015-12-14,111.6299973,103.2666779
2015-12-15,112.3099976,103.8957214
2015-12-16,113.9800034,105.4406128
2015-12-17,112.3199997,103.9049835
2015-12-18,109.8300018,101.9118347
2015-12-21,111.0500031,103.0438843
2015-12-22,111.7799988,103.7212601
2015-12-23,112.6100006,104.4914017
2015-12-24,112.5899963,104.4728546
2015-12-28,112.5299988,104.4171448
2015-12-29,114.3000031,106.0595627
2015-12-30,113.2699966,105.1038513
2015-12-31,111.8600006,103.7954788
2016-01-04,109.5,101.605629
2016-01-05,109.3099976,101.4293289
2016-01-06,108.2600021,100.4550323
2016-01-07,104.8700027,97.30944824
2016-01-08,104.0100021,96.51143646
2016-01-11,104.3300018,96.8083725
2016-01-12,105.5400009,97.93113708
2016-01-13,101.9000015,94.55353546
2016-01-14,104.0699997,96.56708527
2016-01-15,100.8399963,93.56995392
2016-01-19,101.0599976,93.774086
2016-01-20,100.75,93.48648834
2016-01-21,100.8499985,93.57926941
2016-01-22,103.7699966,96.28872681
2016-01-25,102.2300034,94.8597641
2016-01-26,103.1500015,95.71342468
2016-01-27,100.5800018,93.32871246
2016-01-28,102,94.64635468
2016-01-29,104.1299973,96.62277222
2016-02-01,104.4100037,96.88259125
2016-02-02,102.1500015,94.78553772
2016-02-03,101.6600037,94.33083344
2016-02-04,101.6500015,94.32158661
2016-02-05,98.12000275,91.04608154
2016-02-08,96.62000275,89.65419006
2016-02-09,96.31999969,89.3758316
2016-02-10,96.69000244,89.71915436
2016-02-11,96.55000305,89.58927155
2016-02-12,98.01999664,90.95326233
2016-02-16,100.2300034,93.0039444
2016-02-17,102.5,95.11029053
2016-02-18,101.3300018,94.02465057
2016-02-19,101.6299973,94.30301666
2016-02-22,103.2799988,95.83406067
2016-02-23,101.5800018,94.25662994
2016-02-24,102.5500031,95.15668488
2016-02-25,103.5599976,96.09384918
2016-02-26,103.4300003,95.97325897
2016-02-29,102.5,95.11029053
2016-03-01,105.7900009,98.1631012
2016-03-02,105.8300018,98.20024872
2016-03-03,105.6299973,98.01460266
2016-03-04,105.6699982,98.05175781
2016-03-07,105.0199966,97.44860077
2016-03-08,104.1500015,96.64134216
2016-03-09,104.8199997,97.26301575
2016-03-10,104.6600037,97.11455536
2016-03-11,106.4899979,98.81265259
2016-03-14,106.6699982,98.97966766
2016-03-15,106.6299973,98.94255829
2016-03-16,107.5800018,99.82402039
2016-03-17,107.5199966,99.76837158
2016-03-18,107.3700027,99.92473602
2016-03-21,107.7900009,100.3156204
2016-03-22,108.1200027,100.6227493
2016-03-23,107.2300034,99.79445648
2016-03-24,107.2600021,99.82236481
2016-03-28,107.1100006,99.68276215
2016-03-29,108.8300018,101.2834854
2016-03-30,109.3600006,101.7767563
2016-03-31,109.1999969,101.6278458
2016-04-01,110.3600006,102.7074203
2016-04-04,109.9400024,102.3165054
2016-04-05,108.8799973,101.3300171
2016-04-06,110.6699982,102.9958878
2016-04-07,109.0800018,101.5161667
2016-04-08,109,101.4416962
2016-04-11,108.5999985,101.0694504
2016-04-12,109.5100021,101.9163513
2016-04-13,110.9100037,103.2192688
2016-04-14,110.9199982,103.2285919
2016-04-15,110.6399994,102.9679794
2016-04-18,111.2300034,103.5170746
2016-04-19,110.5500031,102.8842163
2016-04-20,110.6399994,102.9679794
2016-04-21,110.6500015,102.9772873
2016-04-22,108.9800034,101.4230728
2016-04-25,108.9800034,101.4230728
2016-04-26,108.4499969,100.9298325
2016-04-27,107.5800018,100.1201401
2016-04-28,106.2799988,98.91031647
2016-04-29,105.7200012,98.3891449
2016-05-02,106.7200012,99.31983185
2016-05-03,105.7300034,98.39846802
2016-05-04,105.0500031,97.76560974
2016-05-05,105.0199966,97.73766327
2016-05-06,105.5800018,98.25883484
2016-05-09,105.8799973,98.53804016
2016-05-10,107.3300018,99.88750458
2016-05-11,106.3600006,98.98475647
2016-05-12,105.8899994,98.54735565
2016-05-13,105.5,98.18437958
2016-05-16,106.8199997,99.41287231
2016-05-17,105.4800034,98.16578674
2016-05-18,105.8600006,98.51943207
2016-05-19,105.3099976,98.00756073
2016-05-20,106.4700012,99.0871582
2016-05-23,106.3300018,98.95684814
2016-05-24,108.4599991,100.9391479
2016-05-25,109.2399979,101.6650391
2016-05-26,109.5599976,101.9628677
2016-05-27,110.1299973,102.4933319
2016-05-31,110.3399963,102.6887665
2016-06-01,110.3499985,102.6981049
2016-06-02,110.5800018,102.9121323
2016-06-03,110.0599976,102.4281998
2016-06-06,110.4599991,102.8004608
2016-06-07,110.1800003,102.5398712
2016-06-08,110.3700027,102.7167053
2016-06-09,110.1900024,102.5491638
2016-06-10,108.9400024,101.3858719
2016-06-13,108.0299988,100.5389633
2016-06-14,108.0299988,100.5389633
2016-06-15,107.7200012,100.2504578
2016-06-16,108.0400009,100.5482635
2016-06-17,106.4899979,99.36971283
2016-06-20,107.1600037,99.99491119
2016-06-21,107.5,100.3121872
2016-06-22,107.2399979,100.0695877
2016-06-23,108.7699966,101.4972916
2016-06-24,104.2900009,97.31681061
2016-06-27,102.2200012,95.38522339
2016-06-28,104.4599991,97.47545624
2016-06-29,106.3099976,99.20175171
2016-06-30,107.5400009,100.3495026
2016-07-01,108.0800018,100.8534088
2016-07-05,107.4199982,100.2375412
2016-07-06,108.3000031,101.0586929
2016-07-07,108.6200027,101.3572998
2016-07-08,110.3000031,102.9249649
2016-07-11,110.9300003,103.5128479
2016-07-12,111.4899979,104.0353699
2016-07-13,111.2200012,103.7834778
2016-07-14,111.9800034,104.4926376
2016-07-15,111.8000031,104.3246689
2016-07-18,112.5400009,105.0152206
2016-07-19,112.1299973,104.6325989
2016-07-20,113.4400024,105.8550186
2016-07-21,113.1800003,105.6124191
2016-07-22,113.6500015,106.0509872
2016-07-25,113.6600037,106.0602951
2016-07-26,113.7900009,106.1815872
2016-07-27,114.5800018,106.9187927
2016-07-28,114.9800034,107.292038
2016-07-29,115.2300034,107.5253372
2016-08-01,115.8399963,108.0945511
2016-08-02,114.9599991,107.2733459
2016-08-03,115.3399963,107.6279449
2016-08-04,115.6699982,107.935936
2016-08-05,116.7799988,108.9716873
2016-08-08,116.6500015,108.8503876
2016-08-09,116.9199982,109.1023178
2016-08-10,116.6200027,108.8223953
2016-08-11,117.1200027,109.2889557
2016-08-12,117.1999969,109.3636017
2016-08-15,117.6999969,109.8301697
2016-08-16,117.0500031,109.2236481
2016-08-17,117.2600021,109.4196091
2016-08-18,117.2900009,109.4475784
2016-08-19,117.2600021,109.4196091
2016-08-22,117.3499985,109.5035782
2016-08-23,117.5599976,109.6995468
2016-08-24,116.8000031,108.9903564
2016-08-25,116.6100006,108.8130569
2016-08-26,116.7799988,108.9716873
2016-08-29,116.9400024,109.1210175
2016-08-30,116.5599976,108.7663727
2016-08-31,116.4400024,108.6544418
2016-09-01,116.7399979,108.9343643
2016-09-02,117.1200027,109.2889557
2016-09-06,117.8499985,109.9701385
2016-09-07,117.9199982,110.0354767
2016-09-08,117.2300034,109.3916016
2016-09-09,114.2799988,106.6388397
2016-09-12,116.3300018,108.551796
2016-09-13,115.2900009,107.5813446
2016-09-14,115.8399963,108.0945511
2016-09-15,117.6399994,109.7741852
2016-09-16,117.2900009,109.7218018
2016-09-19,116.7799988,109.2446976
2016-09-20,117,109.4505157
2016-09-21,118.1500015,110.5262985
2016-09-22,119.0899963,111.4056549
2016-09-23,118.3300018,110.6946869
2016-09-26,117.3399963,109.7685699
2016-09-27,118.5,110.8537292
2016-09-28,118.6999969,111.0408096
2016-09-29,117.8399963,110.2363129
2016-09-30,118.7200012,111.0595093
2016-10-03,118.5500031,110.9004974
2016-10-04,118.3700027,110.7321014
2016-10-05,118.7900009,111.1250076
2016-10-06,118.7300034,111.0688782
2016-10-07,118.4700012,110.8256607
2016-10-10,119.2200012,111.5272827
2016-10-11,117.5199966,109.9369659
2016-10-12,117.4199982,109.8434219
2016-10-13,117,109.4505157
2016-10-14,117.1399994,109.5814896
2016-10-17,116.8199997,109.2821426
2016-10-18,117.8600006,110.2550278
2016-10-19,117.8499985,110.2456665
2016-10-20,117.7099991,110.1147079
2016-10-21,118.1500015,110.5262985
2016-10-24,119.5699997,111.85466
2016-10-25,119.1900024,111.4991913
2016-10-26,118.3799973,110.7414627
2016-10-27,117.8399963,110.2363129
2016-10-28,117.0999985,109.544075
2016-10-31,116.9899979,109.4411621
2016-11-01,116.1100006,108.6179428
2016-11-02,115.1800003,107.7479782
2016-11-03,114.0500031,106.6908417
2016-11-04,113.6500015,106.3166885
2016-11-07,116.3499985,108.8424454
2016-11-08,117.1100006,109.5533981
2016-11-09,117.6500015,110.0585556
2016-11-10,115.75,108.2811813
2016-11-11,115.8000031,108.3279419
2016-11-14,114.6299973,107.2334518
2016-11-15,116.2200012,108.7208557
2016-11-16,116.9100037,109.3663101
2016-11-17,117.7600021,110.1614761
2016-11-18,117.3199997,109.7498779
2016-11-21,118.5400009,110.8911362
2016-11-22,118.9000015,111.2279282
2016-11-23,118.4199982,110.7789001
2016-11-25,118.8000031,111.1343613
2016-11-28,118.5299988,110.8817902
2016-11-29,118.9400024,111.2653275
2016-11-30,117.5,109.9182663
2016-12-01,115.4700012,108.0192261
2016-12-02,115.6999969,108.2343903
2016-12-05,116.5999985,109.0763321
2016-12-06,116.8799973,109.3382568
2016-12-07,118.3600006,110.7227707
2016-12-08,118.5699997,110.91922
2016-12-09,119.5,111.7892075
2016-12-12,118.9599991,111.2840347
2016-12-13,120.4599991,112.6872711
2016-12-14,120.2099991,112.4533997
2016-12-15,120.4000015,112.6311417
2016-12-16,119.5999985,112.2136078
2016-12-19,120.0899963,112.6733322
2016-12-20,120.5500031,113.1049576
2016-12-21,120.4599991,113.0205307
2016-12-22,120.1200027,112.7015228
2016-12-23,120.1999969,112.7765656
2016-12-27,120.8199997,113.3582611
2016-12-28,119.8799973,112.4763107
2016-12-29,119.7099991,112.3168182
2016-12-30,118.4800034,111.1628265
2017-01-03,119.5400009,112.1573105
2017-01-04,120.1900024,112.7671432
2017-01-05,120.8700027,113.4051743
2017-01-06,121.9300003,114.3997192
2017-01-09,122.3300018,114.7750397
2017-01-10,122.5999985,115.0283127
2017-01-11,122.9300003,115.3379517
2017-01-12,122.7399979,115.1596832
2017-01-13,123.1600037,115.553772
2017-01-17,122.7900009,115.206604
2017-01-18,123.0400009,115.4411545
2017-01-19,122.9800034,115.3848801
2017-01-20,123.25,115.6382065
2017-01-23,123.3499985,115.7320175
2017-01-24,124.1800003,116.5107574
2017-01-25,125.4300003,117.683548
2017-01-26,125.5599976,117.8055267
2017-01-27,125.8000031,118.0307236
2017-01-30,124.8199997,117.1112366
2017-01-31,124.5699997,116.8766708
2017-02-01,125.4300003,117.683548
2017-02-02,125.3199997,117.5803452
2017-02-03,125.6800003,117.9181061
2017-02-06,125.8300018,118.0588608
2017-02-07,126.2900009,118.4904404
2017-02-08,126.5,118.6874847
2017-02-09,126.9599991,119.1190796
2017-02-10,127.3799973,119.5131302
2017-02-13,128.1000061,120.1886749
2017-02-14,128.5299988,120.5921249
2017-02-15,129.2899933,121.3051605
2017-02-16,129.25,121.2676544
2017-02-17,129.8099976,121.7930679
2017-02-21,130.4499969,122.3935165
2017-02-22,130.5,122.4404755
2017-02-23,130.0099945,121.98069
2017-02-24,130.2599945,122.2152557
2017-02-27,130.4199982,122.3653717
2017-02-28,130.0200043,121.9901047
2017-03-01,131.4400024,123.3223648
2017-03-02,130.7799988,122.703125
2017-03-03,131.0200043,122.9283066
2017-03-06,130.7299957,122.6561966
2017-03-07,130.5099945,122.4498367
2017-03-08,130.7400055,122.6655884
2017-03-09,130.8399963,122.7594147
2017-03-10,131.3899994,123.2754745
2017-03-13,131.6100006,123.4818954
2017-03-14,131.2899933,123.1816788
2017-03-15,132.1000061,123.9416428
2017-03-16,132.0099945,123.8571854
2017-03-17,131.6900024,123.8139648
2017-03-20,131.8099976,123.9267654
2017-03-21,129.8099976,122.0463715
2017-03-22,130.6900024,122.8737488
2017-03-23,130.3600006,122.5634766
2017-03-24,130.6300049,122.8173294
2017-03-27,130.8399963,123.0147476
2017-03-28,131.6399994,123.7669678
2017-03-29,132.25,124.3404388
2017-03-30,132.4700012,124.547287
2017-03-31,132.3800049,124.4627075
2017-04-03,132.3000031,124.3874588
2017-04-04,132.5099945,124.584938
2017-04-05,131.9700012,124.0772018
2017-04-06,132.0399933,124.1429901
2017-04-07,131.9700012,124.0772018
2017-04-10,132.0200043,124.1242371
2017-04-11,131.4499969,123.5883102
2017-04-12,130.9199982,123.0899429
2017-04-13,130.3999939,122.6010971
2017-04-17,131.4799957,123.6164703
2017-04-18,131.2799988,123.4284363
2017-04-19,131.4900055,123.6258926
2017-04-20,132.5899963,124.6601105
2017-04-21,132.5599976,124.6318665
2017-04-24,134.1600037,126.1362228
2017-04-25,135.1300049,127.048172
2017-04-26,134.9400024,126.8695374
2017-04-27,135.75,127.6311035
2017-04-28,135.9900055,127.856781
2017-05-01,137.1999969,128.9944153
2017-05-02,137.4299927,129.2106323
2017-05-03,136.9900055,128.7969513
2017-05-04,137.0399933,128.8440094
2017-05-05,137.5399933,129.3140869
2017-05-08,137.8399963,129.5960999
2017-05-09,138.3200073,130.0474396
2017-05-10,138.3999939,130.1225739
2017-05-11,138.2899933,130.0191956
2017-05-12,138.6000061,130.3106842
2017-05-15,139.0399933,130.7243958
2017-05-16,139.6199951,131.2696381
2017-05-17,136.0700073,127.9320221
2017-05-18,137.2599945,129.0507507
2017-05-19,137.8399963,129.5960999
2017-05-22,139,130.6866913
2017-05-23,139.1399994,130.8183594
2017-05-24,139.7799988,131.4200439
2017-05-25,140.9700012,132.5389099
2017-05-26,141.2200012,132.7739868
2017-05-30,141.3399963,132.886795
2017-05-31,141.2899933,132.8397827
2017-06-01,141.8399963,133.3569031
2017-06-02,143.4600067,134.8799744
2017-06-05,143.4299927,134.8518066
2017-06-06,142.8600006,134.3158875
2017-06-07,143.4199982,134.8424377
2017-06-08,143.5700073,134.983429
2017-06-09,139.9799957,131.6080627
2017-06-12,139.2299957,130.9030151
2017-06-13,140.3600006,131.9653931
2017-06-14,139.75,131.3918915
2017-06-15,139.1300049,130.80896
2017-06-16,138.1499939,130.2414246
2017-06-19,140.4600067,132.4192047
2017-06-20,139.3600006,131.3821716
2017-06-21,140.7400055,132.6831818
2017-06-22,140.6999969,132.6454315
2017-06-23,141.2400055,133.154541
2017-06-26,140.5800018,132.5323029
2017-06-27,138.0299988,130.1283112
2017-06-28,140.0200043,132.0043793
2017-06-29,137.5899963,129.7134857
2017-06-30,137.6399994,129.7606506
2017-07-03,136.1900024,128.3936768
2017-07-05,137.5299988,129.6569366
2017-07-06,136.2899933,128.4879456
2017-07-07,137.7599945,129.8737335
2017-07-10,138.6600037,130.7222443
2017-07-11,139.0500031,131.0899048
2017-07-12,140.6999969,132.6454315
2017-07-13,141.0099945,132.9377441
2017-07-14,142.1199951,133.9841614
2017-07-17,142.1900024,134.0501556
2017-07-18,143.1399994,134.9458008
2017-07-19,143.9799957,135.7376556
2017-07-20,144.1699982,135.9167938
2017-07-21,144.1100006,135.8602448
2017-07-24,144.7700043,136.4824982
2017-07-25,144.3999939,136.1335907
2017-07-26,144.8699951,136.576767
2017-07-27,143.9600067,135.7188873
2017-07-28,143.8399963,135.6056366
2017-07-31,143.2299957,135.0305939
2017-08-01,143.5599976,135.3417358
2017-08-02,143.9499969,135.7093964
2017-08-03,143.3899994,135.1814575
2017-08-04,143.6499939,135.42659
2017-08-07,144.5599976,136.2845001
2017-08-08,144.3099976,136.0487976
2017-08-09,144.1199951,135.8696747
2017-08-10,141.0299988,132.9565125
2017-08-11,142.1000061,133.9652863
2017-08-14,143.9299927,135.6905212
2017-08-15,144.0299988,135.7848206
2017-08-16,144.2799988,136.0204926
2017-08-17,141.3300018,133.2393799
2017-08-18,141.2299957,133.1451111
2017-08-21,141.0500031,132.9753876
2017-08-22,143.1999969,135.0023041
2017-08-23,142.6900024,134.5214996
2017-08-24,142.2700043,134.1255646
2017-08-25,141.9700012,133.8427429
2017-08-28,142.4100037,134.2575836
2017-08-29,142.9700012,134.7855072
2017-08-30,144.6499939,136.3693085
2017-08-31,146.1999969,137.8305817
2017-09-01,146,137.6420898
2017-09-05,144.6900024,136.4070587
2017-09-06,145.1300049,136.8218689
2017-09-07,145.4700012,137.142395
2017-09-08,144.2100067,135.9545593
2017-09-11,145.8699951,137.5194855
2017-09-12,146.2200012,137.8494415
2017-09-13,146.4199982,138.0380249
2017-09-14,145.5599976,137.2272186
2017-09-15,146.0599976,137.6986084
2017-09-18,145.5500031,137.5181427
2017-09-19,145.8000031,137.754303
2017-09-20,145.3500061,137.3291626
2017-09-21,144.4600067,136.4882965
2017-09-22,144.3200073,136.3560486
2017-09-25,142.8000031,134.9198608
2017-09-26,143.1699982,135.269455
2017-09-27,144.4600067,136.4882965
2017-09-28,144.4100037,136.4410553
2017-09-29,145.4499969,137.423645
2017-10-02,145.5800018,137.5464935
2017-10-03,145.8899994,137.8393707
2017-10-04,146.0299988,137.9717255
2017-10-05,147.4600067,139.3227997
2017-10-06,147.6600037,139.5116882
2017-10-09,147.4900055,139.3511047
2017-10-10,147.6000061,139.4550323
2017-10-11,148.0399933,139.8708038
2017-10-12,147.7700043,139.6156616
2017-10-13,148.3399963,140.1542053
2017-10-16,148.8500061,140.6360321
2017-10-17,149.0399933,140.815567
2017-10-18,148.8600006,140.645462
2017-10-19,148.3099976,140.1258545
2017-10-20,148.7100067,140.5037994
2017-10-23,147.7400055,139.5873108
2017-10-24,147.9900055,139.8235474
2017-10-25,147.4299927,139.2943878
2017-10-26,146.9600067,138.8503571
2017-10-27,151.2400055,142.894165
2017-10-30,151.5800018,143.2153931
2017-10-31,152.1499939,143.7539673
2017-11-01,152.1000061,143.7067413
2017-11-02,151.8099976,143.432724
2017-11-03,153.2700043,144.812149
2017-11-06,153.7899933,145.3034515
2017-11-07,153.8800049,145.3884583
2017-11-08,154.5,145.9742889
2017-11-09,153.6900024,145.2089844
2017-11-10,153.6799927,145.1995392
2017-11-13,153.8699951,145.3790283
2017-11-14,153.3099976,144.8499451
2017-11-15,152.5899963,144.1696777
2017-11-16,154.5399933,146.0120697
2017-11-17,153.9499969,145.4545746
2017-11-20,153.8300018,145.3412781
2017-11-21,155.5,146.9190521
2017-11-22,155.6900024,147.0986176
2017-11-24,156.2599945,147.637146
2017-11-27,156.1900024,147.5710449
2017-11-28,156.5899963,147.9489288
2017-11-29,153.8600006,145.3695679
2017-11-30,155.1499939,146.5883942
2017-12-01,154.4900055,145.9648438
2017-12-04,152.7100067,144.2830505
2017-12-05,152.8099976,144.3775024
2017-12-06,153.5,145.0294189
2017-12-07,154.0200043,145.5207825
2017-12-08,154.6999969,146.1632385
2017-12-11,155.8999939,147.2970276
2017-12-12,155.6900024,147.0986176
2017-12-13,155.9900055,147.3820801
2017-12-14,155.8800049,147.2781067
2017-12-15,157.6499939,148.9504242
2017-12-18,158.6399994,150.1992798
2017-12-19,157.6999969,149.3092957
2017-12-20,157.5299988,149.1483459
2017-12-21,157.5500031,149.1672668
2017-12-22,157.3699951,148.9968109
2017-12-26,156.5200043,148.1920471
2017-12-27,156.5399933,148.2109528
2017-12-28,156.7299957,148.3908539
2017-12-29,155.7599945,147.4724884
2018-01-02,158.4900055,150.057251
2018-01-03,160.0299988,151.5152893
2018-01-04,160.3099976,151.7803955
2018-01-05,161.9199982,153.304718
2018-01-08,162.5500031,153.9012299
2018-01-09,162.5599976,153.910675
2018-01-10,162.1799927,153.5509338
2018-01-11,163.2899933,154.6018524
2018-01-12,164.4900055,155.7379913
2018-01-16,164.0200043,155.292984
2018-01-17,165.7899933,156.968811
2018-01-18,165.8200073,156.9972382
2018-01-19,166.3399963,157.4895477
2018-01-22,168.1199951,159.1748352
2018-01-23,169.5099945,160.49086
2018-01-24,168.4100037,159.4494476
2018-01-25,168.3500061,159.3926086
2018-01-26,170.9299927,161.8353424
2018-01-29,170.1000061,161.04953
2018-01-30,168.6999969,159.723999
2018-01-31,169.3999939,160.3867645
2018-02-01,167.9600067,159.0234222
2018-02-02,164.6100006,155.8516541
2018-02-05,158.1199951,149.706955
2018-02-06,162.3099976,153.6739655
2018-02-07,160.2100067,151.6857147
2018-02-08,153.4499969,145.2853851
2018-02-09,156.1000061,147.7943878
2018-02-12,158.8699951,150.4170532
2018-02-13,159.6900024,151.1934357
2018-02-14,162.6799927,154.0242615
2018-02-15,165.6999969,156.8835907
2018-02-16,164.9600067,156.1830139
2018-02-20,165.2899933,156.4953766
2018-02-21,164.8200073,156.0504303
2018-02-22,164.8000031,156.0315552
2018-02-23,168.1699982,159.2221527
2018-02-26,170.3999939,161.3335571
2018-02-27,168.2899933,159.3357849
2018-02-28,167.2100067,158.3132935
2018-03-01,164.4799957,155.7285461
2018-03-02,165.9900055,157.1581879
2018-03-05,167.8300018,158.9002991
2018-03-06,168.5399933,159.5724792
2018-03-07,168.9299927,159.9417419
2018-03-08,169.8600006,160.8222656
2018-03-09,173.1600037,163.9466858
2018-03-12,174.0800018,164.8177795
2018-03-13,171.7100067,162.5738373
2018-03-14,171.6799927,162.5454254
2018-03-15,171.5299988,162.4033966
2018-03-16,171.0200043,161.9205322
2018-03-19,167.1000061,158.4658051
2018-03-20,167.6499939,158.9873657
2018-03-21,166.9199982,158.2951202
2018-03-22,162.8000031,154.3880005
2018-03-23,158.5099945,150.3196411
2018-03-26,164.3999939,155.9052734
2018-03-27,159.0800018,150.8601685
2018-03-28,157.25,149.1246948
2018-03-29,160.1300049,151.855957
2018-04-02,155.5099945,147.4746704
2018-04-03,157.2599945,149.134201
2018-04-04,159.7400055,151.4860992
2018-04-05,160.6499939,152.3490143
2018-04-06,156.6300049,148.5368042
2018-04-09,157.7299957,149.5799713
2018-04-10,161.2100067,152.8801117
2018-04-11,160.2799988,151.9982147
2018-04-12,162.2100067,153.8284607
2018-04-13,161.3699951,153.0318451
2018-04-16,162.6000061,154.1983032
2018-04-17,166.1000061,157.5174713
2018-04-18,166.4400024,157.83992
2018-04-19,164.9100037,156.3889771
2018-04-20,162.3000031,153.9138336
2018-04-23,161.8899994,153.5249634
2018-04-24,158.4600067,150.2722473
2018-04-25,158.6499939,150.4524231
2018-04-26,161.9900055,153.6198273
2018-04-27,162.0899963,153.7146759
2018-04-30,160.9400024,152.6240692
2018-05-01,162.7799988,154.368988
2018-05-02,161.8200073,153.4586182
2018-05-03,161.8000031,153.4396667
2018-05-04,164.8699951,156.3510437
2018-05-07,166.2400055,157.6502533
2018-05-08,166.0700073,157.4889832
2018-05-09,167.8800049,159.2055206
2018-05-10,169.6199951,160.8556213
2018-05-11,169.4600067,160.7038422
2018-05-14,169.75,160.9788971
2018-05-15,167.8699951,159.1959991
2018-05-16,168.9799957,160.248642
2018-05-17,168.3300018,159.6322479
2018-05-18,167.4600067,158.8072052
2018-05-21,168.3999939,159.6986694
2018-05-22,168.1799927,159.489975
2018-05-23,169.6000061,160.8366241
2018-05-24,169.5500031,160.7891998
2018-05-25,169.7200012,160.9504242
2018-05-29,168.9700012,160.2391663
2018-05-30,170.1799927,161.3865814
2018-05-31,170.0700073,161.2823029
2018-06-01,172.7400055,163.8144073
2018-06-04,174.3000031,165.2937775
2018-06-05,174.8399963,165.8058472
2018-06-06,175.8600006,166.7731628
2018-06-07,174.4299927,165.4170685
2018-06-08,174.4400024,165.4265442
2018-06-11,174.9100037,165.8722687
2018-06-12,175.8300018,166.7446899
2018-06-13,175.8200073,166.7351837
2018-06-14,177.6000061,168.4232483
2018-06-15,176.9799957,167.8352814
2018-06-18,176.5,167.7383728
2018-06-19,176,167.2631989
2018-06-20,177.25,168.4511261
2018-06-21,175.7100067,166.9875793
2018-06-22,175.3200073,166.6168823
2018-06-25,171.3699951,162.8629913
2018-06-26,172.0700073,163.5282593
2018-06-27,169.7299957,161.3043823
2018-06-28,171.1900024,162.6919403
2018-06-29,171.6499939,163.1291199
2018-07-02,172.8000031,164.2220154
2018-07-03,170.8000031,162.321228
2018-07-05,172.9199982,164.3360596
2018-07-06,175.6100006,166.8925476
2018-07-09,177.1900024,168.3940887
2018-07-10,177.3200073,168.5176697
2018-07-11,176.4199982,167.6622925
2018-07-12,179.4600067,170.5514374
2018-07-13,179.6100006,170.6939392
2018-07-16,179.1799927,170.2853241
2018-07-17,180.2700043,171.3212128
2018-07-18,179.9299927,170.9980774
2018-07-19,179.0299988,170.1427612
2018-07-20,178.9900055,170.1047668
2018-07-23,179.5599976,170.6464844
2018-07-24,180.3000031,171.3497314
2018-07-25,182.8200073,173.7446594
2018-07-26,180.0500031,171.1121521
2018-07-27,177.6199951,168.8027039
2018-07-30,175.1100006,166.4173431
2018-07-31,176.4499969,167.6908264
2018-08-01,177.1199951,168.3275757
2018-08-02,179.5299988,170.6179352
2018-08-03,180.0800018,171.1406708
2018-08-06,181.1399994,172.1480408
2018-08-07,181.8000031,172.7752686
2018-08-08,182.0200043,172.984375
2018-08-09,181.9100037,172.8798218
2018-08-10,180.5200043,171.5588074
2018-08-13,180.3200073,171.3687439
2018-08-14,181.4499969,172.4425964
2018-08-15,179.2299957,170.33284
2018-08-16,179.8200073,170.8935547
2018-08-17,179.8600006,170.9315948
2018-08-20,179.6999969,170.7794647
2018-08-21,180.3600006,171.4066925
2018-08-22,181.0599976,172.0719299
2018-08-23,180.8000031,171.8248749
2018-08-24,182.4799957,173.4214783
2018-08-27,184.3399963,175.1891785
2018-08-28,184.6100006,175.445816
2018-08-29,186.7400055,177.4700317
2018-08-30,186.4100037,177.1564026
2018-08-31,186.6499939,177.384491
2018-09-04,185.8500061,176.6242218
2018-09-05,183.4499969,174.3433838
2018-09-06,181.8099976,172.7847748
2018-09-07,181.1100006,172.1194916
2018-09-10,181.7200012,172.6992188
2018-09-11,183.1199951,174.0297241
2018-09-12,182.5800018,173.51651
2018-09-13,184.5299988,175.3697205
2018-09-14,183.9900055,174.8564758
2018-09-17,181.3399963,172.3381042
2018-09-18,182.8399963,173.7636261
2018-09-19,182.6999969,173.6305389
2018-09-20,184.7200012,175.550293
2018-09-21,183.7100067,174.5904846
2018-09-24,183.8899994,175.076004
2018-09-25,184.1399994,175.3140106
2018-09-26,184.2700043,175.4377899
2018-09-27,185.8300018,176.9230347
2018-09-28,185.7899933,176.8848724
2018-10-01,186.1699982,177.2466583
2018-10-02,185.75,176.8468475
2018-10-03,185.9499969,177.0372467
2018-10-04,182.3800049,173.6383362
2018-10-05,180.1499939,171.515274
2018-10-08,179.0500031,170.4679565
2018-10-09,179.6300049,171.0201874
2018-10-10,171.7299957,163.4988403
2018-10-11,169.6000061,161.470932
2018-10-12,174.3200073,165.9646606
2018-10-15,172.2100067,163.9557953
2018-10-16,177.2200012,168.7256927
2018-10-17,177.2899933,168.7923431
2018-10-18,173.1799927,164.879364
2018-10-19,173.0200043,164.727005
2018-10-22,173.9100037,165.5743713
2018-10-23,173.2700043,164.9649963
2018-10-24,165.3399963,157.4151459
2018-10-25,171.0599976,162.8609314
2018-10-26,166.6600037,158.6718445
2018-10-29,163.2299957,155.4062653
2018-10-30,165.9199982,157.9673615
2018-10-31,169.8200073,161.6803436
2018-11-01,172.0599976,163.812973
2018-11-02,169.3800049,161.2614899
2018-11-05,168.9600067,160.8616028
2018-11-06,170.2400055,162.0802612
2018-11-07,175.5800018,167.1642761
2018-11-08,174.4600067,166.0979614
2018-11-09,171.5200043,163.2989044
2018-11-12,166.3300018,158.3576813
2018-11-13,166.4700012,158.4908752
2018-11-14,165.1999969,157.2817688
2018-11-15,168.0899963,160.0332947
2018-11-16,167.5,159.4715881
2018-11-19,162.0599976,154.2923126
2018-11-20,159.1600037,151.531311
2018-11-21,160.3699951,152.6833038
2018-11-23,159.2100067,151.5789185
2018-11-26,162.8899994,155.0825195
2018-11-27,163.4400024,155.6062012
2018-11-28,168.6999969,160.6140747
2018-11-29,168.1499939,160.0904694
2018-11-30,169.3699951,161.2519531
2018-12-03,172.3300018,164.0700989
2018-12-04,165.7200012,157.7769165
2018-12-06,166.8899994,158.8908081
2018-12-07,161.3800049,153.6449432
2018-12-10,163.0700073,155.2539215
2018-12-11,163.6100006,155.7679901
2018-12-12,165.0500031,157.1390076
2018-12-13,165.1000061,157.1865845
2018-12-14,161.0800018,153.3592682
2018-12-17,157.4299927,149.884201
2018-12-18,158.4199982,150.8268127
2018-12-19,154.5299988,147.1232452
2018-12-20,152.2899933,144.9906158
2018-12-21,147.5700073,140.4968262
2018-12-24,143.5,137.0128326
2018-12-26,152.4600067,145.5677185
2018-12-27,153.0500031,146.1310425
2018-12-28,152.9700012,146.0546875
2018-12-31,154.2599945,147.2863464
2019-01-02,154.8800049,147.8783569
2019-01-03,149.8200073,143.0471039
2019-01-04,156.2299957,149.1672668
2019-01-07,158.0899963,150.9431915
2019-01-08,159.5200043,152.308548
2019-01-09,160.8200073,153.5497894
2019-01-10,161.2799988,153.9889984
2019-01-11,160.6900024,153.4256744
2019-01-14,159.2700043,152.069931
2019-01-15,162.3800049,155.0392761
2019-01-16,162.3500061,155.0105896
2019-01-17,163.6300049,156.2327881
2019-01-18,165.25,157.7795715
2019-01-22,161.9400024,154.6192017
2019-01-23,162.1499939,154.8196869
2019-01-24,163.1999969,155.8222504
2019-01-25,165.1499939,157.684082
2019-01-28,163.1100006,155.7362823
2019-01-29,161.5700073,154.2658997
2019-01-30,165.6799927,158.1900787
2019-01-31,168.1600037,160.5579987
2019-02-01,167.4499969,159.8801422
2019-02-04,169.5299988,161.8660583
2019-02-05,171.0299988,163.2982025
2019-02-06,170.5200043,162.8113098
2019-02-07,168.2299957,160.6248322
2019-02-08,168.5599976,160.9399109
2019-02-11,168.3999939,160.7872009
2019-02-12,170.8899994,163.1645355
2019-02-13,171.0099945,163.2791595
2019-02-14,171.2200012,163.4796295
2019-02-15,171.9400024,164.1671143
2019-02-19,172.2799988,164.4917603
2019-02-20,172.25,164.463089
2019-02-21,171.6199951,163.8615417
2019-02-22,172.8899994,165.074173
2019-02-25,173.5200043,165.6756897
2019-02-26,173.6999969,165.8475189
2019-02-27,173.5899963,165.7425079
2019-02-28,173.1900024,165.3605957
2019-03-01,174.3899994,166.5063171
2019-03-04,174.4199982,166.5349579
2019-03-05,174.5500031,166.6591492
2019-03-06,173.5599976,165.7138672
2019-03-07,171.4299927,163.6801453
2019-03-08,171.1699982,163.4319
2019-03-11,174.7299957,166.8310089
2019-03-12,175.6900024,167.7475891
2019-03-13,177.0099945,169.0079193
2019-03-14,176.7100067,168.7215118
2019-03-15,178.3500061,170.287323
2019-03-18,178.4499969,170.6928558
2019-03-19,179.0500031,171.2667999
2019-03-20,179.7599945,171.9459534
2019-03-21,182.5700073,174.6337891
2019-03-22,178.5599976,170.7981262
2019-03-25,178.2200012,170.4729309
2019-03-26,179.0500031,171.2667999
2019-03-27,177.8999939,170.1668243
2019-03-28,178.3099976,170.5589447
2019-03-29,179.6600037,171.8502808
2019-04-01,182.0399933,174.1268311
2019-04-02,182.7299957,174.7868805
2019-04-03,183.7799988,175.791153
2019-04-04,183.7100067,175.7242889
2019-04-05,184.6600037,176.6329651
2019-04-08,185.1300049,177.0825348
2019-04-09,184.4799957,176.4607849
2019-04-10,185.4700012,177.4077759
2019-04-11,185.0299988,176.9868927
2019-04-12,185.8300018,177.7520905
2019-04-15,185.8600006,177.7808075
2019-04-16,186.5,178.3929596
2019-04-17,187.1499939,179.0147095
2019-04-18,187.3899994,179.244278
2019-04-22,187.9199982,179.7512207
2019-04-23,190.3099976,182.0372925
2019-04-24,189.7100067,181.4634094
2019-04-25,190.4799957,182.1999817
2019-04-26,190.6499939,182.3625641
2019-04-29,191.0200043,182.7164764
2019-04-30,189.5399933,181.3008423
2019-05-01,188.9299927,180.7173615
2019-05-02,188.1100006,179.9329987
2019-05-03,191.1100006,182.8026276
2019-05-06,189.9400024,181.6834412
2019-05-07,186.2400055,178.1442566
2019-05-08,185.7700043,177.6947021
2019-05-09,184.7700043,176.7381897
2019-05-10,185,176.9581299
2019-05-13,178.5800018,170.8172455
2019-05-14,180.5399933,172.6920166
2019-05-15,183.0899963,175.1311493
2019-05-16,184.9299927,176.8912354
2019-05-17,183.0399933,175.083374
2019-05-20,179.9499969,172.1277008
2019-05-21,181.8300018,173.9259796
2019-05-22,181.0200043,173.1511688
2019-05-23,178.25,170.5015717
2019-05-24,178.1600037,170.4155273
2019-05-28,177.4900055,169.7746277
2019-05-29,176.0299988,168.3780518
2019-05-30,176.7700043,169.085907
2019-05-31,173.9499969,166.3884888
2019-06-03,170.1199951,162.7250214
2019-06-04,174.9100037,167.3067169
2019-06-05,176.2100067,168.5502472
2019-06-06,177.6100006,169.8894501
2019-06-07,181.0399933,173.1702881
2019-06-10,183.1499939,175.1885986
2019-06-11,183.3999939,175.4276886
2019-06-12,182.3399963,174.4137573
2019-06-13,183.4199982,175.4468842
2019-06-14,182.6399994,174.7007751
2019-06-17,183.7400055,175.7529449
2019-06-18,186.4100037,178.3068542
2019-06-19,187.1100006,178.9764709
2019-06-20,188.8500061,180.6408234
2019-06-21,188.5700073,180.3730011
2019-06-24,188.1600037,180.3787537
2019-06-25,184.9299927,177.2823486
2019-06-26,185.7899933,178.1067352
2019-06-27,186.5,178.7874146
2019-06-28,186.7400055,179.0174713
2019-07-01,189.2599945,181.4332581
2019-07-02,190.0099945,182.1522827
2019-07-03,191.4400024,183.5231171
2019-07-05,191.0500031,183.1492462
2019-07-08,189.7100067,181.8646545
2019-07-09,190.6600037,182.7753754
2019-07-10,192.5599976,184.5967712
2019-07-11,192.4199982,184.462616
2019-07-12,193.5299988,185.5266876
2019-07-15,194.1499939,186.1210175
2019-07-16,193.1499939,185.1623688
2019-07-17,192.1999969,184.2516479
2019-07-18,192.4199982,184.462616
2019-07-19,191.0099945,183.1108856
2019-07-22,192.5299988,184.5680389
2019-07-23,193.7899933,185.7758789
2019-07-24,195.1499939,187.0796509
2019-07-25,193.3000031,185.3061981
2019-07-26,195.2899933,187.2138672
2019-07-29,194.6199951,186.571579
2019-07-30,193.7799988,185.7663116
2019-07-31,191.1000061,183.1971741
2019-08-01,190.1499939,182.2864532
2019-08-02,187.3500061,179.6022949
2019-08-05,180.7299957,173.2559814
2019-08-06,183.2599945,175.6813507
2019-08-07,184.25,176.6304474
2019-08-08,188.2599945,180.4745941
2019-08-09,186.4900055,178.7778473
2019-08-12,184.3500061,176.7263489
2019-08-13,188.3899994,180.5991974
2019-08-14,182.7599945,175.2021027
2019-08-15,182.5500031,175.0007629
2019-08-16,185.4799957,177.8095703
2019-08-19,188.4299927,180.6375732
2019-08-20,186.9700012,179.2379761
2019-08-21,188.6300049,180.8293304
2019-08-22,188.0200043,180.2445374
2019-08-23,182.0700073,174.5406036
2019-08-26,184.8200073,177.1768951
2019-08-27,184.4299927,176.8029785
2019-08-28,185.0899963,177.4356689
2019-08-29,187.9199982,180.1486664
2019-08-30,187.4700012,179.7172852
2019-09-03,185.6499939,177.97258
2019-09-04,188.3300018,180.5417328
2019-09-05,191.7799988,183.8490295
2019-09-06,191.5899963,183.6669159
2019-09-09,191.1900024,183.2834473
2019-09-10,190.6399994,182.7561493
2019-09-11,192.4299927,184.472168
2019-09-12,193.2299957,185.2390747
2019-09-13,192.5399933,184.5775909
2019-09-16,191.6799927,183.7531586
2019-09-17,192.6000061,184.6351013
2019-09-18,192.5200043,184.5584259
2019-09-19,192.8399963,184.8652496
2019-09-20,190.8000031,182.9095764
2019-09-23,190.5,182.9902191
2019-09-24,187.9700012,180.559967
2019-09-25,190.0800018,182.5867767
2019-09-26,189.3800049,181.9144135
2019-09-27,187.0299988,179.6570129
2019-09-30,188.8099976,181.3668823
2019-10-01,187.2700043,179.8876038
2019-10-02,184.0500031,176.7945099
2019-10-03,186.0700073,178.734848
2019-10-04,188.8099976,181.3668823
2019-10-07,188.2400055,180.8193665
2019-10-08,185.4199982,178.1105194
2019-10-09,187.2299957,179.8491516
2019-10-10,188.6799927,181.2419891
2019-10-11,191.1100006,183.5762329
2019-10-14,191.0899963,183.5570068
2019-10-15,193.5200043,185.8911896
2019-10-16,193.0399933,185.4301453
2019-10-17,193.5500031,185.9199982
2019-10-18,191.6900024,184.1333466
2019-10-21,193.3899994,185.7662964
2019-10-22,191.8500061,184.2870178
2019-10-23,192.2200012,184.6424103
2019-10-24,194.0899963,186.4387207
2019-10-25,195.6399994,187.9276276
2019-10-28,197.5700073,189.7815094
2019-10-29,196.0399933,188.3118744
2019-10-30,196.9900055,189.2244263
2019-10-31,197.0800018,189.3108368
2019-11-01,198.8699951,191.0303192
2019-11-04,200.1000061,192.211792
2019-11-05,200.2100067,192.3174744
2019-11-06,199.7599945,191.8852234
2019-11-07,200.4299927,192.5287933
2019-11-08,201.2299957,193.297287
2019-11-11,200.9600067,193.0378571
2019-11-12,201.5399933,193.5950317
2019-11-13,201.5899963,193.6430511
2019-11-14,201.4299927,193.4893646
2019-11-15,202.9100037,194.9110107
2019-11-18,203.0700073,195.064743
2019-11-19,203.3699951,195.3529205
2019-11-20,202.1499939,194.1809998
2019-11-21,201.6999969,193.7487183
2019-11-22,201.8300018,193.8735809
2019-11-25,204.2200012,196.1694336
2019-11-26,204.6100006,196.5440063
2019-11-27,206.0399933,197.9176025
2019-11-29,205.1000061,197.0147095
2019-12-02,203,194.9975128
2019-12-03,201.4100037,193.4701385
2019-12-04,202.4299927,194.4499359
2019-12-05,202.8300018,194.834198
2019-12-06,205,196.9186554
2019-12-09,204.0700073,196.0252686
2019-12-10,203.8999939,195.8619995
2019-12-11,204.9799957,196.8993988
2019-12-12,206.5099945,198.3691101
2019-12-13,207.1900024,199.0223389
2019-12-16,209.2700043,201.0203094
2019-12-17,209.3899994,201.1356201
2019-12-18,209.5500031,201.2893066
2019-12-19,210.8600006,202.5476074
2019-12-20,211.7100067,203.3641357
2019-12-23,211.8099976,203.9012756
2019-12-24,211.9199982,204.0071411
2019-12-26,213.7899933,205.8073273
2019-12-27,213.6100006,205.6340485
2019-12-30,212.2100067,204.2863464
2019-12-31,212.6100006,204.671402
2020-01-02,216.1600037,208.088913
2020-01-03,214.1799927,206.1828003
2020-01-06,215.5599976,207.5112762
2020-01-07,215.5299988,207.4824066
2020-01-08,217.1499939,209.0418854
2020-01-09,218.9900055,210.8132019
2020-01-10,218.4299927,210.2741089
2020-01-13,220.9499969,212.7000122
2020-01-14,220.0800018,211.8625488
2020-01-15,220.1699982,211.9491577
2020-01-16,222.2799988,213.9803314
2020-01-17,223.3800049,215.0393219
2020-01-21,223.2799988,214.9430389
2020-01-22,223.8699951,215.5109711
2020-01-23,224.5899963,216.2041016
2020-01-24,222.6999969,214.3846893
2020-01-27,218.1000061,209.9564056
2020-01-28,221.4499969,213.1813202
2020-01-29,221.8099976,213.5279388
2020-01-30,222.6000061,214.2884216
2020-01-31,219.0700073,210.890213
2020-02-03,222.3800049,214.0765991
2020-02-04,227.4700012,218.9765778
2020-02-05,228.2200012,219.6985626
2020-02-06,230.1900024,221.5950012
2020-02-07,229.1999969,220.641983
2020-02-10,231.9700012,223.3085632
2020-02-11,232.0099945,223.3470459
2020-02-12,234.2700043,225.5226746
2020-02-13,233.9700012,225.233902
2020-02-14,234.6399994,225.8788757
2020-02-18,234.7299957,225.9654541
2020-02-19,236.9799957,228.1314545
2020-02-20,234.7799988,226.0136108
2020-02-21,230.2700043,221.6720276
2020-02-24,221.3899994,213.1235809
2020-02-25,215.3699951,207.3283691
2020-02-26,216.4799957,208.3969269
2020-02-27,205.6399994,197.9617157
2020-02-28,205.8000031,198.1157074
2020-03-02,216.4199982,208.3391571
2020-03-03,209.4799957,201.6582794
2020-03-04,218.2200012,210.0720062
2020-03-05,211.5899963,203.6894836
2020-03-06,208.0200043,200.2528229
2020-03-09,193.5700073,186.3423615
2020-03-10,204.1100006,196.4888306
2020-03-11,195.2200012,187.9307709
2020-03-12,177.3200073,170.6991272
2020-03-13,192.3399963,185.1582642
2020-03-16,169.3000031,162.9785767
2020-03-17,182.1399994,175.3391418
2020-03-18,176.6000061,170.0060577
2020-03-19,177.6600037,171.0263824
2020-03-20,170.6999969,164.3262939
2020-03-23,170.4600067,164.4449768
2020-03-24,183.6600037,177.1791229
2020-03-25,182.3000031,175.8671265
2020-03-26,191.8999939,185.1283569
2020-03-27,185.3000031,178.7612457
2020-03-30,192.0399933,185.2634583
2020-03-31,190.3999939,183.6813049
2020-04-01,182.3099976,175.8767853
2020-04-02,186.0099945,179.446228
2020-04-03,183.3699951,176.8993683
2020-04-06,196.4799957,189.5467377
2020-04-07,196.3999939,189.4695892
2020-04-08,200.5700073,193.4924622
2020-04-09,200.8600006,193.7722321
2020-04-13,203.0299988,195.8656006
2020-04-14,211.8600006,204.3840485
2020-04-15,209.4299927,202.0397491
2020-04-16,213.25,205.7250061
2020-04-17,215.2899933,207.6930084
2020-04-20,212.7400055,205.2330017
2020-04-21,204.8899994,197.6599884
2020-04-22,210.9700012,203.5254517
2020-04-23,210.5200043,203.0913696
2020-04-24,213.8399963,206.2941895
2020-04-27,215.5599976,207.9535217
2020-04-28,211.5,204.0367584
2020-04-29,219,211.2721252
2020-04-30,218.9100037,211.185257
2020-05-01,212.7400055,205.2330017
2020-05-04,215.2200012,207.6254578
2020-05-05,217.6600037,209.9794006
2020-05-06,219,211.2721252
2020-05-07,221.8200073,213.9925995
2020-05-08,224.8600006,216.9253693
2020-05-11,226.8699951,218.8643951
2020-05-12,222.1199951,214.2820282
2020-05-13,219.3399963,211.6000824
2020-05-14,221.8300018,214.0022278
2020-05-15,223.2700043,215.391449
2020-05-18,227.4299927,219.4046021
2020-05-19,226.8600006,218.8547363
2020-05-20,231.3899994,223.2248993
2020-05-21,228.8699951,220.793808
2020-05-22,229.6600037,221.5559692
2020-05-26,229.0399933,220.9578094
2020-05-27,230.2899933,222.1637268
2020-05-28,229.9900055,221.8742981
2020-05-29,233.3600006,225.125412
2020-06-01,234.0599976,225.8006439
2020-06-02,235.6300049,227.3152771
2020-06-03,236.6900024,228.3378601
2020-06-04,235.0299988,226.7364349
2020-06-05,239.6900024,231.2320099
2020-06-08,241.5500031,233.0263824
2020-06-09,243.3000031,234.7145996
2020-06-10,246.2200012,237.531601
2020-06-11,234.0200043,225.7620697
2020-06-12,235.8800049,227.5564728
2020-06-15,238.75,230.3251801
2020-06-16,242.8500061,234.2805176
2020-06-17,243.6199951,235.0233307
2020-06-18,244.2799988,235.6600189
2020-06-19,244.2400055,235.62146
2020-06-22,246.7400055,238.4471741
2020-06-23,248.8399963,240.4765472
2020-06-24,243.7100067,235.5189972
2020-06-25,246.0299988,237.7610168
2020-06-26,240.2200012,232.1463013
2020-06-29,242.8399963,234.6782379
2020-06-30,247.6000061,239.2782745
2020-07-01,250.4900055,242.0711365
2020-07-02,252.1900024,243.714035
2020-07-06,258.3900146,249.7057037
2020-07-07,256.6099854,247.9854584
2020-07-08,259.9899902,251.2518311
2020-07-09,262.1799927,253.3682251
2020-07-10,263.9700012,255.0981293
2020-07-13,258.5400085,249.8506317
2020-07-14,260.3699951,251.6190338
2020-07-15,260.8999939,252.1312408
2020-07-16,259.1199951,250.411026
2020-07-17,259.4200134,250.7010345
2020-07-20,266.7799988,257.8136597
2020-07-21,264,255.1269836
2020-07-22,264.9299927,256.0258179
2020-07-23,258.0100098,249.3384094
2020-07-24,255.5599976,246.9707642
2020-07-27,260.1199951,251.3774414
2020-07-28,256.8099976,248.1787415
2020-07-29,259.769989,251.0392303
2020-07-30,261.1300049,252.3535767
2020-07-31,265.7900085,256.8569336
2020-08-03,269.3800049,260.3262329
2020-08-04,270.3800049,261.2926941
2020-08-05,271.0499878,261.9401245
2020-08-06,274.6400146,265.4095154
2020-08-07,271.4700012,262.3460083
2020-08-10,270.3099976,261.2250061
2020-08-11,265.1900024,256.2771301
2020-08-12,271.8599854,262.7228699
2020-08-13,272.480011,263.3220825
2020-08-14,272.1600037,263.0127869
2020-08-17,275.3200073,266.0666199
2020-08-18,277.9700012,268.6275024
2020-08-19,276.1000061,266.8203125
2020-08-20,279.9299927,270.5217285
2020-08-21,281.8699951,272.3965454
2020-08-24,283.6300049,274.0973511
2020-08-25,285.8599854,276.2523193
2020-08-26,291.9599915,282.1473389
2020-08-27,291.0499878,281.2679443
2020-08-28,292.5299988,282.6982117
2020-08-31,294.8800049,284.9692688
2020-09-01,299.9200134,289.8398132
2020-09-02,302.7600098,292.5843811
2020-09-03,287.4100037,277.7502441
2020-09-04,283.5799866,274.0489807
2020-09-08,269.9500122,260.8771057
2020-09-09,277.8800049,268.5405884
2020-09-10,272.3399963,263.1868286
2020-09-11,270.4500122,261.36026
2020-09-14,275.1600037,265.9120789
2020-09-15,279.0599976,269.6808472
2020-09-16,274.6099854,265.3804626
2020-09-17,270.3200073,261.2346497
2020-09-18,266.8699951,257.9006653
2020-09-21,267.5100098,258.5191345
2020-09-22,272.480011,263.3220825
2020-09-23,264.1600037,255.2816315
2020-09-24,265.3900146,256.4703369
2020-09-25,271.5599976,262.4329834
2020-09-28,277.2000122,267.8834534
2020-09-29,275.9500122,266.6754761
2020-09-30,277.8399963,268.5019226
2020-10-01,282.25,272.7637024
2020-10-02,274.3099976,265.0905457
2020-10-05,280.1600037,270.743927
2020-10-06,275.1600037,265.9120789
2020-10-07,279.9200134,270.5119934
2020-10-08,281.4100037,271.9519653
2020-10-09,285.7099915,276.1073914
2020-10-12,294.5299988,284.6309509
2020-10-13,294.519989,284.6212463
2020-10-14,292.0599976,282.2440186
2020-10-15,290.1000061,280.3499146
2020-10-16,288.5100098,278.8133545
2020-10-19,283.7999878,274.2615967
2020-10-20,284.4100037,274.8511963
2020-10-21,284.1900024,274.6385498
2020-10-22,284.1799927,274.6288147
2020-10-23,284.7399902,275.1699829
2020-10-26,280.4700012,271.0435791
2020-10-27,282.6600037,273.1598816
2020-10-28,271.6400146,262.5103149
2020-10-29,276.3900146,267.100647
2020-10-30,269.3800049,260.3262329
2020-11-02,269.980011,260.9060974
2020-11-03,274.6499939,265.4190674
2020-11-04,286.9100037,277.2670898
2020-11-05,294.3900146,284.495697
2020-11-06,294.6099854,284.7082825
2020-11-09,288.5899963,278.8906555
2020-11-10,283.4200134,273.8943481
2020-11-11,289.7600098,280.0213318
2020-11-12,288.3999939,278.7070312
2020-11-13,290.9299927,281.1519165
2020-11-16,293.2000122,283.3457031
2020-11-17,292.269989,282.4470215
2020-11-18,290.1099854,280.3595276
2020-11-19,292.3800049,282.5532532
2020-11-20,290.3800049,280.6204224
2020-11-23,290.3900146,280.6301575
2020-11-24,294.4700012,284.572998
2020-11-25,296.2799988,286.3221436
2020-11-27,299.0100098,288.9604187
2020-11-30,299.6199951,289.5499573
2020-12-01,303.4599915,293.2608337
2020-12-02,303.8500061,293.6377563
2020-12-03,304.2799988,294.0532227
2020-12-04,305.519989,295.2515259
2020-12-07,307.25,296.9233704
2020-12-08,308.2900085,297.9284973
2020-12-09,301.3099976,291.1831055
2020-12-10,302.519989,292.352417
2020-12-11,301.8500061,291.704895
2020-12-14,304.0400085,293.8213196
2020-12-15,307.2900085,296.9621277
2020-12-16,308.980011,298.5952759
2020-12-17,311,300.5474243
2020-12-18,310.0599976,299.6389771
2020-12-21,308.9200134,299.0784607
2020-12-22,309.7600098,299.8917542
2020-12-23,308.2000122,298.3813477
2020-12-24,309.5599976,299.6980591
2020-12-28,312.6799927,302.7187195
2020-12-29,312.9599915,302.9897766
2020-12-30,312.9700012,302.9994507
2020-12-31,313.7399902,303.744873
2021-01-04,309.3099976,299.4559937
2021-01-05,311.8599854,301.9248962
2021-01-06,307.5400085,297.7424011
2021-01-07,314.980011,304.945343
2021-01-08,319.0299988,308.8663025
2021-01-11,314.4200134,304.4032593
2021-01-12,313.9200134,303.9191589
2021-01-13,316.0400085,305.9715881
2021-01-14,314.3500061,304.3355103
2021-01-15,311.8599854,301.9248962
2021-01-19,316.4100037,306.3297729
2021-01-20,323.769989,313.4553528
2021-01-21,326.3599854,315.9629211
2021-01-22,325.4200134,315.0527649
2021-01-25,328.1099854,317.657074
2021-01-26,328.5899963,318.1218567
2021-01-27,319.4299927,309.2536011
2021-01-28,321.3200073,311.0833435
2021-01-29,314.5599976,304.5387268
2021-02-01,322.4200134,312.148468
2021-02-02,327.6799927,317.2407837
2021-02-03,326.3800049,315.9822998
2021-02-04,330.2399902,319.7192383
2021-02-05,331.3599854,320.8035278
2021-02-08,333.5799866,322.9528503
2021-02-09,333.5100098,322.8850098
2021-02-10,332.75,322.1492615
2021-02-11,334.5799866,323.9209595
2021-02-12,336.4500122,325.7313538
2021-02-16,335.5400085,324.8504333
2021-02-17,333.9299927,323.291687
2021-02-18,332.4700012,321.8781433
2021-02-19,331.019989,320.4743652
2021-02-22,322.4400024,312.1677856
2021-02-23,321.480011,311.2383423
2021-02-24,324.1300049,313.803833
2021-02-25,312.8299866,302.8638916
2021-02-26,314.1400146,304.1321411
2021-03-01,323.5899963,313.2810669
2021-03-02,318.3999939,308.2564697
2021-03-03,309.1600037,299.310791
2021-03-04,304.1000061,294.4119873
2021-03-05,308.6799927,298.8460693
2021-03-08,299.9400024,290.384491
2021-03-09,311.769989,301.837616
2021-03-10,310.8800049,300.9759827
2021-03-11,318.0400085,307.907959
2021-03-12,315.4599915,305.4101257
2021-03-15,318.8299866,308.672699
2021-03-16,320.5799866,310.3669739
2021-03-17,321.8999939,311.644928
2021-03-18,312.0400085,302.0990601
2021-03-19,313.1400146,303.164032
2021-03-22,318.6099854,308.8492737
2021-03-23,317.2200012,307.5018616
2021-03-24,311.8699951,302.3157959
2021-03-25,311.3299866,301.7923889
2021-03-26,316,306.3193359
2021-03-29,315.9100037,306.2320557
2021-03-30,314.3200073,304.6907654
2021-03-31,319.1300049,309.3534241
2021-04-01,324.5700073,314.62677
2021-04-05,331.0499878,320.9082031
2021-04-06,330.8200073,320.6852722
2021-04-07,331.6199951,321.4607849
2021-04-08,335.0799866,324.8147888
2021-04-09,337.1099854,326.7825317
2021-04-12,336.6700134,326.3560181
2021-04-13,340.6000061,330.1657104
2021-04-14,336.5100098,326.2010193
2021-04-15,341.6099854,331.1447144
2021-04-16,342.0100098,331.5324402
2021-04-19,338.8800049,328.4983826
2021-04-20,336.4100037,326.1040344
2021-04-21,339.2900085,328.8957825
2021-04-22,335.2000122,324.9311523
2021-04-23,339.4200134,329.0219116
2021-04-26,341.6300049,331.1641235
2021-04-27,340.1499939,329.7294006
2021-04-28,339,328.6146851
2021-04-29,340.2200012,329.7972717
2021-04-30,337.9899902,327.6356506
2021-05-03,336.1900024,325.8907776
2021-05-04,330.1400146,320.0261841
2021-05-05,329.0299988,318.9501038
2021-05-06,331.5100098,321.3541565
2021-05-07,334.2000122,323.9617615
2021-05-10,325.7600098,315.7801819
2021-05-11,325.3099976,315.3440552
2021-05-12,316.8900146,307.1820984
2021-05-13,319.3399963,309.5570374
2021-05-14,326.3900146,316.3909912
2021-05-17,324.4100037,314.4716797
2021-05-18,322.2200012,312.3487549
2021-05-19,322.5899963,312.7073975
2021-05-20,328.8299866,318.7563171
2021-05-21,327.0100098,316.9920349
2021-05-24,332.5100098,322.3235474
2021-05-25,332.9700012,322.7695007
2021-05-26,334.1300049,323.8938599
2021-05-27,332.8800049,322.6821899
2021-05-28,333.9299927,323.7000122
2021-06-01,332.8200073,322.6240234
2021-06-02,333.4700012,323.2541199
2021-06-03,330,319.8904419
2021-06-04,335.6000061,325.3188782
2021-06-07,336.6000061,326.288208
2021-06-08,336.7600098,326.4433594
2021-06-09,336.8399963,326.5207825
2021-06-10,340.3500061,329.9233398
2021-06-11,341.2399902,330.7860413
2021-06-14,344.5100098,333.9558716
2021-06-15,342.2600098,331.7748108
2021-06-16,341.0100098,330.5631409
2021-06-17,345.3399963,334.7604675
2021-06-18,342.6300049,332.1335144
2021-06-21,344.3599854,334.1976624
2021-06-22,347.5700073,337.3129883
2021-06-23,347.7399902,337.4779968
2021-06-24,349.8900146,339.5646362
2021-06-25,349.4599915,339.1471863
2021-06-28,353.7099915,343.271759
2021-06-29,354.9899902,344.5139771
2021-06-30,354.4299927,343.9704895
2021-07-01,354.5700073,344.1064148
2021-07-02,358.6400146,348.0563049
2021-07-06,360.1900024,349.5605469
2021-07-07,360.9500122,350.2980957
2021-07-08,358.769989,348.1824341
2021-07-09,361.0100098,350.3563538
2021-07-12,362.4200134,351.724823
2021-07-13,362.4200134,351.724823
2021-07-14,363.0700073,352.3555908
2021-07-15,360.519989,349.8807678
2021-07-16,357.6000061,347.0470276
2021-07-19,354.6700134,344.2033691
2021-07-20,358.7900085,348.2018738
2021-07-21,361.5599976,350.8901062
2021-07-22,363.9500122,353.2095947
2021-07-23,368.2000122,357.334137
2021-07-26,368.4899902,357.6155701
2021-07-27,364.4299927,353.6754761
2021-07-28,365.8299866,355.0340271
2021-07-29,366.480011,355.6649475
2021-07-30,364.5700073,353.8113098
2021-08-02,364.6000061,353.8404236
2021-08-03,366.8099976,355.9851685
2021-08-04,367.3399963,356.4995422
2021-08-05,369.6700134,358.7608948
2021-08-06,368.0499878,357.1885681
2021-08-09,368.730011,357.8485718
2021-08-10,366.8399963,356.0143433
2021-08-11,366.2099915,355.4029236
2021-08-12,367.5299988,356.68396
2021-08-13,368.8200073,357.9358521
2021-08-16,368.980011,358.0911865
2021-08-17,365.730011,354.9370117
2021-08-18,362.2099915,351.5209045
2021-08-19,363.9599915,353.2192993
2021-08-20,367.730011,356.8779907
2021-08-23,373.230011,362.2157593
2021-08-24,374.3699951,363.3220825
2021-08-25,374.7999878,363.7393799
2021-08-26,372.4200134,361.4296875
2021-08-27,376.0400085,364.9427795
2021-08-30,380.2600098,369.038269
2021-08-31,379.9500122,368.7374573
2021-09-01,380.5799866,369.3488159
2021-09-02,380.3999939,369.1741333
2021-09-03,381.5700073,370.3096313
2021-09-07,382.1099854,370.8337097
2021-09-08,380.7799988,369.5428772
2021-09-09,379.4700012,368.2716064
2021-09-10,376.5899963,365.4765625
2021-09-13,376.3299866,365.2242737
2021-09-14,375.2600098,364.1858521
2021-09-15,378.0499878,366.8934937
2021-09-16,378.3099976,367.1458435
2021-09-17,373.8299866,362.7979736
2021-09-20,365.7000122,355.3014526
2021-09-21,366.1499939,355.7386475
2021-09-22,369.5700073,359.0613708
2021-09-23,372.980011,362.3744202
2021-09-24,373.3299866,362.714447
2021-09-27,370.3500061,359.8191528
2021-09-28,359.8699951,349.6372375
2021-09-29,359.2799988,349.0639343
2021-09-30,357.9599915,347.7814636
2021-10-01,360.1799927,349.9383545
2021-10-04,352.6199951,342.5934143
2021-10-05,357.3800049,347.2180176
2021-10-06,359.6700134,349.4429016
2021-10-07,362.9700012,352.6490173
2021-10-08,361.1600037,350.8905334
2021-10-11,358.3900146,348.1993408
2021-10-12,357.1400146,346.9848938
2021-10-13,360,349.7634583
2021-10-14,366.6300049,356.2049561
2021-10-15,368.9400024,358.4492493
2021-10-18,372.6499939,362.0538635
2021-10-19,375.4700012,364.7936096
2021-10-20,374.980011,364.3175354
2021-10-21,377.269989,366.5424805
2021-10-22,374.1000061,363.4625854
2021-10-25,377.9299927,367.1835938
2021-10-26,379.1199951,368.3398132
2021-10-27,380,369.1948242
2021-10-28,384.2200012,373.2947693
2021-10-29,386.1099854,375.1310425
2021-11-01,387.4299927,376.4134827
2021-11-02,389.0499878,377.9875183
2021-11-03,393.1799927,382.0000916
2021-11-04,398.2200012,386.8967285
2021-11-05,398.6000061,387.2658997
2021-11-08,398.0599976,386.7413025
2021-11-09,395.3200073,384.0791321
2021-11-10,389.5100098,378.4343567
2021-11-11,390.5899963,379.4836121
2021-11-12,394.7000122,383.4768066
2021-11-15,394.6099854,383.3893738
2021-11-16,397.4200134,386.1195374
2021-11-17,397.6300049,386.3234863
2021-11-18,401.75,390.3263245
2021-11-19,403.9899902,392.502655
2021-11-22,399.2999878,387.9459534
2021-11-23,397.480011,386.1777039
2021-11-24,398.7600098,387.4213562
2021-11-26,391.2000122,380.0763245
2021-11-29,399.6900024,388.3249817
2021-11-30,393.8200073,382.6218872
2021-12-01,387.1199951,376.1123352
2021-12-02,389.9100037,378.8230286
2021-12-03,383.1300049,372.2358398
2021-12-06,386.2000122,375.2185364
2021-12-07,397.8299866,386.5178223
2021-12-08,399.6099854,388.2471924
2021-12-09,393.730011,382.5343628
2021-12-10,398.0100098,386.692688
2021-12-13,392.2600098,381.1062012
2021-12-14,388.2000122,377.1616821
2021-12-15,397.0499878,385.7599792
2021-12-16,386.8399963,375.8403625
2021-12-17,384.9100037,373.96521
2021-12-20,380.6900024,370.3375854
2021-12-21,389.2099915,378.6259155
2021-12-22,393.9500122,383.2370605
2021-12-23,396.9200134,386.1262512
2021-12-27,403.480011,392.5078735
2021-12-28,401.6099854,390.6887512
2021-12-29,401.5499878,390.6303406
2021-12-30,400.3500061,389.4630432
2021-12-31,397.8500061,387.0308838
2022-01-03,401.6799927,390.7568054
2022-01-04,396.4700012,385.6884155
2022-01-05,384.2900085,373.8396912
2022-01-06,384.019989,373.5770569
2022-01-07,379.8599854,369.5301514
2022-01-10,380.1099854,369.7733459
2022-01-11,385.8200073,375.3280945
2022-01-12,387.3500061,376.8164978
2022-01-13,377.6600037,367.3899536
2022-01-14,380.0100098,369.6760864
2022-01-18,370.5499878,360.4732666
2022-01-19,366.480011,356.5140686
2022-01-20,361.7200012,351.8834534
2022-01-21,351.6900024,342.1262817
2022-01-24,353.2999878,343.6924133
2022-01-25,345.1099854,335.7251587
2022-01-26,344.5700073,335.1997986
2022-01-27,341.1000061,331.8240967
2022-01-28,351.7999878,342.2332153
2022-01-31,363.0499878,353.1772766
2022-02-01,365.519989,355.5801697
2022-02-02,368.4899902,358.4693298
2022-02-03,353.5499878,343.9356384
2022-02-04,358.0100098,348.2743225
2022-02-07,355.1300049,345.4726562
2022-02-08,359.1199951,349.3540955
2022-02-09,366.730011,356.7572327
2022-02-10,358.4299927,348.6828613
2022-02-11,347.0599976,337.6220703
2022-02-14,347.4899902,338.0404663
2022-02-15,356.1300049,346.4455261
2022-02-16,356.0400085,346.3579407
2022-02-17,345.4500122,336.0559082
2022-02-18,341.5100098,332.2230835
2022-02-22,338.0799866,328.8863525
2022-02-23,329.4200134,320.461792
2022-02-24,340.4899902,331.2307434
2022-02-25,345.769989,336.3672485
2022-02-28,346.7999878,337.3691711
2022-03-01,341.4899902,332.2035522
2022-03-02,347.2200012,337.777771
2022-03-03,342.2600098,332.9526672
2022-03-04,337.2999878,328.127533
2022-03-07,324.8599854,316.0257874
2022-03-08,323.3500061,314.5568542
2022-03-09,334.9899902,325.8803101
2022-03-10,331.269989,322.2615356
2022-03-11,324.3999939,315.5783386
2022-03-14,318.1700134,309.5177917
2022-03-15,328.1499939,319.2263184
2022-03-16,340.3200073,331.0653992
2022-03-17,344.4400024,335.0733643
2022-03-18,351.4899902,341.9315491
2022-03-21,350.0799866,340.9809875
2022-03-22,356.9599915,347.6820984
2022-03-23,351.8299866,342.6855164
2022-03-24,359.6499939,350.3023071
2022-03-25,359.3500061,350.0101013
2022-03-28,364.9100037,355.4256287
2022-03-29,371.1900024,361.5423584
2022-03-30,367.0899963,357.5488892
2022-03-31,362.5400085,353.1171265
2022-04-01,361.8500061,352.4450989
2022-04-04,369.2999878,359.7014465
2022-04-05,361.1000061,351.7145691
2022-04-06,353.2600098,344.0784302
2022-04-07,354.1000061,344.8965454
2022-04-08,349.1499939,340.0751648
2022-04-11,340.8900146,332.0299683
2022-04-12,339.4500122,330.6273804
2022-04-13,346.3500061,337.3479614
2022-04-14,338.4299927,329.6337585
2022-04-18,338.6900024,329.8870544
2022-04-19,346.2600098,337.2602844
2022-04-20,341.2099915,332.3415833
2022-04-21,334.1499939,325.4650574
2022-04-22,325.3999939,316.9425354
2022-04-25,329.5799866,321.0137939
2022-04-26,317.1400146,308.8972168
2022-04-27,316.7600098,308.5270386
2022-04-28,328.0100098,319.4846802
2022-04-29,313.25,305.1082764
2022-05-02,318.480011,310.2023621
2022-05-03,318.8200073,310.5335083
2022-05-04,329.6000061,321.0332642
2022-05-05,313,304.8647156
2022-05-06,309.25,301.2122803
2022-05-09,297.1499939,289.4266968
2022-05-10,300.7600098,292.9429016
2022-05-11,291.8399963,284.2546692
2022-05-12,291.1499939,283.5826721
2022-05-13,301.9400024,294.0922852
2022-05-16,298.4400024,290.6832886
2022-05-17,306.1700134,298.2122803
2022-05-18,291.1400146,283.572998
2022-05-19,289.5799866,282.0534973
2022-05-20,288.6799927,281.1769104
2022-05-23,293.480011,285.8521423
2022-05-24,287.2399902,279.7743225
2022-05-25,291.2600098,283.6898499
2022-05-26,299.3299866,291.5501099
2022-05-27,309.1000061,301.0661316
2022-05-31,308.2799988,300.2674561
2022-06-01,306,298.0466919
2022-06-02,314.3800049,306.2088623
2022-06-03,306.2000122,298.2415466
2022-06-06,307.2200012,299.2349854
2022-06-07,309.8699951,301.8160706
2022-06-08,307.6400146,299.644104
2022-06-09,299.3999939,291.6182861
2022-06-10,288.8399963,281.3327332
2022-06-13,275.4100037,268.2518616
2022-06-14,275.9100037,268.7387695
2022-06-15,282.7999878,275.449707
2022-06-16,271.3900146,264.3362732
2022-06-17,274.6900024,267.5505371
2022-06-21,281.0799866,274.3006287
2022-06-22,280.6700134,273.9006042
2022-06-23,284.8500061,277.9797363
2022-06-24,294.6099854,287.504303
2022-06-27,292.4500122,285.3964844
2022-06-28,283.5400085,276.7013855
2022-06-29,283.7999878,276.9550171
2022-06-30,280.2799988,273.5200195
2022-07-01,282.1300049,275.3253479
2022-07-05,286.9599915,280.0388489
2022-07-06,288.7999878,281.8344421
2022-07-07,294.980011,287.8654785
2022-07-08,295.3500061,288.2264709
2022-07-11,289.0400085,282.0687561
2022-07-12,286.2399902,279.3363037
2022-07-13,285.6499939,278.760437
2022-07-14,286.6700134,279.7558594
2022-07-15,291.8699951,284.8304138
2022-07-18,289.3999939,282.4200745
2022-07-19,298.2999878,291.1052856
2022-07-20,303.0299988,295.7212524
2022-07-21,307.3800049,299.9663696
2022-07-22,301.9899902,294.7063293
2022-07-25,300.269989,293.0278015
2022-07-26,294.3699951,287.2701721
2022-07-27,306.8099976,299.4101257
2022-07-28,309.8099976,302.3377686
2022-07-29,315.4599915,307.8515015
2022-08-01,315.269989,307.6660461
2022-08-02,314.3299866,306.7487183
2022-08-03,322.8900146,315.1022339
2022-08-04,324.3999939,316.5758362
2022-08-05,321.75,313.9897156
2022-08-08,320.7099915,312.974823
2022-08-09,317.0799866,309.4323425
2022-08-10,325.9299927,318.0689697
2022-08-11,324.0799866,316.2635193
2022-08-12,330.3900146,322.4214172
2022-08-15,333.0599976,325.0270386
2022-08-16,332.2799988,324.2657776
2022-08-17,328.4899902,320.5671692
2022-08-18,329.2799988,321.3381042
2022-08-19,322.8599854,315.072998
2022-08-22,314.3599854,306.7780151
2022-08-23,314.1000061,306.5242615
2022-08-24,315.0100098,307.4123535
2022-08-25,320.5799866,312.8480225
2022-08-26,307.4400024,300.0248718
2022-08-29,304.4100037,297.0679932
2022-08-30,301.019989,293.7597656
2022-08-31,299.269989,292.0519409
2022-09-01,299.3999939,292.1788635
2022-09-02,295.1700134,288.0508728
2022-09-06,293.0499878,285.9819336
2022-09-07,298.9700012,291.7591553
2022-09-08,300.519989,293.2717896
2022-09-09,307.0899963,299.6833801
2022-09-12,310.7399902,303.2452393
2022-09-13,293.7000122,286.616394
2022-09-14,296.0299988,288.8900757
2022-09-15,291.1000061,284.0789795
2022-09-16,289.3200073,282.34198
2022-09-19,291.0499878,284.5406799
2022-09-20,288.730011,282.272522
2022-09-21,283.5599976,277.2181396
2022-09-22,280.0700073,273.8061829
2022-09-23,275.5100098,269.3482361
2022-09-26,274.3699951,268.2336731
2022-09-27,274.480011,268.3412781
2022-09-28,279.9400024,273.6791382
2022-09-29,271.8699951,265.7896118
2022-09-30,267.2600098,261.2827148
2022-10-03,273.5299988,267.4124451
2022-10-04,282.1300049,275.8200989
2022-10-05,281.980011,275.673584
2022-10-06,279.7600098,273.5031738
2022-10-07,269.1000061,263.081543
2022-10-10,266.4100037,260.4517517
2022-10-11,262.75,256.8735962
2022-10-12,262.6600037,256.785614
2022-10-13,268.8200073,262.8078613
2022-10-14,260.7399902,254.9085083
2022-10-17,269.3500061,263.3259888
2022-10-18,271.480011,265.4082947
2022-10-19,270.4899902,264.4404602
2022-10-20,269.1099854,263.0913086
2022-10-21,275.4200134,269.2601624
2022-10-24,278.4500122,272.2223816
2022-10-25,284.2099915,277.8535767
2022-10-26,277.9299927,271.7140503
2022-10-27,272.8699951,266.7672119
2022-10-28,281.2200012,274.930481
2022-10-31,277.9500122,271.7336121
2022-11-01,275.1099854,268.9571838
2022-11-02,265.6799927,259.7380066
2022-11-03,260.4899902,254.6641541
2022-11-04,264.6799927,258.7604065
2022-11-07,267.5899963,261.6052551
2022-11-08,269.5400085,263.5117493
2022-11-09,263.3200073,257.4308472
2022-11-10,282.75,276.4262695
2022-11-11,287.9599915,281.5197144
2022-11-14,285.4400024,279.0561523
2022-11-15,289.3900146,282.9177551
2022-11-16,285.4400024,279.0561523
2022-11-17,284.8099976,278.4401855
2022-11-18,284.8200073,278.4499817
2022-11-21,281.8900146,275.5855103
2022-11-22,285.9500122,279.554657
2022-11-23,288.8200073,282.3605652
2022-11-25,286.9200134,280.5030212
2022-11-28,282.7099915,276.3871765
2022-11-29,280.5700073,274.2950439
2022-11-30,293.3599854,286.7990112
2022-12-01,293.7200012,287.1509399
2022-12-02,292.5499878,286.007019
2022-12-05,287.6400146,281.2069092
2022-12-06,281.6799927,275.3801575
2022-12-07,280.5299988,274.2558899
2022-12-08,283.8500061,277.5016479
2022-12-09,282.0400085,275.7321777
2022-12-12,285.5799866,279.1929932
2022-12-13,288.6499939,282.1943054
2022-12-14,286.5100098,280.1021729
2022-12-15,276.8900146,270.6973572
2022-12-16,274.25,268.1163635
2022-12-19,269.75,264.3483887
2022-12-20,269.5400085,264.1425781
2022-12-21,273.4500122,267.9743042
2022-12-22,266.7600098,261.4182434
2022-12-23,267.3599854,262.0061951
2022-12-27,263.5799866,258.3019104
2022-12-28,260.1000061,254.8915863
2022-12-29,266.4400024,261.1046448
2022-12-30,266.2799988,260.947937
2023-01-03,264.480011,259.1839294
2023-01-04,265.7399902,260.4186707
2023-01-05,261.5799866,256.3419495
2023-01-06,268.7999878,263.4173889
2023-01-09,270.5400085,265.1225891
2023-01-10,272.8299866,267.3666687
2023-01-11,277.5499878,271.992218
2023-01-12,279.0499878,273.4621277
2023-01-13,280.9700012,275.3437195
2023-01-17,281.5400085,275.9022827
2023-01-18,277.8800049,272.3156128
2023-01-19,275.1499939,269.6402588
2023-01-20,282.6799927,277.0194397
2023-01-23,288.9599915,283.1737061
2023-01-24,288.3699951,282.5954895
2023-01-25,287.730011,281.9683228
2023-01-26,293.3399963,287.4659729
2023-01-27,296.2600098,290.3275452
2023-01-30,290.269989,284.457489
2023-01-31,294.6199951,288.7203979
2023-02-01,300.9200134,294.8942261
2023-02-02,311.7200012,305.4779053
2023-02-03,306.1799927,300.0489197
2023-02-06,303.5899963,297.5107727
2023-02-07,309.8800049,303.6747437
2023-02-08,304.3699951,298.275116
2023-02-09,301.6799927,295.6390381
2023-02-10,299.7000122,293.6986694
2023-02-13,304.5,298.4025269
2023-02-14,306.75,300.6074524
2023-02-15,309.1000061,302.9103699
2023-02-16,303.2999878,297.226532
2023-02-17,301.1600037,295.129425
2023-02-21,294.0299988,288.1421509
2023-02-22,294.25,288.3577881
2023-02-23,296.8200073,290.8764038
2023-02-24,291.8500061,286.0057983
2023-02-27,293.9400024,288.0539551
2023-02-28,293.5599976,287.6816101
2023-03-01,291.2000122,285.368866
2023-03-02,293.6099854,287.7305908
2023-03-03,299.6799927,293.6790771
2023-03-06,300.019989,294.0121765
2023-03-07,296.3399963,290.4059143
2023-03-08,297.8200073,291.8562927
2023-03-09,292.6600037,286.79953
2023-03-10,288.5499878,282.7719727
2023-03-13,290.6900024,284.8690186
2023-03-14,297.3699951,291.4153137
2023-03-15,298.9299927,292.9440308
2023-03-16,306.8099976,300.6662598
2023-03-17,305.3599854,299.2452698
2023-03-20,305.9700012,300.307251
2023-03-21,310.3399963,304.5963745
2023-03-22,306.1199951,300.4544678
2023-03-23,309.75,304.0173645
2023-03-24,310.8900146,305.136261
2023-03-27,308.7600098,303.0455933
2023-03-28,307.1199951,301.4359131
2023-03-29,312.7200012,306.9323425
2023-03-30,315.6799927,309.8375549
2023-03-31,320.9299927,314.9904175
2023-04-03,320.1499939,314.2248535
2023-04-04,319.0700073,313.164856
2023-04-05,315.9200134,310.0731506
2023-04-06,318.0499878,312.1636658
2023-04-10,317.8699951,311.9869995
2023-04-11,315.8299866,309.9847717
2023-04-12,313.0400085,307.2464294
2023-04-13,319.1700134,313.2630005
2023-04-14,318.5700073,312.6740723
2023-04-17,318.8399963,312.9390259
2023-04-18,318.8599854,312.9586487
2023-04-19,318.7099915,312.8115234
2023-04-20,316.2799988,310.4264526
2023-04-21,316.6099854,310.7503052
2023-04-24,315.9500122,310.1025696
2023-04-25,309.9899902,304.2528992
2023-04-26,311.8699951,306.098114
2023-04-27,320.3500061,314.4211731
2023-04-28,322.5599976,316.5902405
2023-05-01,322.1900024,316.2270813
2023-05-02,319.3800049,313.4691467
2023-05-03,317.2900085,311.4177551
2023-05-04,316.1700134,310.3184814
2023-05-05,322.8900146,316.9141235
2023-05-08,323.6900024,317.6993408
2023-05-09,321.6400146,315.6872559
2023-05-10,325.1400146,319.1224976
2023-05-11,326.2000122,320.1628723
2023-05-12,325.0299988,319.0145264
2023-05-15,326.7900085,320.7419434
2023-05-16,327.1600037,321.105072
2023-05-17,331.1199951,324.9918213
2023-05-18,337.269989,331.0280151
2023-05-19,336.5100098,330.282074
2023-05-22,337.6400146,331.3911133
2023-05-23,333.3599854,327.1903687
2023-05-24,331.6499939,325.5119934
2023-05-25,339.7200012,333.4326477
2023-05-26,348.3999939,341.9519958
2023-05-30,349.980011,343.5027466
2023-05-31,347.9899902,341.54953
2023-06-01,352.0100098,345.4952087
2023-06-02,354.6499939,348.0862732
2023-06-05,354.8999939,348.331665
2023-06-06,354.8399963,348.2727966
2023-06-07,348.8200073,342.3642273
2023-06-08,353.1499939,346.6141052
2023-06-09,354.5,347.9391174
2023-06-12,360.4899902,353.8182068
2023-06-13,363.2600098,356.5369873
2023-06-14,365.8999939,359.1281738
2023-06-15,370.2600098,363.4074402
2023-06-16,367.9299927,361.1205139
2023-06-20,366.8999939,360.6036377
2023-06-21,361.8999939,355.6893921
2023-06-22,366.1700134,359.8861084
2023-06-23,362.5400085,356.3183899
2023-06-26,357.6799927,351.5417786
2023-06-27,363.8299866,357.5862122
2023-06-28,364.5400085,358.2841187
2023-06-29,363.8099976,357.5665894
2023-06-30,369.4200134,363.0803223
2023-07-03,370.2900085,363.9354248
2023-07-05,370.2799988,363.9255676
2023-07-06,367.4599915,361.1539917
2023-07-07,366.2399902,359.954895
2023-07-10,366.3599854,360.0728149
2023-07-11,368.1700134,361.8518677
2023-07-12,372.8200073,366.4219666
2023-07-13,379.1499939,372.6434021
2023-07-14,379.0700073,372.5647278
2023-07-17,382.6099854,376.0439148
2023-07-18,385.7399902,379.1202698
2023-07-19,385.6499939,379.0317993
2023-07-20,376.7600098,370.2944031
2023-07-21,375.6300049,369.1837463
2023-07-24,376.230011,369.7734985
2023-07-25,378.7799988,372.2796936
2023-07-26,377.519989,371.0413208
2023-07-27,376.6199951,370.1567993
2023-07-28,383.480011,376.8990784
2023-07-31,383.6799927,377.0956726
2023-08-01,382.7900085,376.2209473
2023-08-02,374.3900146,367.9651184
2023-08-03,373.7900085,367.3753967
2023-08-04,372.0400085,365.6553955
2023-08-07,375.1900024,368.7512817
2023-08-08,372,365.6160583
2023-08-09,367.9100037,361.596283
2023-08-10,368.5899963,362.2645874
2023-08-11,366.2399902,359.954895
2023-08-14,370.3500061,363.9943237
2023-08-15,366.4200134,360.1318359
2023-08-16,362.5400085,356.3183899
2023-08-17,358.5799866,352.4263306
2023-08-18,358.1300049,351.9841003
2023-08-21,363.8999939,357.6550293
2023-08-22,363.3800049,357.1439514
2023-08-23,369.1099854,362.7756348
2023-08-24,361.2200012,355.0210571
2023-08-25,364.019989,357.7729797
2023-08-28,366.7600098,360.4660034
2023-08-29,374.769989,368.338501
2023-08-30,376.8599854,370.3926697
2023-08-31,377.9899902,371.5032959
2023-09-01,377.5899963,371.1100769
2023-09-05,378.0700073,371.5818787
2023-09-06,374.7399902,368.309082
2023-09-07,372.0599976,365.6750488
2023-09-08,372.5799866,366.1860962
2023-09-11,376.9700012,370.5007629
2023-09-12,372.7900085,366.3925171
2023-09-13,374.2099915,367.7881165
2023-09-14,377.269989,370.7956238
2023-09-15,370.8099976,364.4464722
2023-09-18,370.6600037,364.8263855
2023-09-19,369.8699951,364.0488281
2023-09-20,364.5400085,358.8027649
2023-09-21,357.8599854,352.2278137
2023-09-22,357.9100037,352.2770386
2023-09-25,359.6099854,353.9503174
2023-09-26,354.2099915,348.6352844
2023-09-27,355.0400085,349.45224
2023-09-28,358.0100098,352.3755493
2023-09-29,358.269989,352.6313477
2023-10-02,361.2600098,355.5743713
2023-10-03,354.9200134,349.334137
2023-10-04,359.75,354.0880737
2023-10-05,358.6900024,353.0448303
2023-10-06,364.7000122,358.9601746
2023-10-09,366.5599976,360.7908936
2023-10-10,368.5899963,362.7890015
2023-10-11,371.2200012,365.377594
2023-10-12,369.9299927,364.1078796
2023-10-13,365.2799988,359.5310669
2023-10-16,369.4100037,363.5960999
2023-10-17,368.2000122,362.4051208
2023-10-18,363.3699951,357.651123
2023-10-19,359.9700012,354.3046265
2023-10-20,354.6000061,349.0191956
2023-10-23,355.6700134,350.0723267
2023-10-24,359.1300049,353.4778442
2023-10-25,350.3399963,344.8262024
2023-10-26,343.6600037,338.2513428
2023-10-27,345.3099976,339.8753662
2023-10-30,349.2000122,343.7041321
2023-10-31,350.8699951,345.3478699
2023-11-01,356.9599915,351.342041
2023-11-02,363.4400024,357.7200012
2023-11-03,367.7099915,361.9228516
2023-11-06,369.2099915,363.3992004
2023-11-07,372.7000122,366.8343201
2023-11-08,372.9400024,367.0705261
2023-11-09,370.0700073,364.245697
2023-11-10,378.3900146,372.4347534
2023-11-13,377.2099915,371.2733154
2023-11-14,385.3299866,379.2654419
2023-11-15,385.6199951,379.5509644
2023-11-16,385.9500122,379.8757935
2023-11-17,386.0400085,379.964386
2023-11-20,390.7399902,384.5903625
2023-11-21,388.4700012,382.3560486
2023-11-22,390.0599976,383.9210815
2023-11-24,389.5100098,383.3797302
2023-11-27,389.1700134,383.0450745
2023-11-28,390.1900024,384.0490417
2023-11-29,389.8099976,383.6750183
2023-11-30,388.8299866,382.7104492
2023-12-01,389.9400024,383.802948
2023-12-04,386.3200073,380.2399597
2023-12-05,387.2900085,381.1946411
2023-12-06,385.0499878,378.9899902
2023-12-07,390.4299927,384.2852173
2023-12-08,392.1700134,385.9978333
2023-12-11,395.519989,389.2951355
2023-12-12,398.6700134,392.3955688
2023-12-13,403.7399902,397.3857422
2023-12-14,403.3900146,397.0412903
2023-12-15,405.3399963,398.9605713
2023-12-18,407.0799866,401.4734497
2023-12-19,409.1600037,403.5248718
2023-12-20,403.0799866,397.528595
2023-12-21,407.769989,402.1540833
2023-12-22,408.3800049,402.7556152
2023-12-26,410.8800049,405.2211914
2023-12-27,411.5,406.0460815
2023-12-28,411.2999878,405.8487244
2023-12-29,409.519989,404.0923462
2024-01-02,402.5899963,397.2542114
2024-01-03,398.3299866,393.0506592
2024-01-04,396.2799988,391.027832
2024-01-05,396.75,391.4916077
2024-01-08,404.9500122,399.5829163
2024-01-09,405.75,400.3723145
2024-01-10,408.5,403.0858459
2024-01-11,409.3500061,403.9245911
2024-01-12,409.5599976,404.1318359
2024-01-16,409.519989,404.0923462
2024-01-17,407.2099915,401.8129272
2024-01-18,412.9899902,407.5163574
2024-01-19,421.1799927,415.5978394
2024-01-22,421.730011,416.1405029
2024-01-23,423.480011,417.8673706
2024-01-24,425.8299866,420.1860962
2024-01-25,426.3500061,420.6993103
2024-01-26,423.8099976,418.1929626
2024-01-29,428.1499939,422.4754639
2024-01-30,425.2999878,419.6631775
2024-01-31,416.9700012,411.4436035
2024-02-01,421.8800049,416.2885437
2024-02-02,429.0100098,423.3240662
2024-02-05,428.4500122,422.7714844
2024-02-06,427.5899963,421.9228516
2024-02-07,431.9899902,426.2645264
2024-02-08,432.7900085,427.053894
2024-02-09,437.0499878,431.2575073
2024-02-12,435.3399963,429.5701599
2024-02-13,428.5499878,422.8700562
2024-02-14,433.2200012,427.478241
2024-02-15,434.5100098,428.7511292
2024-02-16,430.5700073,424.8634033
2024-02-20,427.3200073,421.6564636
2024-02-21,425.6099854,419.9691162
2024-02-22,438.0700073,432.2639465
2024-02-23,436.7799988,430.9910583
2024-02-26,436.5499878,430.7640686
2024-02-27,437.6000061,431.8002014
2024-02-28,435.269989,429.5010681
2024-02-29,439,433.1816711
2024-03-01,445.6099854,439.70401
2024-03-04,444.019989,438.1351013
2024-03-05,436.0499878,430.2706909
2024-03-06,438.7900085,432.9744263
2024-03-07,445.4500122,439.5461731
2024-03-08,439.019989,433.201355
2024-03-11,437.3900146,431.5930176
2024-03-12,443.6600037,437.7798767
2024-03-13,440.25,434.4150391
2024-03-14,439.1400146,433.3197937
2024-03-15,433.9200134,428.1689148
2024-03-18,437.480011,432.2526245
2024-03-19,438.5700073,433.3295288
2024-03-20,443.769989,438.4674072
2024-03-21,445.8699951,440.5422974
2024-03-22,446.3800049,441.0462646
2024-03-25,444.7600098,439.4455872
2024-03-26,443.3200073,438.0227966
2024-03-27,444.8299866,439.51474
2024-03-28,444.0100098,438.7045593
2024-04-01,444.9500122,439.6333008
2024-04-02,441.1099854,435.8392029
2024-04-03,442.1000061,436.8173523
2024-04-04,435.3399963,430.1381226
2024-04-05,440.4700012,435.2068481
2024-04-08,440.6000061,435.3353271
2024-04-09,442.230011,436.9458313
2024-04-10,438.3699951,433.131958
2024-04-11,445.3699951,440.0483398
2024-04-12,438.269989,433.0331116
2024-04-15,431.0599976,425.9093018
2024-04-16,431.1000061,425.9487915
2024-04-17,425.8399963,420.7516785
2024-04-18,423.4100037,418.350708
2024-04-19,414.6499939,409.6953125
2024-04-22,418.8200073,413.8155823
2024-04-23,425.0700073,419.9908752
2024-04-24,426.5100098,421.4136963
2024-04-25,424.4500122,419.3783569
2024-04-26,431,425.8500061
2024-04-29,432.75,427.5791016
2024-04-30,424.5899963,419.5166016
2024-05-01,421.519989,416.4832764
2024-05-02,426.8999939,421.7990112
2024-05-03,435.480011,430.2764587
2024-05-06,440.25,434.9894409
2024-05-07,440.3200073,435.0586548
2024-05-08,440.0599976,434.8017273
2024-05-09,441.019989,435.7502747
2024-05-10,442.0599976,436.7778625
2024-05-13,443.0799866,437.7856445
2024-05-14,445.9299927,440.6016235
2024-05-15,452.8999939,447.4884033
2024-05-16,451.980011,446.5793152
2024-05-17,451.7600098,446.3619385
2024-05-20,454.9100037,449.4743347
2024-05-21,455.7999878,450.3536682
2024-05-22,455.7099915,450.2647705
2024-05-23,453.6600037,448.2392273
2024-05-24,457.9500122,452.4779663
2024-05-28,459.6799927,454.1873169
2024-05-29,456.4400024,450.9860229
2024-05-30,451.5499878,446.15448
2024-05-31,450.7099915,445.3244629
2024-06-03,453.1300049,447.7155457
2024-06-04,454.3699951,448.9407349
2024-06-05,463.5299988,457.9913025
2024-06-06,463.3699951,457.8332214
2024-06-07,462.9599915,457.4281006
2024-06-10,464.8299866,459.2757263
2024-06-11,468.019989,462.4276733
2024-06-12,474.1499939,468.484375
2024-06-13,476.7200012,471.0237122
2024-06-14,479.1900024,473.4641724
2024-06-17,485.0599976,479.2640686
2024-06-18,485.2099915,479.4122314
2024-06-20,481.4700012,475.7169189
2024-06-21,480.1799927,474.4423523
2024-06-24,473.9599915,469.0410156
2024-06-25,479.3800049,474.4047546
2024-06-26,480.3699951,475.384491
2024-06-27,481.6099854,476.6116028
2024-06-28,479.1099854,474.1375122
2024-07-01,481.9200134,476.9183655
2024-07-02,486.980011,481.9259033
2024-07-03,491.0400085,485.9437561
2024-07-05,496.1600037,491.0106201
2024-07-08,497.3399963,492.1783142
2024-07-09,497.769989,492.6038513
2024-07-10,502.9599915,497.7400208
2024-07-11,491.9299927,486.8245544
2024-07-12,494.8200073,489.6845093
2024-07-15,496.1499939,491.0007019
2024-07-16,496.3399963,491.1887207
2024-07-17,481.769989,476.7699585
2024-07-18,479.4899902,474.5136414
2024-07-19,475.2399902,470.3076782
2024-07-22,482.3200073,477.3142395
2024-07-23,480.6199951,475.631897
2024-07-24,463.3800049,458.5708313
2024-07-25,458.269989,453.513855
2024-07-26,462.9700012,458.1651001
2024-07-29,463.8999939,459.0853882
2024-07-30,457.5299988,452.7815247
2024-07-31,471.0700073,466.1810303
2024-08-01,459.6600037,454.8894348
2024-08-02,448.75,444.0926514
2024-08-05,435.3699951,430.8515015
2024-08-06,439.5299988,434.9683228
2024-08-07,434.769989,430.2577515
2024-08-08,448.0700073,443.4197693
2024-08-09,450.4100037,445.7354431
2024-08-12,451.3800049,446.6953125
2024-08-13,462.5799866,457.7790833
2024-08-14,462.730011,457.9276123
2024-08-15,474.4200134,469.4962463
2024-08-16,475.0299988,470.0999146
2024-08-19,481.269989,476.2751465
2024-08-20,480.2600098,475.2756348
2024-08-21,482.5,477.4923401
2024-08-22,474.8500061,469.9217529
2024-08-23,480,475.01828
2024-08-26,475.3399963,470.4067078
2024-08-27,476.7600098,471.8119507
2024-08-28,471.3500061,466.4580994
2024-08-29,470.6600037,465.7752991
2024-08-30,476.269989,471.3270264
2024-09-03,461.8099976,457.0171204
2024-09-04,460.6099854,455.8295898
2024-09-05,461.0400085,456.2550964
2024-09-06,448.6900024,444.0332947
2024-09-09,454.4599915,449.7434082
2024-09-10,458.6600037,453.8997803
2024-09-11,468.6199951,463.7564087
2024-09-12,473.2200012,468.3087158
2024-09-13,475.3399963,470.4067078
2024-09-16,473.2399902,468.3284912
2024-09-17,473.4899902,468.5758362
2024-09-18,471.4400024,466.5471802
2024-09-19,483.3599854,478.3434753
2024-09-20,482.4400024,477.4330444
2024-09-23,483.0400085,478.6985474
2024-09-24,485.3699951,481.0075684
2024-09-25,485.8200073,481.4535522
2024-09-26,489.4700012,485.0706787
2024-09-27,486.75,482.3751526
2024-09-30,488.0700073,483.6833191
2024-10-01,481.269989,476.944397
2024-10-02,481.9500122,477.6183472
2024-10-03,481.5899963,477.2615662
2024-10-04,487.3200073,482.9400635
2024-10-07,482.1000061,477.7669678
2024-10-08,489.2999878,484.9022522
2024-10-09,493.1499939,488.7176514
2024-10-10,492.5899963,488.1626892
2024-10-11,493.3599854,488.9257202
2024-10-14,497.5,493.028595
2024-10-15,490.8500061,486.4382935
2024-10-16,490.9100037,486.4978027
2024-10-17,491.25,486.8347168
2024-10-18,494.4700012,490.0257874
2024-10-21,495.4200134,490.9672852
2024-10-22,495.9599915,491.5023804
2024-10-23,488.3599854,483.9706421
2024-10-24,492.3200073,487.8951416
2024-10-25,495.3200073,490.8681335
2024-10-28,495.3999939,490.9473877
2024-10-29,500.1600037,495.6646729
2024-10-30,496.3800049,491.9186401
2024-10-31,483.8500061,479.5012512
2024-11-01,487.4299927,483.0490112
2024-11-04,486.0100098,481.6418152
2024-11-05,492.2099915,487.7861023
2024-11-06,505.5799866,501.0359192
2024-11-07,513.539978,508.9243774
2024-11-08,514.1400146,509.5190125
2024-11-11,513.8400269,509.2216187
2024-11-12,512.9099731,508.3000488
2024-11-13,512.25,507.6459961
2024-11-14,508.6900024,504.1179504
2024-11-15,496.5700073,492.1069336
2024-11-18,500.019989,495.5259094
2024-11-19,503.4599915,498.9349976
2024-11-20,503.1700134,498.647644
2024-11-21,504.980011,500.4413757
2024-11-22,505.7900085,501.2440491
2024-11-25,506.5899963,502.0368652
2024-11-26,509.3099976,504.7323914
2024-11-27,505.2999878,500.7584534
2024-11-29,509.7399902,505.1585083
2024-12-02,515.289978,510.6586304
2024-12-03,516.8699951,512.2244873
2024-12-04,523.2600098,518.5570679
2024-12-05,521.8099976,517.1200562
2024-12-06,526.4799805,521.7479858
2024-12-09,522.3800049,517.6849365
2024-12-10,520.5999756,515.9208984
2024-12-11,529.9199829,525.1571045
2024-12-12,526.5,521.7679443
2024-12-13,530.5300293,525.7617188
2024-12-16,538.1699829,533.3330078
2024-12-17,535.7999878,530.9842529
2024-12-18,516.4699707,511.8280334
2024-12-19,514.1699829,509.5487061
2024-12-20,518.6599731,513.9983521
2024-12-23,522.8699951,519.0061646
2024-12-24,529.960022,526.0436401
2024-12-26,529.5999756,525.6863403
2024-12-27,522.5599976,518.6984253
2024-12-30,515.6099854,511.7997131
2024-12-31,511.230011,507.4521179
2025-01-02,510.230011,506.4595337
2025-01-03,518.5800171,514.7478027
2025-01-06,524.539978,520.6636963
2025-01-07,515.1799927,511.3728943
2025-01-08,515.2700195,511.4622498
2025-01-10,507.1900024,503.4419556
2025-01-13,505.5599976,501.8240662
2025-01-14,505.0799866,501.3475342
2025-01-15,516.7000122,512.8817139
2025-01-16,513.0800171,509.2884827
2025-01-17,521.7399902,517.8843994
2025-01-21,524.7999878,520.921814
2025-01-22,531.5100098,527.5822754
2025-01-23,532.6400146,528.7038574
2025-01-24,529.6300049,525.7161255
2025-01-27,514.210022,510.4101257
2025-01-28,521.8099976,517.9538574
2025-01-29,520.8300171,516.9812012
2025-01-30,523.0499878,519.1846924
2025-01-31,522.289978,518.4303589
2025-02-03,518.1099854,514.281311
2025-02-04,524.4699707,520.5942383
2025-02-05,526.8499756,522.956665
2025-02-06,529.5999756,525.6863403
2025-02-07,522.9199829,519.0557251
2025-02-10,529.25,525.3389282
2025-02-11,527.9899902,524.0882568
2025-02-12,528.2999878,524.3959351
2025-02-13,535.9000244,531.9398193
2025-02-14,538.1500244,534.1731567
2025-02-18,539.3699951,535.3840332
2025-02-19,539.5200195,535.5330811
2025-02-20,537.2299805,533.2599487
2025-02-21,526.0800171,522.1923828
2025-02-24,519.8699951,516.0282593
2025-02-25,513.3200073,509.5267029
2025-02-26,514.5599976,510.7574768
2025-02-27,500.269989,496.5730896
2025-02-28,508.1700134,504.4147339
2025-03-03,497.0499878,493.3768921
2025-03-04,495.5499878,491.88797
2025-03-05,502.0100098,498.3002319
2025-03-06,488.2000122,484.5923157
2025-03-07,491.7900085,488.1557617
2025-03-10,472.730011,469.2366333
2025-03-11,471.6000061,468.1149597
2025-03-12,476.9200134,473.3956604
2025-03-13,468.3399963,464.8790588
2025-03-14,479.6600037,476.115387
2025-03-17,482.769989,479.2023926
2025-03-18,474.5400085,471.0332336
2025-03-19,480.8900146,477.3363342
2025-03-20,479.2600098,475.7184143
2025-03-21,480.8399963,477.2867126
2025-03-24,490.6600037,487.7604675
2025-03-25,493.4599915,490.5438538
2025-03-26,484.3800049,481.5175476
2025-03-27,481.6199951,478.7738342
2025-03-28,468.9400024,466.1687622
2025-03-31,468.9200134,466.1489258
2025-04-01,472.7000122,469.9065552
2025-04-02,476.1499939,473.3361816
2025-04-03,450.6600037,447.9967957
2025-04-04,422.6700134,420.1721802
2025-04-07,423.6900024,421.1861877
2025-04-08,416.0599976,413.6012268
2025-04-09,466,463.2461243
2025-04-10,446.1799927,443.5432434
2025-04-11,454.3999939,451.7146606
2025-04-14,457.480011,454.7765198
2025-04-15,457.9899902,455.2835083
2025-04-16,444.1799927,441.5550842
2025-04-17,444.1000061,441.4755554
2025-04-21,433.1099854,430.5505066
2025-04-22,444.480011,441.8533325
2025-04-23,454.5599976,451.8737488
2025-04-24,467.3500061,464.5881958
2025-04-25,472.5599976,469.767395
2025-04-28,472.4100037,469.6182251
2025-04-29,475.5299988,472.7198181
2025-04-30,475.4700012,472.6601868
2025-05-01,481.6799927,478.8334656
2025-05-02,488.8299866,485.9411926
2025-05-05,485.9299927,483.0583801
2025-05-06,481.4100037,478.565094
2025-05-07,483.2999878,480.4438477
2025-05-08,488.2900085,485.4044495
2025-05-09,487.9700012,485.0862732
2025-05-12,507.8500061,504.8488159
2025-05-13,515.5900269,512.5431519
2025-05-14,518.6799927,515.6148071
2025-05-15,519.25,516.1814575
2025-05-16,521.5100098,518.4280396
2025-05-19,522.0100098,518.9251099
2025-05-20,520.2700195,517.1954346
2025-05-21,513.039978,510.0081177
2025-05-22,514,510.9625244
2025-05-23,509.2399902,506.2305908
2025-05-27,521.2199707,518.1398315
2025-05-28,518.9099731,515.8434448
2025-05-29,519.9299927,516.8574219
2025-05-30,519.1099854,516.0422974
2025-06-02,523.210022,520.118103
2025-06-03,527.2999878,524.1838379
2025-06-04,528.7700195,525.6452026
2025-06-05,524.789978,521.6886597
2025-06-06,529.9199829,526.7883301
2025-06-09,530.7000122,527.5637817
2025-06-10,534.210022,531.0531006
2025-06-11,532.4099731,529.2636719
2025-06-12,533.6599731,530.5062256
2025-06-13,526.960022,523.8458862
2025-06-16,534.289978,531.1325073
2025-06-17,529.0800171,525.9534302
2025-06-18,528.9899902,525.8638306
2025-06-20,526.8300171,523.7167358
2025-06-23,531.6500244,529.1017456
2025-06-24,539.7800293,537.1928101
2025-06-25,541.1599731,538.5661011
2025-06-26,546.2199707,543.6018677
2025-06-27,548.0900269,545.4629517
2025-06-30,551.6400146,548.9959717
2025-07-01,546.9899902,544.3681641
2025-07-02,550.7999878,548.1599731
2025-07-03,556.2199707,553.553894
2025-07-07,552.0300293,549.3841553
2025-07-08,552.3400269,549.6925659
2025-07-09,556.25,553.5838623
2025-07-10,555.4500122,552.7876587
2025-07-11,554.2000122,551.5437012
2025-07-14,556.210022,553.5440063
2025-07-15,556.7199707,554.0515137
2025-07-16,557.289978,554.6187744
2025-07-17,561.7999878,559.1072388
2025-07-18,561.2600098,558.5698242
2025-07-21,564.1699829,561.4658203
2025-07-22,561.25,558.5598755
2025-07-23,563.8099976,561.107605
2025-07-24,565.0100098,562.3018188
2025-07-25,566.3699951,563.6553345
2025-07-28,568.1400146,565.4169312
2025-07-29,567.2600098,564.5410767
2025-07-30,568.0200195,565.2974243
2025-07-31,565.0100098,562.3018188
2025-08-01,553.8800049,551.2251587
2025-08-04,564.0999756,561.3961182
2025-08-05,560.2700195,557.5845947
2025-08-06,567.3200073,564.600769
2025-08-07,569.2399902,566.5115356
2025-08-08,574.5499878,571.7960815
2025-08-11,572.8499756,570.104248
2025-08-12,580.0499878,577.2697144
2025-08-13,580.3400269,577.5583496
2025-08-14,579.8900146,577.1104736
2025-08-15,577.3400269,574.5727539
2025-08-18,577.1099854,574.343811
2025-08-19,569.2800293,566.5513916
2025-08-20,565.9000244,563.1876221
2025-08-21,563.2800293,560.5802002
2025-08-22,571.9699707,569.2284546
2025-08-25,570.3200073,567.5864868
2025-08-26,572.6099854,569.8653564
2025-08-27,573.4899902,570.7412109
2025-08-28,577.0800171,574.3140259
2025-08-29,570.4000244,567.6660156
2025-09-02,565.6199951,562.9088745
2025-09-03,570.0700073,567.3375854
2025-09-04,575.2299805,572.4728394
2025-09-05,576.0599976,573.2988281
2025-09-08,578.8699951,576.0953979
2025-09-09,580.5100098,577.7276001
2025-09-10,580.7000122,577.916687
2025-09-11,584.0800171,581.2804565
2025-09-12,586.6599731,583.8480225
2025-09-15,591.6799927,588.8439331
2025-09-16,591.1799927,588.3463745
2025-09-17,590,587.1720581
2025-09-18,595.3200073,592.4665527
2025-09-19,599.3499756,596.4771729
2025-09-22,602.2000122,600.0083618
2025-09-23,598.2000122,596.0228882
2025-09-24,596.0999756,593.930542
2025-09-25,593.5300293,591.3699341
2025-09-26,595.9699707,593.8009644
2025-09-29,598.7299805,596.5509644
2025-09-30,600.3699951,598.1849976
2025-10-01,603.25,601.0545044
2025-10-02,605.7299805,603.5255127
2025-10-03,603.1799927,600.9848022
2025-10-06,607.710022,605.498291
2025-10-07,604.5100098,602.3099976
2025-10-08,611.4400024,609.2147217
2025-10-09,610.7000122,608.477417
2025-10-10,589.5,587.3545532
2025-10-13,602.0100098,599.8190308
2025-10-14,598,595.8236694
2025-10-15,602.2199707,600.0282593
2025-10-16,599.9899902,597.8063965
2025-10-17,603.9299927,601.7320557
2025-10-20,611.539978,609.3143311
2025-10-21,611.3800049,609.1549072
2025-10-22,605.4899902,603.286377
2025-10-23,610.5800171,608.3579102
2025-10-24,617.0999756,614.8540649
2025-10-27,628.0900269,625.8041992
2025-10-28,632.9199829,630.6165161
2025-10-29,635.7700195,633.4561768
2025-10-30,626.0499878,623.7715454
2025-10-31,629.0700073,626.7805786
2025-11-03,632.0800171,629.7796631
2025-11-04,619.25,616.9963379
2025-11-05,623.2800293,621.0116577
2025-11-06,611.6699829,609.4438477
2025-11-07,609.7399902,607.5209351
2025-11-10,623.2299805,620.961792
2025-11-11,621.5700073,619.3078613
2025-11-12,621.0800171,618.8196411
2025-11-13,608.4000244,606.1858521
2025-11-14,608.8599854,606.644043
2025-11-17,603.6599731,601.4630127
2025-11-18,596.3099976,594.1397705
2025-11-19,599.8699951,597.6868286
2025-11-20,585.6699829,583.5385132
2025-11-21,590.0700073,587.9224854
2025-11-24,605.1599731,602.9575806
2025-11-25,608.8900146,606.6740723
2025-11-26,614.2700195,612.0344238
2025-11-28,619.25,616.9963379
2025-12-01,617.1699829,614.9238281
2025-12-02,622,619.7362671
2025-12-03,623.5200195,621.2507935
2025-12-04,622.9400024,620.6728516
2025-12-05,625.4799805,623.2036743
2025-12-08,624.2800293,622.0079956
2025-12-09,625.0499878,622.7752075
2025-12-10,627.6099854,625.3258667
2025-12-11,625.5800171,623.3033447
2025-12-12,613.6199951,611.3867798
2025-12-15,610.539978,608.3179932
2025-12-16,611.75,609.5235596
2025-12-17,600.4099731,598.2247925
2025-12-18,609.1099854,606.8931885
2025-12-19,617.0499878,614.8042603
2025-12-22,619.210022,617.7513428
2025-12-23,622.1099854,620.6444702
2025-12-24,623.9299927,622.4602051
2025-12-26,623.8900146,622.4203491
2025-12-29,620.8699951,619.4074097
2025-12-30,619.4299927,617.9707642
2025-12-31,614.3099976,612.862854
2026-01-02,613.1199951,611.6756592
2026-01-05,617.9899902,616.5341797
2026-01-06,623.4199829,621.951416
2026-01-07,624.0200195,622.5500488
2026-01-08,620.4699707,619.0083618
2026-01-09,626.6500244,625.1738281
2026-01-12,627.1699829,625.6925659
2026-01-13,626.2399902,624.7647705
2026-01-14,619.5499878,618.0905151
2026-01-15,621.7800293,620.3153076
2026-01-16,621.2600098,619.7965088
2026-01-20,608.0599976,606.6276245
2026-01-21,616.2800293,614.8282471
2026-01-22,620.7600098,619.2976685
2026-01-23,622.7199707,621.2530518
2026-01-26,625.460022,623.9866333
2026-01-27,631.1300049,629.6432495
2026-01-28,633.2199707,631.7282715
2026-01-29,629.4299927,627.9472046
2026-01-30,621.8699951,620.4050293
2026-02-02,626.1400146,624.6650391
2026-02-03,616.5200195,615.067688
2026-02-04,605.75,604.322998
2026-02-05,597.0300293,595.6235962
2026-02-06,609.6500244,608.2138672
2026-02-09,614.3200073,612.8728638
2026-02-10,611.4699707,610.029541
2026-02-11,613.1099854,611.6657104
2026-02-12,600.6400146,599.2250977
2026-02-13,601.9199829,600.5020142
2026-02-17,601.2999878,599.8834839
2026-02-18,605.789978,604.3629761
2026-02-19,603.4699707,602.0483398
2026-02-20,608.8099976,607.3757935
2026-02-23,601.4099731,599.9932251
2026-02-24,607.8699951,606.4380493
2026-02-25,616.6799927,615.2272949
2026-02-26,609.2399902,607.8048096
2026-02-27,607.289978,605.859436
2026-03-02,608.0900269,606.6575317
2026-03-03,601.5800171,600.1628418
2026-03-04,610.75,609.3112183
2026-03-05,608.9099731,607.4755859
2026-03-06,599.75,598.3371582
2026-03-09,607.7600098,606.3283081
2026-03-10,607.7700195,606.3383179
2026-03-11,607.6900024,606.2584229
2026-03-12,597.2600098,595.8530273
2026-03-13,593.7199707,592.3213501
2026-03-16,600.3800049,598.9656982
2026-03-17,603.3099976,601.8887939
2026-03-18,594.9000244,593.4986572
2026-03-19,593.0200195,591.6230469
2026-03-20,582.0599976,580.6888428
2026-03-23,588,587.3545532
2026-03-24,583.9799805,583.3389282
2026-03-25,587.8200073,587.1747437
2026-03-26,573.789978,573.1600952
2026-03-27,562.5800171,561.9624634
2026-03-30,558.2800293,557.6671753
2026-03-31,577.1799927,576.5463867
2026-04-01,584.3099976,583.6685791
2026-04-02,584.9799805,584.3378296
2026-04-06,588.5,587.8540039
2026-04-07,588.5900269,587.9439087
2026-04-08,606.0900269,605.4246826
2026-04-09,610.1900024,609.5202026
2026-04-10,611.0700073,610.399231
2026-04-13,617.3900146,616.7122803
2026-04-14,628.5999756,627.9099121
2026-04-15,637.4000244,636.7003174
2026-04-16,640.4699707,639.7669067
2026-04-17,648.8499756,648.1376953
2026-04-20,646.789978,646.0799561
2026-04-21,644.3300171,643.6226807
2026-04-22,655.1099854,654.3908691
2026-04-23,651.4199829,650.704895
2026-04-24,663.8800049,663.1512451
2026-04-27,664.2299805,663.5008545
2026-04-28,657.5499878,656.828186
2026-04-29,661.5700073,660.84375
2026-04-30,667.7399902,667.006958
2026-05-01,674.1500244,673.4099731
2026-05-04,672.8800049,672.1413574
2026-05-05,681.6099854,680.8617554
2026-05-06,695.7700195,695.0062256
2026-05-07,694.9400024,694.177124
2026-05-08,711.2299805,710.4492188
2026-05-11,713.289978,712.506958
2026-05-12,707.2399902,706.463623
2026-05-13,714.710022,713.9254761
2026-05-14,719.789978,718.9998169
2026-05-15,708.9299927,708.1517944
2026-05-18,705.8800049,705.1051025
2026-05-19,701.5300293,700.7599487
2026-05-20,713.1500244,712.3671875
2026-05-21,714.5100098,713.725647
2026-05-22,717.539978,716.7523193
2026-05-26,730.2800293,729.4783936
2026-05-27,729.4500122,728.649292
2026-05-28,735.5999756,734.7924805
2026-05-29,738.3099976,737.4995117
2026-06-01,742.7399902,741.9246826
2026-06-02,746.1599731,745.3408813
2026-06-03,744.210022,743.3930664
2026-06-04,740.6099854,739.7969971
2026-06-05,705.0599976,704.2860107
2026-06-08,716.0700073,715.2839355
2026-06-09,707.8300171,707.0529785
2026-06-10,693.6900024,692.9285278
2026-06-11,717.1199951,716.3327637
2026-06-12,721.3400269,720.5481567
2026-06-15,744,743.1832886
2026-06-16,729.8599854,729.0587769
2026-06-17,722.5100098,721.7168579
2026-06-18,740.6199951,739.8070068
2026-06-22,737.9500122,737.9500122
2026-06-23,713.6500244,713.6500244
2026-06-24,710.6199951,710.6199951
2026-06-25,716.3800049,716.3800049
2026-06-26,706.5200195,706.5200195
2026-06-29,724.0800171,724.0800171
2026-06-30,736.4000244,736.4000244
2026-07-01,725.1699829,725.1699829
2026-07-02,712.5999756,712.5999756
2026-07-06,722.8200073,722.8200073
2026-07-07,709.4299927,709.4299927
2026-07-08,711.4400024,711.4400024
2026-07-09,723.2800293,723.2800293
2026-07-10,725.5100098,725.5100098
2026-07-13,711.7399902,711.7399902
2026-07-14,719.6900024,719.6900024
2026-07-15,717.7399902,717.7399902
2026-07-16,705.9400024,705.9400024
2026-07-17,695.3300171,695.3300171
2026-07-20,696.0599976,696.0599976
2026-07-21,708.9699707,708.9699707
2026-07-22,705.3499756,705.3499756
2026-07-23,691.960022,691.960022
2026-07-24,684.2299805,684.2299805
2026-07-27,682.1199951,682.1199951
2026-07-28,675.4899902,675.4899902
2026-07-29,661.7299805,661.7299805
2026-07-30,683.5499878,683.5499878
2026-07-31,687.9899902,687.9899902
2026-08-03,700.0700073,700.0700073
2026-08-04,723.8499756,723.8499756
2026-08-05,717.2999878,717.2999878
2026-08-06,714.6500244,714.6500244
2026-08-07,723.0300293,723.0300293
2026-08-10,720.8699951,720.8699951
2026-08-11,718.4500122,718.4500122
2026-08-12,723.7000122,723.7000122
2026-08-13,732.0700073,732.0700073
2026-08-14,731.0700073,731.0700073
2026-08-17,729.8699951,729.8699951
2026-08-18,717.5100098,717.5100098
2026-08-19,716.0800171,716.0800171
2026-08-20,710.9299927,710.9299927
2026-08-21,713.4400024,713.4400024
2026-08-24,706.3200073,706.3200073
2026-08-25,710.7199707,710.7199707
2026-08-26,711.3699951,711.3699951
2026-08-27,721.1099854,721.1099854
