date,close,adjclose
2010-02-11,0.2162760049,0.2055819631
2010-02-12,0.2171609998,0.2064231783
2010-02-16,0.2255730033,0.2144192606
2010-02-17,0.2294010073,0.2180579901
2010-02-18,0.2337500006,0.2221919
2010-02-19,0.2337500006,0.2221919
2010-02-22,0.2321089953,0.2206320465
2010-02-23,0.2230470031,0.212018162
2010-02-24,0.2297919989,0.218429625
2010-02-25,0.2296610028,0.2183051258
2010-02-26,0.2325260043,0.2210284323
2010-03-01,0.2425000072,0.2305092663
2010-03-02,0.2439579964,0.2318951786
2010-03-03,0.2453130037,0.2331832051
2010-03-04,0.2480210066,0.2357572615
2010-03-05,0.2589839995,0.2461782098
2010-03-08,0.2603650093,0.247490868
2010-03-09,0.2649739981,0.2518720329
2010-03-10,0.2714579999,0.2580353916
2010-03-11,0.2739579976,0.2604117393
2010-03-12,0.2745830119,0.2610058486
2010-03-15,0.2727339864,0.2592482865
2010-03-16,0.27789101,0.2641503215
2010-03-17,0.2798179984,0.2659819722
2010-03-18,0.282656014,0.268679738
2010-03-19,0.2776559889,0.2639269233
2010-03-22,0.2851560116,0.2710560262
2010-03-23,0.2911199927,0.2767252028
2010-03-24,0.2869789898,0.2727888227
2010-03-25,0.2851819992,0.271080792
2010-03-26,0.2866669893,0.272492379
2010-03-29,0.2905989885,0.2762298882
2010-03-30,0.2936460078,0.2791262567
2010-03-31,0.2896879911,0.2753640115
2010-04-01,0.2891150117,0.2748194039
2010-04-05,0.2974739969,0.2827650011
2010-04-06,0.2997399867,0.2849189341
2010-04-07,0.2980470061,0.2833096683
2010-04-08,0.2991150022,0.2843248546
2010-04-09,0.3045049906,0.2894483507
2010-04-12,0.3057290018,0.2906118035
2010-04-13,0.3103390038,0.294993937
2010-04-14,0.3212760091,0.3053900898
2010-04-15,0.3255729973,0.3094745874
2010-04-16,0.3139840066,0.2984586358
2010-04-19,0.3134900033,0.2979890108
2010-04-20,0.3181250095,0.3023949564
2010-04-21,0.3237240016,0.3077170253
2010-04-22,0.3285160065,0.3122721016
2010-04-23,0.3328649998,0.3164060712
2010-04-26,0.3303909898,0.3140543699
2010-04-27,0.3100000024,0.2946717143
2010-04-28,0.310728997,0.2953644991
2010-04-29,0.3265889883,0.3104403615
2010-04-30,0.3073439896,0.2921469808
2010-05-03,0.3198960125,0.3040784001
2010-05-04,0.2916150093,0.2771957815
2010-05-05,0.2868230045,0.2726406455
2010-05-06,0.258724004,0.2459310293
2010-05-07,0.2398959994,0.2280339897
2010-05-10,0.2756769955,0.2620458007
2010-05-11,0.2754949927,0.2618727684
2010-05-12,0.2903389931,0.2759827673
2010-05-13,0.2772139907,0.2635067105
2010-05-14,0.2601560056,0.2472922206
2010-05-17,0.2636719942,0.2506343424
2010-05-18,0.2535940111,0.2410547286
2010-05-19,0.2469010055,0.234692663
2010-05-20,0.2219270021,0.2109535486
2010-05-21,0.223646,0.2125875503
2010-05-24,0.2254949957,0.2143450975
2010-05-25,0.2239059955,0.2128346711
2010-05-26,0.216978997,0.2062501907
2010-05-27,0.2404689938,0.2285787016
2010-05-28,0.2371090055,0.2253848612
2010-06-01,0.230546996,0.2191472799
2010-06-02,0.2467709929,0.2345690727
2010-06-03,0.2531769872,0.2406583428
2010-06-04,0.2281769961,0.2168944776
2010-06-07,0.2149479985,0.2043196261
2010-06-08,0.2137500048,0.2031808347
2010-06-09,0.2090359926,0.1986999363
2010-06-10,0.2263800055,0.2151863575
2010-06-11,0.2322919965,0.2208060324
2010-06-14,0.2324219942,0.2209295779
2010-06-15,0.2494010031,0.2370690405
2010-06-16,0.254426986,0.2418465167
2010-06-17,0.2569789886,0.2442723513
2010-06-18,0.2576819956,0.244940564
2010-06-21,0.2509109974,0.2385043651
2010-06-22,0.2449740022,0.2328609228
2010-06-23,0.241693005,0.2297421694
2010-06-24,0.2299740016,0.2186026573
2010-06-25,0.2298180014,0.2184543461
2010-06-28,0.227760002,0.2164981365
2010-06-29,0.2023440003,0.1923388541
2010-06-30,0.192343995,0.1828333139
2010-07-01,0.1904689968,0.1810510308
2010-07-02,0.1894270033,0.1800605506
2010-07-06,0.1904170066,0.1810015887
2010-07-07,0.2084109932,0.1981058121
2010-07-08,0.2119269967,0.2014480084
2010-07-09,0.2178650051,0.2070923746
2010-07-12,0.2203390002,0.2094440758
2010-07-13,0.2278649956,0.2165979147
2010-07-14,0.2315099984,0.2200627178
2010-07-15,0.232317999,0.2208307087
2010-07-16,0.213620007,0.2030573636
2010-07-19,0.2184379995,0.2076370418
2010-07-20,0.2253389955,0.2141967863
2010-07-21,0.2174479961,0.2066959888
2010-07-22,0.2321089953,0.2206320465
2010-07-23,0.238150999,0.2263753116
2010-07-26,0.243385002,0.2313505113
2010-07-27,0.243332997,0.2313010693
2010-07-28,0.2383590043,0.22657305
2010-07-29,0.2326820046,0.2211767435
2010-07-30,0.2342710048,0.2226871699
2010-08-02,0.246875003,0.234667927
2010-08-03,0.2443230003,0.2322421074
2010-08-04,0.2513799965,0.2389501929
2010-08-05,0.2498960048,0.2375395596
2010-08-06,0.2487239987,0.236425519
2010-08-09,0.2530730069,0.2405594885
2010-08-10,0.2477079928,0.2354597598
2010-08-11,0.2273180038,0.2160779834
2010-08-12,0.2209109962,0.2099877745
2010-08-13,0.2165099978,0.205804348
2010-08-16,0.2177339941,0.2069678456
2010-08-17,0.2260159999,0.2148403227
2010-08-18,0.2280469984,0.2167709172
2010-08-19,0.2196609974,0.2087995857
2010-08-20,0.2189060003,0.2080819309
2010-08-23,0.212864995,0.2023396194
2010-08-24,0.2006510049,0.1907295436
2010-08-25,0.206667006,0.1964480877
2010-08-26,0.1999219954,0.1900365949
2010-08-27,0.206535995,0.1963235587
2010-08-30,0.1998440027,0.1899624616
2010-08-31,0.1988539994,0.1890213937
2010-09-01,0.2155209929,0.2048642784
2010-09-02,0.2229170054,0.2118945569
2010-09-03,0.2342710048,0.2226871699
2010-09-07,0.2285680026,0.2172661871
2010-09-08,0.2366410047,0.2249399573
2010-09-09,0.2396350056,0.2277859151
2010-09-10,0.2422139943,0.2302373946
2010-09-13,0.2528910041,0.2403864861
2010-09-14,0.2560940087,0.2434310764
2010-09-15,0.260443002,0.2475650758
2010-09-16,0.2641150057,0.251055479
2010-09-17,0.2669270039,0.2537284493
2010-09-20,0.2808330059,0.2669469118
2010-09-21,0.2799479961,0.2661055923
2010-09-22,0.2786200047,0.2648433447
2010-09-23,0.2777859867,0.2640504241
2010-09-24,0.29351601,0.2790027261
2010-09-27,0.2901560068,0.2758088112
2010-09-28,0.2908850014,0.2765017748
2010-09-29,0.2885420024,0.2742746472
2010-09-30,0.2846350074,0.270560801
2010-10-01,0.2837499976,0.2697196007
2010-10-04,0.2739059925,0.2603624165
2010-10-05,0.2942970097,0.2797450721
2010-10-06,0.2867969871,0.2726159096
2010-10-07,0.2896089852,0.2752888799
2010-10-08,0.2954429984,0.2808344066
2010-10-11,0.2960419953,0.2814038396
2010-10-12,0.302188009,0.2872459292
2010-10-13,0.3095310032,0.294225812
2010-10-14,0.3078129888,0.2925927937
2010-10-15,0.3274480104,0.3112568557
2010-10-18,0.3274480104,0.3112568557
2010-10-19,0.3144269884,0.2988797128
2010-10-20,0.3209640086,0.3050935864
2010-10-21,0.3232029974,0.3072217703
2010-10-22,0.3295049965,0.3132122457
2010-10-25,0.3345049918,0.3179649711
2010-10-26,0.3365100026,0.3198707998
2010-10-27,0.3399739861,0.323163569
2010-10-28,0.3419269919,0.3250199556
2010-10-29,0.3402859867,0.3234601021
2010-11-01,0.3410679996,0.3242034316
2010-11-02,0.351406008,0.3340303004
2010-11-03,0.3564839959,0.3388571739
2010-11-04,0.369114995,0.3508636355
2010-11-05,0.3695569932,0.3512838185
2010-11-08,0.3704949915,0.3521753848
2010-11-09,0.364504993,0.3464815319
2010-11-10,0.3700779974,0.3517790139
2010-11-11,0.363853991,0.3458626866
2010-11-12,0.3453390002,0.328263253
2010-11-15,0.3416410089,0.3247481585
2010-11-16,0.3246879876,0.3086333275
2010-11-17,0.327760011,0.3115534484
2010-11-18,0.342994988,0.3260351717
2010-11-19,0.3438020051,0.3268022835
2010-11-22,0.3528650105,0.3354170918
2010-11-23,0.3361980021,0.3195742965
2010-11-24,0.355832994,0.3382383585
2010-11-26,0.3535940051,0.3361099958
2010-11-29,0.3486720026,0.3314315081
2010-11-30,0.3354170024,0.3188318312
2010-12-01,0.3567450047,0.3391052485
2010-12-02,0.3675779998,0.3494025767
2010-12-03,0.3706510067,0.3523237407
2010-12-06,0.3700000048,0.3517049253
2010-12-07,0.3703390062,0.352026999
2010-12-08,0.3754689991,0.3569034934
2010-12-09,0.3758589923,0.3572741449
2010-12-10,0.3837499917,0.3647749722
2010-12-13,0.379245013,0.3604927659
2010-12-14,0.3808329999,0.3620022237
2010-12-15,0.3769530058,0.3583140373
2010-12-16,0.3848179877,0.3657901883
2010-12-17,0.3859899938,0.3669042289
2010-12-20,0.3870309889,0.367893666
2010-12-21,0.3934110105,0.3739583194
2010-12-22,0.3938280046,0.3743546605
2010-12-23,0.3908329904,0.3715077341
2010-12-27,0.390989989,0.3716570437
2010-12-28,0.3892970085,0.3700477779
2010-12-29,0.3916150033,0.3722510934
2010-12-30,0.3886719942,0.3694535792
2010-12-31,0.3851040006,0.3660620153
2011-01-03,0.4025000036,0.3825978637
2011-01-04,0.4018749893,0.3820037544
2011-01-05,0.4118489921,0.3914845884
2011-01-06,0.4155730009,0.3950244784
2011-01-07,0.4146089852,0.3941081166
2011-01-10,0.4192709923,0.3985395432
2011-01-11,0.4211980104,0.4003713727
2011-01-12,0.4297400117,0.4084909856
2011-01-13,0.4310939908,0.4097779691
2011-01-14,0.4404430091,0.4186647534
2011-01-18,0.4439580142,0.422005862
2011-01-19,0.4290890098,0.4078721404
2011-01-20,0.4194529951,0.3987126052
2011-01-21,0.4098699987,0.389603436
2011-01-24,0.4267970026,0.4056935012
2011-01-25,0.4282810092,0.4071041048
2011-01-26,0.4349220097,0.4134167433
2011-01-27,0.4433070123,0.4213871062
2011-01-28,0.4098699987,0.389603436
2011-01-31,0.41593799,0.3953713179
2011-02-01,0.4390360117,0.4173273742
2011-02-02,0.4370569885,0.4154461324
2011-02-03,0.4387499988,0.417055428
2011-02-04,0.4466669858,0.4245809615
2011-02-07,0.4531509876,0.4307442904
2011-02-08,0.46281299,0.4399285316
2011-02-09,0.4600000083,0.4372546673
2011-02-10,0.4622400105,0.439383924
2011-02-11,0.4717189968,0.4483942389
2011-02-14,0.4746879935,0.4512164593
2011-02-15,0.4734640121,0.4500529468
2011-02-16,0.4822140038,0.4583703279
2011-02-17,0.4817970097,0.4579738677
2011-02-18,0.4790630043,0.4553751647
2011-02-22,0.4368749857,0.4152730703
2011-02-23,0.4260939956,0.4050252438
2011-02-24,0.4321610034,0.4107922316
2011-02-25,0.4506770074,0.4283926785
2011-02-28,0.4539580047,0.4315114021
2011-03-01,0.4321349859,0.4107674658
2011-03-02,0.4382289946,0.416560173
2011-03-03,0.4643749893,0.4414133132
2011-03-04,0.4575000107,0.4348783195
2011-03-07,0.439271003,0.4175506234
2011-03-08,0.4438540041,0.4219070971
2011-03-09,0.4348959923,0.4133919775
2011-03-10,0.4149999917,0.3944797218
2011-03-11,0.4219270051,0.4010642767
2011-03-14,0.4178130031,0.3971537054
2011-03-15,0.4007290006,0.3809144497
2011-03-16,0.3713020086,0.3529424965
2011-03-17,0.3809899986,0.362151444
2011-03-18,0.3789060116,0.3601705134
2011-03-21,0.400052011,0.3802709877
2011-03-22,0.3989579976,0.3792310357
2011-03-23,0.4050000012,0.3849742413
2011-03-24,0.4270310104,0.4059158862
2011-03-25,0.4301559925,0.4088863134
2011-03-28,0.4228650033,0.4019559026
2011-03-29,0.4350000024,0.4134908915
2011-03-30,0.4414060116,0.4195801318
2011-03-31,0.4432809949,0.4213623405
2011-04-01,0.4439580142,0.422005862
2011-04-04,0.4399479926,0.418194145
2011-04-05,0.4349479973,0.4134414792
2011-04-06,0.4382289946,0.416560173
2011-04-07,0.4381250143,0.4164613187
2011-04-08,0.43156299,0.4102237523
2011-04-11,0.4276559949,0.4065099359
2011-04-12,0.4192189872,0.3984901309
2011-04-13,0.4292190075,0.4079957008
2011-04-14,0.4268749952,0.4057676196
2011-04-15,0.4241150022,0.4031441212
2011-04-18,0.41593799,0.3953713179
2011-04-19,0.4234380126,0.4025005102
2011-04-20,0.4516150057,0.4292843342
2011-04-21,0.4630729854,0.4401757121
2011-04-25,0.4665099978,0.4434427917
2011-04-26,0.4745309949,0.4510671794
2011-04-27,0.484375,0.4604244828
2011-04-28,0.4836460054,0.4597314894
2011-04-29,0.4813019931,0.4575033784
2011-05-02,0.4786979854,0.4550281465
2011-05-03,0.4715099931,0.4481954873
2011-05-04,0.46875,0.4455720186
2011-05-05,0.4617190063,0.4388886988
2011-05-06,0.4657289982,0.4427004158
2011-05-09,0.4707809985,0.4475025833
2011-05-10,0.4828650057,0.4589890838
2011-05-11,0.4724479914,0.4490871727
2011-05-12,0.4807809889,0.457008183
2011-05-13,0.4637500048,0.4408192039
2011-05-16,0.4396350086,0.4178966284
2011-05-17,0.4432289898,0.4213129282
2011-05-18,0.4540100098,0.4315609634
2011-05-19,0.4579170048,0.4352747798
2011-05-20,0.4478130043,0.425670296
2011-05-23,0.4283849895,0.4072028697
2011-05-24,0.4203130007,0.3995299935
2011-05-25,0.4250000119,0.4039853215
2011-05-26,0.4329690039,0.411560297
2011-05-27,0.4394269884,0.4176989198
2011-05-31,0.4605729878,0.4377993345
2011-06-01,0.4311459959,0.4098274112
2011-06-02,0.4336459935,0.4122038186
2011-06-03,0.4139580131,0.3934892714
2011-06-06,0.4039579928,0.3839837015
2011-06-07,0.4016149938,0.3817565739
2011-06-08,0.3929690123,0.3735381663
2011-06-09,0.3946880102,0.3751721382
2011-06-10,0.3765630126,0.357943356
2011-06-13,0.3768230081,0.3581905067
2011-06-14,0.3908329904,0.3715077341
2011-06-15,0.3694790006,0.3512096405
2011-06-16,0.3643229902,0.346308589
2011-06-17,0.3616150022,0.3437345028
2011-06-20,0.3664059937,0.3482885659
2011-06-21,0.3908329904,0.3715077341
2011-06-22,0.3820309937,0.3631409705
2011-06-23,0.3926039934,0.3731911778
2011-06-24,0.3719269931,0.353536576
2011-06-27,0.3899999857,0.3707159162
2011-06-28,0.4074999988,0.387350589
2011-06-29,0.4126040041,0.3922022283
2011-06-30,0.4282810092,0.4071041048
2011-07-01,0.4481250048,0.4259669483
2011-07-05,0.4545829892,0.4321055412
2011-07-06,0.4594269991,0.4367100596
2011-07-07,0.4780209959,0.4543846548
2011-07-08,0.474063009,0.4506223798
2011-07-11,0.448646009,0.4264621437
2011-07-12,0.4377079904,0.4160649776
2011-07-13,0.4435420036,0.4216105342
2011-07-14,0.4282810092,0.4071041048
2011-07-15,0.4453130066,0.4232940078
2011-07-18,0.4379689991,0.4163130224
2011-07-19,0.4688540101,0.4456708729
2011-07-20,0.4622919858,0.4394333363
2011-07-21,0.4716669917,0.4483447969
2011-07-22,0.4863019884,0.4622561336
2011-07-25,0.4834379852,0.4595336914
2011-07-26,0.486093998,0.4620584846
2011-07-27,0.4492189884,0.4270067513
2011-07-28,0.4516150057,0.4292843342
2011-07-29,0.447239995,0.4251255989
2011-08-01,0.4411979914,0.4193823934
2011-08-02,0.4077079892,0.3875482976
2011-08-03,0.4182809889,0.3975985348
2011-08-04,0.3613539934,0.3434863091
2011-08-05,0.3533850014,0.3359113634
2011-08-08,0.2913019955,0.2768982053
2011-08-09,0.3311980069,0.3148214519
2011-08-10,0.2921350002,0.2776899338
2011-08-11,0.3296349943,0.3133356869
2011-08-12,0.3380210102,0.3213071227
2011-08-15,0.3526040018,0.3351690471
2011-08-16,0.3435420096,0.3265551031
2011-08-17,0.3379690051,0.3212577105
2011-08-18,0.2889580131,0.2746701241
2011-08-19,0.2727600038,0.2592730224
2011-08-22,0.2752079964,0.2615999579
2011-08-23,0.3092710078,0.2939786911
2011-08-24,0.3165630102,0.3009100854
2011-08-25,0.301353991,0.2864531279
2011-08-26,0.3231250048,0.3071476519
2011-08-29,0.3506250083,0.3332878947
2011-08-30,0.3577600121,0.3400700986
2011-08-31,0.3598439991,0.342051059
2011-09-01,0.3496879935,0.3323971629
2011-09-02,0.3252080083,0.3091277182
2011-09-06,0.3251560032,0.3090782762
2011-09-07,0.3497399986,0.3324466944
2011-09-08,0.3448959887,0.3278420866
2011-09-09,0.32218799,0.3062570095
2011-09-12,0.3342710137,0.3177425265
2011-09-13,0.347240001,0.330070287
2011-09-14,0.3622399867,0.3443286121
2011-09-15,0.3786979914,0.3599728346
2011-09-16,0.3885940015,0.3693794608
2011-09-19,0.3895829916,0.3703195751
2011-09-20,0.3840630054,0.365072459
2011-09-21,0.3645310104,0.3465062976
2011-09-22,0.3290629983,0.3127920628
2011-09-23,0.339323014,0.3225447536
2011-09-26,0.3508329988,0.3334855735
2011-09-27,0.3615629971,0.3436850309
2011-09-28,0.3445309997,0.3274952173
2011-09-29,0.334322989,0.3177919686
2011-09-30,0.3083330095,0.2930870652
2011-10-03,0.2841669917,0.2701160312
2011-10-04,0.3014580011,0.286552012
2011-10-05,0.3243750036,0.3083358109
2011-10-06,0.341042012,0.3241787255
2011-10-07,0.334010005,0.3174944222
2011-10-10,0.3682810068,0.3500709534
2011-10-11,0.3761459887,0.3575469553
2011-10-12,0.3821879923,0.3632902205
2011-10-13,0.3924480081,0.3730428815
2011-10-14,0.4140630066,0.393589139
2011-10-17,0.3948960006,0.3753699362
2011-10-18,0.4092189968,0.3889846206
2011-10-19,0.3856250048,0.3665573001
2011-10-20,0.3807289898,0.3619033098
2011-10-21,0.3942709863,0.3747757375
2011-10-24,0.4189060032,0.3981926739
2011-10-25,0.3951559961,0.3756169677
2011-10-26,0.3935939968,0.3741323352
2011-10-27,0.4253129959,0.4042828381
2011-10-28,0.4267190099,0.4056193233
2011-10-31,0.4055730104,0.3855189085
2011-11-01,0.3741669953,0.3556658328
2011-11-02,0.3833850026,0.3644280434
2011-11-03,0.4067189991,0.3866082728
2011-11-04,0.4004170001,0.380617857
2011-11-07,0.4093230069,0.3890835047
2011-11-08,0.4229690135,0.4020547569
2011-11-09,0.3792189956,0.3604679704
2011-11-10,0.3776560128,0.3589822948
2011-11-11,0.3988539875,0.379132092
2011-11-14,0.3920829892,0.3726959825
2011-11-15,0.4046880007,0.3846777081
2011-11-16,0.384739995,0.3657160103
2011-11-17,0.3582809865,0.3405653536
2011-11-18,0.3496879935,0.3323971629
2011-11-21,0.3293749988,0.3130886555
2011-11-22,0.3322399855,0.3158118427
2011-11-23,0.3101559877,0.2948198318
2011-11-25,0.303124994,0.2881366014
2011-11-28,0.3344269991,0.3178908229
2011-11-29,0.3283849955,0.3121475875
2011-11-30,0.3644270003,0.3464074135
2011-12-01,0.3722400069,0.3538340926
2011-12-02,0.3686980009,0.3504672348
2011-12-05,0.3807809949,0.3619526923
2011-12-06,0.3778649867,0.3591809571
2011-12-07,0.3784379959,0.3597256243
2011-12-08,0.3591670096,0.3414075375
2011-12-09,0.3761979938,0.357596457
2011-12-12,0.363853991,0.3458626866
2011-12-13,0.3515630066,0.334179461
2011-12-14,0.3352079988,0.3186331689
2011-12-15,0.332603991,0.3161579967
2011-12-16,0.3367710114,0.3201189339
2011-12-19,0.3274480104,0.3112568557
2011-12-20,0.3565100133,0.33888188
2011-12-21,0.3416669965,0.324772805
2011-12-22,0.349999994,0.3326937854
2011-12-23,0.3590629995,0.3413086534
2011-12-27,0.3618229926,0.3439321816
2011-12-28,0.3502080142,0.3328914642
2011-12-29,0.3570309877,0.3393770754
2011-12-30,0.3541150093,0.33660537
2012-01-03,0.3742710054,0.3557646871
2012-01-04,0.3787499964,0.360022217
2012-01-05,0.3880729973,0.3688842654
2012-01-06,0.3920829892,0.3726959825
2012-01-09,0.3888019919,0.3695771992
2012-01-10,0.3967710137,0.3771521449
2012-01-11,0.3995310068,0.3797756433
2012-01-12,0.4042710066,0.3842813373
2012-01-13,0.3996349871,0.3798745871
2012-01-17,0.4103649855,0.3900739253
2012-01-18,0.4266670048,0.4055698812
2012-01-19,0.4352079928,0.4136885405
2012-01-20,0.4332810044,0.4118569195
2012-01-23,0.4332289994,0.4118074477
2012-01-24,0.4308330119,0.4095298946
2012-01-25,0.4472920001,0.4251751006
2012-01-26,0.4425520003,0.4206694663
2012-01-27,0.446927011,0.4248281717
2012-01-30,0.4476560056,0.4255211353
2012-01-31,0.4492189884,0.4270067513
2012-02-01,0.4602600038,0.4375018477
2012-02-02,0.4650000036,0.4420074522
2012-02-03,0.4834899902,0.4595831633
2012-02-06,0.4830209911,0.4591373801
2012-02-07,0.4851039946,0.461117357
2012-02-08,0.4931769967,0.4687911868
2012-02-09,0.5041149855,0.479188323
2012-02-10,0.4933330119,0.4689395428
2012-02-13,0.5066149831,0.4815647602
2012-02-14,0.5110419989,0.4857729077
2012-02-15,0.499635011,0.4749298692
2012-02-16,0.5205209851,0.4947832227
2012-02-17,0.5160940289,0.490575254
2012-02-21,0.5204690099,0.4947336316
2012-02-22,0.5135939717,0.4881987274
2012-02-23,0.5233330131,0.4974561334
2012-02-24,0.5284379721,0.5023087263
2012-02-27,0.5309900045,0.5047345161
2012-02-28,0.546875,0.5198339224
2012-02-29,0.5396879911,0.5130022764
2012-03-01,0.5528129935,0.5254784822
2012-03-02,0.5511459708,0.5238938928
2012-03-05,0.5339580178,0.507555902
2012-03-06,0.5186460018,0.4930008352
2012-03-07,0.5304170251,0.5041898489
2012-03-08,0.5472400188,0.5201810598
2012-03-09,0.5538539886,0.526467979
2012-03-12,0.5547400117,0.5273100734
2012-03-13,0.5859900117,0.5570150614
2012-03-14,0.5925520062,0.5632525682
2012-03-15,0.5970829725,0.5675594807
2012-03-16,0.5957810283,0.5663218498
2012-03-19,0.6087499857,0.5786496401
2012-03-20,0.6120830178,0.5818178654
2012-03-21,0.6118749976,0.581619978
2012-03-22,0.6081770062,0.578104794
2012-03-23,0.6073439717,0.5773130059
2012-03-26,0.6390630007,0.6074636579
2012-03-27,0.6415100098,0.6097896695
2012-03-28,0.6340100169,0.6026604772
2012-03-29,0.6274999976,0.5964724422
2012-03-30,0.6231250167,0.5923138857
2012-04-02,0.6421350241,0.610383749
2012-04-03,0.6421880126,0.6104342937
2012-04-04,0.6159899831,0.5855314732
2012-04-05,0.6272400022,0.5962253213
2012-04-09,0.6128129959,0.5825116038
2012-04-10,0.5832290053,0.5543905497
2012-04-11,0.5916669965,0.5624111891
2012-04-12,0.6115099788,0.5812730789
2012-04-13,0.5838540196,0.5549846292
2012-04-16,0.5654690266,0.5375086069
2012-04-17,0.5988019705,0.5691933036
2012-04-18,0.5944269896,0.5650348067
2012-04-19,0.5752080083,0.5467661023
2012-04-20,0.5690100193,0.54087466
2012-04-23,0.5546879768,0.5272606015
2012-04-24,0.5448960066,0.5179528594
2012-04-25,0.5881770253,0.5590937734
2012-04-26,0.59869802,0.5690946579
2012-04-27,0.6089580059,0.5788473487
2012-04-30,0.5963019729,0.5668171644
2012-05-01,0.5996879935,0.570035696
2012-05-02,0.6036459804,0.5737980008
2012-05-03,0.584896028,0.5559751391
2012-05-04,0.5419790149,0.5151802301
2012-05-07,0.5427600145,0.5159225464
2012-05-08,0.5367709994,0.5102295876
2012-05-09,0.5338019729,0.5074074864
2012-05-10,0.5283330083,0.5022088289
2012-05-11,0.5278130174,0.5017146468
2012-05-14,0.5132290125,0.4878517687
2012-05-15,0.5087500215,0.483594209
2012-05-16,0.4977079928,0.473098129
2012-05-17,0.4670830071,0.4439874589
2012-05-18,0.4483329952,0.4261645079
2012-05-21,0.4860419929,0.4620090127
2012-05-22,0.4842709899,0.4603255689
2012-05-23,0.4869790077,0.4628997445
2012-05-24,0.4782289863,0.4545823336
2012-05-25,0.4755209982,0.4520082176
2012-05-29,0.4932290018,0.4688406289
2012-05-30,0.4812499881,0.4574539363
2012-05-31,0.4743750095,0.4509189129
2012-06-01,0.4370830059,0.4154708385
2012-06-04,0.4464580119,0.4243822098
2012-06-05,0.4526039958,0.4302243888
2012-06-06,0.4835419953,0.4596326351
2012-06-07,0.478125006,0.4544834793
2012-06-08,0.4921880066,0.4678511322
2012-06-11,0.4686459899,0.4454731941
2012-06-12,0.4834379852,0.4595336914
2012-06-13,0.4739579856,0.4505224526
2012-06-14,0.4792709947,0.4555728137
2012-06-15,0.4969789982,0.4724051952
2012-06-18,0.5097919703,0.4845846593
2012-06-19,0.5265629888,0.5005263686
2012-06-20,0.5284379721,0.5023087263
2012-06-21,0.488853991,0.4646821022
2012-06-22,0.5040630102,0.4791390002
2012-06-25,0.4741669893,0.4507211745
2012-06-26,0.4833329916,0.4594339728
2012-06-27,0.4921880066,0.4678511322
2012-06-28,0.4744789898,0.4510177672
2012-06-29,0.5208330154,0.4950797856
2012-07-02,0.5249999762,0.4990408421
2012-07-03,0.5375000238,0.5109226108
2012-07-05,0.5393750072,0.5127048492
2012-07-06,0.5181249976,0.4925055802
2012-07-09,0.5163540244,0.4908221662
2012-07-10,0.5005210042,0.475772053
2012-07-11,0.4936459959,0.4692370296
2012-07-12,0.4793750048,0.4556716084
2012-07-13,0.5002080202,0.4754745662
2012-07-16,0.496457994,0.47190997
2012-07-17,0.5040630102,0.4791390002
2012-07-18,0.5245829821,0.4986442327
2012-07-19,0.5416669846,0.5148835182
2012-07-20,0.5208330154,0.4950797856
2012-07-23,0.5015630126,0.4767624736
2012-07-24,0.4901039898,0.4658701718
2012-07-25,0.4791670144,0.4554739594
2012-07-26,0.4979169965,0.4732968509
2012-07-27,0.5356249809,0.5091403127
2012-07-30,0.5323960185,0.5060711503
2012-07-31,0.5327079892,0.5063676238
2012-08-01,0.5274999738,0.5014171004
2012-08-02,0.5219789743,0.4961690307
2012-08-03,0.551666975,0.5243890882
2012-08-06,0.5640630126,0.536172092
2012-08-07,0.5780209899,0.5494400859
2012-08-08,0.5770829916,0.5485483408
2012-08-09,0.5819789767,0.5532024503
2012-08-10,0.5843750238,0.5554797649
2012-08-13,0.5879169703,0.5588467121
2012-08-14,0.5887500048,0.5596385598
2012-08-15,0.5929170251,0.5635995269
2012-08-16,0.614166975,0.5837987661
2012-08-17,0.6226040125,0.5918184519
2012-08-20,0.625,0.5940960646
2012-08-21,0.6178129911,0.5872642994
2012-08-22,0.6244789958,0.59360075
2012-08-23,0.6106250286,0.580431819
2012-08-24,0.621457994,0.5907289982
2012-08-27,0.6244789958,0.59360075
2012-08-28,0.6243749857,0.5935018659
2012-08-29,0.6245830059,0.5936996937
2012-08-30,0.6055210233,0.5755802393
2012-08-31,0.6184380054,0.5878584981
2012-09-04,0.6158329844,0.5853824019
2012-09-05,0.6130210161,0.5827093124
2012-09-06,0.6535419822,0.6212268472
2012-09-07,0.6507290006,0.6185528636
2012-09-10,0.6267709732,0.5957794785
2012-09-11,0.624063015,0.5932052732
2012-09-12,0.629478991,0.5983535647
2012-09-13,0.6545829773,0.6222162843
2012-09-14,0.6713539958,0.6381579638
2012-09-17,0.6726040244,0.6393461227
2012-09-18,0.6738539934,0.6405342221
2012-09-19,0.6783329844,0.6447919011
2012-09-20,0.6767709851,0.6433070302
2012-09-21,0.6767709851,0.6433070302
2012-09-24,0.664270997,0.6314251423
2012-09-25,0.6376039982,0.606076777
2012-09-26,0.6208329797,0.5901351571
2012-09-27,0.6471880078,0.6151870489
2012-09-28,0.6316670179,0.60043329
2012-10-01,0.6289579868,0.5978583097
2012-10-02,0.633020997,0.6017206311
2012-10-03,0.6449999809,0.6131069064
2012-10-04,0.6524999738,0.6202362776
2012-10-05,0.6412500143,0.6095424294
2012-10-08,0.6242709756,0.5934031606
2012-10-09,0.5921880007,0.5629065037
2012-10-10,0.5849999785,0.556073904
2012-10-11,0.5797920227,0.5511235595
2012-10-12,0.5796880126,0.5510246754
2012-10-15,0.5912500024,0.562014997
2012-10-16,0.616979003,0.5864715576
2012-10-17,0.6151040196,0.5846894383
2012-10-18,0.594062984,0.5646887422
2012-10-19,0.5511459708,0.5238938928
2012-10-22,0.5597919822,0.5321123004
2012-10-23,0.5432289839,0.5163682103
2012-10-24,0.5378130078,0.5112200975
2012-10-25,0.5378130078,0.5112200975
2012-10-26,0.5434380174,0.5165668726
2012-10-31,0.5329170227,0.5065661669
2012-11-01,0.5555210114,0.5280525088
2012-11-02,0.5352079868,0.5087438822
2012-11-05,0.5483329892,0.5212200284
2012-11-06,0.551666975,0.5243890882
2012-11-07,0.512082994,0.486762315
2012-11-08,0.4881249964,0.4639890194
2012-11-09,0.4934380054,0.4690392911
2012-11-12,0.4941670001,0.4697322845
2012-11-13,0.4834379852,0.4595336914
2012-11-14,0.4661459923,0.4430968463
2012-11-15,0.4619790018,0.4391358197
2012-11-16,0.4671880007,0.4440872371
2012-11-19,0.5008329749,0.4760686159
2012-11-20,0.5009379983,0.4761685133
2012-11-21,0.504478991,0.4795343578
2012-11-23,0.5276039839,0.5015158653
2012-11-26,0.5343750119,0.5079520941
2012-11-27,0.5283330083,0.5022088289
2012-11-28,0.5425000191,0.5156754255
2012-11-29,0.5518749952,0.5245867968
2012-11-30,0.5498960018,0.5227056742
2012-12-03,0.547187984,0.520131588
2012-12-04,0.543645978,0.5167647004
2012-12-05,0.5268750191,0.5008230805
2012-12-06,0.5365629792,0.5100319982
2012-12-07,0.5273960233,0.5013182759
2012-12-10,0.5320829749,0.5057734847
2012-12-11,0.5526040196,0.52527982
2012-12-12,0.5488539934,0.5217152238
2012-12-13,0.5364580154,0.5099321604
2012-12-14,0.5212500095,0.4954761565
2012-12-17,0.5415629745,0.5147845745
2012-12-18,0.5666670203,0.5386473536
2012-12-19,0.5585420132,0.5309241414
2012-12-20,0.558957994,0.5313195586
2012-12-21,0.5415629745,0.5147845745
2012-12-24,0.5369790196,0.5104274154
2012-12-26,0.5242710114,0.4983478189
2012-12-27,0.5213540196,0.4955750108
2012-12-28,0.5062500238,0.4812178612
2012-12-31,0.539270997,0.5126060247
2013-01-02,0.5895829797,0.5604301691
2013-01-03,0.5810419917,0.5523115396
2013-01-04,0.5753129721,0.5468658209
2013-01-07,0.5759379864,0.5474601388
2013-01-08,0.5726040006,0.5442909002
2013-01-09,0.578437984,0.5498363376
2013-01-10,0.5886459947,0.5595396757
2013-01-11,0.5908330083,0.5616185665
2013-01-14,0.5832290053,0.5543905497
2013-01-15,0.574582994,0.5461720228
2013-01-16,0.5810419917,0.5523115396
2013-01-17,0.5899999738,0.5608267784
2013-01-18,0.5866670012,0.5576583743
2013-01-22,0.5890629888,0.5599360466
2013-01-23,0.5986459851,0.569045186
2013-01-24,0.5747920275,0.5463705659
2013-01-25,0.5833330154,0.5544893742
2013-01-28,0.5874999762,0.5584502816
2013-01-29,0.5874999762,0.5584502816
2013-01-30,0.5842710137,0.5553808808
2013-01-31,0.5805209875,0.5518163443
2013-02-01,0.5995830297,0.5699357986
2013-02-04,0.5690630078,0.5409249067
2013-02-05,0.594062984,0.5646887422
2013-02-06,0.5885419846,0.5594406724
2013-02-07,0.5899999738,0.5608267784
2013-02-08,0.6079170108,0.5778577924
2013-02-11,0.6077079773,0.5776590109
2013-02-12,0.6006249785,0.5709263682
2013-02-13,0.6076040268,0.5775601268
2013-02-14,0.6063539982,0.5763719678
2013-02-15,0.6011459827,0.571421504
2013-02-19,0.6142709851,0.5838976502
2013-02-20,0.5862500072,0.5572621822
2013-02-21,0.5671880245,0.5391426086
2013-02-22,0.5838540196,0.5549846292
2013-02-25,0.5620830059,0.5342901349
2013-02-26,0.5688539743,0.5407262444
2013-02-27,0.586145997,0.5571631789
2013-02-28,0.5839580297,0.5550835133
2013-03-01,0.5899999738,0.5608267784
2013-03-04,0.5976039767,0.5680546761
2013-03-05,0.6238539815,0.5930066705
2013-03-06,0.6198959947,0.5892443657
2013-03-07,0.625312984,0.5943935513
2013-03-08,0.6260420084,0.5950865746
2013-03-11,0.6324999928,0.6012253165
2013-03-12,0.6247919798,0.5938984156
2013-03-13,0.6228129864,0.5920171738
2013-03-14,0.6291670203,0.5980570316
2013-03-15,0.6232290268,0.5924124718
2013-03-18,0.6189579964,0.5883527994
2013-03-19,0.6164579988,0.5859764218
2013-03-20,0.628229022,0.5971653461
2013-03-21,0.6081249714,0.5780553818
2013-03-22,0.6248959899,0.5939971805
2013-03-25,0.6185420156,0.5879573822
2013-03-26,0.6280210018,0.5969678164
2013-03-27,0.6313539743,0.6001358628
2013-03-28,0.6349999905,0.6036014557
2013-04-01,0.6227080226,0.591917336
2013-04-02,0.6367710233,0.6052849293
2013-04-03,0.6198959947,0.5892443657
2013-04-04,0.620208025,0.5895409584
2013-04-05,0.6050000191,0.5750851035
2013-04-08,0.6142709851,0.5838976502
2013-04-09,0.6263539791,0.5953831077
2013-04-10,0.663021028,0.6302368641
2013-04-11,0.6618750095,0.6291477084
2013-04-12,0.6611459851,0.6284546852
2013-04-15,0.6209380031,0.5902348757
2013-04-16,0.6468750238,0.6148895025
2013-04-17,0.6090630293,0.5789469481
2013-04-18,0.5827080011,0.5538952351
2013-04-19,0.6068750024,0.5768672824
2013-04-22,0.6255210042,0.5945913196
2013-04-23,0.6439579725,0.6121166945
2013-04-24,0.6423959732,0.6106318831
2013-04-25,0.6528130174,0.620533824
2013-04-26,0.6472920179,0.6152856946
2013-04-29,0.6644790173,0.6316227317
2013-04-30,0.6790630221,0.6454859376
2013-05-01,0.6704170108,0.6372672915
2013-05-02,0.6946880221,0.6603383422
2013-05-03,0.7189580202,0.6834080815
2013-05-06,0.7282289863,0.6922209263
2013-05-07,0.7264580131,0.6905373335
2013-05-08,0.7378129959,0.7013308406
2013-05-09,0.7352079749,0.6988545656
2013-05-10,0.7477080226,0.7107365131
2013-05-13,0.7506250143,0.7135093808
2013-05-14,0.7616670132,0.7240054607
2013-05-15,0.7672920227,0.7293522358
2013-05-16,0.7644789815,0.7266783118
2013-05-17,0.786041975,0.7471751571
2013-05-20,0.7825000286,0.7438082099
2013-05-21,0.7854170203,0.7465810776
2013-05-22,0.7662500143,0.7283617854
2013-05-23,0.7579169869,0.7204407454
2013-05-24,0.7574999928,0.7200444341
2013-05-28,0.7731249928,0.7348968387
2013-05-29,0.7614579797,0.7238066196
2013-05-30,0.7738540173,0.7355898619
2013-05-31,0.7517709732,0.7145987749
2013-06-03,0.7561460137,0.718757391
2013-06-04,0.7447919846,0.7079646587
2013-06-05,0.7162500024,0.6808342338
2013-06-06,0.7250000238,0.6891514659
2013-06-07,0.7553129792,0.7179654837
2013-06-10,0.7556250095,0.7182621956
2013-06-11,0.7337499857,0.6974688172
2013-06-12,0.7083330154,0.6733084321
2013-06-13,0.7337499857,0.6974688172
2013-06-14,0.7208330035,0.6851903796
2013-06-17,0.7408329844,0.7042016387
2013-06-18,0.7583330274,0.7208362818
2013-06-19,0.7344790101,0.6981616616
2013-06-20,0.6803129911,0.646674037
2013-06-21,0.6707289815,0.6375638843
2013-06-24,0.6499999762,0.6178599
2013-06-25,0.663854003,0.6310288906
2013-06-26,0.6819790006,0.6482577324
2013-06-27,0.6895830035,0.6554857492
2013-06-28,0.6914579868,0.6572681069
2013-07-01,0.7062500119,0.6713285446
2013-07-02,0.7065629959,0.6716262102
2013-07-03,0.7161459923,0.6807352304
2013-07-05,0.7319790125,0.6957852244
2013-07-08,0.734375,0.6980628371
2013-07-09,0.7478129864,0.7108364105
2013-07-10,0.7604169846,0.7228171229
2013-07-11,0.8078129888,0.7678697109
2013-07-12,0.8162500262,0.7758895159
2013-07-15,0.8226040006,0.7819292545
2013-07-16,0.8193749785,0.778859973
2013-07-17,0.8252080083,0.7844044566
2013-07-18,0.8191670179,0.7786622047
2013-07-19,0.7942709923,0.7549971342
2013-07-22,0.8000000119,0.7604429722
2013-07-23,0.7821879983,0.7435116768
2013-07-24,0.7895830274,0.750541091
2013-07-25,0.8038539886,0.7641063929
2013-07-26,0.8171880245,0.7767812014
2013-07-29,0.8134379983,0.7732165456
2013-07-30,0.8255209923,0.7847020626
2013-07-31,0.8307290077,0.789652586
2013-08-01,0.8560420275,0.8137138486
2013-08-02,0.8703129888,0.8272791505
2013-08-05,0.8721879721,0.829061389
2013-08-06,0.8566669822,0.8143080473
2013-08-07,0.851770997,0.8096538782
2013-08-08,0.8631250262,0.8204466105
2013-08-09,0.8538540006,0.8116340041
2013-08-12,0.8591669798,0.8166843057
2013-08-13,0.8734380007,0.8302497268
2013-08-14,0.8637499809,0.8210406303
2013-08-15,0.8204169869,0.7798503637
2013-08-16,0.8174999952,0.7770777345
2013-08-19,0.8142709732,0.7740083337
2013-08-20,0.8254169822,0.7846031785
2013-08-21,0.8171880245,0.7767812014
2013-08-22,0.840520978,0.7989603281
2013-08-23,0.8582289815,0.815792799
2013-08-26,0.8589580059,0.8164856434
2013-08-27,0.804895997,0.7650968432
2013-08-28,0.8153129816,0.7749987245
2013-08-29,0.8321880102,0.7910393476
2013-08-30,0.8166670203,0.776285708
2013-09-03,0.8301039934,0.7890583873
2013-09-04,0.8571879864,0.8148031235
2013-09-05,0.8609380126,0.8183677793
2013-09-06,0.8640630245,0.8213382959
2013-09-09,0.8944789767,0.8502501845
2013-09-10,0.9080209732,0.8631228805
2013-09-11,0.9034379721,0.8587662578
2013-09-12,0.8993750215,0.854904294
2013-09-13,0.9022920132,0.8576770425
2013-09-16,0.8946880102,0.8504489064
2013-09-17,0.9126039743,0.8674790263
2013-09-18,0.9461460114,0.8993625045
2013-09-19,0.9519789815,0.9049072266
2013-09-20,0.9415630102,0.8950060606
2013-09-23,0.9362499714,0.889955759
2013-09-24,0.9364579916,0.8901535273
2013-09-25,0.9276040196,0.8817374706
2013-09-26,0.9488540292,0.9019366503
2013-09-27,0.9443749785,0.8976791501
2013-09-30,0.9384379983,0.8920356631
2013-10-01,0.9665629864,0.9187700748
2013-10-02,0.9647920132,0.9170866013
2013-10-03,0.9312499762,0.8852031231
2013-10-04,0.9552080035,0.9079765081
2013-10-07,0.9315630198,0.8855007291
2013-10-08,0.8788539767,0.8353978395
2013-10-09,0.8691669703,0.8261899352
2013-10-10,0.9243749976,0.8786680698
2013-10-11,0.9452080131,0.8984710574
2013-10-14,0.9647920132,0.9170866013
2013-10-15,0.9544789791,0.9072834253
2013-10-16,0.9870830178,0.9382753968
2013-10-17,1.003021002,0.9534254074
2013-10-18,1.05260396,1.00055635
2013-10-21,1.058645964,1.006300092
2013-10-22,1.06229198,1.009765625
2013-10-23,1.045207977,0.9935261607
2013-10-24,1.05822897,1.005903363
2013-10-25,1.079375029,1.026003718
2013-10-28,1.081562996,1.028083682
2013-10-29,1.086771011,1.033034205
2013-10-30,1.083333015,1.029766083
2013-10-31,1.076354027,1.023132443
2013-11-01,1.075832963,1.022636771
2013-11-04,1.081042051,1.027588487
2013-11-05,1.085625052,1.031944752
2013-11-06,1.08375001,1.030162454
2013-11-07,1.023645997,0.9730305076
2013-11-08,1.064062953,1.01144886
2013-11-11,1.058958054,1.006596327
2013-11-12,1.064167023,1.011547923
2013-11-13,1.102291942,1.047787786
2013-11-14,1.110833049,1.055906296
2013-11-15,1.118541956,1.063234091
2013-11-18,1.087604046,1.033825874
2013-11-19,1.076874971,1.023627162
2013-11-20,1.069375038,1.016498327
2013-11-21,1.102082968,1.047588825
2013-11-22,1.119478941,1.064124823
2013-11-25,1.126875043,1.071155429
2013-11-26,1.145521045,1.088879585
2013-11-27,1.168437958,1.110662937
2013-11-29,1.187603951,1.128881216
2013-12-02,1.180207968,1.121850967
2013-12-03,1.176771045,1.118584037
2013-12-04,1.179792047,1.12145555
2013-12-05,1.17614603,1.117990136
2013-12-06,1.200417042,1.141060948
2013-12-09,1.214792013,1.154724956
2013-12-10,1.212604046,1.15264535
2013-12-11,1.167291999,1.109573722
2013-12-12,1.157812953,1.100563288
2013-12-13,1.152292013,1.095315337
2013-12-16,1.17208302,1.114127755
2013-12-17,1.164687991,1.107098579
2013-12-18,1.204895973,1.145318151
2013-12-19,1.194062948,1.13502121
2013-12-20,1.230000019,1.169181228
2013-12-23,1.269791961,1.207005382
2013-12-24,1.271563053,1.208689094
2013-12-26,1.283957958,1.220470667
2013-12-27,1.274582982,1.211559534
2013-12-30,1.267917037,1.205222964
2013-12-31,1.292812943,1.228888035
2014-01-02,1.262603998,1.200172901
2014-01-03,1.235103965,1.174032688
2014-01-06,1.221979022,1.161556602
2014-01-07,1.253646016,1.191657662
2014-01-08,1.263020992,1.200569034
2014-01-09,1.25,1.188192129
2014-01-10,1.262500048,1.200074077
2014-01-13,1.206354022,1.146704078
2014-01-14,1.27541697,1.212352157
2014-01-15,1.305207968,1.240670204
2014-01-16,1.307916999,1.243245244
2014-01-17,1.284687996,1.221164823
2014-01-21,1.313438058,1.248493195
2014-01-22,1.325624943,1.260077715
2014-01-23,1.309687972,1.244928598
2014-01-24,1.232082963,1.171161175
2014-01-27,1.196249962,1.137099624
2014-01-28,1.195832968,1.136703134
2014-01-29,1.158125043,1.100860238
2014-01-30,1.219166994,1.158883572
2014-01-31,1.210625052,1.150764108
2014-02-03,1.130416989,1.074521899
2014-02-04,1.152500033,1.095513225
2014-02-05,1.141875029,1.085413694
2014-02-06,1.185624957,1.127000093
2014-02-07,1.248541951,1.186806321
2014-02-10,1.27145803,1.208588958
2014-02-11,1.315000057,1.249977946
2014-02-12,1.321249962,1.255919218
2014-02-13,1.355208039,1.288197756
2014-02-14,1.35916698,1.291961432
2014-02-18,1.380416989,1.312160611
2014-02-19,1.350208044,1.28344512
2014-02-20,1.369791985,1.302060723
2014-02-21,1.362707973,1.295327067
2014-02-24,1.386667013,1.318101525
2014-02-25,1.381667018,1.313348651
2014-02-26,1.377082944,1.308991313
2014-02-27,1.404167056,1.334736228
2014-02-28,1.397083044,1.328002453
2014-03-03,1.366458058,1.298891664
2014-03-04,1.421458006,1.351172328
2014-03-05,1.433125019,1.362262487
2014-03-06,1.42770803,1.357113242
2014-03-07,1.407292008,1.337706685
2014-03-10,1.410207987,1.34047842
2014-03-11,1.392707944,1.323843598
2014-03-12,1.408332944,1.338696003
2014-03-13,1.348541975,1.281861305
2014-03-14,1.320832968,1.25552249
2014-03-17,1.356042027,1.288990498
2014-03-18,1.404791951,1.335330248
2014-03-19,1.381667018,1.313348651
2014-03-20,1.392500043,1.323646069
2014-03-21,1.341457963,1.275127769
2014-03-24,1.307708025,1.243046641
2014-03-25,1.319792032,1.25453341
2014-03-26,1.269582987,1.206807017
2014-03-27,1.247082949,1.18541944
2014-03-28,1.255208015,1.193142772
2014-03-31,1.280207992,1.216906428
2014-04-01,1.34958303,1.282851219
2014-04-02,1.360208035,1.29295063
2014-04-03,1.328125,1.262454391
2014-04-04,1.222707987,1.162249565
2014-04-07,1.186041951,1.127396703
2014-04-08,1.219166994,1.158883572
2014-04-09,1.281666994,1.21829319
2014-04-10,1.163333058,1.105810523
2014-04-11,1.122707963,1.067194223
2014-04-14,1.147917032,1.091156244
2014-04-15,1.159374952,1.102048278
2014-04-16,1.204375029,1.144823313
2014-04-17,1.205000043,1.145417452
2014-04-21,1.232292056,1.171359539
2014-04-22,1.262500048,1.200074077
2014-04-23,1.228124976,1.167398572
2014-04-24,1.264374971,1.201856136
2014-04-25,1.20333302,1.143832326
2014-04-28,1.216249943,1.156110764
2014-04-29,1.243124962,1.181657076
2014-04-30,1.254166961,1.192152858
2014-05-01,1.26541698,1.202846885
2014-05-02,1.259166956,1.196905971
2014-05-05,1.277083039,1.21393609
2014-05-06,1.227707982,1.16700232
2014-05-07,1.216667056,1.156507373
2014-05-08,1.212499976,1.152546406
2014-05-09,1.226667047,1.166012764
2014-05-12,1.286458015,1.222847342
2014-05-13,1.289167047,1.225422502
2014-05-14,1.269999981,1.207202911
2014-05-15,1.240625024,1.1792804
2014-05-16,1.263749957,1.201262116
2014-05-19,1.290832996,1.227006078
2014-05-20,1.276666999,1.213540316
2014-05-21,1.31270802,1.247799277
2014-05-22,1.328958035,1.263245463
2014-05-23,1.358749986,1.291564703
2014-05-27,1.409791946,1.340083003
2014-05-28,1.39645803,1.327408433
2014-05-29,1.424792051,1.354341388
2014-05-30,1.423542023,1.35315311
2014-06-02,1.419999957,1.349786282
2014-06-03,1.417917013,1.347806096
2014-06-04,1.432916999,1.362064362
2014-06-05,1.470208049,1.397511721
2014-06-06,1.493957996,1.420087099
2014-06-09,1.491250038,1.41751349
2014-06-10,1.49979198,1.425632954
2014-06-11,1.497499943,1.423454165
2014-06-12,1.458333015,1.386223793
2014-06-13,1.468333006,1.395729423
2014-06-16,1.473749995,1.400878549
2014-06-17,1.475833058,1.402858853
2014-06-18,1.502707958,1.428404689
2014-06-19,1.496875048,1.422860026
2014-06-20,1.502292037,1.428009152
2014-06-23,1.503957987,1.429592609
2014-06-24,1.49979198,1.425632954
2014-06-25,1.527083039,1.45181644
2014-06-26,1.53125,1.455778122
2014-06-27,1.546458006,1.470236421
2014-06-30,1.557916999,1.481130362
2014-07-01,1.610208035,1.530844331
2014-07-02,1.616458058,1.536786199
2014-07-03,1.647500038,1.566298485
2014-07-07,1.631667018,1.551245689
2014-07-08,1.574792027,1.497173786
2014-07-09,1.610417008,1.531043053
2014-07-10,1.595208049,1.516583681
2014-07-11,1.622917056,1.542927027
2014-07-14,1.653957963,1.572437763
2014-07-15,1.636667013,1.555999279
2014-07-16,1.655207992,1.573626399
2014-07-17,1.589166999,1.510840178
2014-07-18,1.664374948,1.582341552
2014-07-21,1.658332944,1.576597333
2014-07-22,1.691249967,1.607891917
2014-07-23,1.722916961,1.637998104
2014-07-24,1.716874957,1.632254004
2014-07-25,1.695832968,1.612249255
2014-07-28,1.697916985,1.614230275
2014-07-29,1.689375043,1.606109381
2014-07-30,1.709583044,1.625321507
2014-07-31,1.605417013,1.526289344
2014-08-01,1.586874962,1.508661628
2014-08-04,1.61937499,1.539559603
2014-08-05,1.581457973,1.503511429
2014-08-06,1.578750014,1.500936866
2014-08-07,1.563542008,1.486478567
2014-08-08,1.596874952,1.518168569
2014-08-11,1.625833035,1.545699358
2014-08-12,1.622082949,1.542134166
2014-08-13,1.674792051,1.592245221
2014-08-14,1.700624943,1.616805077
2014-08-15,1.723749995,1.63879025
2014-08-18,1.76541698,1.678403497
2014-08-19,1.795832992,1.707320213
2014-08-20,1.795832992,1.707320213
2014-08-21,1.806041956,1.717026234
2014-08-22,1.813125014,1.723760009
2014-08-25,1.833333015,1.742972136
2014-08-26,1.839583039,1.748914361
2014-08-27,1.839792013,1.749112606
2014-08-28,1.832291961,1.741982222
2014-08-29,1.85374999,1.762382746
2014-09-02,1.86916697,1.777039886
2014-09-03,1.837082982,1.746537089
2014-09-04,1.831249952,1.740991473
2014-09-05,1.85958302,1.767928243
2014-09-08,1.868957996,1.776841164
2014-09-09,1.823541999,1.733663559
2014-09-10,1.865833044,1.773870111
2014-09-11,1.864374995,1.772484064
2014-09-12,1.835000038,1.744556785
2014-09-15,1.779791951,1.69206953
2014-09-16,1.82791698,1.737823009
2014-09-17,1.836874962,1.746339321
2014-09-18,1.876458049,1.78397131
2014-09-19,1.872292042,1.780011058
2014-09-22,1.821457982,1.731682181
2014-09-23,1.805624962,1.716629505
2014-09-24,1.864166975,1.772286177
2014-09-25,1.745833039,1.659784794
2014-09-26,1.801666975,1.712866902
2014-09-29,1.795624971,1.707122564
2014-09-30,1.802291989,1.713460684
2014-10-01,1.716042042,1.631461978
2014-10-02,1.715208054,1.630669475
2014-10-03,1.766875029,1.679789782
2014-10-06,1.754791975,1.668302059
2014-10-07,1.680624962,1.597790599
2014-10-08,1.777708054,1.690088749
2014-10-09,1.689167023,1.605911613
2014-10-10,1.56270802,1.485685468
2014-10-13,1.489583015,1.416164756
2014-10-14,1.492292047,1.418740273
2014-10-15,1.460417032,1.388436317
2014-10-16,1.43770802,1.366846442
2014-10-17,1.493957996,1.420323968
2014-10-20,1.558333039,1.481526256
2014-10-21,1.680207968,1.597394228
2014-10-22,1.654167056,1.572636962
2014-10-23,1.729791999,1.64453423
2014-10-24,1.769582987,1.682363868
2014-10-27,1.776250005,1.688702345
2014-10-28,1.855625033,1.764165401
2014-10-29,1.833333015,1.742972136
2014-10-30,1.844792008,1.753866196
2014-10-31,1.920832992,1.826159358
2014-11-03,1.940624952,1.844975948
2014-11-04,1.919999957,1.825367451
2014-11-05,1.919792056,1.825169921
2014-11-06,1.936249971,1.840816736
2014-11-07,1.931457996,1.836260796
2014-11-10,1.951249957,1.855076909
2014-11-11,1.969792008,1.87270534
2014-11-12,1.980625033,1.883004189
2014-11-13,2.006042004,1.907168627
2014-11-14,2.024583101,1.924795628
2014-11-17,2.00562501,1.906772137
2014-11-18,2.050625086,1.949554563
2014-11-19,2.024583101,1.924795628
2014-11-20,2.051457882,1.950346112
2014-11-21,2.066250086,1.964408994
2014-11-24,2.112916946,2.008775711
2014-11-25,2.119791985,2.015312433
2014-11-26,2.163125038,2.056509495
2014-11-28,2.195416927,2.08720994
2014-12-01,2.114375114,2.010162354
2014-12-02,2.137083054,2.031750441
2014-12-03,2.156457901,2.050170898
2014-12-04,2.150000095,2.04403162
2014-12-05,2.151458025,2.045416832
2014-12-08,2.105000019,2.001249075
2014-12-09,2.125416994,2.020659447
2014-12-10,2.022500038,1.922815561
2014-12-11,2.054167032,1.952921748
2014-12-12,1.986250043,1.888351917
2014-12-15,1.926666975,1.83170557
2014-12-16,1.831042051,1.740794063
2014-12-17,1.929375052,1.834280491
2014-12-18,2.070832968,1.968766212
2014-12-19,2.093957901,1.990751266
2014-12-22,2.112916946,2.009115219
2014-12-23,2.092708111,1.989899755
2014-12-24,2.097083092,1.99405992
2014-12-26,2.139583111,2.03447175
2014-12-29,2.140000105,2.034867525
2014-12-30,2.095833063,1.992870688
2014-12-31,2.030208111,1.930469871
2015-01-02,2.013541937,1.914622545
2015-01-05,1.922917008,1.828449965
2015-01-06,1.846667051,1.755945563
2015-01-07,1.917708039,1.823496699
2015-01-08,2.02708292,1.927498102
2015-01-09,1.986042023,1.888473392
2015-01-12,1.924999952,1.830430269
2015-01-13,1.923333049,1.828845382
2015-01-14,1.893749952,1.800715685
2015-01-15,1.818542004,1.729202509
2015-01-16,1.883332968,1.790810466
2015-01-20,1.924999952,1.830430269
2015-01-21,1.954583049,1.858560205
2015-01-22,2.063333035,1.961967111
2015-01-23,2.077083111,1.975042462
2015-01-26,2.07249999,1.970683932
2015-01-27,1.91208303,1.818148136
2015-01-28,1.879166961,1.786849022
2015-01-29,1.933542013,1.838552713
2015-01-30,1.889166951,1.796357632
2015-02-02,1.938750029,1.843504786
2015-02-03,1.991667032,1.893822312
2015-02-04,1.986457944,1.888869047
2015-02-05,2.039166927,1.938988805
2015-02-06,2.002083063,1.903726459
2015-02-09,1.980000019,1.882728338
2015-02-10,2.074791908,1.972863436
2015-02-11,2.098124981,1.995050192
2015-02-12,2.171458006,2.064780235
2015-02-13,2.226249933,2.116880894
2015-02-17,2.232291937,2.122625589
2015-02-18,2.241874933,2.131738424
2015-02-19,2.27562499,2.163830042
2015-02-20,2.319375038,2.205430746
2015-02-23,2.328541994,2.214147806
2015-02-24,2.333333015,2.218703032
2015-02-25,2.314583063,2.200874329
2015-02-26,2.349792004,2.234353781
2015-02-27,2.318749905,2.204836369
2015-03-02,2.381249905,2.264266253
2015-03-03,2.347083092,2.231777668
2015-03-04,2.321042061,2.207015991
2015-03-05,2.331249952,2.216722488
2015-03-06,2.251041889,2.140455246
2015-03-09,2.272707939,2.161056519
2015-03-10,2.146874905,2.041405201
2015-03-11,2.109167099,2.005549908
2015-03-12,2.149583101,2.04398036
2015-03-13,2.121875048,2.017633438
2015-03-16,2.203125,2.094892025
2015-03-17,2.215416908,2.106580019
2015-03-18,2.279166937,2.167197704
2015-03-19,2.290208101,2.177696705
2015-03-20,2.337707996,2.222862959
2015-03-23,2.31812501,2.204241991
2015-03-24,2.294583082,2.181856871
2015-03-25,2.134375095,2.029722214
2015-03-26,2.116874933,2.013079882
2015-03-27,2.137291908,2.032496452
2015-03-30,2.214167118,2.105601788
2015-03-31,2.145625114,2.040420294
2015-04-01,2.109375,2.00594759
2015-04-02,2.112916946,2.009316206
2015-04-06,2.163749933,2.057656288
2015-04-07,2.153749943,2.048146725
2015-04-08,2.204999924,2.096883774
2015-04-09,2.246042013,2.135913849
2015-04-10,2.272917032,2.16147089
2015-04-13,2.256042004,2.145422697
2015-04-14,2.236666918,2.126998663
2015-04-15,2.276249886,2.164640665
2015-04-16,2.268332958,2.157111883
2015-04-17,2.162292004,2.056269646
2015-04-20,2.258958101,2.14819622
2015-04-21,2.287916899,2.175734997
2015-04-22,2.325000048,2.211000919
2015-04-23,2.352916956,2.237548113
2015-04-24,2.444999933,2.325115919
2015-04-27,2.429374933,2.310257435
2015-04-28,2.413542032,2.295200586
2015-04-29,2.367500067,2.251416683
2015-04-30,2.256249905,2.1456213
2015-05-01,2.347500086,2.232397079
2015-05-04,2.355833054,2.240321636
2015-05-05,2.244167089,2.134130955
2015-05-06,2.196249962,2.088562965
2015-05-07,2.233958006,2.124422073
2015-05-08,2.315833092,2.202282667
2015-05-11,2.290416956,2.178112268
2015-05-12,2.260833025,2.149978876
2015-05-13,2.272500038,2.1610744
2015-05-14,2.373125076,2.256765842
2015-05-15,2.372916937,2.256567478
2015-05-18,2.40208292,2.284303665
2015-05-19,2.395207882,2.277765989
2015-05-20,2.399167061,2.281530857
2015-05-21,2.436875105,2.317389965
2015-05-22,2.430207968,2.311049938
2015-05-26,2.346041918,2.23100996
2015-05-27,2.458957911,2.338389874
2015-05-28,2.440833092,2.321153879
2015-05-29,2.399583101,2.281926632
2015-06-01,2.420624971,2.301936388
2015-06-02,2.398541927,2.280936003
2015-06-03,2.419583082,2.300945997
2015-06-04,2.366874933,2.250822067
2015-06-05,2.348958015,2.233783007
2015-06-08,2.27708292,2.165432453
2015-06-09,2.265832901,2.154733658
2015-06-10,2.355624914,2.24012351
2015-06-11,2.368541956,2.252407312
2015-06-12,2.30833292,2.195150614
2015-06-15,2.276458025,2.164838552
2015-06-16,2.311249971,2.197924852
2015-06-17,2.330625057,2.216349602
2015-06-18,2.429167032,2.310060263
2015-06-19,2.39208293,2.274793863
2015-06-22,2.449791908,2.329673529
2015-06-23,2.455832958,2.335418224
2015-06-24,2.418124914,2.299559355
2015-06-25,2.402292013,2.284502506
2015-06-26,2.357707977,2.242104053
2015-06-29,2.191041946,2.083610773
2015-06-30,2.216042042,2.10738492
2015-07-01,2.26145792,2.150573969
2015-07-02,2.269999981,2.15869689
2015-07-06,2.250833035,2.140469313
2015-07-07,2.262291908,2.151366234
2015-07-08,2.148957968,2.043590069
2015-07-09,2.142708063,2.03764677
2015-07-10,2.242291927,2.132347345
2015-07-13,2.356874943,2.241312742
2015-07-14,2.404166937,2.286285639
2015-07-15,2.415625095,2.297181845
2015-07-16,2.50999999,2.386929512
2015-07-17,2.624792099,2.496093035
2015-07-20,2.654166937,2.524027109
2015-07-21,2.646874905,2.517092943
2015-07-22,2.559999943,2.434477568
2015-07-23,2.529375076,2.405354261
2015-07-24,2.457499981,2.337003231
2015-07-27,2.394375086,2.276973724
2015-07-28,2.457499981,2.337003231
2015-07-29,2.484999895,2.363154173
2015-07-30,2.519582987,2.396042347
2015-07-31,2.511874914,2.388711929
2015-08-03,2.488749981,2.366720915
2015-08-04,2.472707987,2.351465702
2015-08-05,2.530625105,2.406542301
2015-08-06,2.409167051,2.291040182
2015-08-07,2.399583101,2.281926632
2015-08-10,2.480624914,2.358994484
2015-08-11,2.386042118,2.269049406
2015-08-12,2.407083035,2.289058685
2015-08-13,2.39625001,2.278756618
2015-08-14,2.409167051,2.291040182
2015-08-17,2.468333006,2.347305059
2015-08-18,2.428957939,2.309860945
2015-08-19,2.383332968,2.266473532
2015-08-20,2.187083006,2.079845667
2015-08-21,1.914999962,1.821103334
2015-08-24,1.688125014,1.60535264
2015-08-25,1.665832996,1.584153533
2015-08-26,1.90625,1.812782526
2015-08-27,2.055207968,1.954436541
2015-08-28,2.053541899,1.952852488
2015-08-31,1.977291942,1.880340815
2015-09-01,1.797917008,1.7097615
2015-09-02,1.944167018,1.848840594
2015-09-03,1.91208303,1.818329334
2015-09-04,1.848124981,1.757507443
2015-09-08,2.005000114,1.906690359
2015-09-09,1.935207963,1.840320349
2015-09-10,1.997082949,1.899161577
2015-09-11,2.029375076,1.929870486
2015-09-14,2.011250019,1.912634015
2015-09-15,2.081458092,1.979399443
2015-09-16,2.116250038,2.012485504
2015-09-17,2.122082949,2.018032789
2015-09-18,2.032291889,1.932644248
2015-09-21,2.049582958,1.949087262
2015-09-22,1.959167004,1.86310482
2015-09-23,1.962291956,1.866076231
2015-09-24,1.939582944,1.844480753
2015-09-25,1.892500043,1.799706697
2015-09-28,1.729375005,1.644580126
2015-09-29,1.703750014,1.620211244
2015-09-30,1.816457987,1.727393031
2015-10-01,1.841874957,1.751563787
2015-10-02,1.9375,1.842499971
2015-10-05,2.025832891,1.92650187
2015-10-06,1.996875048,1.898963809
2015-10-07,2.028958082,1.929473758
2015-10-08,2.053750038,1.953050137
2015-10-09,2.078749895,1.976824403
2015-10-12,2.096250057,1.993466496
2015-10-13,2.055207968,1.954436541
2015-10-14,2.046458006,1.946115732
2015-10-15,2.146457911,2.04121232
2015-10-16,2.173125029,2.066572189
2015-10-19,2.212083101,2.103619576
2015-10-20,2.175416946,2.068751574
2015-10-21,2.140417099,2.035467625
2015-10-22,2.267292023,2.156121254
2015-10-23,2.455832958,2.335418224
2015-10-26,2.46312499,2.34235239
2015-10-27,2.479166985,2.35760808
2015-10-28,2.536667109,2.412289143
2015-10-29,2.527292013,2.40337348
2015-10-30,2.492707968,2.370485306
2015-11-02,2.577708006,2.451316833
2015-11-03,2.602292061,2.474695444
2015-11-04,2.603332996,2.475685596
2015-11-05,2.580416918,2.453893185
2015-11-06,2.588958025,2.46201539
2015-11-09,2.50562501,2.382768393
2015-11-10,2.487916946,2.365928888
2015-11-11,2.476875067,2.35542798
2015-11-12,2.404999971,2.287077188
2015-11-13,2.263541937,2.152555227
2015-11-16,2.35791707,2.242303371
2015-11-17,2.366041899,2.250030041
2015-11-18,2.501667023,2.379004478
2015-11-19,2.505417109,2.382570744
2015-11-20,2.555207968,2.429920435
2015-11-23,2.534583092,2.410306692
2015-11-24,2.526667118,2.402778625
2015-11-25,2.532291889,2.408127785
2015-11-27,2.541457891,2.416844606
2015-11-30,2.525417089,2.401589632
2015-12-01,2.600416899,2.472912788
2015-12-02,2.553124905,2.427939415
2015-12-03,2.422916889,2.304116249
2015-12-04,2.589375019,2.462412596
2015-12-07,2.557708025,2.432297707
2015-12-08,2.557917118,2.432496548
2015-12-09,2.438750029,2.319172621
2015-12-10,2.473332882,2.352059603
2015-12-11,2.303750038,2.190792084
2015-12-14,2.355417013,2.239925385
2015-12-15,2.395416975,2.277964115
2015-12-16,2.501250029,2.378608465
2015-12-17,2.397083044,2.279549599
2015-12-18,2.265417099,2.154339314
2015-12-21,2.332707882,2.218330383
2015-12-22,2.376874924,2.260331631
2015-12-23,2.431250095,2.312040329
2015-12-24,2.426249981,2.307286024
2015-12-28,2.425625086,2.306691647
2015-12-29,2.536250114,2.411892176
2015-12-30,2.471457958,2.350276709
2015-12-31,2.379791975,2.263105869
2016-01-04,2.234375,2.124818802
2016-01-05,2.214375019,2.105799437
2016-01-06,2.154999971,2.049335718
2016-01-07,1.950000048,1.854387283
2016-01-08,1.903957963,1.810602903
2016-01-11,1.920624971,1.826452255
2016-01-12,1.985417008,1.888067603
2016-01-13,1.777708054,1.690543056
2016-01-14,1.892707944,1.799904346
2016-01-15,1.71875,1.634475946
2016-01-19,1.726042032,1.641410351
2016-01-20,1.710417032,1.626551628
2016-01-21,1.716667056,1.632495046
2016-01-22,1.864583015,1.773158431
2016-01-25,1.780624986,1.693316936
2016-01-26,1.831457973,1.741657853
2016-01-27,1.695207953,1.612088084
2016-01-28,1.762083054,1.675684214
2016-01-29,1.876875043,1.784847736
2016-02-01,1.887500048,1.794951677
2016-02-02,1.767707944,1.681033134
2016-02-03,1.742707968,1.657259226
2016-02-04,1.739583015,1.654287457
2016-02-05,1.560624957,1.484103799
2016-02-08,1.489374995,1.416347623
2016-02-09,1.472082973,1.399903536
2016-02-10,1.489583015,1.41654563
2016-02-11,1.486042023,1.413178205
2016-02-12,1.549375057,1.473405719
2016-02-16,1.652500033,1.571474314
2016-02-17,1.766667008,1.680043578
2016-02-18,1.706666946,1.622985363
2016-02-19,1.72437501,1.639824986
2016-02-22,1.805832982,1.717289209
2016-02-23,1.715832949,1.631701827
2016-02-24,1.766875029,1.680241227
2016-02-25,1.815624952,1.726600647
2016-02-26,1.811457992,1.722638249
2016-02-29,1.763542056,1.677071571
2016-03-01,1.932291985,1.837547302
2016-03-02,1.934375048,1.839528322
2016-03-03,1.923542023,1.829226375
2016-03-04,1.926874995,1.832395792
2016-03-07,1.891041994,1.798319936
2016-03-08,1.841042042,1.750771761
2016-03-09,1.876250029,1.784253478
2016-03-10,1.86916697,1.777517796
2016-03-11,1.966042042,1.869642615
2016-03-14,1.977499962,1.88053894
2016-03-15,1.976250052,1.879349947
2016-03-16,2.026667118,1.927295089
2016-03-17,2.020833015,1.921746969
2016-03-18,2.032500029,1.932841897
2016-03-21,2.056667089,1.955824137
2016-03-22,2.075000048,1.973258138
2016-03-23,2.02562499,1.926304102
2016-03-24,2.025000095,1.92571032
2016-03-28,2.017708063,1.918775201
2016-03-29,2.114166975,2.010504723
2016-03-30,2.145833015,2.04061842
2016-03-31,2.133332968,2.028730869
2016-04-01,2.204375029,2.096289873
2016-04-04,2.177083015,2.070335865
2016-04-05,2.118541956,2.014664888
2016-04-06,2.220000029,2.111148596
2016-04-07,2.124166965,2.020014286
2016-04-08,2.119167089,2.015259504
2016-04-11,2.096457958,1.993663669
2016-04-12,2.145416975,2.04022193
2016-04-13,2.229166985,2.119866371
2016-04-14,2.230624914,2.12125206
2016-04-15,2.213541985,2.10500741
2016-04-18,2.246249914,2.136111736
2016-04-19,2.207499981,2.099261045
2016-04-20,2.212917089,2.104412556
2016-04-21,2.213541985,2.10500741
2016-04-22,2.113332987,2.009711266
2016-04-25,2.111666918,2.008127213
2016-04-26,2.082707882,1.980587959
2016-04-27,2.03270793,1.933040023
2016-04-28,1.960625052,1.864491463
2016-04-29,1.929375052,1.83477366
2016-05-02,1.980417013,1.883312702
2016-05-03,1.92770803,1.833188176
2016-05-04,1.889582992,1.796932459
2016-05-05,1.888542056,1.795942545
2016-05-06,1.915832996,1.821895599
2016-05-09,1.932708025,1.837942958
2016-05-10,2.013750076,1.915011644
2016-05-11,1.95875001,1.862707973
2016-05-12,1.931249976,1.836556435
2016-05-13,1.907917023,1.814367652
2016-05-16,1.981457949,1.884302616
2016-05-17,1.905416965,1.81199038
2016-05-18,1.927083015,1.832593799
2016-05-19,1.896667004,1.803669333
2016-05-20,1.960000038,1.863897085
2016-05-23,1.950417042,1.854783654
2016-05-24,2.069792032,1.968305469
2016-05-25,2.114375114,2.010702848
2016-05-26,2.132082939,2.027542353
2016-05-27,2.164166927,2.058053017
2016-05-31,2.177083015,2.070335865
2016-06-01,2.177917004,2.071129084
2016-06-02,2.190207958,2.082817078
2016-06-03,2.160207987,2.054288149
2016-06-06,2.18333292,2.07627964
2016-06-07,2.167917013,2.061619043
2016-06-08,2.17750001,2.070732355
2016-06-09,2.167917013,2.061619043
2016-06-10,2.095000029,1.992277384
2016-06-13,2.04124999,1.941162944
2016-06-14,2.042292118,1.94215405
2016-06-15,2.023957968,1.924718976
2016-06-16,2.038542032,1.938588142
2016-06-17,1.96875,1.872217655
2016-06-20,2.00416708,1.905898094
2016-06-21,2.024167061,1.924917221
2016-06-22,2.011042118,1.912436247
2016-06-23,2.095833063,1.993069291
2016-06-24,1.839166999,1.748988748
2016-06-27,1.732082963,1.647155046
2016-06-28,1.840625048,1.750375509
2016-06-29,1.936249971,1.841311455
2016-06-30,2.006666899,1.908275723
2016-07-01,2.034167051,1.934427261
2016-07-05,1.998124957,1.900152326
2016-07-06,2.045207977,1.944926977
2016-07-07,2.064583063,1.963352203
2016-07-08,2.160000086,2.054090738
2016-07-11,2.196875095,2.089157343
2016-07-12,2.231457949,2.122044802
2016-07-13,2.215832949,2.107185602
2016-07-14,2.260833025,2.149978876
2016-07-15,2.248125076,2.137895107
2016-07-18,2.292917013,2.180490017
2016-07-19,2.269166946,2.157904625
2016-07-20,2.346874952,2.231802702
2016-07-21,2.332916975,2.218528509
2016-07-22,2.359999895,2.244283915
2016-07-25,2.362082958,2.246264935
2016-07-26,2.369999886,2.253793716
2016-07-27,2.41624999,2.297775984
2016-07-28,2.442500114,2.322738647
2016-07-29,2.458542109,2.337994099
2016-08-01,2.497082949,2.374645472
2016-08-02,2.440833092,2.321153879
2016-08-03,2.463958025,2.343144655
2016-08-04,2.486042023,2.364145756
2016-08-05,2.557917118,2.432496548
2016-08-08,2.549792051,2.424770594
2016-08-09,2.56666708,2.440817356
2016-08-10,2.546875,2.421995878
2016-08-11,2.579792023,2.453299046
2016-08-12,2.584583044,2.457855701
2016-08-15,2.617083073,2.488761902
2016-08-16,2.575833082,2.449533939
2016-08-17,2.587917089,2.461025715
2016-08-18,2.590416908,2.463403225
2016-08-19,2.586874962,2.460034847
2016-08-22,2.589375019,2.462412596
2016-08-23,2.604792118,2.477073669
2016-08-24,2.554583073,2.429326534
2016-08-25,2.542500019,2.417835236
2016-08-26,2.554791927,2.429525137
2016-08-29,2.561875105,2.436260939
2016-08-30,2.538749933,2.414269209
2016-08-31,2.532083035,2.40792942
2016-09-01,2.543333054,2.418627501
2016-09-02,2.573124886,2.446958542
2016-09-06,2.62083292,2.492327452
2016-09-07,2.625624895,2.496884584
2016-09-08,2.580625057,2.454091311
2016-09-09,2.38499999,2.268057823
2016-09-12,2.507292032,2.384353876
2016-09-13,2.448124886,2.328087568
2016-09-14,2.479583025,2.358003616
2016-09-15,2.594583035,2.467365026
2016-09-16,2.591666937,2.46459198
2016-09-19,2.557708025,2.432297707
2016-09-20,2.571875095,2.445770741
2016-09-21,2.646667004,2.516895294
2016-09-22,2.708542109,2.575736523
2016-09-23,2.659791946,2.529376507
2016-09-26,2.59375,2.466572762
2016-09-27,2.667292118,2.536508799
2016-09-28,2.68187499,2.550376892
2016-09-29,2.625,2.496290207
2016-09-30,2.678957939,2.547602415
2016-10-03,2.672916889,2.541857719
2016-10-04,2.65770793,2.527394056
2016-10-05,2.685416937,2.553745508
2016-10-06,2.681250095,2.549782276
2016-10-07,2.663749933,2.533140659
2016-10-10,2.711457968,2.578509331
2016-10-11,2.59937501,2.471921682
2016-10-12,2.593957901,2.466770172
2016-10-13,2.563541889,2.43784523
2016-10-14,2.569375038,2.443392515
2016-10-17,2.551666975,2.426553249
2016-10-18,2.617083073,2.488761902
2016-10-19,2.618124962,2.489752769
2016-10-20,2.607083082,2.479252338
2016-10-21,2.635416985,2.506196737
2016-10-24,2.731457949,2.597528696
2016-10-25,2.704166889,2.57157588
2016-10-26,2.652292013,2.522244215
2016-10-27,2.615207911,2.486978292
2016-10-28,2.569999933,2.443986893
2016-10-31,2.555417061,2.430119276
2016-11-01,2.502917051,2.380193472
2016-11-02,2.437707901,2.318181753
2016-11-03,2.367500067,2.251416683
2016-11-04,2.340625048,2.225858927
2016-11-07,2.508332968,2.385344028
2016-11-08,2.557499886,2.432100058
2016-11-09,2.593333006,2.466176271
2016-11-10,2.470000029,2.348890066
2016-11-11,2.467916965,2.346909761
2016-11-14,2.384582996,2.267662048
2016-11-15,2.494999886,2.372665167
2016-11-16,2.535624981,2.411297798
2016-11-17,2.594374895,2.467166662
2016-11-18,2.565207958,2.439430237
2016-11-21,2.642292023,2.512734413
2016-11-22,2.666042089,2.535320044
2016-11-23,2.633958101,2.504809141
2016-11-25,2.659374952,2.528979778
2016-11-28,2.644582987,2.514912844
2016-11-29,2.670000076,2.539083958
2016-11-30,2.583542109,2.456865311
2016-12-01,2.44166708,2.321946621
2016-12-02,2.451457977,2.331257582
2016-12-05,2.508125067,2.385145903
2016-12-06,2.526249886,2.402382612
2016-12-07,2.619999886,2.491535187
2016-12-08,2.636042118,2.506791115
2016-12-09,2.697707891,2.565433025
2016-12-12,2.660207987,2.52977252
2016-12-13,2.76416707,2.628633738
2016-12-14,2.743957996,2.609416246
2016-12-15,2.760624886,2.625265121
2016-12-16,2.727082968,2.593367577
2016-12-19,2.760416985,2.625068188
2016-12-20,2.793750048,2.656766415
2016-12-21,2.783957958,2.647454262
2016-12-22,2.759792089,2.624473572
2016-12-23,2.768332958,2.632595539
2016-12-27,2.808749914,2.67103076
2016-12-28,2.743750095,2.609218121
2016-12-29,2.730417013,2.596538782
2016-12-30,2.65062499,2.52065897
2017-01-03,2.714792013,2.581679821
2017-01-04,2.761042118,2.625662088
2017-01-05,2.809999943,2.672219753
2017-01-06,2.881249905,2.739975929
2017-01-09,2.91041708,2.767713308
2017-01-10,2.927083015,2.783561468
2017-01-11,2.949583054,2.804958344
2017-01-12,2.934582949,2.79069376
2017-01-13,2.968333006,2.822788954
2017-01-17,2.940417051,2.796241999
2017-01-18,2.960417032,2.815261841
2017-01-19,2.952500105,2.807732344
2017-01-20,2.971667051,2.825959682
2017-01-23,2.978332996,2.832298994
2017-01-24,3.040416956,2.891338825
2017-01-25,3.12916708,2.975736856
2017-01-26,3.14208293,2.988019705
2017-01-27,3.157083035,3.002284288
2017-01-30,3.085417032,2.934132099
2017-01-31,3.068332911,2.917886019
2017-02-01,3.126667023,2.973359585
2017-02-02,3.118750095,2.965830803
2017-02-03,3.145833015,2.99158597
2017-02-06,3.157500029,3.00268054
2017-02-07,3.190000057,3.033587456
2017-02-08,3.207916975,3.05062604
2017-02-09,3.241250038,3.08232379
2017-02-10,3.273333073,3.112834215
2017-02-13,3.330832958,3.167514563
2017-02-14,3.362082958,3.1972332
2017-02-15,3.420000076,3.252309561
2017-02-16,3.417083025,3.249535322
2017-02-17,3.460000038,3.290348768
2017-02-21,3.515000105,3.342651844
2017-02-22,3.515417099,3.343048573
2017-02-23,3.477499962,3.306990385
2017-02-24,3.496249914,3.324820995
2017-02-27,3.506666899,3.334727526
2017-02-28,3.479166985,3.308575869
2017-03-01,3.591666937,3.415560007
2017-03-02,3.535000086,3.361671209
2017-03-03,3.553333044,3.379105806
2017-03-06,3.528749943,3.355727434
2017-03-07,3.511250019,3.339086056
2017-03-08,3.529166937,3.356123924
2017-03-09,3.539999962,3.366425753
2017-03-10,3.578749895,3.403275967
2017-03-13,3.599582911,3.423087358
2017-03-14,3.572916985,3.397728682
2017-03-15,3.635416985,3.457164288
2017-03-16,3.633332968,3.455182552
2017-03-17,3.624583006,3.446861506
2017-03-20,3.635416985,3.457164288
2017-03-21,3.473332882,3.303027868
2017-03-22,3.541666985,3.368011475
2017-03-23,3.513333082,3.341067076
2017-03-24,3.532500029,3.359293938
2017-03-27,3.551249981,3.37712431
2017-03-28,3.617917061,3.440522671
2017-03-29,3.665832996,3.486089468
2017-03-30,3.684166908,3.50352478
2017-03-31,3.675416946,3.495203495
2017-04-03,3.667500019,3.487674475
2017-04-04,3.684166908,3.50352478
2017-04-05,3.64208293,3.463503838
2017-04-06,3.644999981,3.466277599
2017-04-07,3.640832901,3.462315083
2017-04-10,3.644999981,3.466277599
2017-04-11,3.599167109,3.422692299
2017-04-12,3.551666975,3.3775208
2017-04-13,3.509582996,3.337500572
2017-04-17,3.592916965,3.416748285
2017-04-18,3.582499981,3.40684247
2017-04-19,3.595000029,3.418729305
2017-04-20,3.682082891,3.50154233
2017-04-21,3.680417061,3.499958038
2017-04-24,3.814167023,3.62714982
2017-04-25,3.898750067,3.707585812
2017-04-26,3.881666899,3.691340208
2017-04-27,3.949583054,3.755926132
2017-04-28,3.972083092,3.777323246
2017-05-01,4.072082996,3.872420073
2017-05-02,4.096250057,3.895401478
2017-05-03,4.055832863,3.856966019
2017-05-04,4.059999943,3.860929728
2017-05-05,4.104166985,3.902931452
2017-05-08,4.128749847,3.926308155
2017-05-09,4.174167156,3.969498634
2017-05-10,4.180832863,3.975837469
2017-05-11,4.170833111,3.966328144
2017-05-12,4.197916985,3.992084026
2017-05-15,4.237082958,4.0293293
2017-05-16,4.290417194,4.080049038
2017-05-17,3.965832949,3.771379232
2017-05-18,4.066249847,3.866872311
2017-05-19,4.115417004,3.913629055
2017-05-22,4.222083092,4.01506567
2017-05-23,4.232500076,4.024971008
2017-05-24,4.290832996,4.080442905
2017-05-25,4.403749943,4.187824726
2017-05-26,4.422500134,4.205656052
2017-05-30,4.431666851,4.214372158
2017-05-31,4.426249981,4.20922184
2017-06-01,4.479166985,4.259544373
2017-06-02,4.632082939,4.404961109
2017-06-05,4.628333092,4.401396275
2017-06-06,4.575832844,4.351469517
2017-06-07,4.625833035,4.399017334
2017-06-08,4.638332844,4.410905838
2017-06-09,4.302917004,4.091935635
2017-06-12,4.224999905,4.017838478
2017-06-13,4.323750019,4.111746311
2017-06-14,4.265832901,4.056670189
2017-06-15,4.208333015,4.001989365
2017-06-16,4.157917023,3.954045296
2017-06-19,4.359167099,4.145427704
2017-06-20,4.260416985,4.051520348
2017-06-21,4.384167194,4.169201851
2017-06-22,4.37916708,4.164446831
2017-06-23,4.428332806,4.211202145
2017-06-26,4.36958313,4.155332565
2017-06-27,4.12916708,3.92670536
2017-06-28,4.302499771,4.091537476
2017-06-29,4.083333015,3.883117914
2017-06-30,4.069167137,3.869646549
2017-07-03,3.958333015,3.764246941
2017-07-05,4.071249962,3.871627569
2017-07-06,3.963749886,3.769398212
2017-07-07,4.082499981,3.882325888
2017-07-10,4.167916775,3.963554382
2017-07-11,4.202083111,3.996045828
2017-07-12,4.351666927,4.13829565
2017-07-13,4.38041687,4.165635109
2017-07-14,4.483333111,4.263504982
2017-07-17,4.485833168,4.265882969
2017-07-18,4.574999809,4.350677967
2017-07-19,4.658750057,4.430321217
2017-07-20,4.676249981,4.446964264
2017-07-21,4.669167042,4.440227509
2017-07-24,4.730000019,4.498076916
2017-07-25,4.698332787,4.467962742
2017-07-26,4.740417004,4.507985115
2017-07-27,4.655832767,4.427547932
2017-07-28,4.640832901,4.413282871
2017-07-31,4.580417156,4.355829239
2017-08-01,4.610416889,4.384358406
2017-08-02,4.644166946,4.416453838
2017-08-03,4.595832825,4.37048912
2017-08-04,4.613749981,4.387526989
2017-08-07,4.695416927,4.465189934
2017-08-08,4.677917004,4.448548317
2017-08-09,4.659583092,4.431113243
2017-08-10,4.357082844,4.143444538
2017-08-11,4.456666946,4.238146782
2017-08-14,4.630000114,4.402980804
2017-08-15,4.638332844,4.410905838
2017-08-16,4.662499905,4.433887959
2017-08-17,4.375833035,4.16127634
2017-08-18,4.360416889,4.146615982
2017-08-21,4.352499962,4.139088154
2017-08-22,4.546249866,4.323337078
2017-08-23,4.495417118,4.274997711
2017-08-24,4.457917213,4.239335537
2017-08-25,4.427917004,4.210806847
2017-08-28,4.466667175,4.247657299
2017-08-29,4.521667004,4.299958706
2017-08-30,4.678332806,4.448944092
2017-08-31,4.81125021,4.575344086
2017-09-01,4.807917118,4.572174549
2017-09-05,4.679166794,4.449737072
2017-09-06,4.719583035,4.488172054
2017-09-07,4.74875021,4.515908718
2017-09-08,4.631667137,4.404566288
2017-09-11,4.779167175,4.544835091
2017-09-12,4.819582939,4.583268642
2017-09-13,4.83958292,4.602286816
2017-09-14,4.757916927,4.524625301
2017-09-15,4.796249866,4.561079502
2017-09-18,4.784583092,4.549984932
2017-09-19,4.804999828,4.569400787
2017-09-20,4.764999866,4.531361103
2017-09-21,4.673333168,4.444189548
2017-09-22,4.66166687,4.433095455
2017-09-25,4.515417099,4.294015884
2017-09-26,4.546249866,4.323337078
2017-09-27,4.669582844,4.440623283
2017-09-28,4.66166687,4.433095455
2017-09-29,4.760416985,4.527003765
2017-10-02,4.773749828,4.539682865
2017-10-03,4.803750038,4.568211555
2017-10-04,4.816249847,4.580098152
2017-10-05,4.954999924,4.712045193
2017-10-06,4.97291708,4.729083538
2017-10-09,4.960416794,4.717195988
2017-10-10,4.970832825,4.72710228
2017-10-11,5.014166832,4.768311024
2017-10-12,4.987082958,4.742555618
2017-10-13,5.042916775,4.795651436
2017-10-16,5.09499979,4.845179558
2017-10-17,5.112916946,4.86221838
2017-10-18,5.093332767,4.843594074
2017-10-19,5.037083149,4.790102959
2017-10-20,5.073750019,4.82497263
2017-10-23,4.979166985,4.735027313
2017-10-24,5.004582882,4.759196758
2017-10-25,4.943749905,4.701346874
2017-10-26,4.897916794,4.65776062
2017-10-27,5.320000172,5.059149265
2017-10-30,5.357916832,5.095205784
2017-10-31,5.414583206,5.149094105
2017-11-01,5.40749979,5.142358303
2017-11-02,5.380000114,5.116206646
2017-11-03,5.53000021,5.258851528
2017-11-06,5.586249828,5.312344074
2017-11-07,5.595417023,5.321061611
2017-11-08,5.665417194,5.387628555
2017-11-09,5.574583054,5.30124855
2017-11-10,5.572916985,5.299664497
2017-11-13,5.58958292,5.315513611
2017-11-14,5.533332825,5.262020588
2017-11-15,5.452083111,5.184755802
2017-11-16,5.65625,5.378912449
2017-11-17,5.592916965,5.318684578
2017-11-20,5.579166889,5.305607796
2017-11-21,5.755000114,5.472820282
2017-11-22,5.777916908,5.494612217
2017-11-24,5.842916965,5.556426525
2017-11-27,5.833333015,5.547312737
2017-11-28,5.87624979,5.588124752
2017-11-29,5.574166775,5.300852776
2017-11-30,5.712500095,5.432403564
2017-12-01,5.636250019,5.359891415
2017-12-04,5.44166708,5.174849987
2017-12-05,5.449583054,5.182376862
2017-12-06,5.521667004,5.250926971
2017-12-07,5.576250076,5.302834511
2017-12-08,5.650000095,5.372968197
2017-12-11,5.779582977,5.496197701
2017-12-12,5.757916927,5.475594044
2017-12-13,5.78666687,5.502934456
2017-12-14,5.778333187,5.495008469
2017-12-15,5.966249943,5.673712254
2017-12-18,6.11958313,5.819527149
2017-12-19,6.019999981,5.724825382
2017-12-20,5.994999886,5.701052666
2017-12-21,5.992083073,5.698278427
2017-12-22,5.972083092,5.679258823
2017-12-26,5.875417233,5.587331772
2017-12-27,5.875417233,5.587331772
2017-12-28,5.891250134,5.602389336
2017-12-29,5.78000021,5.496593475
2018-01-02,6.076666832,5.778713703
2018-01-03,6.254582882,5.947906971
2018-01-04,6.291250229,5.982776642
2018-01-05,6.481249809,6.163459778
2018-01-08,6.553332806,6.232008934
2018-01-09,6.55833292,6.236763
2018-01-10,6.511666775,6.192385674
2018-01-11,6.642083168,6.316406727
2018-01-12,6.782917023,6.450335503
2018-01-16,6.730416775,6.400409222
2018-01-17,6.942500114,6.602093697
2018-01-18,6.949166775,6.6084342
2018-01-19,7.015832901,6.671830654
2018-01-22,7.235000134,6.880250454
2018-01-23,7.418333054,7.054596424
2018-01-24,7.267917156,6.91155529
2018-01-25,7.258749962,6.90283823
2018-01-26,7.582917213,7.211110592
2018-01-29,7.482500076,7.115616798
2018-01-30,7.291250229,6.933744431
2018-01-31,7.381249905,7.019330978
2018-02-01,7.196667194,6.843799591
2018-02-02,6.757082939,6.425768375
2018-02-05,5.977083206,5.684013844
2018-02-06,6.437917233,6.122252464
2018-02-07,6.18333292,5.880149364
2018-02-08,5.417082787,5.151471615
2018-02-09,5.672082901,5.393968582
2018-02-12,5.989583015,5.695900917
2018-02-13,6.0625,5.7652421
2018-02-14,6.417500019,6.102835178
2018-02-15,6.752916813,6.421805859
2018-02-16,6.677499771,6.350086689
2018-02-20,6.710833073,6.38178587
2018-02-21,6.650416851,6.324332714
2018-02-22,6.651667118,6.325521469
2018-02-23,7.047916889,6.702342033
2018-02-26,7.330832958,6.971386433
2018-02-27,7.068333149,6.721756458
2018-02-28,6.926249981,6.586639881
2018-03-01,6.592916965,6.269650936
2018-03-02,6.774167061,6.442015648
2018-03-05,6.986667156,6.644096375
2018-03-06,7.074999809,6.728097439
2018-03-07,7.127916813,6.778419495
2018-03-08,7.234167099,6.879460335
2018-03-09,7.655416965,7.280053616
2018-03-12,7.769999981,7.389020443
2018-03-13,7.487916946,7.120768547
2018-03-14,7.462500095,7.096597195
2018-03-15,7.429166794,7.064898014
2018-03-16,7.380000114,7.018143654
2018-03-19,6.916666985,6.577527046
2018-03-20,6.96750021,6.625868797
2018-03-21,6.866666794,6.529978752
2018-03-22,6.364999771,6.052908897
2018-03-23,5.850832939,5.563953876
2018-03-26,6.509167194,6.190008163
2018-03-27,5.885000229,5.596446037
2018-03-28,5.68208313,5.403479099
2018-03-29,5.996666908,5.702636719
2018-04-02,5.464167118,5.196247578
2018-04-03,5.647500038,5.370591164
2018-04-04,5.914583206,5.624577522
2018-04-05,6.007500172,5.712939262
2018-04-06,5.559166908,5.286588669
2018-04-09,5.670416832,5.392383575
2018-04-10,6.045000076,5.74860096
2018-04-11,5.943333149,5.651918411
2018-04-12,6.151667118,5.850037575
2018-04-13,6.060417175,5.763261795
2018-04-16,6.194167137,5.890453815
2018-04-17,6.590416908,6.26727438
2018-04-18,6.636250019,6.310860157
2018-04-19,6.455832958,6.139288902
2018-04-20,6.146249771,5.844885826
2018-04-23,6.09791708,5.798923969
2018-04-24,5.709167004,5.429234505
2018-04-25,5.731667042,5.450631142
2018-04-26,6.087082863,5.788619518
2018-04-27,6.101250172,5.802092552
2018-04-30,5.971250057,5.678465366
2018-05-01,6.165417194,5.863112926
2018-05-02,6.057917118,5.760885715
2018-05-03,6.05833292,5.76128006
2018-05-04,6.399167061,6.085401535
2018-05-07,6.551249981,6.230027199
2018-05-08,6.529582977,6.209423542
2018-05-09,6.748332977,6.41744709
2018-05-10,6.958333015,6.617150784
2018-05-11,6.9375,6.597339153
2018-05-14,6.968332767,6.626661301
2018-05-15,6.742917061,6.412296772
2018-05-16,6.867083073,6.530375004
2018-05-17,6.789583206,6.456674576
2018-05-18,6.680832863,6.353256702
2018-05-21,6.797500134,6.464203358
2018-05-22,6.762083054,6.430522442
2018-05-23,6.93208313,6.592187881
2018-05-24,6.926249981,6.586639881
2018-05-25,6.943749905,6.603281498
2018-05-29,6.855000019,6.518884182
2018-05-30,7.00124979,6.657963276
2018-05-31,6.986249924,6.643698692
2018-06-01,7.31125021,6.952763557
2018-06-04,7.49875021,7.13106966
2018-06-05,7.576250076,7.204769135
2018-06-06,7.701250076,7.323640823
2018-06-07,7.522500038,7.153655529
2018-06-08,7.517499924,7.148901463
2018-06-11,7.576250076,7.204769135
2018-06-12,7.696249962,7.318885803
2018-06-13,7.6875,7.310564518
2018-06-14,7.921249866,7.532853603
2018-06-15,7.84250021,7.457965851
2018-06-18,7.824999809,7.441322803
2018-06-19,7.755000114,7.374754429
2018-06-20,7.917500019,7.529287338
2018-06-21,7.712500095,7.334338665
2018-06-22,7.635000229,7.260639668
2018-06-25,7.147500038,6.797043324
2018-06-26,7.226250172,6.871931076
2018-06-27,6.93625021,6.596150875
2018-06-28,7.106249809,6.757814884
2018-06-29,7.138750076,6.788722515
2018-07-02,7.298749924,6.940876484
2018-07-03,7.047500134,6.701946259
2018-07-05,7.306250095,6.948008537
2018-07-06,7.635000229,7.260639668
2018-07-09,7.847499847,7.46271944
2018-07-10,7.866250038,7.480548859
2018-07-11,7.75124979,7.371188641
2018-07-12,8.133749962,7.734933376
2018-07-13,8.157500267,7.757518768
2018-07-16,8.102499962,7.705216408
2018-07-17,8.25249958,7.847861767
2018-07-18,8.199999809,7.797936916
2018-07-19,8.078749657,7.682631016
2018-07-20,8.067500114,7.67193222
2018-07-23,8.137499809,7.738499641
2018-07-24,8.241250038,7.837164402
2018-07-25,8.585000038,8.164058685
2018-07-26,8.210000038,7.807446003
2018-07-27,7.867499828,7.481738091
2018-07-30,7.528749943,7.159599304
2018-07-31,7.678750038,7.30224371
2018-08-01,7.783750057,7.402096272
2018-08-02,8.09375,7.696896553
2018-08-03,8.166250229,7.765841007
2018-08-06,8.316249847,7.908484936
2018-08-07,8.397500038,7.985751629
2018-08-08,8.420000076,8.007147789
2018-08-09,8.412500381,8.000017166
2018-08-10,8.21625042,7.813389301
2018-08-13,8.192500114,7.790802956
2018-08-14,8.34375,7.934638977
2018-08-15,8.039999962,7.64578104
2018-08-16,8.113750458,7.71591568
2018-08-17,8.112500191,7.714725018
2018-08-20,8.09624958,7.699273109
2018-08-21,8.180000305,7.778918266
2018-08-22,8.274999619,7.869257927
2018-08-23,8.233750343,7.830031395
2018-08-24,8.462499619,8.047564507
2018-08-27,8.717499733,8.290063858
2018-08-28,8.756250381,8.326910973
2018-08-29,9.0625,8.618145943
2018-08-30,9.011249542,8.569407463
2018-08-31,9.037500381,8.594368935
2018-09-04,8.930000305,8.492142677
2018-09-05,8.574999809,8.154547691
2018-09-06,8.34125042,7.932259083
2018-09-07,8.258749962,7.853805542
2018-09-10,8.331250191,7.922751427
2018-09-11,8.516249657,8.098678589
2018-09-12,8.442500114,8.028546333
2018-09-13,8.692500114,8.266288757
2018-09-14,8.626250267,8.203287125
2018-09-17,8.262499809,7.857372284
2018-09-18,8.458749771,8.043998718
2018-09-19,8.43999958,8.02616787
2018-09-20,8.704999924,8.278176308
2018-09-21,8.566249847,8.146227837
2018-09-24,8.640000343,8.216362953
2018-09-25,8.675000191,8.249645233
2018-09-26,8.666250229,8.241322517
2018-09-27,8.90625,8.469556808
2018-09-28,8.892499924,8.456481934
2018-10-01,8.943750381,8.505218506
2018-10-02,8.892499924,8.456481934
2018-10-03,8.918749809,8.481443405
2018-10-04,8.409999847,7.997638702
2018-10-05,8.09375,7.696896553
2018-10-08,7.948750019,7.559004784
2018-10-09,8.010000229,7.61725235
2018-10-10,6.971250057,6.629434109
2018-10-11,6.68874979,6.360785007
2018-10-12,7.253749847,6.89808321
2018-10-15,6.980000019,6.637755394
2018-10-16,7.581250191,7.209525108
2018-10-17,7.606249809,7.233298779
2018-10-18,7.078750134,6.731663227
2018-10-19,7.050000191,6.704323292
2018-10-22,7.15625,6.805363178
2018-10-23,7.077499866,6.730474949
2018-10-24,6.114999771,5.815168858
2018-10-25,6.742499828,6.411899567
2018-10-26,6.21875,5.913830757
2018-10-29,5.886250019,5.597634792
2018-10-30,6.113749981,5.813979626
2018-10-31,6.526249886,6.206253052
2018-11-01,6.81125021,6.47728014
2018-11-02,6.506249905,6.187234879
2018-11-05,6.442500114,6.126610279
2018-11-06,6.578750134,6.256179333
2018-11-07,7.183750153,6.831514835
2018-11-08,7.06125021,6.71502161
2018-11-09,6.702499866,6.373859882
2018-11-12,6.113749981,5.813979626
2018-11-13,6.111249924,5.811602116
2018-11-14,5.956250191,5.664201736
2018-11-15,6.275000095,5.967322826
2018-11-16,6.206250191,5.901945114
2018-11-19,5.611249924,5.336117268
2018-11-20,5.300000191,5.040130138
2018-11-21,5.418749809,5.153057098
2018-11-23,5.298749924,5.038940907
2018-11-26,5.662499905,5.384854794
2018-11-27,5.721250057,5.440724373
2018-11-28,6.263750076,5.956623077
2018-11-29,6.206250191,5.901945114
2018-11-30,6.336249828,6.025569916
2018-12-03,6.661250114,6.334634304
2018-12-04,5.928750038,5.638050556
2018-12-06,6.014999866,5.720071316
2018-12-07,5.426249981,5.160188198
2018-12-10,5.596250057,5.321853161
2018-12-11,5.65625,5.378912449
2018-12-12,5.798749924,5.514424801
2018-12-13,5.800000191,5.515614033
2018-12-14,5.362500191,5.099564552
2018-12-17,5.016250134,4.770291805
2018-12-18,5.099999905,4.849934101
2018-12-19,4.731249809,4.499267101
2018-12-20,4.541250229,4.318583012
2018-12-21,4.102499962,3.901345491
2018-12-24,3.798749924,3.612489223
2018-12-26,4.482500076,4.268471718
2018-12-27,4.546249866,4.329178333
2018-12-28,4.527500153,4.31132412
2018-12-31,4.630000114,4.408930779
2019-01-02,4.696249962,4.472015381
2019-01-03,4.241250038,4.038741589
2019-01-04,4.783750057,4.555337429
2019-01-07,4.93625021,4.700556278
2019-01-08,5.078750134,4.836252689
2019-01-09,5.198750019,4.9505229
2019-01-10,5.24875021,4.998136044
2019-01-11,5.18625021,4.938619614
2019-01-14,5.051249981,4.810065269
2019-01-15,5.331250191,5.076696396
2019-01-16,5.338749886,5.083837986
2019-01-17,5.463749886,5.202869415
2019-01-18,5.613749981,5.345707417
2019-01-22,5.303750038,5.050509453
2019-01-23,5.308750153,5.055270672
2019-01-24,5.402500153,5.144544601
2019-01-25,5.59499979,5.327852726
2019-01-28,5.388750076,5.131450653
2019-01-29,5.236249924,4.986231804
2019-01-30,5.628749847,5.35999155
2019-01-31,5.87624979,5.595674038
2019-02-01,5.801249981,5.524254799
2019-02-04,6.013750076,5.72660923
2019-02-05,6.172500134,5.877779007
2019-02-06,6.12375021,5.831356525
2019-02-07,5.87375021,5.593292713
2019-02-08,5.903749943,5.621860027
2019-02-11,5.889999866,5.608767033
2019-02-12,6.144999981,5.851591587
2019-02-13,6.15749979,5.863494396
2019-02-14,6.179999828,5.88492012
2019-02-15,6.253749847,5.955149651
2019-02-19,6.291250229,5.990859032
2019-02-20,6.286250114,5.986097813
2019-02-21,6.215000153,5.918250084
2019-02-22,6.349999905,6.046803951
2019-02-25,6.420000076,6.113460541
2019-02-26,6.440000057,6.132507324
2019-02-27,6.420000076,6.113460541
2019-02-28,6.380000114,6.075370789
2019-03-01,6.507500172,6.196783543
2019-03-04,6.508749962,6.197973251
2019-03-05,6.525000095,6.213447571
2019-03-06,6.412499905,6.106319427
2019-03-07,6.178750038,5.883730412
2019-03-08,6.143750191,5.850401878
2019-03-11,6.527500153,6.215827942
2019-03-12,6.633749962,6.317006111
2019-03-13,6.777500153,6.453891277
2019-03-14,6.747499943,6.42532444
2019-03-15,6.914999962,6.584826469
2019-03-18,6.977499962,6.644342422
2019-03-19,7.047500134,6.710999966
2019-03-20,7.12624979,6.788397789
2019-03-21,7.456250191,7.102752686
2019-03-22,6.96875,6.638363838
2019-03-25,6.925000191,6.596688747
2019-03-26,7.019999981,6.687184811
2019-03-27,6.882500172,6.556203842
2019-03-28,6.926249981,6.59787941
2019-03-29,7.082499981,6.746721745
2019-04-01,7.361249924,7.012256145
2019-04-02,7.442500114,7.089653969
2019-04-03,7.571249962,7.21229887
2019-04-04,7.559999943,7.201584339
2019-04-05,7.673749924,7.309941292
2019-04-08,7.733749866,7.36709547
2019-04-09,7.648749828,7.28612566
2019-04-10,7.772500038,7.404008389
2019-04-11,7.713749886,7.348043442
2019-04-12,7.808750153,7.438539505
2019-04-15,7.815000057,7.444493771
2019-04-16,7.891250134,7.517129898
2019-04-17,7.96999979,7.592144966
2019-04-18,7.994999886,7.615961075
2019-04-22,8.0625,7.680260181
2019-04-23,8.368749619,7.971990585
2019-04-24,8.287500381,7.894594669
2019-04-25,8.380000114,7.982708454
2019-04-26,8.409999847,8.011284828
2019-04-29,8.454999924,8.054152489
2019-04-30,8.261249542,7.869585991
2019-05-01,8.166250229,7.779090881
2019-05-02,8.066249847,7.683832645
2019-05-03,8.446249962,8.045816422
2019-05-06,8.295000076,7.901737213
2019-05-07,7.8125,7.442111969
2019-05-08,7.743750095,7.376622677
2019-05-09,7.621250153,7.259930134
2019-05-10,7.642499924,7.280172348
2019-05-13,6.852499962,6.527625561
2019-05-14,7.067500114,6.732432842
2019-05-15,7.361249924,7.012256145
2019-05-16,7.591249943,7.231351852
2019-05-17,7.355000019,7.00630331
2019-05-20,6.986249924,6.655035019
2019-05-21,7.196249962,6.85507822
2019-05-22,7.102499962,6.765773296
2019-05-23,6.767499924,6.446656227
2019-05-24,6.757500172,6.437130928
2019-05-28,6.684999943,6.368065834
2019-05-29,6.517499924,6.208508015
2019-05-30,6.59499979,6.282334328
2019-05-31,6.277500153,5.979885578
2019-06-03,5.87624979,5.597660065
2019-06-04,6.352499962,6.051331043
2019-06-05,6.492499828,6.184693336
2019-06-06,6.642499924,6.327581882
2019-06-07,7.021249771,6.688376427
2019-06-10,7.277500153,6.932476521
2019-06-11,7.304999828,6.958673477
2019-06-12,7.181250095,6.840789795
2019-06-13,7.298749924,6.952719212
2019-06-14,7.203750134,6.862223625
2019-06-17,7.335000038,6.987250328
2019-06-18,7.652500153,7.289699078
2019-06-19,7.742499828,7.375430584
2019-06-20,7.954999924,7.577857018
2019-06-21,7.918749809,7.543323994
2019-06-24,7.916250229,7.540944099
2019-06-25,7.511250019,7.155144691
2019-06-26,7.606249809,7.245641708
2019-06-27,7.68874979,7.324229717
2019-06-28,7.721250057,7.355189323
2019-07-01,8.02875042,7.648110867
2019-07-02,8.126250267,7.740987778
2019-07-03,8.306249619,7.912452221
2019-07-05,8.25249958,7.861251831
2019-07-08,8.078749657,7.6957407
2019-07-09,8.199999809,7.811243057
2019-07-10,8.442500114,8.042244911
2019-07-11,8.420000076,8.020811081
2019-07-12,8.561249733,8.15536499
2019-07-15,8.633749962,8.22442627
2019-07-16,8.511249542,8.107731819
2019-07-17,8.385000229,7.987469196
2019-07-18,8.421250343,8.022001266
2019-07-19,8.217499733,7.827911377
2019-07-22,8.411250114,8.012477875
2019-07-23,8.573749542,8.167273521
2019-07-24,8.756250381,8.341121674
2019-07-25,8.506250381,8.102972984
2019-07-26,8.758749962,8.343500137
2019-07-29,8.677499771,8.266102791
2019-07-30,8.561249733,8.15536499
2019-07-31,8.199999809,7.811243057
2019-08-01,8.085000038,7.701693058
2019-08-02,7.715000153,7.349235535
2019-08-05,6.90500021,6.577636719
2019-08-06,7.18874979,6.8479352
2019-08-07,7.293749809,6.947956085
2019-08-08,7.776249886,7.407580853
2019-08-09,7.546249866,7.188485622
2019-08-12,7.293749809,6.947956085
2019-08-13,7.772500038,7.404008389
2019-08-14,7.076250076,6.740767479
2019-08-15,7.046249866,6.712190151
2019-08-16,7.371250153,7.021781445
2019-08-19,7.716249943,7.350425243
2019-08-20,7.557499886,7.199201107
2019-08-21,7.75,7.382575989
2019-08-22,7.675000191,7.311131001
2019-08-23,6.972499847,6.641936302
2019-08-26,7.255000114,6.911043167
2019-08-27,7.211249828,6.869366646
2019-08-28,7.283750057,6.938429832
2019-08-29,7.614999771,7.253975868
2019-08-30,7.56125021,7.202775002
2019-09-03,7.341249943,6.99320364
2019-09-04,7.650000095,7.287316322
2019-09-05,8.072500229,7.689785957
2019-09-06,8.050000191,7.668352604
2019-09-09,7.99875021,7.619532585
2019-09-10,7.932499886,7.556423187
2019-09-11,8.146249771,7.76003933
2019-09-12,8.24750042,7.856489182
2019-09-13,8.159999847,7.773138523
2019-09-16,8.047499657,7.665970325
2019-09-17,8.15375042,7.767184734
2019-09-18,8.148750305,7.762420177
2019-09-19,8.18500042,7.796953201
2019-09-20,7.927499771,7.551661968
2019-09-23,7.934999943,7.558804512
2019-09-24,7.621250153,7.259930134
2019-09-25,7.864999771,7.492123127
2019-09-26,7.786250114,7.417108059
2019-09-27,7.503749847,7.148001194
2019-09-30,7.703750134,7.338518143
2019-10-01,7.517499924,7.161098003
2019-10-02,7.132500172,6.794351101
2019-10-03,7.367499828,7.018209934
2019-10-04,7.677499771,7.313512802
2019-10-07,7.606249809,7.245641708
2019-10-08,7.260000229,6.915807247
2019-10-09,7.480000019,7.125376225
2019-10-10,7.643750191,7.281363487
2019-10-11,7.929999828,7.554042339
2019-10-14,7.93874979,7.562377453
2019-10-15,8.239999771,7.849344254
2019-10-16,8.178750038,7.790999889
2019-10-17,8.234999657,7.844582558
2019-10-18,7.99875021,7.619532585
2019-10-21,8.210000038,7.820768356
2019-10-22,8.020000458,7.639775276
2019-10-23,8.057499886,7.675497532
2019-10-24,8.288749695,7.895783424
2019-10-25,8.477499962,8.075586319
2019-10-28,8.736249924,8.322067261
2019-10-29,8.534999847,8.13035965
2019-10-30,8.654999733,8.244669914
2019-10-31,8.661250114,8.250624657
2019-11-01,8.896249771,8.47448349
2019-11-04,9.055000305,8.62570858
2019-11-05,9.066249847,8.636422157
2019-11-06,9.008749962,8.581647873
2019-11-07,9.100000381,8.66857338
2019-11-08,9.207500458,8.770977974
2019-11-11,9.168749809,8.734064102
2019-11-12,9.243749619,8.805508614
2019-11-13,9.229999542,8.792409897
2019-11-14,9.227499962,8.790027618
2019-11-15,9.401249886,8.955539703
2019-11-18,9.449999809,9.001978874
2019-11-19,9.488750458,9.038892746
2019-11-20,9.322500229,8.880523682
2019-11-21,9.25,8.811461449
2019-11-22,9.274999619,8.835276604
2019-11-25,9.59624958,9.141294479
2019-11-26,9.65375042,9.196070671
2019-11-27,9.848750114,9.381825447
2019-11-29,9.717499733,9.256796837
2019-12-02,9.404999733,8.959113121
2019-12-03,9.193750381,8.757878304
2019-12-04,9.329999924,8.887667656
2019-12-05,9.378749847,8.934105873
2019-12-06,9.668749809,9.210356712
2019-12-09,9.550000191,9.097239494
2019-12-10,9.52875042,9.076994896
2019-12-11,9.672499657,9.21393013
2019-12-12,9.893750191,9.4246912
2019-12-13,9.982500076,9.509236336
2019-12-16,10.26875019,9.781913757
2019-12-17,10.28250027,9.79501152
2019-12-18,10.30624962,9.817633629
2019-12-19,10.51624966,10.01768017
2019-12-20,10.64124966,10.13675308
2019-12-23,10.72000027,10.21177101
2019-12-24,10.72999954,10.22499275
2019-12-26,11.00874996,10.49062252
2019-12-27,10.97624969,10.45965195
2019-12-30,10.75749969,10.25119591
2019-12-31,10.81875038,10.3095665
2020-01-02,11.35499954,10.82057381
2020-01-03,11.04625034,10.52635765
2020-01-06,11.25625038,10.72647381
2020-01-07,11.24250031,10.71336937
2020-01-08,11.50125027,10.95994282
2020-01-09,11.79125023,11.23629379
2020-01-10,11.69499969,11.14457321
2020-01-13,12.10375023,11.53408527
2020-01-14,11.96249962,11.39948463
2020-01-15,11.97000027,11.40663052
2020-01-16,12.30375004,11.72467232
2020-01-17,12.48750019,11.89977455
2020-01-21,12.48124981,11.8938179
2020-01-22,12.56624985,11.97481728
2020-01-23,12.68249989,12.08559608
2020-01-24,12.35375023,11.77231884
2020-01-27,11.59000015,11.0445137
2020-01-28,12.12874985,11.5579071
2020-01-29,12.17249966,11.59959984
2020-01-30,12.31000042,11.73063087
2020-01-31,11.70499992,11.15410328
2020-02-03,12.24250031,11.6663065
2020-02-04,13.07874966,12.46319771
2020-02-05,13.22999954,12.60732746
2020-02-06,13.55249977,12.91464996
2020-02-07,13.37749958,12.74788761
2020-02-10,13.85999966,13.20767784
2020-02-11,13.86999989,13.21720791
2020-02-12,14.27624989,13.60433578
2020-02-13,14.22124958,13.55192471
2020-02-14,14.31750011,13.64364624
2020-02-18,14.34249973,13.66746807
2020-02-19,14.75749969,14.06293774
2020-02-20,14.33749962,13.66270447
2020-02-21,13.51749992,12.88129807
2020-02-24,11.96000004,11.39710331
2020-02-25,10.99250031,10.47513771
2020-02-26,11.14375019,10.61926842
2020-02-27,9.477499962,9.031439781
2020-02-28,9.625,9.171998978
2020-03-02,10.93875027,10.42391777
2020-03-03,9.90874958,9.442392349
2020-03-04,11.11124992,10.58829689
2020-03-05,10.13624954,9.65918541
2020-03-06,9.604999542,9.152939796
2020-03-09,7.653749943,7.293525696
2020-03-10,8.845000267,8.428710938
2020-03-11,7.707499981,7.344746113
2020-03-12,5.59499979,5.331670761
2020-03-13,7.105000019,6.77060318
2020-03-16,4.65625,4.437102318
2020-03-17,5.414999962,5.160141945
2020-03-18,4.913750172,4.68248415
2020-03-19,5.027500153,4.79088068
2020-03-20,4.43874979,4.229840279
2020-03-23,4.452499866,4.242942333
2020-03-24,5.445000172,5.18873024
2020-03-25,5.318749905,5.068421364
2020-03-26,6.184999943,5.893902302
2020-03-27,5.542500019,5.281642437
2020-03-30,6.125,5.836726665
2020-03-31,5.954999924,5.67472744
2020-04-01,5.216249943,4.970746994
2020-04-02,5.525000095,5.264965057
2020-04-03,5.302499771,5.052937031
2020-04-06,6.412499905,6.110695362
2020-04-07,6.400000095,6.098783493
2020-04-08,6.808750153,6.488296509
2020-04-09,6.833749771,6.512118816
2020-04-13,7.071249962,6.738440514
2020-04-14,7.988749981,7.612759113
2020-04-15,7.723750114,7.3602314
2020-04-16,8.137499809,7.754506111
2020-04-17,8.34125042,7.94866991
2020-04-20,8.071249962,7.691375732
2020-04-21,7.178750038,6.840881348
2020-04-22,7.81374979,7.445995331
2020-04-23,7.762499809,7.397157192
2020-04-24,8.137499809,7.754506111
2020-04-27,8.296250343,7.905786037
2020-04-28,7.847499847,7.478157043
2020-04-29,8.663749695,8.255990028
2020-04-30,8.72124958,8.310783386
2020-05-01,7.93874979,7.565112591
2020-05-04,8.21875,7.831934929
2020-05-05,8.481249809,8.082077026
2020-05-06,8.648750305,8.241695404
2020-05-07,8.986249924,8.563312531
2020-05-08,9.348750114,8.908751488
2020-05-11,9.581250191,9.130307198
2020-05-12,9.011249542,8.587133408
2020-05-13,8.670000076,8.261945724
2020-05-14,8.957500458,8.535914421
2020-05-15,9.111249924,8.68242836
2020-05-18,9.638750076,9.185100555
2020-05-19,9.56499958,9.114821434
2020-05-20,10.125,9.64846611
2020-05-21,9.813750267,9.351864815
2020-05-22,9.902500153,9.436437607
2020-05-26,9.861249924,9.397129059
2020-05-27,10,9.529348373
2020-05-28,9.936249733,9.468598366
2020-05-29,10.34624958,9.859301567
2020-06-01,10.47375011,9.980802536
2020-06-02,10.68249989,10.1797266
2020-06-03,10.82750034,10.31790161
2020-06-04,10.60750008,10.10825729
2020-06-05,11.23624992,10.70741367
2020-06-08,11.48624992,10.94564819
2020-06-09,11.74250031,11.18983841
2020-06-10,12.16625023,11.593647
2020-06-11,10.375,9.886699677
2020-06-12,10.60000038,10.10111141
2020-06-15,10.97375011,10.45727158
2020-06-16,11.55375004,11.00997066
2020-06-17,11.66625023,11.11717796
2020-06-18,11.75625038,11.20294189
2020-06-19,11.73999977,11.18745708
2020-06-22,12.15750027,11.58530617
2020-06-23,12.47500038,11.88786411
2020-06-24,11.73999977,11.18745708
2020-06-25,12.05125046,11.48405933
2020-06-26,11.18500042,10.65857601
2020-06-29,11.54249954,10.99925137
2020-06-30,12.20625019,11.63176155
2020-07-01,12.64249992,12.04747963
2020-07-02,12.91125011,12.30358124
2020-07-06,13.85999966,13.20767784
2020-07-07,13.58749962,12.94800282
2020-07-08,14.10999966,13.44591045
2020-07-09,14.46249962,13.78182125
2020-07-10,14.76875019,14.07365799
2020-07-13,13.85624981,13.20410442
2020-07-14,14.14999962,13.48402882
2020-07-15,14.22000027,13.55073547
2020-07-16,13.91499996,13.26008892
2020-07-17,13.97999954,13.32202816
2020-07-20,15.17000008,14.45602226
2020-07-21,14.68500042,13.9938488
2020-07-22,14.85499954,14.1558466
2020-07-23,13.69124985,13.04686928
2020-07-24,13.28625011,12.66093445
2020-07-27,14,13.34108925
2020-07-28,13.47375011,12.83960819
2020-07-29,13.93249989,13.27676678
2020-07-30,14.15874958,13.49236679
2020-07-31,14.92249966,14.22017193
2020-08-03,15.47875023,14.75024128
2020-08-04,15.68000031,14.94202042
2020-08-05,15.80500031,15.06113529
2020-08-06,16.40999985,15.63766289
2020-08-07,15.87374973,15.12664986
2020-08-10,15.65999985,14.92296219
2020-08-11,14.77124977,14.07603836
2020-08-12,15.87625027,15.12903404
2020-08-13,15.98750019,15.23504639
2020-08-14,15.94124985,15.19097328
2020-08-17,16.46750069,15.69245529
2020-08-18,16.95125008,16.15343666
2020-08-19,16.62000084,15.83777714
2020-08-20,17.30374908,16.48934364
2020-08-21,17.66500092,16.83359528
2020-08-24,17.99250031,17.14568329
2020-08-25,18.41250038,17.5459137
2020-08-26,19.59124947,18.66918755
2020-08-27,19.41374969,18.50004196
2020-08-28,19.71375084,18.78591919
2020-08-31,20.17000008,19.22069931
2020-09-01,21.21750069,20.21889877
2020-09-02,21.81624985,20.78946686
2020-09-03,18.46624947,17.59713364
2020-09-04,17.70499992,16.87171173
2020-09-08,15.20250034,14.48699284
2020-09-09,16.50875092,15.73176479
2020-09-10,15.55375004,14.82171154
2020-09-11,15.21374989,14.49771404
2020-09-14,15.99750042,15.24457645
2020-09-15,16.67749977,15.89257336
2020-09-16,15.87625027,15.12903404
2020-09-17,15.14500046,14.43220043
2020-09-18,14.56000042,13.87473297
2020-09-21,14.73250008,14.03911304
2020-09-22,15.53750038,14.80622673
2020-09-23,14.09875011,13.43519115
2020-09-24,14.30500031,13.63173485
2020-09-25,15.30749989,14.58705139
2020-09-28,16.21500015,15.45183945
2020-09-29,16.04500008,15.28983784
2020-09-30,16.36249924,15.59239674
2020-10-01,17.12874985,16.32258606
2020-10-02,15.71625042,14.97656345
2020-10-05,16.70750046,15.9211607
2020-10-06,15.81000042,15.06589985
2020-10-07,16.64125061,15.85802555
2020-10-08,16.88624954,16.09149742
2020-10-09,17.63750076,16.80738831
2020-10-12,19.28249931,18.37496948
2020-10-13,19.28499985,18.37735367
2020-10-14,18.80875015,17.92351151
2020-10-15,18.42000008,17.55306053
2020-10-16,18.13750076,17.28385735
2020-10-19,17.23624992,16.42502403
2020-10-20,17.34749985,16.53103828
2020-10-21,17.30249977,16.48815155
2020-10-22,17.31125069,16.4964962
2020-10-23,17.41250038,16.59298134
2020-10-26,16.61874962,15.83658695
2020-10-27,17.01124954,16.21061707
2020-10-28,15.01500034,14.30831814
2020-10-29,15.77875042,15.03612232
2020-10-30,14.68124962,13.99027443
2020-11-02,14.68624973,13.99504185
2020-11-03,15.42500019,14.69902039
2020-11-04,17.51000023,16.68588638
2020-11-05,18.86124992,17.97354317
2020-11-06,18.92499924,18.03429222
2020-11-09,17.77000046,16.93365288
2020-11-10,16.81125069,16.02002716
2020-11-11,17.94124985,17.09684372
2020-11-12,17.67874908,16.84669495
2020-11-13,18.14249992,17.2886219
2020-11-16,18.55999947,17.68647003
2020-11-17,18.38875008,17.52328491
2020-11-18,17.96249962,17.11709404
2020-11-19,18.40749931,17.54114723
2020-11-20,18.03375053,17.18499374
2020-11-23,18.03750038,17.18856049
2020-11-24,18.77499962,17.89134979
2020-11-25,19.12874985,18.2284565
2020-11-27,19.65125084,18.72635841
2020-11-30,19.75250053,18.82284927
2020-12-01,20.52874947,19.56256104
2020-12-02,20.61124992,19.64117813
2020-12-03,20.69499969,19.72099113
2020-12-04,20.94874954,19.96279335
2020-12-07,21.30374908,20.30109024
2020-12-08,21.49875069,20.48690987
2020-12-09,20.05875015,19.11468506
2020-12-10,20.30500031,19.34934425
2020-12-11,20.16250038,19.21355438
2020-12-14,20.59250069,19.62331581
2020-12-15,21.23250008,20.23318672
2020-12-16,21.58875084,20.57266998
2020-12-17,22.03125,20.99434853
2020-12-18,21.79125023,20.76564407
2020-12-21,21.70999908,20.68821716
2020-12-22,21.88125038,20.8514061
2020-12-23,21.55125046,20.53693962
2020-12-24,21.83124924,20.80375671
2020-12-28,22.48624992,21.42792892
2020-12-29,22.55249977,21.49106598
2020-12-30,22.54874992,21.4874897
2020-12-31,22.72500038,21.65544701
2021-01-04,21.73125076,20.70846939
2021-01-05,22.27625084,21.22781754
2021-01-06,21.35499954,20.34992218
2021-01-07,22.89749908,21.81982613
2021-01-08,23.78499985,22.66555405
2021-01-11,22.73374939,21.66378212
2021-01-12,22.63500023,21.56968307
2021-01-13,23.07500076,21.98897362
2021-01-14,22.72374916,21.65425301
2021-01-15,22.17124939,21.12775803
2021-01-19,23.13249969,22.04376602
2021-01-20,24.74500084,23.58037376
2021-01-21,25.36000061,24.16643143
2021-01-22,25.12999916,23.94725227
2021-01-25,25.82749939,24.61192703
2021-01-26,25.85499954,24.638134
2021-01-27,23.77000046,22.65126228
2021-01-28,24.12000084,22.98479271
2021-01-29,22.61750031,21.55300713
2021-02-01,24.28000069,23.13725853
2021-02-02,25.45499992,24.25695801
2021-02-03,25.16250038,23.97822952
2021-02-04,26.05249977,24.82633591
2021-02-05,26.32500076,25.08601379
2021-02-08,26.84000015,25.57676888
2021-02-09,26.82749939,25.56485939
2021-02-10,26.63750076,25.38380623
2021-02-11,27.06749916,25.79356575
2021-02-12,27.52750015,26.23191452
2021-02-16,27.29750061,26.01273727
2021-02-17,26.91749954,25.65062332
2021-02-18,26.55500031,25.30519104
2021-02-19,26.20499992,24.97166252
2021-02-22,24.17499924,23.03720093
2021-02-23,23.95999908,22.83231926
2021-02-24,24.53750038,23.38264084
2021-02-25,21.97500038,20.9407444
2021-02-26,22.30500031,21.25521469
2021-03-01,24.25,23.10867119
2021-03-02,23.08749962,22.00088501
2021-03-03,21.08499908,20.09263229
2021-03-04,20.04249954,19.0991993
2021-03-05,20.94000053,19.95445633
2021-03-08,19.14999962,18.24870491
2021-03-09,21.40500069,20.39757156
2021-03-10,21.22249985,20.22366142
2021-03-11,22.69499969,21.62685776
2021-03-12,22.12999916,21.08845139
2021-03-15,22.83749962,21.76265526
2021-03-16,23.21249962,22.11999893
2021-03-17,23.50499916,22.39873505
2021-03-18,21.34749985,20.34278107
2021-03-19,21.62000084,20.60245514
2021-03-22,22.77249908,21.7007122
2021-03-23,22.47500038,21.41721153
2021-03-24,21.34000015,20.33563042
2021-03-25,21.22500038,20.2260437
2021-03-26,22.16250038,21.1194191
2021-03-29,22.14999962,21.1075058
2021-03-30,21.83499908,20.8073349
2021-03-31,22.81500053,21.74121094
2021-04-01,23.97500038,22.84661484
2021-04-05,25.41500092,24.21884346
2021-04-06,25.35499954,24.16166687
2021-04-07,25.54249954,24.34033966
2021-04-08,26.34000015,25.10030556
2021-04-09,26.81749916,25.55532837
2021-04-12,26.71249962,25.45527458
2021-04-13,27.62750053,26.32720947
2021-04-14,26.65749931,25.40286255
2021-04-15,27.83499908,26.5249424
2021-04-16,27.95249939,26.63690758
2021-04-19,27.19000053,25.9102993
2021-04-20,26.59499931,25.34330368
2021-04-21,27.26749992,25.98415375
2021-04-22,26.27499962,25.03836441
2021-04-23,27.26499939,25.98177147
2021-04-26,27.80500031,26.49635124
2021-04-27,27.44000053,26.14853096
2021-04-28,27.15749931,25.87932968
2021-04-29,27.43000031,26.13900185
2021-04-30,26.91500092,25.64824295
2021-05-03,26.47500038,25.2289505
2021-05-04,25.07999992,23.8996048
2021-05-05,24.78750038,23.62087631
2021-05-06,25.32999992,24.13784218
2021-05-07,25.95000076,24.72865868
2021-05-10,24,22.87043762
2021-05-11,23.87999916,22.75609016
2021-05-12,22.0625,21.02412605
2021-05-13,22.52750015,21.46723938
2021-05-14,23.99250031,22.86328888
2021-05-17,23.58749962,22.47735023
2021-05-18,23.09250069,22.00564766
2021-05-19,23.17749977,22.08664894
2021-05-20,24.51749992,23.36358452
2021-05-21,24.11249924,22.97764206
2021-05-24,25.31999969,24.12831497
2021-05-25,25.44249916,24.24504471
2021-05-26,25.70000076,24.49042892
2021-05-27,25.39999962,24.20454788
2021-05-28,25.64749908,24.44039536
2021-06-01,25.39749908,24.20216751
2021-06-02,25.53000069,24.32843018
2021-06-03,24.72750092,23.56369781
2021-06-04,25.99500084,24.77153969
2021-06-07,26.22500038,24.99071884
2021-06-08,26.25499916,25.01930618
2021-06-09,26.28499985,25.04789543
2021-06-10,27.09000015,25.81500435
2021-06-11,27.30500031,26.01988792
2021-06-14,28.06999969,26.74888229
2021-06-15,27.54999924,26.25335312
2021-06-16,27.25499916,25.97223854
2021-06-17,28.27249908,26.94185448
2021-06-18,27.59749985,26.29862022
2021-06-21,28.10250092,26.77985764
2021-06-22,28.88750076,27.52791214
2021-06-23,28.9375,27.57555389
2021-06-24,29.46999931,28.08299446
2021-06-25,29.37750053,27.99484444
2021-06-28,30.41749954,28.98589706
2021-06-29,30.76000023,29.31227875
2021-06-30,30.625,29.18362999
2021-07-01,30.63999939,29.19792366
2021-07-02,31.68000031,30.18897438
2021-07-06,32.10499954,30.59397316
2021-07-07,32.31000137,30.78932762
2021-07-08,31.75,30.2556839
2021-07-09,32.28749847,30.76788712
2021-07-12,32.69250107,31.15382576
2021-07-13,32.67499924,31.137146
2021-07-14,32.85250092,31.3062973
2021-07-15,32.17250061,30.65829849
2021-07-16,31.38249969,29.90547943
2021-07-19,30.62999916,29.18839645
2021-07-20,31.63999939,30.15085602
2021-07-21,32.36249924,30.83935547
2021-07-22,33.04249954,31.48735237
2021-07-23,34.13999939,32.53319168
2021-07-26,34.28250122,32.6689949
2021-07-27,33.16249847,31.60170364
2021-07-28,33.52500153,31.94715118
2021-07-29,33.68999863,32.10437775
2021-07-30,33.18500137,31.62314415
2021-08-02,33.17499924,31.61361313
2021-08-03,33.75249863,32.1639328
2021-08-04,33.91999817,32.32354736
2021-08-05,34.55749893,32.93104553
2021-08-06,34.10749817,32.50222778
2021-08-09,34.29000092,32.67613983
2021-08-10,33.77750015,32.1877594
2021-08-11,33.59500122,32.01384735
2021-08-12,33.94499969,32.34737015
2021-08-13,34.28499985,32.67136765
2021-08-16,34.34500122,32.72855377
2021-08-17,33.44250107,31.86852074
2021-08-18,32.47000122,30.94179916
2021-08-19,32.93249893,31.38253021
2021-08-20,33.95000076,32.35214233
2021-08-23,35.46250153,33.79344559
2021-08-24,35.8125,34.12697983
2021-08-25,35.85250092,34.1651001
2021-08-26,35.24499893,33.58618927
2021-08-27,36.27500153,34.56771469
2021-08-30,37.47750092,35.71361923
2021-08-31,37.37250137,35.61356354
2021-09-01,37.57749939,35.80891418
2021-09-02,37.52500153,35.75887299
2021-09-03,37.86249924,36.08049393
2021-09-07,38.01750183,36.22820282
2021-09-08,37.62749863,35.85655594
2021-09-09,37.22499847,35.47299957
2021-09-10,36.38750076,34.67491531
2021-09-13,36.30500031,34.59630203
2021-09-14,35.99250031,34.29851151
2021-09-15,36.79000092,35.05847168
2021-09-16,36.86249924,35.12756348
2021-09-17,35.56000137,33.88637161
2021-09-20,33.37250137,31.80182266
2021-09-21,33.41500092,31.8423214
2021-09-22,34.39250183,32.77382278
2021-09-23,35.34749985,33.68387222
2021-09-24,35.44749832,33.77915955
2021-09-27,34.59249878,32.96439743
2021-09-28,31.70750046,30.21518707
2021-09-29,31.49749947,30.01506805
2021-09-30,31.14249992,29.67677689
2021-10-01,31.70999908,30.21756935
2021-10-04,29.76000023,28.35934258
2021-10-05,30.90500069,29.4504528
2021-10-06,31.51499939,30.031744
2021-10-07,32.36750031,30.84412003
2021-10-08,31.87000084,30.37003708
2021-10-11,31.16250038,29.69583511
2021-10-12,30.84499931,29.39327621
2021-10-13,31.56749916,30.08176994
2021-10-14,33.31000137,31.74225998
2021-10-15,33.92750168,32.33070374
2021-10-18,34.94499969,33.30031204
2021-10-19,35.71250153,34.03168869
2021-10-20,35.59999847,33.92448044
2021-10-21,36.23749924,34.53197861
2021-10-22,35.31999969,33.65766525
2021-10-25,36.38000107,34.6677742
2021-10-26,36.72000122,34.9917717
2021-10-27,37.00999832,35.26812363
2021-10-28,38.22499847,36.42594147
2021-10-29,38.79000092,36.96434021
2021-11-01,39.17250061,37.32884598
2021-11-02,39.69499969,37.82675171
2021-11-03,40.95500183,39.02745819
2021-11-04,42.48249817,40.48305511
2021-11-05,42.63999939,40.63314819
2021-11-08,42.46500015,40.46637344
2021-11-09,41.59000015,39.63255692
2021-11-10,39.76750183,37.89583588
2021-11-11,40.09000015,38.20315552
2021-11-12,41.36249924,39.41577148
2021-11-15,41.34999847,39.40385818
2021-11-16,42.20500183,40.2186203
2021-11-17,42.25500107,40.26625824
2021-11-18,43.54750061,41.49793243
2021-11-19,44.28499985,42.20072174
2021-11-22,42.75,40.73796844
2021-11-23,42.16749954,40.1828804
2021-11-24,42.55749893,40.55452728
2021-11-26,40.20999908,38.3175087
2021-11-29,42.70750046,40.69746399
2021-11-30,40.87250137,38.94882584
2021-12-01,38.77500153,36.95005798
2021-12-02,39.50500107,37.64569855
2021-12-03,37.52000046,35.7541275
2021-12-06,38.39749908,36.59031677
2021-12-07,41.86000061,39.88985443
2021-12-08,42.44250107,40.44494629
2021-12-09,40.61000061,38.69868851
2021-12-10,41.86750031,39.89700317
2021-12-13,40.06750107,38.18172073
2021-12-14,38.875,37.04534912
2021-12-15,41.44749832,39.49676514
2021-12-16,38.28499985,36.48311615
2021-12-17,37.70000076,35.92564392
2021-12-20,36.57249832,34.85120773
2021-12-21,39.01750183,37.1811409
2021-12-22,40.40999985,38.50809479
2021-12-23,41.36999893,39.42292023
2021-12-27,43.34749985,41.30734253
2021-12-28,42.83750153,40.82134628
2021-12-29,42.77000046,40.75702667
2021-12-30,42.36999893,40.37584686
2021-12-31,41.58250046,39.6254158
2022-01-03,42.78250122,40.76893997
2022-01-04,41.11999893,39.18468094
2022-01-05,37.33750153,35.58021545
2022-01-06,37.23500061,35.48252869
2022-01-07,36.01750183,34.32233047
2022-01-10,36.15000153,34.44860077
2022-01-11,37.74000168,35.96377182
2022-01-12,38.16999817,36.37352753
2022-01-13,35.40000153,33.73389435
2022-01-14,35.93500137,34.24371338
2022-01-18,33.34500122,31.77561951
2022-01-19,32.18500137,30.67021179
2022-01-20,30.94000053,29.4838028
2022-01-21,28.33499908,27.00140953
2022-01-24,28.74500084,27.39211273
2022-01-25,26.625,25.37189102
2022-01-26,26.57500076,25.32424736
2022-01-27,25.78000069,24.56665993
2022-01-28,28.18499947,26.85847092
2022-01-31,30.91500092,29.45998001
2022-02-01,31.50499916,30.02221298
2022-02-02,32.25,30.73215103
2022-02-03,28.37000084,27.03476334
2022-02-04,29.35000038,27.96864128
2022-02-07,28.68499947,27.33493614
2022-02-08,29.65999985,28.26404762
2022-02-09,31.5,30.01744843
2022-02-10,29.40999985,28.02581215
2022-02-11,26.63999939,25.38618088
2022-02-14,26.71500015,25.45765877
2022-02-15,28.64999962,27.30158615
2022-02-16,28.64500046,27.29682159
2022-02-17,26.10499954,24.87636757
2022-02-18,25.21999931,24.0330162
2022-02-22,24.44000053,23.28972816
2022-02-23,22.56999969,21.50774002
2022-02-24,24.78000069,23.61372566
2022-02-25,25.95499992,24.73342323
2022-02-28,26.22999954,24.99547768
2022-03-01,25.02000046,23.84243202
2022-03-02,26.21500015,24.98119164
2022-03-03,25.12000084,23.93772507
2022-03-04,24.04500008,22.91331863
2022-03-07,21.36000061,20.35468864
2022-03-08,21.06500053,20.07357407
2022-03-09,23.31999969,22.22244453
2022-03-10,22.56999969,21.50774002
2022-03-11,21.17000008,20.17363167
2022-03-14,19.93000031,18.99199677
2022-03-15,21.77499962,20.75015831
2022-03-16,24.21999931,23.08008194
2022-03-17,25.03000069,23.85196304
2022-03-18,26.58499908,25.33377266
2022-03-21,26.39500046,25.15271568
2022-03-22,27.95499992,26.63929558
2022-03-23,26.77499962,25.51482964
2022-03-24,28.51000023,27.16817665
2022-03-25,28.46500015,27.12529182
2022-03-28,29.76000023,28.35934258
2022-03-29,31.28499985,29.81256866
2022-03-30,30.34499931,28.91681099
2022-03-31,29.09000015,27.72087669
2022-04-01,28.96500015,27.60175896
2022-04-04,30.77499962,29.32657051
2022-04-05,28.73999977,27.38735199
2022-04-06,26.85000038,25.58630562
2022-04-07,27.02499962,25.75306511
2022-04-08,25.92000008,24.70007324
2022-04-11,24.07999992,22.94667244
2022-04-12,23.77000046,22.65126228
2022-04-13,25.19499969,24.00919724
2022-04-14,23.5,22.3939724
2022-04-18,23.56500053,22.45590973
2022-04-19,25.07999992,23.8996048
2022-04-20,23.95000076,22.82279396
2022-04-21,22.54500008,21.48391342
2022-04-22,20.75499916,19.77816582
2022-04-25,21.52499962,20.51192284
2022-04-26,19.10499954,18.20582199
2022-04-27,19.02000046,18.12482071
2022-04-28,21.03000069,20.04022408
2022-04-29,18.26499939,17.40535355
2022-05-02,19.125,18.2248745
2022-05-03,19.17000008,18.26776505
2022-05-04,21.06999969,20.07834053
2022-05-05,17.93000031,17.08612251
2022-05-06,17.30500031,16.49053764
2022-05-09,15.26000023,14.54178715
2022-05-10,15.78499985,15.04207993
2022-05-11,14.38000011,13.7032032
2022-05-12,14.26500034,13.59361553
2022-05-13,15.81499958,15.07066441
2022-05-16,15.32499981,14.60372829
2022-05-17,16.47999954,15.70436573
2022-05-18,14.07499981,13.4125576
2022-05-19,13.78999996,13.14097404
2022-05-20,13.67000008,13.02662182
2022-05-23,14.34500027,13.6698513
2022-05-24,13.44999981,12.81697369
2022-05-25,13.98999977,13.33155918
2022-05-26,15.15999985,14.44649124
2022-05-27,16.64500046,15.86160374
2022-05-31,16.52499962,15.74725246
2022-06-01,16.13999939,15.38037014
2022-06-02,17.45000076,16.62871361
2022-06-03,16.06999969,15.31366444
2022-06-06,16.27000046,15.50425148
2022-06-07,16.66500092,15.8806591
2022-06-08,16.32500076,15.55666256
2022-06-09,14.99499989,14.289258
2022-06-10,13.39500046,12.76456451
2022-06-13,11.53999996,10.99687004
2022-06-14,11.61499977,11.06833935
2022-06-15,12.44999981,11.86403847
2022-06-16,10.93000031,10.41557884
2022-06-17,11.33500004,10.80151749
2022-06-21,12.18999958,11.61627579
2022-06-22,12.14500046,11.57339573
2022-06-23,12.66499996,12.06892109
2022-06-24,13.98999977,13.33155918
2022-06-27,13.65999985,13.01709175
2022-06-28,12.41499996,11.83068657
2022-06-29,12.43999958,11.85451031
2022-06-30,12,11.43521881
2022-07-01,12.19499969,11.6210413
2022-07-05,12.82499981,12.22139072
2022-07-06,13.06999969,12.45485878
2022-07-07,13.88000011,13.22673416
2022-07-08,13.94499969,13.28867626
2022-07-11,13.05500031,12.44056511
2022-07-12,12.67500019,12.07844925
2022-07-13,12.59500027,12.00221539
2022-07-14,12.72500038,12.12609768
2022-07-15,13.39500046,12.76456451
2022-07-18,13.08500004,12.46915245
2022-07-19,14.22999954,13.56026459
2022-07-20,14.94499969,14.24161243
2022-07-21,15.57999992,14.84672737
2022-07-22,14.76500034,14.07008457
2022-07-25,14.54500008,13.86043835
2022-07-26,13.66499996,13.02185631
2022-07-27,15.36999989,14.64660931
2022-07-28,15.81000042,15.06589985
2022-07-29,16.68000031,15.89495659
2022-08-01,16.65500069,15.87112999
2022-08-02,16.5,15.72342587
2022-08-03,17.81999969,16.98129845
2022-08-04,18.07500076,17.22430038
2022-08-05,17.64500046,16.81453514
2022-08-08,17.46500015,16.64300728
2022-08-09,16.86499977,16.0712471
2022-08-10,18.25,17.39106178
2022-08-11,17.97500038,17.12900734
2022-08-12,18.98999977,18.09623337
2022-08-15,19.44499969,18.52981949
2022-08-16,19.31999969,18.41070175
2022-08-17,18.64999962,17.77223396
2022-08-18,18.77499962,17.89134979
2022-08-19,17.67499924,16.8431263
2022-08-22,16.28499985,15.5185461
2022-08-23,16.22999954,15.46613312
2022-08-24,16.35499954,15.5852499
2022-08-25,17.21500015,16.4047718
2022-08-26,15.11999989,14.40837765
2022-08-29,14.65499973,13.96525955
2022-08-30,14.16499996,13.49832439
2022-08-31,13.90499973,13.25056076
2022-09-01,13.92000008,13.26485157
2022-09-02,13.34000015,12.71215057
2022-09-06,13.03499985,12.42150784
2022-09-07,13.80500031,13.15526581
2022-09-08,14.02999973,13.36967754
2022-09-09,14.92000008,14.2177887
2022-09-12,15.46500015,14.73713779
2022-09-13,12.92000008,12.31192017
2022-09-14,13.21000004,12.58827114
2022-09-15,12.54500008,11.95456886
2022-09-16,12.30000019,11.72110081
2022-09-19,12.59500027,12.00221539
2022-09-20,12.29500008,11.71633434
2022-09-21,11.61999989,11.0731039
2022-09-22,11.18999958,10.66334152
2022-09-23,10.65499973,10.15352058
2022-09-26,10.51000023,10.01534557
2022-09-27,10.52000046,10.02487564
2022-09-28,11.13500023,10.61093044
2022-09-29,10.19499969,9.715171814
2022-09-30,9.659999847,9.205350876
2022-10-03,10.32999992,9.843817711
2022-10-04,11.28999996,10.75863457
2022-10-05,11.28999996,10.75863457
2022-10-06,11.00500011,10.48705006
2022-10-07,9.75,9.291116714
2022-10-10,9.444999695,9.000469208
2022-10-11,9.069999695,8.643120766
2022-10-12,9.050000191,8.624059677
2022-10-13,9.654999733,9.200587273
2022-10-14,8.784999847,8.37153244
2022-10-17,9.649999619,9.195821762
2022-10-18,9.890000343,9.424527168
2022-10-19,9.770000458,9.310174942
2022-10-20,9.604999542,9.152939796
2022-10-21,10.28499985,9.800933838
2022-10-24,10.63500023,10.13446426
2022-10-25,11.27499962,10.74433994
2022-10-26,10.52999973,10.03440475
2022-10-27,9.949999809,9.481700897
2022-10-28,10.85000038,10.33934593
2022-10-31,10.47500038,9.981992722
2022-11-01,10.14999962,9.672287941
2022-11-02,9.100000381,8.671708107
2022-11-03,8.574999809,8.171417236
2022-11-04,8.975000381,8.552591324
2022-11-07,9.260000229,8.824178696
2022-11-08,9.460000038,9.014764786
2022-11-09,8.800000191,8.385827065
2022-11-10,10.72500038,10.22022533
2022-11-11,11.33500004,10.80151749
2022-11-14,11.03499985,10.51563644
2022-11-15,11.47999954,10.9396925
2022-11-16,11.01500034,10.49657726
2022-11-17,10.93000031,10.41557884
2022-11-18,10.92000008,10.40604591
2022-11-21,10.59000015,10.09157944
2022-11-22,11.03499985,10.51563644
2022-11-23,11.36499977,10.83010674
2022-11-25,11.13000011,10.60616589
2022-11-28,10.64000034,10.13922691
2022-11-29,10.38500023,9.896229744
2022-11-30,11.77999973,11.22557259
2022-12-01,11.84500027,11.28751564
2022-12-02,11.70499992,11.15410328
2022-12-05,11.11499977,10.59187222
2022-12-06,10.40999985,9.920052528
2022-12-07,10.28499985,9.800933838
2022-12-08,10.64999962,10.14875698
2022-12-09,10.44499969,9.953404427
2022-12-12,10.82499981,10.31551838
2022-12-13,11.16499996,10.63952065
2022-12-14,10.89999962,10.38698864
2022-12-15,9.819999695,9.357820511
2022-12-16,9.529999733,9.081468582
2022-12-19,9.135000229,8.705059052
2022-12-20,9.095000267,8.66694355
2022-12-21,9.489999771,9.043351173
2022-12-22,8.770000458,8.400615692
2022-12-23,8.795000076,8.424561501
2022-12-27,8.420000076,8.065354347
2022-12-28,8.079999924,7.739677429
2022-12-29,8.649999619,8.285667419
2022-12-30,8.649999619,8.285667419
2023-01-03,8.454999924,8.098882675
2023-01-04,8.585000038,8.223406792
2023-01-05,8.180000305,7.835465908
2023-01-06,8.819999695,8.448508263
2023-01-09,9.005000114,8.625718117
2023-01-10,9.244999886,8.855607033
2023-01-11,9.704999924,9.29623127
2023-01-12,9.854999542,9.439914703
2023-01-13,10.05000019,9.626701355
2023-01-17,10.10499954,9.679384232
2023-01-18,9.729999542,9.320179939
2023-01-19,9.425000191,9.028026581
2023-01-20,10.19499969,9.765594482
2023-01-23,10.86499977,10.40737438
2023-01-24,10.80000019,10.3451128
2023-01-25,10.72000027,10.26848221
2023-01-26,11.34000015,10.86237049
2023-01-27,11.66499996,11.17368031
2023-01-30,10.96500015,10.50316429
2023-01-31,11.45499992,10.97252464
2023-02-01,12.19499969,11.68135548
2023-02-02,13.45499992,12.88828659
2023-02-03,12.76000023,12.22255898
2023-02-06,12.43500042,11.9112463
2023-02-07,13.20499992,12.6488142
2023-02-08,12.49499989,11.96871948
2023-02-09,12.15999985,11.64783001
2023-02-10,11.90999985,11.40836048
2023-02-13,12.47500038,11.94956398
2023-02-14,12.74499989,12.20818996
2023-02-15,13.02999973,12.48118687
2023-02-16,12.28499985,11.76756477
2023-02-17,12.02000046,11.51372528
2023-02-21,11.17500019,10.70431805
2023-02-22,11.18500042,10.7138958
2023-02-23,11.46500015,10.98210335
2023-02-24,10.88500023,10.42653179
2023-02-27,11.11999989,10.65163326
2023-02-28,11.06499958,10.59895134
2023-03-01,10.79500008,10.3403244
2023-03-02,11.05500031,10.58937168
2023-03-03,11.72999954,11.23593903
2023-03-06,11.77999973,11.28383446
2023-03-07,11.34000015,10.86237049
2023-03-08,11.49499989,11.01083946
2023-03-09,10.89000034,10.43131924
2023-03-10,10.43999958,10.00027275
2023-03-13,10.66499996,10.21579647
2023-03-14,11.39000034,10.91026211
2023-03-15,11.55500031,11.0683136
2023-03-16,12.47000027,11.94477177
2023-03-17,12.28499985,11.76756477
2023-03-20,12.41499996,11.89208984
2023-03-21,12.93999958,12.39497566
2023-03-22,12.34000015,11.8891573
2023-03-23,12.77999973,12.31308079
2023-03-24,12.90999985,12.4383316
2023-03-27,12.64500046,12.18301582
2023-03-28,12.43500042,11.98068619
2023-03-29,13.11499977,12.63584042
2023-03-30,13.47000027,12.97787476
2023-03-31,14.13000011,13.61376095
2023-04-03,14.02999973,13.51741314
2023-04-04,13.89000034,13.38252831
2023-04-05,13.44499969,12.9537859
2023-04-06,13.71500015,13.21392059
2023-04-10,13.68500042,13.18501759
2023-04-11,13.42000008,12.92969894
2023-04-12,13.06499958,12.58766842
2023-04-13,13.81499958,13.31026936
2023-04-14,13.73499966,13.23318958
2023-04-17,13.75,13.24764442
2023-04-18,13.76000023,13.25727844
2023-04-19,13.72999954,13.22837448
2023-04-20,13.40999985,12.92006588
2023-04-21,13.43500042,12.94415283
2023-04-24,13.35499954,12.86707401
2023-04-25,12.60000038,12.13965893
2023-04-26,12.81000042,12.34198666
2023-04-27,13.84500027,13.33917427
2023-04-28,14.125,13.60894394
2023-05-01,14.08500004,13.57040215
2023-05-02,13.71000004,13.20910454
2023-05-03,13.43999958,12.94896793
2023-05-04,13.28999996,12.80445099
2023-05-05,14.10499954,13.58967209
2023-05-08,14.22000027,13.70047188
2023-05-09,13.94499969,13.43551731
2023-05-10,14.39500046,13.86907959
2023-05-11,14.51500034,13.98469353
2023-05-12,14.36499977,13.84017372
2023-05-15,14.58500004,14.05213642
2023-05-16,14.64000034,14.10512829
2023-05-17,15.16499996,14.61094856
2023-05-18,15.97999954,15.39616966
2023-05-19,15.86999989,15.29018879
2023-05-22,16.03499985,15.44916153
2023-05-23,15.41499996,14.85181141
2023-05-24,15.16499996,14.61094856
2023-05-25,16.26000023,15.66593838
2023-05-26,17.48999977,16.85100174
2023-05-30,17.73500061,17.08705139
2023-05-31,17.375,16.74020004
2023-06-01,18.00499916,17.34718513
2023-06-02,18.40999985,17.7373867
2023-06-05,18.45000076,17.77592659
2023-06-06,18.43000031,17.75665855
2023-06-07,17.48999977,16.85100174
2023-06-08,18.09000015,17.42908669
2023-06-09,18.30999947,17.6410408
2023-06-12,19.24500084,18.54188538
2023-06-13,19.67499924,18.95617294
2023-06-14,20.09499931,19.3608284
2023-06-15,20.79999924,20.04006958
2023-06-16,20.39999962,19.65468407
2023-06-20,20.29999924,19.55833626
2023-06-21,19.42499924,18.77449608
2023-06-22,20.06999969,19.39789772
2023-06-23,19.47500038,18.82282257
2023-06-26,18.70499992,18.07860756
2023-06-27,19.62999916,18.97262955
2023-06-28,19.75,19.0886116
2023-06-29,19.61499977,18.9581356
2023-06-30,20.5,19.81349564
2023-07-03,20.63999939,19.94880867
2023-07-05,20.625,19.93431473
2023-07-06,20.13999939,19.46555328
2023-07-07,19.93499947,19.267416
2023-07-10,19.95000076,19.28191566
2023-07-11,20.23500061,19.55737305
2023-07-12,20.98500061,20.28225899
2023-07-13,22.03000069,21.29226112
2023-07-14,22.01000023,21.27293587
2023-07-17,22.62000084,21.86250687
2023-07-18,23.15999985,22.3844223
2023-07-19,23.15999985,22.3844223
2023-07-20,21.53499985,20.81383896
2023-07-21,21.34499931,20.63019753
2023-07-24,21.43000031,20.71235275
2023-07-25,21.86000061,21.12795448
2023-07-26,21.63500023,20.91049004
2023-07-27,21.45000076,20.73168182
2023-07-28,22.61000061,21.85284233
2023-07-31,22.65500069,21.89633179
2023-08-01,22.47999954,21.72719002
2023-08-02,21.01000023,20.30641747
2023-08-03,20.86000061,20.1614418
2023-08-04,20.56999969,19.88115311
2023-08-07,21.07999992,20.37407684
2023-08-08,20.54000092,19.8521595
2023-08-09,19.85499954,19.1900959
2023-08-10,19.94499969,19.27708244
2023-08-11,19.54500008,18.89048004
2023-08-14,20.19499969,19.51870918
2023-08-15,19.57500076,18.91947556
2023-08-16,18.92499924,18.29124069
2023-08-17,18.28499985,17.67267036
2023-08-18,18.20000076,17.59052086
2023-08-21,19.07999992,18.44104767
2023-08-22,18.99500084,18.35889816
2023-08-23,19.88999939,19.22392654
2023-08-24,18.57999992,17.95779228
2023-08-25,19.02000046,18.38305855
2023-08-28,19.44499969,18.79382896
2023-08-29,20.68499947,19.99230003
2023-08-30,21.03000069,20.32575226
2023-08-31,21.21999931,20.50938797
2023-09-01,21.14500046,20.43689728
2023-09-05,21.20000076,20.49006081
2023-09-06,20.63999939,19.94880867
2023-09-07,20.19000053,19.51387596
2023-09-08,20.25,19.5718689
2023-09-11,20.94000053,20.23876381
2023-09-12,20.27000046,19.59119987
2023-09-13,20.46999931,19.78450203
2023-09-14,20.95000076,20.24842834
2023-09-15,19.875,19.20942497
2023-09-18,19.92000008,19.25291824
2023-09-19,19.79999924,19.1369381
2023-09-20,18.875,18.30717659
2023-09-21,17.79999924,17.26451492
2023-09-22,17.81500053,17.27906418
2023-09-25,18.04999924,17.50699425
2023-09-26,17.24500084,16.72621536
2023-09-27,17.35000038,16.82805252
2023-09-28,17.77000046,17.23541832
2023-09-29,17.80999947,17.2742157
2023-10-02,18.23500061,17.68643188
2023-10-03,17.27000046,16.75046349
2023-10-04,17.96999931,17.42940331
2023-10-05,17.78000069,17.24511719
2023-10-06,18.67499924,18.1131916
2023-10-09,18.95000076,18.37992096
2023-10-10,19.26000023,18.6805954
2023-10-11,19.67000008,19.07826042
2023-10-12,19.44000053,18.85517693
2023-10-13,18.70499992,18.14228821
2023-10-16,19.33499908,18.75333786
2023-10-17,19.14999962,18.57390594
2023-10-18,18.34000015,17.78826904
2023-10-19,17.85000038,17.31301308
2023-10-20,17.04500008,16.53223038
2023-10-23,17.19499969,16.67771721
2023-10-24,17.68000031,17.14812469
2023-10-25,16.38500023,15.89208317
2023-10-26,15.43000031,14.96581554
2023-10-27,15.64999962,15.1791935
2023-10-30,16.15500069,15.66900253
2023-10-31,16.38999939,15.89693069
2023-11-01,17.23500061,16.71651268
2023-11-02,18.14999962,17.60398674
2023-11-03,18.79000092,18.22473335
2023-11-06,19.00499916,18.43326378
2023-11-07,19.54000092,18.95217133
2023-11-08,19.57500076,18.98611641
2023-11-09,19.11000061,18.53510666
2023-11-10,20.38500023,19.77175331
2023-11-13,20.20000076,19.59231758
2023-11-14,21.46999931,20.82410812
2023-11-15,21.53000069,20.88230515
2023-11-16,21.56500053,20.91625214
2023-11-17,21.57999992,20.93079948
2023-11-20,22.35000038,21.67763519
2023-11-21,21.94499969,21.28481865
2023-11-22,22.20000076,21.53214836
2023-11-24,22.09000015,21.42546082
2023-11-27,22.02499962,21.36241341
2023-11-28,22.20000076,21.53214836
2023-11-29,22.12000084,21.4545536
2023-11-30,21.93499947,21.27512169
2023-12-01,22.12000084,21.4545536
2023-12-04,21.48999977,20.84350586
2023-12-05,21.64500046,20.99384689
2023-12-06,21.26000023,20.62042809
2023-12-07,22.14999962,21.48365211
2023-12-08,22.41500092,21.7406826
2023-12-11,22.98500061,22.29353333
2023-12-12,23.54000092,22.83184242
2023-12-13,24.37000084,23.63686752
2023-12-14,24.32999992,23.59807205
2023-12-15,24.62000084,23.87934875
2023-12-18,25.13500023,24.37885284
2023-12-19,25.51000023,24.74257278
2023-12-20,24.27000046,23.64321709
2023-12-21,25.07500076,24.42742729
2023-12-22,25.17499924,24.52484322
2023-12-26,25.63500023,24.97296715
2023-12-27,25.77000046,25.10447884
2023-12-28,25.70499992,25.04115677
2023-12-29,25.35000038,24.69532204
2024-01-02,24.06500053,23.44351196
2024-01-03,23.29500008,22.69339752
2024-01-04,22.90500069,22.31347084
2024-01-05,22.98999977,22.39627266
2024-01-08,24.375,23.74550438
2024-01-09,24.53499985,23.901371
2024-01-10,25.02000046,24.37384796
2024-01-11,25.13999939,24.49074745
2024-01-12,25.17000008,24.51997375
2024-01-16,25.15500069,24.50536346
2024-01-17,24.71999931,24.08159447
2024-01-18,25.78000069,25.11421776
2024-01-19,27.27000046,26.56573868
2024-01-22,27.37999916,26.67289925
2024-01-23,27.70499992,26.98950577
2024-01-24,28.15999985,27.43275452
2024-01-25,28.23999977,27.51068878
2024-01-26,27.71999931,27.00411797
2024-01-29,28.53499985,27.79807091
2024-01-30,27.96500015,27.24279213
2024-01-31,26.31999969,25.64027786
2024-02-01,27.25,26.54625702
2024-02-02,28.62000084,27.88087463
2024-02-05,28.47500038,27.73962021
2024-02-06,28.30999947,27.57888222
2024-02-07,29.15500069,28.40206146
2024-02-08,29.27499962,28.51896095
2024-02-09,30.13500023,29.35674858
2024-02-12,29.78000069,29.01092339
2024-02-13,28.37000084,27.63733482
2024-02-14,29.27000046,28.51408958
2024-02-15,29.51499939,28.75276184
2024-02-16,28.70499992,27.96368217
2024-02-20,28.04000092,27.31585693
2024-02-21,27.69000053,26.97489357
2024-02-22,30.08499908,29.30804062
2024-02-23,29.80999947,29.04014397
2024-02-26,29.77000046,29.00117683
2024-02-27,29.95499992,29.18139648
2024-02-28,29.46999931,28.70892715
2024-02-29,30.18000031,29.4005909
2024-03-01,31.56500053,30.74982071
2024-03-04,31.19000053,30.38450241
2024-03-05,29.52000046,28.75763321
2024-03-06,30.06500053,29.28855896
2024-03-07,31.40500069,30.59395218
2024-03-08,30.03000069,29.25445938
2024-03-11,29.68000031,28.91349983
2024-03-12,30.94000053,30.14096069
2024-03-13,30.21999931,29.43955231
2024-03-14,29.97500038,29.20088005
2024-03-15,28.87999916,28.134161
2024-03-18,29.69499969,28.92811394
2024-03-19,29.89999962,29.12781906
2024-03-20,30.85000038,30.16172409
2024-03-21,31.25,30.55280304
2024-03-22,31.31500053,30.61635208
2024-03-25,30.99500084,30.30349159
2024-03-26,30.70499992,30.01996231
2024-03-27,30.97500038,30.28393555
2024-03-28,30.78000069,30.09329033
2024-04-01,30.96999931,30.2790451
2024-04-02,30.13999939,29.46756363
2024-04-03,30.34000015,29.6631012
2024-04-04,28.90999985,28.26500702
2024-04-05,29.93000031,29.26225471
2024-04-08,29.95000076,29.28180504
2024-04-09,30.26000023,29.58488846
2024-04-10,29.46500015,28.80762291
2024-04-11,30.85000038,30.16172409
2024-04-12,29.36000061,28.7049675
2024-04-15,27.88500023,27.2628746
2024-04-16,27.88999939,27.26776123
2024-04-17,26.85499954,26.25585365
2024-04-18,26.375,25.78656197
2024-04-19,24.73999977,24.18803978
2024-04-22,25.45999908,24.8919754
2024-04-23,26.59499931,26.00165749
2024-04-24,26.85499954,26.25585365
2024-04-25,26.42499924,25.83544922
2024-04-26,27.63999939,27.02334404
2024-04-29,27.96999931,27.34597969
2024-04-30,26.37000084,25.78167534
2024-05-01,25.79999924,25.22439194
2024-05-02,26.75499916,26.15808487
2024-05-03,28.35000038,27.71750259
2024-05-06,29.28000069,28.62675476
2024-05-07,29.28000069,28.62675476
2024-05-08,29.22500038,28.57297897
2024-05-09,29.38500023,28.72940826
2024-05-10,29.58499908,28.92494583
2024-05-13,29.78000069,29.11559677
2024-05-14,30.33499908,29.65821648
2024-05-15,31.73500061,31.02698135
2024-05-16,31.54000092,30.83633232
2024-05-17,31.46999931,30.76789284
2024-05-20,32.11999893,31.40338707
2024-05-21,32.28499985,31.5647068
2024-05-22,32.26499939,31.54515648
2024-05-23,31.78499985,31.07586288
2024-05-24,32.67499924,31.9460144
2024-05-28,33.02999878,32.29308701
2024-05-29,32.34000015,31.6184845
2024-05-30,31.29999924,30.60168457
2024-05-31,31.26499939,30.56746483
2024-06-03,31.56999969,30.86566162
2024-06-04,31.80500031,31.09541893
2024-06-05,33.72499847,32.97258759
2024-06-06,33.68500137,32.93347549
2024-06-07,33.56000137,32.81126022
2024-06-10,33.91500092,33.15834808
2024-06-11,34.61500168,33.84272766
2024-06-12,35.97999954,35.17727661
2024-06-13,36.55500031,35.73944092
2024-06-14,37.08499908,36.25761414
2024-06-17,38.43000031,37.57261276
2024-06-18,38.45000076,37.5921669
2024-06-20,37.54499817,36.7073555
2024-06-21,37.20000076,36.37005997
2024-06-24,35.93999863,35.13816071
2024-06-25,37.13999939,36.31138992
2024-06-26,37.22999954,36.53858948
2024-06-27,37.5,36.80358124
2024-06-28,36.90999985,36.2245369
2024-07-01,37.51499939,36.81830597
2024-07-02,38.66500092,37.94694519
2024-07-03,39.61500168,38.87930679
2024-07-05,40.81499863,40.05701447
2024-07-08,41.08499908,40.3219986
2024-07-09,41.17499924,40.41032791
2024-07-10,42.46500015,41.67636871
2024-07-11,39.67499924,38.93818665
2024-07-12,40.31999969,39.57120895
2024-07-15,40.61999893,39.86563873
2024-07-16,40.65000153,39.89508057
2024-07-17,37.07500076,36.38647842
2024-07-18,36.52000046,35.84178543
2024-07-19,35.52999878,34.87016678
2024-07-22,37.08000183,36.39138031
2024-07-23,36.68000031,35.99881363
2024-07-24,32.72499847,32.11725998
2024-07-25,31.63500023,31.04750061
2024-07-26,32.54000092,31.93569565
2024-07-29,32.72999954,32.12216568
2024-07-30,31.39500046,30.81195831
2024-07-31,34.13999939,33.50597763
2024-08-01,31.68000031,31.09166145
2024-08-02,29.37000084,28.82456589
2024-08-05,26.80999947,26.31210518
2024-08-06,27.47999954,26.96966171
2024-08-07,26.59499931,26.10109901
2024-08-08,29.03000069,28.49087715
2024-08-09,29.42499924,28.87854195
2024-08-12,29.625,29.0748291
2024-08-13,31.78000069,31.1898098
2024-08-14,31.83499908,31.24378204
2024-08-15,34.22999954,33.59430313
2024-08-16,34.31999969,33.68263626
2024-08-19,35.65000153,34.9879303
2024-08-20,35.43000031,34.77201462
2024-08-21,35.91500092,35.24801636
2024-08-22,34.18999863,33.5550499
2024-08-23,35.26499939,34.61008453
2024-08-26,34.22999954,33.59430313
2024-08-27,34.52000046,33.87891769
2024-08-28,33.34999847,32.73064804
2024-08-29,33.17499924,32.55889893
2024-08-30,34.30500031,33.66791153
2024-09-03,31.17499924,30.59604073
2024-09-04,30.90999985,30.3359642
2024-09-05,31.01000023,30.43410873
2024-09-06,28.49500084,27.96581078
2024-09-09,29.55500031,29.0061264
2024-09-10,30.35000038,29.7863636
2024-09-11,32.28499985,31.6854229
2024-09-12,33.24000168,32.62269592
2024-09-13,33.67499924,33.04961014
2024-09-16,33.22499847,32.60797119
2024-09-17,33.24499893,32.62759781
2024-09-18,32.81000137,32.20068359
2024-09-19,35.29000092,34.6346283
2024-09-20,35.06499863,34.41379929
2024-09-23,35.32500076,34.66897202
2024-09-24,35.82500076,35.15968323
2024-09-25,35.83499908,35.28276443
2024-09-26,36.59500122,36.03105545
2024-09-27,35.96500015,35.41075897
2024-09-30,36.24499893,35.68644714
2024-10-01,34.70999908,34.1750946
2024-10-02,34.84000015,34.30309296
2024-10-03,34.75999832,34.22432327
2024-10-04,35.98500061,35.43045044
2024-10-07,34.79999924,34.26371002
2024-10-08,36.31000137,35.7504425
2024-10-09,37.18500137,36.61195755
2024-10-10,37.05500031,36.4839592
2024-10-11,37.15000153,36.57749939
2024-10-14,38.09999847,37.51285934
2024-10-15,36.58000183,36.01628494
2024-10-16,36.56000137,35.99658966
2024-10-17,36.66999817,36.10488892
2024-10-18,37.31999969,36.74487686
2024-10-21,37.52500153,36.94671631
2024-10-22,37.63499832,37.05502319
2024-10-23,35.89500046,35.34184265
2024-10-24,36.75,36.18366241
2024-10-25,37.36999893,36.79410172
2024-10-28,37.40499878,36.82856369
2024-10-29,38.43999863,37.84761429
2024-10-30,37.58499908,37.00579071
2024-10-31,34.72499847,34.18986893
2024-11-01,35.46500015,34.91846848
2024-11-04,35.13499832,34.59354782
2024-11-05,36.47000122,35.90797424
2024-11-06,39.43000031,38.82235336
2024-11-07,41.27500153,40.63893127
2024-11-08,41.375,40.7373848
2024-11-11,41.29999924,40.6635437
2024-11-12,41.07500076,40.44200897
2024-11-13,40.89500046,40.26478195
2024-11-14,40.02999878,39.41311264
2024-11-15,37.13499832,36.56272125
2024-11-18,37.88499832,37.30117035
2024-11-19,38.64500046,38.04946136
2024-11-20,38.59999847,38.00514984
2024-11-21,38.97999954,38.37929535
2024-11-22,39.125,38.52206421
2024-11-25,39.30500031,38.6992836
2024-11-26,39.91500092,39.2998848
2024-11-27,38.95000076,38.34975815
2024-11-29,39.94499969,39.329422
2024-12-02,41.24000168,40.60447311
2024-12-03,41.60499954,40.9638443
2024-12-04,43.125,42.4604187
2024-12-05,42.77000046,42.11088562
2024-12-06,43.86999893,43.19393539
2024-12-09,42.84500122,42.18473434
2024-12-10,42.38000107,41.72689819
2024-12-11,44.64500046,43.9569931
2024-12-12,43.75999832,43.08563232
2024-12-13,44.70000076,44.01114273
2024-12-16,46.64500046,45.92617416
2024-12-17,46.02000046,45.31080627
2024-12-18,41.04499817,40.41247177
2024-12-19,40.46500015,39.84140778
2024-12-20,41.51499939,40.87522888
2024-12-23,42.52999878,42.01374054
2024-12-24,44.22000122,43.68321991
2024-12-26,44.125,43.58937454
2024-12-27,42.33000183,41.81616974
2024-12-30,40.63000107,40.13680267
2024-12-31,39.56499863,39.08473206
2025-01-02,39.31499863,38.83776474
2025-01-03,41.20000076,40.69988632
2025-01-06,42.60499954,42.08782959
2025-01-07,40.31000137,39.82069016
2025-01-08,40.34000015,39.85032272
2025-01-10,38.41500092,37.94868851
2025-01-13,38.01499939,37.55354309
2025-01-14,37.88000107,37.42018127
2025-01-15,40.43999863,39.94910431
2025-01-16,39.61500168,39.13412476
2025-01-17,41.56999969,41.06539154
2025-01-21,42.25999832,41.74701309
2025-01-22,43.90000153,43.36711121
2025-01-23,44.16999817,43.63383102
2025-01-24,43.375,42.84848404
2025-01-27,39.56999969,39.08966827
2025-01-28,41.32500076,40.82336807
2025-01-29,41.06999969,40.57146072
2025-01-30,41.58499908,41.08020782
2025-01-31,41.36000061,40.85793686
2025-02-03,40.36000061,39.87008286
2025-02-04,41.82500076,41.31729507
2025-02-05,42.36999893,41.85568237
2025-02-06,43.00500107,42.48297501
2025-02-07,41.36500168,40.86288071
2025-02-10,42.81999969,42.30021667
2025-02-11,42.51499939,41.99892044
2025-02-12,42.59999847,42.08288956
2025-02-13,44.39500046,43.85610199
2025-02-14,44.91500092,44.36978531
2025-02-18,45.19499969,44.64638901
2025-02-19,45.20000076,44.65132523
2025-02-20,44.65000153,44.10800934
2025-02-21,41.85499954,41.34693146
2025-02-24,40.34999847,39.86020279
2025-02-25,38.81000137,38.33890152
2025-02-26,39.06000137,38.58586502
2025-02-27,35.81999969,35.38518906
2025-02-28,37.45999908,37.00527954
2025-03-03,35.04000092,34.61465836
2025-03-04,34.65499878,34.23433304
2025-03-05,36.00500107,35.56793976
2025-03-06,33.02000046,32.61917877
2025-03-07,33.70500183,33.29586029
2025-03-10,29.90500069,29.54199028
2025-03-11,29.55500031,29.19623947
2025-03-12,30.56500053,30.19398117
2025-03-13,28.89500046,28.54425049
2025-03-14,30.94499969,30.56936646
2025-03-17,31.54500008,31.16208458
2025-03-18,29.95499992,29.59138298
2025-03-19,31.12000084,30.74224472
2025-03-20,30.79999924,30.42612648
2025-03-21,31.09000015,30.71260834
2025-03-24,33.06499863,32.66363144
2025-03-25,33.65499878,33.24646759
2025-03-26,31.69000053,31.397686
2025-03-27,31.14999962,30.86266327
2025-03-28,28.67000008,28.40553856
2025-03-31,28.64999962,28.38572502
2025-04-01,29.30999947,29.0396347
2025-04-02,29.96500015,29.68859291
2025-04-03,25.14999962,24.9180088
2025-04-04,20.54500008,20.35548782
2025-04-07,20.625,20.4347496
2025-04-08,19.45000076,19.27058983
2025-04-09,26.30500031,26.06235504
2025-04-10,23.06999969,22.8571949
2025-04-11,24.29000092,24.06594276
2025-04-14,24.79999924,24.57123756
2025-04-15,24.89500046,24.66536331
2025-04-16,22.64500046,22.43611717
2025-04-17,22.57999992,22.37171745
2025-04-21,20.93000031,20.73693657
2025-04-22,22.53000069,22.32217789
2025-04-23,24.02499962,23.80338669
2025-04-24,26.06999969,25.82952118
2025-04-25,26.93000031,26.68159103
2025-04-28,26.90999985,26.66177368
2025-04-29,27.43499947,27.18193245
2025-04-30,27.44000053,27.18688774
2025-05-01,28.38500023,28.12317085
2025-05-02,29.71500015,29.4409008
2025-05-05,29.20000076,28.93065262
2025-05-06,28.37000084,28.10830688
2025-05-07,28.70000076,28.43526268
2025-05-08,29.55500031,29.28237724
2025-05-09,29.48500061,29.21302605
2025-05-12,33.05500031,32.75009155
2025-05-13,34.56999969,34.25111771
2025-05-14,35.18000031,34.85548782
2025-05-15,35.29000092,34.96447754
2025-05-16,35.72499847,35.39545822
2025-05-19,35.81999969,35.48958588
2025-05-20,35.44499969,35.11804199
2025-05-21,33.97000122,33.65665436
2025-05-22,34.14500046,33.83003998
2025-05-23,33.15999985,32.85412216
2025-05-27,35.47000122,35.14281464
2025-05-28,35.01499939,34.69200897
2025-05-29,35.18500137,34.86044312
2025-05-30,35,34.67715073
2025-06-02,35.80500031,35.47472382
2025-06-03,36.63999939,36.30202484
2025-06-04,36.93500137,36.59430695
2025-06-05,36.07500076,35.74223328
2025-06-06,37.10499954,36.76273346
2025-06-09,37.27000046,36.9262085
2025-06-10,37.99000168,37.63956833
2025-06-11,37.59999847,37.25316238
2025-06-12,37.84500122,37.49590683
2025-06-13,36.41500092,36.07909775
2025-06-16,37.90000153,37.55039978
2025-06-17,36.77999878,36.44073105
2025-06-18,36.72999954,36.39118958
2025-06-20,36.22499847,35.89085007
2025-06-23,37.34999847,37.00547028
2025-06-24,39.04999924,38.68978882
2025-06-25,39.24000168,38.986866
2025-06-26,40.31499863,40.05492783
2025-06-27,40.70999908,40.44738007
2025-06-30,41.5,41.23228073
2025-07-01,40.44499969,40.18408966
2025-07-02,41.25,40.98389435
2025-07-03,42.40499878,42.13144302
2025-07-07,41.45999908,41.19254303
2025-07-08,41.51499939,41.24718475
2025-07-09,42.375,42.10163498
2025-07-10,42.18000031,41.90790176
2025-07-11,41.86000061,41.58996201
2025-07-14,42.30500031,42.03209305
2025-07-15,42.41500092,42.14138031
2025-07-16,42.53499985,42.26060867
2025-07-17,43.52500153,43.24422455
2025-07-18,43.375,43.09518814
2025-07-21,44.03499985,43.75092697
2025-07-22,43.34999847,43.07034683
2025-07-23,43.91999817,43.63667297
2025-07-24,44.20999908,43.92480087
2025-07-25,44.45999908,44.17318726
2025-07-28,44.89500046,44.60538101
2025-07-29,44.68999863,44.40170288
2025-07-30,44.84500122,44.55570221
2025-07-31,44.10499954,43.82048035
2025-08-01,41.45999908,41.19254303
2025-08-04,43.72999954,43.44789886
2025-08-05,42.81999969,42.54376984
2025-08-06,44.41999817,44.13344193
2025-08-07,44.86999893,44.58054352
2025-08-08,46.08000183,45.78274155
2025-08-11,45.67499924,45.38034821
2025-08-12,47.36000061,47.05447769
2025-08-13,47.43000031,47.12403107
2025-08-14,47.29999924,46.99486923
2025-08-15,46.63000107,46.3291893
2025-08-18,46.56999969,46.26957703
2025-08-19,44.66999817,44.38183212
2025-08-20,43.85499954,43.57209396
2025-08-21,43.24499893,42.96602631
2025-08-22,45.18999863,44.89847565
2025-08-25,44.79499817,44.50602722
2025-08-26,45.31499863,45.02267075
2025-08-27,45.52000046,45.22634888
2025-08-28,46.34999847,46.05099487
2025-08-29,44.68000031,44.39176941
2025-09-02,43.54000092,43.25912094
2025-09-03,44.55500031,44.26757812
2025-09-04,45.75999832,45.46480179
2025-09-05,45.90999985,45.61383438
2025-09-08,46.56499863,46.26460648
2025-09-09,46.94499969,46.64215851
2025-09-10,46.99499893,46.6918335
2025-09-11,47.78499985,47.47673798
2025-09-12,48.38000107,48.06790161
2025-09-15,49.61500168,49.29493713
2025-09-16,49.47999954,49.16080475
2025-09-17,49.16500092,48.84783554
2025-09-18,50.49000168,50.16429138
2025-09-19,51.49000168,51.15784073
2025-09-22,52.36000061,52.02222824
2025-09-23,51.30500031,50.97403336
2025-09-24,50.70500183,50.42606354
2025-09-25,50.02500153,49.74980164
2025-09-26,50.625,50.3465004
2025-09-29,51.29999924,51.01778793
2025-09-30,51.70000076,51.41558456
2025-10-01,52.43000031,52.14156723
2025-10-02,53.06999969,52.77804947
2025-10-03,52.34999847,52.06201172
2025-10-06,53.52000046,53.22557831
2025-10-07,52.65499878,52.36533356
2025-10-08,54.43999863,54.14051437
2025-10-09,54.22499847,53.92669678
2025-10-10,48.53499985,48.26799774
2025-10-13,51.61500168,51.33105469
2025-10-14,50.56499863,50.2868309
2025-10-15,51.59999847,51.31613541
2025-10-16,51.02500153,50.74430084
2025-10-17,51.99499893,51.7089653
2025-10-20,53.94499969,53.64823914
2025-10-21,53.88499832,53.58856964
2025-10-22,52.29999924,52.01229095
2025-10-23,53.61000061,53.31508255
2025-10-24,55.27999878,54.97589111
2025-10-27,58.21500015,57.89474869
2025-10-28,59.54499817,59.21743011
2025-10-29,60.30500031,59.97325134
2025-10-30,57.54499817,57.22842789
2025-10-31,58.36000061,58.03894806
2025-11-03,59.15999985,58.83454514
2025-11-04,55.54000092,55.23446655
2025-11-05,56.61999893,56.30851746
2025-11-06,53.44499969,53.15098572
2025-11-07,52.88999939,52.59904099
2025-11-10,56.35499954,56.0449791
2025-11-11,55.88999939,55.58253479
2025-11-12,55.77500153,55.46817017
2025-11-13,52.33000183,52.0421257
2025-11-14,52.36999893,52.08189774
2025-11-17,51.02500153,50.74430084
2025-11-18,49.18000031,48.90945053
2025-11-19,50.02500153,49.74980164
2025-11-20,46.45000076,46.19447327
2025-11-21,47.47999954,47.21879959
2025-11-24,51.08000183,50.7990036
2025-11-25,52.00999832,51.72388077
2025-11-26,53.36999893,53.07640076
2025-11-28,54.54000092,54.23996353
2025-12-01,54.04999924,53.75265503
2025-12-02,55.29999924,54.99578476
2025-12-03,55.68999863,55.38364029
2025-12-04,55.50999832,55.20462799
2025-12-05,56.15000153,55.84111023
2025-12-08,55.79999924,55.49303055
2025-12-09,56.00999832,55.70187378
2025-12-10,56.65000153,56.33835602
2025-12-11,56.11000061,55.80132675
2025-12-12,52.81999969,52.52942657
2025-12-15,52.02000046,51.7338295
2025-12-16,52.33000183,52.0421257
2025-12-17,49.40000153,49.12823868
2025-12-18,51.50999832,51.22663116
2025-12-19,53.52000046,53.22557831
2025-12-22,54.25,53.95156097
2025-12-23,55.00999832,54.70737457
2025-12-24,55.36000061,55.1416626
2025-12-26,55.31000137,55.09185791
2025-12-29,54.49000168,54.27509308
2025-12-30,54.09999847,53.8866272
2025-12-31,52.72000122,52.51207352
2026-01-02,52.34999847,52.1435318
2026-01-05,53.59999847,53.3885994
2026-01-06,55.00999832,54.79303741
2026-01-07,55.16999817,54.95240784
2026-01-08,54.18999863,53.97627258
2026-01-09,55.75999832,55.54007721
2026-01-12,55.88999939,55.66956711
2026-01-13,55.59999847,55.38071442
2026-01-14,53.83000183,53.61769867
2026-01-15,54.38000107,54.16552734
2026-01-16,54.13999939,53.9264679
2026-01-20,50.72999954,50.52991867
2026-01-21,52.72999954,52.52203369
2026-01-22,53.90000153,53.68741989
2026-01-23,54.38000107,54.16552734
2026-01-26,55.08000183,54.86276627
2026-01-27,56.54000092,56.31700897
2026-01-28,57.06000137,56.83495712
2026-01-29,56.04000092,55.81897736
2026-01-30,54,53.78702545
2026-02-02,55.09999847,54.8826828
2026-02-03,52.52000046,52.31285858
2026-02-04,49.75999832,49.56374741
2026-02-05,47.63999939,47.45210648
2026-02-06,50.59000015,50.39047623
2026-02-09,51.74000168,51.53593826
2026-02-10,51.02000046,50.81877518
2026-02-11,51.40000153,51.19728088
2026-02-12,48.25999832,48.06966019
2026-02-13,48.47000122,48.2788353
2026-02-17,48.34999847,48.15930557
2026-02-18,49.38999939,49.19520569
2026-02-19,48.83000183,48.63741684
2026-02-20,50.06000137,49.86256409
2026-02-23,48.24000168,48.04973984
2026-02-24,49.77999878,49.58366776
2026-02-25,51.86999893,51.66542435
2026-02-26,50.04999924,49.8526001
2026-02-27,49.52000046,49.32469559
2026-03-02,49.70000076,49.50398636
2026-03-03,48.09999847,47.91029358
2026-03-04,50.25999832,50.06177139
2026-03-05,49.79999924,49.6035881
2026-03-06,47.54000092,47.35250092
2026-03-09,49.38999939,49.19520569
2026-03-10,49.40000153,49.20516586
2026-03-11,49.34999847,49.15536118
2026-03-12,46.83000183,46.64530563
2026-03-13,45.93000031,45.74885178
2026-03-16,47.45999908,47.2728157
2026-03-17,48.15999985,47.97005844
2026-03-18,46.09999847,45.91817856
2026-03-19,45.68999863,45.50979614
2026-03-20,43.08000183,42.91009521
2026-03-23,44.56999969,44.39421463
2026-03-24,43.61999893,43.4479599
2026-03-25,44.38999939,44.28802872
2026-03-26,41.22999954,41.13528824
2026-03-27,38.77999878,38.69091415
2026-03-30,37.88999939,37.80295944
2026-03-31,41.68000031,41.58425522
2026-04-01,43.22999954,43.13069153
2026-04-02,43.33000183,43.23046494
2026-04-06,44.09999847,43.99869537
2026-04-07,44.15000153,44.04858017
2026-04-08,48,47.88973618
2026-04-09,48.95999908,48.84753036
2026-04-10,49.16999817,49.05704498
2026-04-13,50.65999985,50.54362488
2026-04-14,53.40999985,53.28730774
2026-04-15,55.65000153,55.52216339
2026-04-16,56.43000031,56.30037308
2026-04-17,58.59000015,58.45541
2026-04-20,58.08000183,57.94658279
2026-04-21,57.40000153,57.2681427
2026-04-22,60.20999908,60.07168579
2026-04-23,59.22000122,59.08396149
2026-04-24,62.56000137,62.41629028
2026-04-27,62.63999939,62.49610519
2026-04-28,60.74000168,60.6004715
2026-04-29,61.86000061,61.71789932
2026-04-30,63.54000092,63.39403915
2026-05-01,65.30000305,65.15000153
2026-05-04,64.91000366,64.76089478
2026-05-05,67.38999939,67.23519135
2026-05-06,71.56999969,71.40559387
2026-05-07,71.33999634,71.17611694
2026-05-08,76.27999878,76.10477448
2026-05-11,76.95999908,76.78321075
2026-05-12,74.95999908,74.78780365
2026-05-13,77.23999786,77.06256866
2026-05-14,78.94999695,78.76863861
2026-05-15,75.33999634,75.16693115
2026-05-18,74.31999969,74.14927673
2026-05-19,72.93000031,72.76246643
2026-05-20,76.51000214,76.33424377
2026-05-21,76.94999695,76.77323151
2026-05-22,77.83999634,77.66118622
2026-05-26,81.94999695,81.76174164
2026-05-27,81.66999817,81.48239136
2026-05-28,83.68000031,83.48777008
2026-05-29,84.55999756,84.36575317
2026-06-01,86.04000092,85.84235382
2026-06-02,87.22000122,87.01964569
2026-06-03,86.55999756,86.36115265
2026-06-04,85.22000122,85.02423859
2026-06-05,73.05000305,72.88219452
2026-06-08,76.26999664,76.09479523
2026-06-09,73.72000122,73.55065155
2026-06-10,69.26999664,69.11087036
2026-06-11,76.01000214,75.83539581
2026-06-12,77.51999664,77.34191895
2026-06-15,84.58999634,84.39567566
2026-06-16,79.93000031,79.7463913
2026-06-17,77.54000092,77.36187744
2026-06-18,82.87000275,82.67963409
2026-06-22,82.58000183,82.39030457
2026-06-23,74.44000244,74.26900482
2026-06-24,73.30000305,73.30000305
2026-06-25,74.94999695,74.94999695
2026-06-26,71.83000183,71.83000183
2026-06-29,77.19000244,77.19000244
2026-06-30,81,81
2026-07-01,77.45999908,77.45999908
2026-07-02,73.34999847,73.34999847
2026-07-06,76.41999817,76.41999817
2026-07-07,72.23000336,72.23000336
2026-07-08,72.72000122,72.72000122
2026-07-09,76.33999634,76.33999634
2026-07-10,77.02999878,77.02999878
2026-07-13,72.63999939,72.63999939
2026-07-14,75.01999664,75.01999664
2026-07-15,74.44000244,74.44000244
2026-07-16,70.73999786,70.73999786
2026-07-17,67.52999878,67.52999878
2026-07-20,67.65000153,67.65000153
2026-07-21,71.37000275,71.37000275
2026-07-22,70.27999878,70.27999878
2026-07-23,66.30000305,66.30000305
2026-07-24,64,64
2026-07-27,63.40000153,63.40000153
2026-07-28,61.56000137,61.56000137
2026-07-29,57.75,57.75
2026-07-30,63.29999924,63.29999924
2026-07-31,64.62000275,64.62000275
2026-08-03,67.95999908,67.95999908
2026-08-04,74.81999969,74.81999969
2026-08-05,72.83999634,72.83999634
2026-08-06,72.02999878,72.02999878
2026-08-07,74.47000122,74.47000122
2026-08-10,73.80000305,73.80000305
2026-08-11,73.05999756,73.05999756
2026-08-12,74.59999847,74.59999847
2026-08-13,77.15000153,77.15000153
2026-08-14,76.79000092,76.79000092
2026-08-17,76.40000153,76.40000153
2026-08-18,72.52999878,72.52999878
2026-08-19,72.05999756,72.05999756
2026-08-20,70.48000336,70.48000336
2026-08-21,71.16999817,71.16999817
2026-08-24,69.01000214,69.01000214
2026-08-25,70.26999664,70.26999664
2026-08-26,70.47000122,70.47000122
2026-08-27,73.30000305,73.30000305
